{"type":"FeatureCollection","features":[{"type":"Feature","geometry":{"type":"LineString","coordinates":[[121.0927209420383,24.72804418907322],[121.0928786098115,24.7280421954776]]},"properties":{"name":"1","FID":"0","SSEW_CAT":"1","PI_NUM":"M1-M1-1","US_MH":"10004-M1-1","DS_MH":"10004-M1","PI_TYP":"2","PI_WIDT":"0","PI_WIDB":"0","PI_HEI":"1.2","PI_LENG":"15.95","PI_MAT":"RC","PI_THICK":"0","PI_SLOP":"0","DES_FLOW":"0","DES_VELO":"0","US_BLE":"124.37","DS_BLE":"124.35","CITY_ID":"10004","KEYIN_DATE":"20180415"}},{"type":"Feature","geometry":{"type":"LineString","coordinates":[[121.0928786098115,24.7280421954776],[121.0929237723673,24.72802483238855]]},"properties":{"name":"1","FID":"1","SSEW_CAT":"1","PI_NUM":"M1-1-M2","US_MH":"10004-M2","DS_MH":"10004-M1-1","PI_TYP":"1","PI_WIDT":"0","PI_WIDB":"0","PI_HEI":"2","PI_LENG":"4.95","PI_MAT":"RC","PI_THICK":"0","PI_SLOP":"0","DES_FLOW":"0","DES_VELO":"0","US_BLE":"124.38","DS_BLE":"124.37","CITY_ID":"10004","KEYIN_DATE":"20180415"}},{"type":"Feature","geometry":{"type":"LineString","coordinates":[[121.0929237723673,24.72802483238855],[121.0935831365738,24.72699460836679]]},"properties":{"name":"1","FID":"2","SSEW_CAT":"1","PI_NUM":"M2-M3","US_MH":"10004-M3","DS_MH":"10004-M2","PI_TYP":"1","PI_WIDT":"0","PI_WIDB":"0","PI_HEI":"2.01","PI_LENG":"132.11","PI_MAT":"RC","PI_THICK":"0","PI_SLOP":"0","DES_FLOW":"0","DES_VELO":"0","US_BLE":"124.65","DS_BLE":"124.38","CITY_ID":"10004","KEYIN_DATE":"20180415"}},{"type":"Feature","geometry":{"type":"LineString","coordinates":[[121.0935831365738,24.72699460836679],[121.0936458677613,24.72694193185878]]},"properties":{"name":"1","FID":"3","SSEW_CAT":"1","PI_NUM":"M3-M4","US_MH":"10004-M4","DS_MH":"10004-M3","PI_TYP":"1","PI_WIDT":"0","PI_WIDB":"0","PI_HEI":"2.01","PI_LENG":"8.77","PI_MAT":"RC","PI_THICK":"0","PI_SLOP":"0","DES_FLOW":"0","DES_VELO":"0","US_BLE":"124.66","DS_BLE":"124.65","CITY_ID":"10004","KEYIN_DATE":"20180415"}},{"type":"Feature","geometry":{"type":"LineString","coordinates":[[121.0936458677613,24.72694193185878],[121.0948799534078,24.72749723406687]]},"properties":{"name":"1","FID":"4","SSEW_CAT":"1","PI_NUM":"M4-MH06","US_MH":"10004-MH06","DS_MH":"10004-M4","PI_TYP":"1","PI_WIDT":"0","PI_WIDB":"0","PI_HEI":"2","PI_LENG":"139.16","PI_MAT":"RC","PI_THICK":"0","PI_SLOP":"0","DES_FLOW":"0","DES_VELO":"0","US_BLE":"124.81","DS_BLE":"124.66","CITY_ID":"10004","KEYIN_DATE":"20180415"}},{"type":"Feature","geometry":{"type":"LineString","coordinates":[[121.0948799534078,24.72749723406687],[121.0956612270417,24.7278187915949]]},"properties":{"name":"1","FID":"5","SSEW_CAT":"1","PI_NUM":"MH06-MH05","US_MH":"10004-MH05","DS_MH":"10004-MH06","PI_TYP":"1","PI_WIDT":"0","PI_WIDB":"0","PI_HEI":"2","PI_LENG":"86.68","PI_MAT":"RC","PI_THICK":"0","PI_SLOP":"0","DES_FLOW":"0","DES_VELO":"0","US_BLE":"124.9","DS_BLE":"124.81","CITY_ID":"10004","KEYIN_DATE":"20180415"}},{"type":"Feature","geometry":{"type":"LineString","coordinates":[[121.0956612270417,24.7278187915949],[121.096136457555,24.72788241091391]]},"properties":{"name":"1","FID":"6","SSEW_CAT":"1","PI_NUM":"MH05-M5","US_MH":"10004-M5","DS_MH":"10004-MH05","PI_TYP":"1","PI_WIDT":"0","PI_WIDB":"0","PI_HEI":"2","PI_LENG":"48.57","PI_MAT":"RC","PI_THICK":"0","PI_SLOP":"0","DES_FLOW":"0","DES_VELO":"0","US_BLE":"124.99","DS_BLE":"124.9","CITY_ID":"10004","KEYIN_DATE":"20180415"}},{"type":"Feature","geometry":{"type":"LineString","coordinates":[[121.096136457555,24.72788241091391],[121.0969756505293,24.72780368201781]]},"properties":{"name":"1","FID":"7","SSEW_CAT":"1","PI_NUM":"M5-M6","US_MH":"10004-M6","DS_MH":"10004-M5","PI_TYP":"1","PI_WIDT":"0","PI_WIDB":"0","PI_HEI":"1.8","PI_LENG":"85.26","PI_MAT":"RC","PI_THICK":"0","PI_SLOP":"0","DES_FLOW":"0","DES_VELO":"0","US_BLE":"125.52","DS_BLE":"125.39","CITY_ID":"10004","KEYIN_DATE":"20180415"}},{"type":"Feature","geometry":{"type":"LineString","coordinates":[[121.0969756505293,24.72780368201781],[121.0972832528685,24.72777143089155]]},"properties":{"name":"1","FID":"8","SSEW_CAT":"1","PI_NUM":"M6-MH04","US_MH":"10004-MH04","DS_MH":"10004-M6","PI_TYP":"1","PI_WIDT":"0","PI_WIDB":"0","PI_HEI":"1.81","PI_LENG":"31.32","PI_MAT":"RC","PI_THICK":"0","PI_SLOP":"0","DES_FLOW":"0","DES_VELO":"0","US_BLE":"125.56","DS_BLE":"125.52","CITY_ID":"10004","KEYIN_DATE":"20180415"}},{"type":"Feature","geometry":{"type":"LineString","coordinates":[[121.0972832528685,24.72777143089155],[121.0975409266733,24.7277287383221]]},"properties":{"name":"1","FID":"9","SSEW_CAT":"1","PI_NUM":"MH04-M7","US_MH":"10004-M7","DS_MH":"10004-MH04","PI_TYP":"1","PI_WIDT":"0","PI_WIDB":"0","PI_HEI":"1.65","PI_LENG":"26.83","PI_MAT":"RC","PI_THICK":"0","PI_SLOP":"0","DES_FLOW":"0","DES_VELO":"0","US_BLE":"125.6","DS_BLE":"125.56","CITY_ID":"10004","KEYIN_DATE":"20180415"}},{"type":"Feature","geometry":{"type":"LineString","coordinates":[[121.0975409266733,24.7277287383221],[121.0984389290687,24.72764301087631]]},"properties":{"name":"1","FID":"10","SSEW_CAT":"1","PI_NUM":"M7-M8","US_MH":"10004-M8","DS_MH":"10004-M7","PI_TYP":"1","PI_WIDT":"0","PI_WIDB":"0","PI_HEI":"1.65","PI_LENG":"90.95","PI_MAT":"RC","PI_THICK":"0","PI_SLOP":"0","DES_FLOW":"0","DES_VELO":"0","US_BLE":"125.7","DS_BLE":"125.6","CITY_ID":"10004","KEYIN_DATE":"20180415"}},{"type":"Feature","geometry":{"type":"LineString","coordinates":[[121.0984389290687,24.72764301087631],[121.0986254484972,24.72762519206794]]},"properties":{"name":"1","FID":"11","SSEW_CAT":"1","PI_NUM":"M8-MH03","US_MH":"10004-MH03","DS_MH":"10004-M8","PI_TYP":"1","PI_WIDT":"0","PI_WIDB":"0","PI_HEI":"1.65","PI_LENG":"18.92","PI_MAT":"RC","PI_THICK":"0","PI_SLOP":"0","DES_FLOW":"0","DES_VELO":"0","US_BLE":"125.74","DS_BLE":"125.7","CITY_ID":"10004","KEYIN_DATE":"20180415"}},{"type":"Feature","geometry":{"type":"LineString","coordinates":[[121.0986254484972,24.72762519206794],[121.0994637354702,24.72753010789705]]},"properties":{"name":"1","FID":"12","SSEW_CAT":"1","PI_NUM":"MH03-MH02","US_MH":"10004-MH02","DS_MH":"10004-MH03","PI_TYP":"1","PI_WIDT":"0","PI_WIDB":"0","PI_HEI":"1.14","PI_LENG":"85.45","PI_MAT":"RC","PI_THICK":"0","PI_SLOP":"0","DES_FLOW":"0","DES_VELO":"0","US_BLE":"125.99","DS_BLE":"125.74","CITY_ID":"10004","KEYIN_DATE":"20180415"}},{"type":"Feature","geometry":{"type":"LineString","coordinates":[[121.0994637354702,24.72753010789705],[121.0993834950423,24.72532444858896]]},"properties":{"name":"1","FID":"13","SSEW_CAT":"1","PI_NUM":"MH02-MH01","US_MH":"10004-MH01","DS_MH":"10004-MH02","PI_TYP":"1","PI_WIDT":"0","PI_WIDB":"0","PI_HEI":"1.2","PI_LENG":"242.67","PI_MAT":"RC","PI_THICK":"0","PI_SLOP":"0.01","DES_FLOW":"0","DES_VELO":"0","US_BLE":"129.35","DS_BLE":"125.99","CITY_ID":"10004","KEYIN_DATE":"20180415"}},{"type":"Feature","geometry":{"type":"LineString","coordinates":[[121.0907945057431,24.74143678380636],[121.0910936956188,24.74115379669733]]},"properties":{"name":"1","FID":"14","SSEW_CAT":"1","PI_NUM":"2252-003-2253-010","US_MH":"2252-003","DS_MH":"2253-010","PI_TYP":"5","PI_WIDT":"0","PI_WIDB":"0","PI_HEI":"1.35","PI_LENG":"60","PI_MAT":"RCP","PI_THICK":"0","PI_SLOP":"0","DES_FLOW":"0","DES_VELO":"0","US_BLE":"109.07","DS_BLE":"108.96","CITY_ID":"10004","KEYIN_DATE":"20160213"}},{"type":"Feature","geometry":{"type":"LineString","coordinates":[[121.0910936956188,24.74115379669733],[121.0915298816666,24.74074120886154]]},"properties":{"name":"1","FID":"15","SSEW_CAT":"1","PI_NUM":"2252-004-003","US_MH":"2252-004","DS_MH":"2252-003","PI_TYP":"5","PI_WIDT":"0","PI_WIDB":"0","PI_HEI":"1.35","PI_LENG":"57.5","PI_MAT":"RCP","PI_THICK":"0","PI_SLOP":"0.01","DES_FLOW":"0","DES_VELO":"0","US_BLE":"109.69","DS_BLE":"109.04","CITY_ID":"10004","KEYIN_DATE":"20160213"}},{"type":"Feature","geometry":{"type":"LineString","coordinates":[[121.0922639914914,24.74000222110426],[121.0925740341521,24.739671977189]]},"properties":{"name":"1","FID":"16","SSEW_CAT":"1","PI_NUM":"2252-005-024","US_MH":"2252-005","DS_MH":"2252-024","PI_TYP":"5","PI_WIDT":"0","PI_WIDB":"0","PI_HEI":"1.35","PI_LENG":"47.5","PI_MAT":"RCP","PI_THICK":"0","PI_SLOP":"0","DES_FLOW":"0","DES_VELO":"0","US_BLE":"110.94","DS_BLE":"110.81","CITY_ID":"10004","KEYIN_DATE":"20160213"}},{"type":"Feature","geometry":{"type":"LineString","coordinates":[[121.0925740341521,24.739671977189],[121.0929024297051,24.73932306797569]]},"properties":{"name":"1","FID":"17","SSEW_CAT":"1","PI_NUM":"2252-006-005","US_MH":"2252-006","DS_MH":"2252-005","PI_TYP":"5","PI_WIDT":"0","PI_WIDB":"0","PI_HEI":"1.35","PI_LENG":"47.5","PI_MAT":"RCP","PI_THICK":"0","PI_SLOP":"0.01","DES_FLOW":"0","DES_VELO":"0","US_BLE":"111.29","DS_BLE":"110.94","CITY_ID":"10004","KEYIN_DATE":"20160213"}},{"type":"Feature","geometry":{"type":"LineString","coordinates":[[121.0929024297051,24.73932306797569],[121.093196565786,24.73901078164392]]},"properties":{"name":"1","FID":"18","SSEW_CAT":"1","PI_NUM":"2252-023-006","US_MH":"2252-023","DS_MH":"2252-006","PI_TYP":"5","PI_WIDT":"0","PI_WIDB":"0","PI_HEI":"1.35","PI_LENG":"48.2","PI_MAT":"RCP","PI_THICK":"0","PI_SLOP":"0.01","DES_FLOW":"0","DES_VELO":"0","US_BLE":"112.03","DS_BLE":"111.79","CITY_ID":"10004","KEYIN_DATE":"20160213"}},{"type":"Feature","geometry":{"type":"LineString","coordinates":[[121.0919299954313,24.74034928144895],[121.0922639914914,24.74000222110426]]},"properties":{"name":"1","FID":"19","SSEW_CAT":"1","PI_NUM":"2252-024-025","US_MH":"2252-024","DS_MH":"2252-025","PI_TYP":"5","PI_WIDT":"0","PI_WIDB":"0","PI_HEI":"1.35","PI_LENG":"55","PI_MAT":"RCP","PI_THICK":"0","PI_SLOP":"0.01","DES_FLOW":"0","DES_VELO":"0","US_BLE":"110.8","DS_BLE":"110.44","CITY_ID":"10004","KEYIN_DATE":"20160213"}},{"type":"Feature","geometry":{"type":"LineString","coordinates":[[121.0915298816666,24.74074120886154],[121.0919299954313,24.74034928144895]]},"properties":{"name":"1","FID":"20","SSEW_CAT":"1","PI_NUM":"2252-025-004","US_MH":"2252-025","DS_MH":"2252-004","PI_TYP":"5","PI_WIDT":"0","PI_WIDB":"0","PI_HEI":"1.35","PI_LENG":"55","PI_MAT":"RCP","PI_THICK":"0","PI_SLOP":"0.01","DES_FLOW":"0","DES_VELO":"0","US_BLE":"110.18","DS_BLE":"109.74","CITY_ID":"10004","KEYIN_DATE":"20160213"}},{"type":"Feature","geometry":{"type":"LineString","coordinates":[[121.0901649036684,24.74204769271277],[121.0903078134117,24.74192850927027]]},"properties":{"name":"1","FID":"21","SSEW_CAT":"1","PI_NUM":"2253-009-F01","US_MH":"2253-009","DS_MH":"2253-F01","PI_TYP":"5","PI_WIDT":"0","PI_WIDB":"0","PI_HEI":"1.35","PI_LENG":"19.2","PI_MAT":"RCP","PI_THICK":"0","PI_SLOP":"0.01","DES_FLOW":"0","DES_VELO":"0","US_BLE":"107.48","DS_BLE":"107.2","CITY_ID":"10004","KEYIN_DATE":"20160213"}},{"type":"Feature","geometry":{"type":"LineString","coordinates":[[121.0904486162375,24.7418081351748],[121.0907945057431,24.74143678380636]]},"properties":{"name":"1","FID":"22","SSEW_CAT":"1","PI_NUM":"2253-010-011","US_MH":"2253-010","DS_MH":"2253-011","PI_TYP":"5","PI_WIDT":"0","PI_WIDB":"0","PI_HEI":"1.35","PI_LENG":"36.8","PI_MAT":"RCP","PI_THICK":"0","PI_SLOP":"0.02","DES_FLOW":"0","DES_VELO":"0","US_BLE":"108.88","DS_BLE":"108.11","CITY_ID":"10004","KEYIN_DATE":"20160213"}},{"type":"Feature","geometry":{"type":"LineString","coordinates":[[121.0903078134117,24.74192850927027],[121.0904486162375,24.7418081351748]]},"properties":{"name":"1","FID":"23","SSEW_CAT":"1","PI_NUM":"2253-011-009","US_MH":"2253-011","DS_MH":"2253-009","PI_TYP":"5","PI_WIDT":"0","PI_WIDB":"0","PI_HEI":"1.35","PI_LENG":"15.6","PI_MAT":"RCP","PI_THICK":"0","PI_SLOP":"0","DES_FLOW":"0","DES_VELO":"0","US_BLE":"108.06","DS_BLE":"108.06","CITY_ID":"10004","KEYIN_DATE":"20160213"}},{"type":"Feature","geometry":{"type":"LineString","coordinates":[[121.096329833495,24.7358554491868],[121.0967214672292,24.73548017219166]]},"properties":{"name":"2","FID":"24","SSEW_CAT":"2","PI_NUM":"2351-004-2352-006","US_MH":"2351-004","DS_MH":"2352-006","PI_TYP":"1","PI_WIDT":"0","PI_WIDB":"0","PI_HEI":"1.22","PI_LENG":"57.2","PI_MAT":"RCB","PI_THICK":"0","PI_SLOP":"0.01","DES_FLOW":"0","DES_VELO":"0","US_BLE":"118.56","DS_BLE":"118.18","CITY_ID":"10004","KEYIN_DATE":"20160213"}},{"type":"Feature","geometry":{"type":"LineString","coordinates":[[121.0967214672292,24.73548017219166],[121.0970556846665,24.73514651750553]]},"properties":{"name":"1","FID":"25","SSEW_CAT":"1","PI_NUM":"2351-005-004","US_MH":"2351-005","DS_MH":"2351-004","PI_TYP":"1","PI_WIDT":"0","PI_WIDB":"0","PI_HEI":"1.2","PI_LENG":"50","PI_MAT":"RCB","PI_THICK":"0","PI_SLOP":"0","DES_FLOW":"0","DES_VELO":"0","US_BLE":"118.52","DS_BLE":"118.56","CITY_ID":"10004","KEYIN_DATE":"20160213"}},{"type":"Feature","geometry":{"type":"LineString","coordinates":[[121.0941428787711,24.73800890854884],[121.0943468437029,24.73778197056726]]},"properties":{"name":"1","FID":"26","SSEW_CAT":"1","PI_NUM":"2352-001-008","US_MH":"2352-001","DS_MH":"2352-008","PI_TYP":"5","PI_WIDT":"0","PI_WIDB":"0","PI_HEI":"1.35","PI_LENG":"55","PI_MAT":"RCP","PI_THICK":"0","PI_SLOP":"0","DES_FLOW":"0","DES_VELO":"0","US_BLE":"114.44","DS_BLE":"114.44","CITY_ID":"10004","KEYIN_DATE":"20160213"}},{"type":"Feature","geometry":{"type":"LineString","coordinates":[[121.0943468437029,24.73778197056726],[121.094711377441,24.73743967969737]]},"properties":{"name":"2","FID":"27","SSEW_CAT":"2","PI_NUM":"2352-002-001","US_MH":"2352-002","DS_MH":"2352-001","PI_TYP":"1","PI_WIDT":"0","PI_WIDB":"0","PI_HEI":"1.22","PI_LENG":"50.3","PI_MAT":"RCB","PI_THICK":"0","PI_SLOP":"0.01","DES_FLOW":"0","DES_VELO":"0","US_BLE":"115.46","DS_BLE":"115.01","CITY_ID":"10004","KEYIN_DATE":"20160213"}},{"type":"Feature","geometry":{"type":"LineString","coordinates":[[121.094711377441,24.73743967969737],[121.0951056415635,24.73705246035711]]},"properties":{"name":"2","FID":"28","SSEW_CAT":"2","PI_NUM":"2352-003-002","US_MH":"2352-003","DS_MH":"2352-002","PI_TYP":"1","PI_WIDT":"0","PI_WIDB":"0","PI_HEI":"1.21","PI_LENG":"58.7","PI_MAT":"RCB","PI_THICK":"0","PI_SLOP":"0.01","DES_FLOW":"0","DES_VELO":"0","US_BLE":"116.19","DS_BLE":"115.56","CITY_ID":"10004","KEYIN_DATE":"20160213","NOTE":"跌降"}},{"type":"Feature","geometry":{"type":"LineString","coordinates":[[121.0951056415635,24.73705246035711],[121.0955099298783,24.73665534716152]]},"properties":{"name":"2","FID":"29","SSEW_CAT":"2","PI_NUM":"2352-004-003","US_MH":"2352-004","DS_MH":"2352-003","PI_TYP":"1","PI_WIDT":"0","PI_WIDB":"0","PI_HEI":"1.19","PI_LENG":"60.3","PI_MAT":"RCB","PI_THICK":"0","PI_SLOP":"0.01","DES_FLOW":"0","DES_VELO":"0","US_BLE":"116.75","DS_BLE":"116.25","CITY_ID":"10004","KEYIN_DATE":"20160213","NOTE":"跌降"}},{"type":"Feature","geometry":{"type":"LineString","coordinates":[[121.0955099298783,24.73665534716152],[121.0959212418501,24.73625480649255]]},"properties":{"name":"2","FID":"30","SSEW_CAT":"2","PI_NUM":"2352-005-004","US_MH":"2352-005","DS_MH":"2352-004","PI_TYP":"1","PI_WIDT":"0","PI_WIDB":"0","PI_HEI":"1.2","PI_LENG":"59.9","PI_MAT":"RCB","PI_THICK":"0","PI_SLOP":"0.01","DES_FLOW":"0","DES_VELO":"0","US_BLE":"117.56","DS_BLE":"116.86","CITY_ID":"10004","KEYIN_DATE":"20160213","NOTE":"跌降"}},{"type":"Feature","geometry":{"type":"LineString","coordinates":[[121.0959212418501,24.73625480649255],[121.096329833495,24.7358554491868]]},"properties":{"name":"2","FID":"31","SSEW_CAT":"2","PI_NUM":"2352-006-005","US_MH":"2352-006","DS_MH":"2352-005","PI_TYP":"1","PI_WIDT":"0","PI_WIDB":"0","PI_HEI":"1.22","PI_LENG":"60.3","PI_MAT":"RCB","PI_THICK":"0","PI_SLOP":"0.01","DES_FLOW":"0","DES_VELO":"0","US_BLE":"118.18","DS_BLE":"117.67","CITY_ID":"10004","KEYIN_DATE":"20160213","NOTE":"跌降"}},{"type":"Feature","geometry":{"type":"LineString","coordinates":[[121.0935875069501,24.73859581422476],[121.0941428787711,24.73800890854884]]},"properties":{"name":"1","FID":"32","SSEW_CAT":"1","PI_NUM":"2352-008-009","US_MH":"2352-008","DS_MH":"2352-009","PI_TYP":"5","PI_WIDT":"0","PI_WIDB":"0","PI_HEI":"1.35","PI_LENG":"60","PI_MAT":"RCP","PI_THICK":"0","PI_SLOP":"0.01","DES_FLOW":"0","DES_VELO":"0","US_BLE":"113.9","DS_BLE":"113.37","CITY_ID":"10004","KEYIN_DATE":"20160213"}},{"type":"Feature","geometry":{"type":"LineString","coordinates":[[121.093196565786,24.73901078164392],[121.0935875069501,24.73859581422476]]},"properties":{"name":"1","FID":"33","SSEW_CAT":"1","PI_NUM":"2352-009-2252-023","US_MH":"2352-009","DS_MH":"2252-023","PI_TYP":"5","PI_WIDT":"0","PI_WIDB":"0","PI_HEI":"1.35","PI_LENG":"60","PI_MAT":"RCP","PI_THICK":"0","PI_SLOP":"0.01","DES_FLOW":"0","DES_VELO":"0","US_BLE":"112.79","DS_BLE":"112.51","CITY_ID":"10004","KEYIN_DATE":"20160213"}},{"type":"Feature","geometry":{"type":"LineString","coordinates":[[121.0990053922941,24.73039400833188],[121.0996733176102,24.73032974197078]]},"properties":{"name":"1","FID":"34","SSEW_CAT":"1","PI_NUM":"2350-001-2351-015","US_MH":"2350-001","DS_MH":"2351-015","PI_TYP":"5","PI_WIDT":"0","PI_WIDB":"0","PI_HEI":"1.65","PI_LENG":"61","PI_MAT":"RCP","PI_THICK":"0","PI_SLOP":"-0.01","DES_FLOW":"0","DES_VELO":"0","US_BLE":"122.81","DS_BLE":"123.33","CITY_ID":"10004","KEYIN_DATE":"20160214"}},{"type":"Feature","geometry":{"type":"LineString","coordinates":[[121.0996733176102,24.73032974197078],[121.0998116563309,24.73033280999818]]},"properties":{"name":"1","FID":"35","SSEW_CAT":"1","PI_NUM":"2350-002-001","US_MH":"2350-002","DS_MH":"2350-001","PI_TYP":"5","PI_WIDT":"0","PI_WIDB":"0","PI_HEI":"1.35","PI_LENG":"11.5","PI_MAT":"RCP","PI_THICK":"0","PI_SLOP":"0.03","DES_FLOW":"0","DES_VELO":"0","US_BLE":"123.59","DS_BLE":"123.29","CITY_ID":"10004","KEYIN_DATE":"20160214"}},{"type":"Feature","geometry":{"type":"LineString","coordinates":[[121.0983831321478,24.73043969681567],[121.0990053922941,24.73039400833188]]},"properties":{"name":"1","FID":"36","SSEW_CAT":"1","PI_NUM":"2351-015-016","US_MH":"2351-015","DS_MH":"2351-016","PI_TYP":"5","PI_WIDT":"0","PI_WIDB":"0","PI_HEI":"1.65","PI_LENG":"72.2","PI_MAT":"RCP","PI_THICK":"0","PI_SLOP":"0.02","DES_FLOW":"0","DES_VELO":"0","US_BLE":"123.4","DS_BLE":"122.19","CITY_ID":"10004","KEYIN_DATE":"20160214","NOTE":"數根私接排水管"}},{"type":"Feature","geometry":{"type":"LineString","coordinates":[[121.0959982203423,24.73061003413465],[121.0983831321478,24.73043969681567]]},"properties":{"name":"1","FID":"37","SSEW_CAT":"1","PI_NUM":"2351-016-017","US_MH":"2351-016","DS_MH":"2351-017","PI_TYP":"5","PI_WIDT":"0","PI_WIDB":"0","PI_HEI":"1.65","PI_LENG":"242","PI_MAT":"RCP","PI_THICK":"0","PI_SLOP":"0","DES_FLOW":"0","DES_VELO":"0","US_BLE":"122.11","DS_BLE":"121.17","CITY_ID":"10004","KEYIN_DATE":"20160214","NOTE":"淤積約0.75m，無法縱走"}},{"type":"Feature","geometry":{"type":"LineString","coordinates":[[121.0907920881543,24.72892901750438],[121.09069906112,24.72898828403227]]},"properties":{"name":"1","FID":"38","SSEW_CAT":"1","PI_NUM":"2250-002-F11","US_MH":"2250-002","DS_MH":"2250-F11","PI_TYP":"1","PI_WIDT":"0","PI_WIDB":"0","PI_HEI":"3.08","PI_LENG":"11.4","PI_MAT":"RCB","PI_THICK":"0","PI_SLOP":"0.02","DES_FLOW":"0","DES_VELO":"0","US_BLE":"122.87","DS_BLE":"122.62","CITY_ID":"10004","KEYIN_DATE":"20160216","NOTE":"跌降，數根私接排水管"}},{"type":"Feature","geometry":{"type":"LineString","coordinates":[[121.09069906112,24.72898828403227],[121.0905569810173,24.72908558194259]]},"properties":{"name":"1","FID":"39","SSEW_CAT":"1","PI_NUM":"2250-003-002","US_MH":"2250-003","DS_MH":"2250-002","PI_TYP":"1","PI_WIDT":"0","PI_WIDB":"0","PI_HEI":"3.08","PI_LENG":"37.9","PI_MAT":"RCB","PI_THICK":"0","PI_SLOP":"0","DES_FLOW":"0","DES_VELO":"0","US_BLE":"124.37","DS_BLE":"124.41","CITY_ID":"10004","KEYIN_DATE":"20160216","NOTE":"跌降數根私接排水管"}},{"type":"Feature","geometry":{"type":"LineString","coordinates":[[121.0905569810173,24.72908558194259],[121.0903770750387,24.72932721730207]]},"properties":{"name":"1","FID":"40","SSEW_CAT":"1","PI_NUM":"2250-005-003","US_MH":"2250-005","DS_MH":"2250-003","PI_TYP":"1","PI_WIDT":"0","PI_WIDB":"0","PI_HEI":"3.08","PI_LENG":"31.3","PI_MAT":"RCB","PI_THICK":"0","PI_SLOP":"0.02","DES_FLOW":"0","DES_VELO":"0","US_BLE":"126.39","DS_BLE":"125.87","CITY_ID":"10004","KEYIN_DATE":"20160216","NOTE":"跌降，數根私接排水管"}},{"type":"Feature","geometry":{"type":"LineString","coordinates":[[121.0903770750387,24.72932721730207],[121.0901405373799,24.72951693533917]]},"properties":{"name":"1","FID":"41","SSEW_CAT":"1","PI_NUM":"2250-007-005","US_MH":"2250-007","DS_MH":"2250-005","PI_TYP":"1","PI_WIDT":"0","PI_WIDB":"0","PI_HEI":"3.08","PI_LENG":"30.3","PI_MAT":"RCB","PI_THICK":"0","PI_SLOP":"0.02","DES_FLOW":"0","DES_VELO":"0","US_BLE":"128.64","DS_BLE":"127.97","CITY_ID":"10004","KEYIN_DATE":"20160216","NOTE":"跌降，數根私接排水管"}},{"type":"Feature","geometry":{"type":"LineString","coordinates":[[121.0901405373799,24.72951693533917],[121.0898565639048,24.7296443924156]]},"properties":{"name":"1","FID":"42","SSEW_CAT":"1","PI_NUM":"2250-009-007","US_MH":"2250-009","DS_MH":"2250-007","PI_TYP":"1","PI_WIDT":"0","PI_WIDB":"0","PI_HEI":"3.03","PI_LENG":"30.9","PI_MAT":"RCB","PI_THICK":"0","PI_SLOP":"0.02","DES_FLOW":"0","DES_VELO":"0","US_BLE":"130.86","DS_BLE":"130.14","CITY_ID":"10004","KEYIN_DATE":"20160216","NOTE":"跌降，數根私接排水管"}},{"type":"Feature","geometry":{"type":"LineString","coordinates":[[121.0898565639048,24.7296443924156],[121.0894362071979,24.72982118192723]]},"properties":{"name":"1","FID":"43","SSEW_CAT":"1","PI_NUM":"2250-010-009","US_MH":"2250-010","DS_MH":"2250-009","PI_TYP":"1","PI_WIDT":"0","PI_WIDB":"0","PI_HEI":"1.54","PI_LENG":"45.6","PI_MAT":"RCB","PI_THICK":"0","PI_SLOP":"0.01","DES_FLOW":"0","DES_VELO":"0","US_BLE":"132.65","DS_BLE":"132.38","CITY_ID":"10004","KEYIN_DATE":"20160216","NOTE":"箱涵轉變"}},{"type":"Feature","geometry":{"type":"LineString","coordinates":[[121.0890588144552,24.72998874450123],[121.0888965985716,24.73003484199117]]},"properties":{"name":"1","FID":"44","SSEW_CAT":"1","PI_NUM":"2250-012-011","US_MH":"2250-012","DS_MH":"2250-011","PI_TYP":"5","PI_WIDT":"0","PI_WIDB":"0","PI_HEI":"1.2","PI_LENG":"17.2","PI_MAT":"RCP","PI_THICK":"0","PI_SLOP":"0","DES_FLOW":"0","DES_VELO":"0","US_BLE":"132.9","DS_BLE":"132.85","CITY_ID":"10004","KEYIN_DATE":"20160216","NOTE":"水深約0.7m，無法縱走"}},{"type":"Feature","geometry":{"type":"LineString","coordinates":[[121.0888965985716,24.73003484199117],[121.0881548984835,24.73018885807654]]},"properties":{"name":"1","FID":"45","SSEW_CAT":"1","PI_NUM":"2250-013-012","US_MH":"2250-013","DS_MH":"2250-012","PI_TYP":"5","PI_WIDT":"0","PI_WIDB":"0","PI_HEI":"1.2","PI_LENG":"78","PI_MAT":"RCP","PI_THICK":"0","PI_SLOP":"0.02","DES_FLOW":"0","DES_VELO":"0","US_BLE":"134.68","DS_BLE":"133.06","CITY_ID":"10004","KEYIN_DATE":"20160216"}},{"type":"Feature","geometry":{"type":"LineString","coordinates":[[121.0911153145537,24.72910159471608],[121.0907956998483,24.72890668733524]]},"properties":{"name":"1","FID":"46","SSEW_CAT":"1","PI_NUM":"2250-015-R01","US_MH":"2250-015","DS_MH":"2250-R01","PI_TYP":"2","PI_WIDT":"0","PI_WIDB":"0","PI_HEI":"3.06","PI_LENG":"42","PI_MAT":"RCB","PI_THICK":"0","PI_SLOP":"0.01","DES_FLOW":"0","DES_VELO":"0","US_BLE":"121.68","DS_BLE":"121.36","CITY_ID":"10004","KEYIN_DATE":"20160216","NOTE":"左側箱涵"}},{"type":"Feature","geometry":{"type":"LineString","coordinates":[[121.0907956998483,24.72890668733524],[121.0903038594758,24.72860838705041]]},"properties":{"name":"1","FID":"47","SSEW_CAT":"1","PI_NUM":"2250-016-015","US_MH":"2250-016","DS_MH":"2250-015","PI_TYP":"2","PI_WIDT":"0","PI_WIDB":"0","PI_HEI":"2.25","PI_LENG":"60.2","PI_MAT":"RCB","PI_THICK":"0","PI_SLOP":"0.04","DES_FLOW":"0","DES_VELO":"0","US_BLE":"124.06","DS_BLE":"121.63","CITY_ID":"10004","KEYIN_DATE":"20160216","NOTE":"左側箱涵，數根私接排水管"}},{"type":"Feature","geometry":{"type":"LineString","coordinates":[[121.0903038594758,24.72860838705041],[121.0899369945793,24.72838428035266]]},"properties":{"name":"1","FID":"48","SSEW_CAT":"1","PI_NUM":"2250-017-016","US_MH":"2250-017","DS_MH":"2250-016","PI_TYP":"2","PI_WIDT":"0","PI_WIDB":"0","PI_HEI":"2.27","PI_LENG":"44.9","PI_MAT":"RCB","PI_THICK":"0","PI_SLOP":"0.03","DES_FLOW":"0","DES_VELO":"0","US_BLE":"125.31","DS_BLE":"124.06","CITY_ID":"10004","KEYIN_DATE":"20160216","NOTE":"左側箱涵，數根私接排水管"}},{"type":"Feature","geometry":{"type":"LineString","coordinates":[[121.0899369945793,24.72838428035266],[121.0895189932986,24.72813058010393]]},"properties":{"name":"1","FID":"49","SSEW_CAT":"1","PI_NUM":"2250-018-017","US_MH":"2250-018","DS_MH":"2250-017","PI_TYP":"2","PI_WIDT":"0","PI_WIDB":"0","PI_HEI":"2.27","PI_LENG":"51.4","PI_MAT":"RCB","PI_THICK":"0","PI_SLOP":"0.01","DES_FLOW":"0","DES_VELO":"0","US_BLE":"125.7","DS_BLE":"125.28","CITY_ID":"10004","KEYIN_DATE":"20160216","NOTE":"左側箱涵，數根私接排水管"}},{"type":"Feature","geometry":{"type":"LineString","coordinates":[[121.0895189932986,24.72813058010393],[121.089171190499,24.72792119497766]]},"properties":{"name":"1","FID":"50","SSEW_CAT":"1","PI_NUM":"2250-019-018","US_MH":"2250-019","DS_MH":"2250-018","PI_TYP":"2","PI_WIDT":"0","PI_WIDB":"0","PI_HEI":"2.25","PI_LENG":"42.4","PI_MAT":"RCB","PI_THICK":"0","PI_SLOP":"0.02","DES_FLOW":"0","DES_VELO":"0","US_BLE":"126.46","DS_BLE":"125.67","CITY_ID":"10004","KEYIN_DATE":"20160216","NOTE":"左側箱涵"}},{"type":"Feature","geometry":{"type":"LineString","coordinates":[[121.089171190499,24.72792119497766],[121.0888446013019,24.72772405745108]]},"properties":{"name":"1","FID":"51","SSEW_CAT":"1","PI_NUM":"2250-020-019","US_MH":"2250-020","DS_MH":"2250-019","PI_TYP":"2","PI_WIDT":"0","PI_WIDB":"0","PI_HEI":"2.28","PI_LENG":"39.9","PI_MAT":"RCB","PI_THICK":"0","PI_SLOP":"0.03","DES_FLOW":"0","DES_VELO":"0","US_BLE":"127.62","DS_BLE":"126.4","CITY_ID":"10004","KEYIN_DATE":"20160216","NOTE":"左側箱涵"}},{"type":"Feature","geometry":{"type":"LineString","coordinates":[[121.0888446013019,24.72772405745108],[121.0884557182794,24.72748716645918]]},"properties":{"name":"1","FID":"52","SSEW_CAT":"1","PI_NUM":"2250-021-020","US_MH":"2250-021","DS_MH":"2250-020","PI_TYP":"2","PI_WIDT":"0","PI_WIDB":"0","PI_HEI":"2.25","PI_LENG":"47.8","PI_MAT":"RCB","PI_THICK":"0","PI_SLOP":"0.04","DES_FLOW":"0","DES_VELO":"0","US_BLE":"129.75","DS_BLE":"127.6","CITY_ID":"10004","KEYIN_DATE":"20160216","NOTE":"左側箱涵"}},{"type":"Feature","geometry":{"type":"LineString","coordinates":[[121.0884557182794,24.72748716645918],[121.0880443500919,24.72723920942916]]},"properties":{"name":"1","FID":"53","SSEW_CAT":"1","PI_NUM":"2250-022-021","US_MH":"2250-022","DS_MH":"2250-021","PI_TYP":"2","PI_WIDT":"0","PI_WIDB":"0","PI_HEI":"2.38","PI_LENG":"49.6","PI_MAT":"RCB","PI_THICK":"0","PI_SLOP":"0.01","DES_FLOW":"0","DES_VELO":"0","US_BLE":"130.23","DS_BLE":"129.71","CITY_ID":"10004","KEYIN_DATE":"20160216","NOTE":"左側箱涵"}},{"type":"Feature","geometry":{"type":"LineString","coordinates":[[121.0880443500919,24.72723920942916],[121.0878219014792,24.72709422147829]]},"properties":{"name":"1","FID":"54","SSEW_CAT":"1","PI_NUM":"2250-023-022","US_MH":"2250-023","DS_MH":"2250-022","PI_TYP":"2","PI_WIDT":"0","PI_WIDB":"0","PI_HEI":"2.3","PI_LENG":"27.2","PI_MAT":"RCB","PI_THICK":"0","PI_SLOP":"0.03","DES_FLOW":"0","DES_VELO":"0","US_BLE":"131.02","DS_BLE":"130.32","CITY_ID":"10004","KEYIN_DATE":"20160216","NOTE":"左側箱涵"}},{"type":"Feature","geometry":{"type":"LineString","coordinates":[[121.0878219014792,24.72709422147829],[121.0877015141607,24.72712794191568]]},"properties":{"name":"1","FID":"55","SSEW_CAT":"1","PI_NUM":"2250-024-023","US_MH":"2250-024","DS_MH":"2250-023","PI_TYP":"1","PI_WIDT":"0","PI_WIDB":"0","PI_HEI":"2.04","PI_LENG":"18.8","PI_MAT":"RCB","PI_THICK":"0","PI_SLOP":"0.05","DES_FLOW":"0","DES_VELO":"0","US_BLE":"131.85","DS_BLE":"130.99","CITY_ID":"10004","KEYIN_DATE":"20160216","NOTE":"跌降"}},{"type":"Feature","geometry":{"type":"LineString","coordinates":[[121.0877015141607,24.72712794191568],[121.0874970499688,24.72711411199802]]},"properties":{"name":"1","FID":"56","SSEW_CAT":"1","PI_NUM":"2250-025-024","US_MH":"2250-025","DS_MH":"2250-024","PI_TYP":"1","PI_WIDT":"0","PI_WIDB":"0","PI_HEI":"2.06","PI_LENG":"20.2","PI_MAT":"RCB","PI_THICK":"0","PI_SLOP":"0.06","DES_FLOW":"0","DES_VELO":"0","US_BLE":"133.11","DS_BLE":"131.85","CITY_ID":"10004","KEYIN_DATE":"20160216","NOTE":"跌降"}},{"type":"Feature","geometry":{"type":"LineString","coordinates":[[121.087391794725,24.72711669238038],[121.0870953442105,24.72712395237518]]},"properties":{"name":"1","FID":"57","SSEW_CAT":"1","PI_NUM":"2250-F02-F10","US_MH":"2250-F02","DS_MH":"2250-F10","PI_TYP":"5","PI_WIDT":"0","PI_WIDB":"0","PI_HEI":"1.2","PI_LENG":"30","PI_MAT":"RCP","PI_THICK":"0","PI_SLOP":"0.01","DES_FLOW":"0","DES_VELO":"0","US_BLE":"133.5","DS_BLE":"133.3","CITY_ID":"10004","KEYIN_DATE":"20160216","NOTE":"上游Φ1.0m"}},{"type":"Feature","geometry":{"type":"LineString","coordinates":[[121.0878219014792,24.72709422147829],[121.0877122054087,24.72695235442299]]},"properties":{"name":"1","FID":"58","SSEW_CAT":"1","PI_NUM":"2250-F03-023","US_MH":"2250-F03","DS_MH":"2250-023","PI_TYP":"2","PI_WIDT":"0","PI_WIDB":"0","PI_HEI":"2.3","PI_LENG":"18.8","PI_MAT":"RCB","PI_THICK":"0","PI_SLOP":"0.01","DES_FLOW":"0","DES_VELO":"0","US_BLE":"131.1","DS_BLE":"130.99","CITY_ID":"10004","KEYIN_DATE":"20160216"}},{"type":"Feature","geometry":{"type":"LineString","coordinates":[[121.0891005969043,24.72997061713309],[121.0890792710368,24.72998011896886]]},"properties":{"name":"1","FID":"59","SSEW_CAT":"1","PI_NUM":"2250-F07-F09","US_MH":"2250-F07","DS_MH":"2250-F09","PI_TYP":"5","PI_WIDT":"0","PI_WIDB":"0","PI_HEI":"1.5","PI_LENG":"2.4","PI_MAT":"RCP","PI_THICK":"0","PI_SLOP":"0.01","DES_FLOW":"0","DES_VELO":"0","US_BLE":"132.83","DS_BLE":"132.81","CITY_ID":"10004","KEYIN_DATE":"20160216","NOTE":"上游Φ1.2m，水深約0.65m，箱涵轉變"}},{"type":"Feature","geometry":{"type":"LineString","coordinates":[[121.0890792710368,24.72998011896886],[121.0890588144552,24.72998874450123]]},"properties":{"name":"1","FID":"60","SSEW_CAT":"1","PI_NUM":"2250-011-F07","US_MH":"2250-011","DS_MH":"2250-F07","PI_TYP":"5","PI_WIDT":"0","PI_WIDB":"0","PI_HEI":"1.2","PI_LENG":"2.3","PI_MAT":"RCP","PI_THICK":"0","PI_SLOP":"0.01","DES_FLOW":"0","DES_VELO":"0","US_BLE":"132.85","DS_BLE":"132.83","CITY_ID":"10004","KEYIN_DATE":"20160216","NOTE":"水深約0.65m，無法縱走"}},{"type":"Feature","geometry":{"type":"LineString","coordinates":[[121.0941691602449,24.73151604120384],[121.0940483042865,24.73117964451058]]},"properties":{"name":"1","FID":"61","SSEW_CAT":"1","PI_NUM":"2351-012-R01","US_MH":"2351-012","DS_MH":"2351-R01","PI_TYP":"5","PI_WIDT":"0","PI_WIDB":"0","PI_HEI":"1.65","PI_LENG":"43.4","PI_MAT":"RCP","PI_THICK":"0","PI_SLOP":"0.01","DES_FLOW":"0","DES_VELO":"0","US_BLE":"119.84","DS_BLE":"119.61","CITY_ID":"10004","KEYIN_DATE":"20160216"}},{"type":"Feature","geometry":{"type":"LineString","coordinates":[[121.0940483042865,24.73117964451058],[121.093995428601,24.73080038198092]]},"properties":{"name":"1","FID":"62","SSEW_CAT":"1","PI_NUM":"2351-013-012","US_MH":"2351-013","DS_MH":"2351-012","PI_TYP":"5","PI_WIDT":"0","PI_WIDB":"0","PI_HEI":"1.65","PI_LENG":"31.9","PI_MAT":"RCP","PI_THICK":"0","PI_SLOP":"0.07","DES_FLOW":"0","DES_VELO":"0","US_BLE":"121.8","DS_BLE":"119.74","CITY_ID":"10004","KEYIN_DATE":"20160216"}},{"type":"Feature","geometry":{"type":"LineString","coordinates":[[121.093995428601,24.73080038198092],[121.095269590977,24.73066892354889]]},"properties":{"name":"1","FID":"63","SSEW_CAT":"1","PI_NUM":"2351-014-013","US_MH":"2351-014","DS_MH":"2351-013","PI_TYP":"5","PI_WIDT":"0","PI_WIDB":"0","PI_HEI":"1.65","PI_LENG":"123","PI_MAT":"RCP","PI_THICK":"0","PI_SLOP":"-0.01","DES_FLOW":"0","DES_VELO":"0","US_BLE":"120.98","DS_BLE":"122.1","CITY_ID":"10004","KEYIN_DATE":"20160216"}},{"type":"Feature","geometry":{"type":"LineString","coordinates":[[121.095269590977,24.73066892354889],[121.0959982203423,24.73061003413465]]},"properties":{"name":"1","FID":"64","SSEW_CAT":"1","PI_NUM":"2351-017-014","US_MH":"2351-017","DS_MH":"2351-014","PI_TYP":"5","PI_WIDT":"0","PI_WIDB":"0","PI_HEI":"1.65","PI_LENG":"65.5","PI_MAT":"RCP","PI_THICK":"0","PI_SLOP":"0","DES_FLOW":"0","DES_VELO":"0","US_BLE":"121.17","DS_BLE":"120.93","CITY_ID":"10004","KEYIN_DATE":"20160214"}},{"type":"Feature","geometry":{"type":"LineString","coordinates":[[121.0845129161511,24.74675100339485],[121.0848580580077,24.74649925122715]]},"properties":{"name":"1","FID":"65","SSEW_CAT":"1","PI_NUM":"2153-001-2154-007","US_MH":"2153-001","DS_MH":"2154-007","PI_TYP":"1","PI_WIDT":"0","PI_WIDB":"0","PI_HEI":"2.5","PI_LENG":"43.9","PI_MAT":"RCB","PI_THICK":"0","PI_SLOP":"0","DES_FLOW":"0","DES_VELO":"0","US_BLE":"102.72","DS_BLE":"102.57","CITY_ID":"10004","KEYIN_DATE":"20160217"}},{"type":"Feature","geometry":{"type":"LineString","coordinates":[[121.0828492882169,24.74689595778285],[121.0835237425244,24.74635242691573]]},"properties":{"name":"1","FID":"66","SSEW_CAT":"1","PI_NUM":"2153-003-2154-010","US_MH":"2153-003","DS_MH":"2154-010","PI_TYP":"5","PI_WIDT":"0","PI_WIDB":"0","PI_HEI":"1.2","PI_LENG":"84.5","PI_MAT":"RCP","PI_THICK":"0","PI_SLOP":"0","DES_FLOW":"0","DES_VELO":"0","US_BLE":"101.92","DS_BLE":"101.99","CITY_ID":"10004","KEYIN_DATE":"20160217"}},{"type":"Feature","geometry":{"type":"LineString","coordinates":[[121.0835237425244,24.74635242691573],[121.0838174507418,24.7460796779787]]},"properties":{"name":"1","FID":"67","SSEW_CAT":"1","PI_NUM":"2153-004-003","US_MH":"2153-004","DS_MH":"2153-003","PI_TYP":"5","PI_WIDT":"0","PI_WIDB":"0","PI_HEI":"1.2","PI_LENG":"41","PI_MAT":"RCP","PI_THICK":"0","PI_SLOP":"0.01","DES_FLOW":"0","DES_VELO":"0","US_BLE":"103.44","DS_BLE":"102.85","CITY_ID":"10004","KEYIN_DATE":"20160217"}},{"type":"Feature","geometry":{"type":"LineString","coordinates":[[121.0838174507418,24.7460796779787],[121.084247326996,24.74567613469952]]},"properties":{"name":"1","FID":"68","SSEW_CAT":"1","PI_NUM":"2153-005-004","US_MH":"2153-005","DS_MH":"2153-004","PI_TYP":"5","PI_WIDT":"0","PI_WIDB":"0","PI_HEI":"1.2","PI_LENG":"60.5","PI_MAT":"RCP","PI_THICK":"0","PI_SLOP":"0","DES_FLOW":"0","DES_VELO":"0","US_BLE":"103.65","DS_BLE":"103.49","CITY_ID":"10004","KEYIN_DATE":"20160217"}},{"type":"Feature","geometry":{"type":"LineString","coordinates":[[121.0805911369669,24.74815859523185],[121.0810215873491,24.7482170766621]]},"properties":{"name":"1","FID":"69","SSEW_CAT":"1","PI_NUM":"2154-001-012","US_MH":"2154-001","DS_MH":"2154-012","PI_TYP":"1","PI_WIDT":"0","PI_WIDB":"0","PI_HEI":"1.5","PI_LENG":"49.5","PI_MAT":"RCB","PI_THICK":"0","PI_SLOP":"0.02","DES_FLOW":"0","DES_VELO":"0","US_BLE":"101.13","DS_BLE":"100.26","CITY_ID":"10004","KEYIN_DATE":"20160217","NOTE":"箱涵轉變"}},{"type":"Feature","geometry":{"type":"LineString","coordinates":[[121.0825604105812,24.74815656631726],[121.0829784259489,24.74787509204354]]},"properties":{"name":"1","FID":"70","SSEW_CAT":"1","PI_NUM":"2154-003-R04","US_MH":"2154-003","DS_MH":"2154-R04","PI_TYP":"1","PI_WIDT":"0","PI_WIDB":"0","PI_HEI":"3.15","PI_LENG":"49.9","PI_MAT":"RCB","PI_THICK":"0","PI_SLOP":"0","DES_FLOW":"0","DES_VELO":"0","US_BLE":"100.48","DS_BLE":"100.36","CITY_ID":"10004","KEYIN_DATE":"20160217","NOTE":"箱涵轉變"}},{"type":"Feature","geometry":{"type":"LineString","coordinates":[[121.0829784259489,24.74787509204354],[121.0833644043864,24.74759073621359]]},"properties":{"name":"1","FID":"71","SSEW_CAT":"1","PI_NUM":"2154-004-003","US_MH":"2154-004","DS_MH":"2154-003","PI_TYP":"1","PI_WIDT":"0","PI_WIDB":"0","PI_HEI":"2.93","PI_LENG":"48.1","PI_MAT":"RCB","PI_THICK":"0","PI_SLOP":"0.01","DES_FLOW":"0","DES_VELO":"0","US_BLE":"101.13","DS_BLE":"100.48","CITY_ID":"10004","KEYIN_DATE":"20160217","NOTE":"箱涵轉變"}},{"type":"Feature","geometry":{"type":"LineString","coordinates":[[121.0833644043864,24.74759073621359],[121.0837221170784,24.7473244435097]]},"properties":{"name":"1","FID":"72","SSEW_CAT":"1","PI_NUM":"2154-005-004","US_MH":"2154-005","DS_MH":"2154-004","PI_TYP":"1","PI_WIDT":"0","PI_WIDB":"0","PI_HEI":"2.55","PI_LENG":"43.9","PI_MAT":"RCB","PI_THICK":"0","PI_SLOP":"0","DES_FLOW":"0","DES_VELO":"0","US_BLE":"101.63","DS_BLE":"101.53","CITY_ID":"10004","KEYIN_DATE":"20160217"}},{"type":"Feature","geometry":{"type":"LineString","coordinates":[[121.0837221170784,24.7473244435097],[121.0841042813824,24.74704831302051]]},"properties":{"name":"1","FID":"73","SSEW_CAT":"1","PI_NUM":"2154-006-005","US_MH":"2154-006","DS_MH":"2154-005","PI_TYP":"1","PI_WIDT":"0","PI_WIDB":"0","PI_HEI":"2.52","PI_LENG":"48.5","PI_MAT":"RCB","PI_THICK":"0","PI_SLOP":"0.01","DES_FLOW":"0","DES_VELO":"0","US_BLE":"102.02","DS_BLE":"101.63","CITY_ID":"10004","KEYIN_DATE":"20160217"}},{"type":"Feature","geometry":{"type":"LineString","coordinates":[[121.0841042813824,24.74704831302051],[121.0845129161511,24.74675100339485]]},"properties":{"name":"1","FID":"74","SSEW_CAT":"1","PI_NUM":"2154-007-006","US_MH":"2154-007","DS_MH":"2154-006","PI_TYP":"1","PI_WIDT":"0","PI_WIDB":"0","PI_HEI":"2.46","PI_LENG":"51.8","PI_MAT":"RCB","PI_THICK":"0","PI_SLOP":"0.01","DES_FLOW":"0","DES_VELO":"0","US_BLE":"102.57","DS_BLE":"102.02","CITY_ID":"10004","KEYIN_DATE":"20160217"}},{"type":"Feature","geometry":{"type":"LineString","coordinates":[[121.0819100079077,24.74761532870417],[121.081487126891,24.74792743697284]]},"properties":{"name":"1","FID":"75","SSEW_CAT":"1","PI_NUM":"2154-008-011","US_MH":"2154-008","DS_MH":"2154-011","PI_TYP":"1","PI_WIDT":"0","PI_WIDB":"0","PI_HEI":"1.53","PI_LENG":"52.2","PI_MAT":"RCB","PI_THICK":"0","PI_SLOP":"-0.01","DES_FLOW":"0","DES_VELO":"0","US_BLE":"100.53","DS_BLE":"101.12","CITY_ID":"10004","KEYIN_DATE":"20160217"}},{"type":"Feature","geometry":{"type":"LineString","coordinates":[[121.0819492359657,24.747581142728],[121.0823207784976,24.7473076950835]]},"properties":{"name":"1","FID":"76","SSEW_CAT":"1","PI_NUM":"2154-009-R03","US_MH":"2154-009","DS_MH":"2154-R03","PI_TYP":"5","PI_WIDT":"0","PI_WIDB":"0","PI_HEI":"1.35","PI_LENG":"46.9","PI_MAT":"RCP","PI_THICK":"0","PI_SLOP":"0.01","DES_FLOW":"0","DES_VELO":"0","US_BLE":"101.32","DS_BLE":"100.97","CITY_ID":"10004","KEYIN_DATE":"20160217"}},{"type":"Feature","geometry":{"type":"LineString","coordinates":[[121.0823207784976,24.7473076950835],[121.0828492882169,24.74689595778285]]},"properties":{"name":"1","FID":"77","SSEW_CAT":"1","PI_NUM":"2154-010-009","US_MH":"2154-010","DS_MH":"2154-009","PI_TYP":"5","PI_WIDT":"0","PI_WIDB":"0","PI_HEI":"1.35","PI_LENG":"61.8","PI_MAT":"RCP","PI_THICK":"0","PI_SLOP":"0.01","DES_FLOW":"0","DES_VELO":"0","US_BLE":"101.96","DS_BLE":"101.17","CITY_ID":"10004","KEYIN_DATE":"20160217"}},{"type":"Feature","geometry":{"type":"LineString","coordinates":[[121.0819277856053,24.74760220934122],[121.0819100079077,24.74761532870417]]},"properties":{"name":"1","FID":"78","SSEW_CAT":"1","PI_NUM":"2154-011-R02","US_MH":"2154-011","DS_MH":"2154-R02","PI_TYP":"1","PI_WIDT":"0","PI_WIDB":"0","PI_HEI":"1.52","PI_LENG":"1","PI_MAT":"RCB","PI_THICK":"0","PI_SLOP":"-0.18","DES_FLOW":"0","DES_VELO":"0","US_BLE":"101.12","DS_BLE":"101.3","CITY_ID":"10004","KEYIN_DATE":"20160217"}},{"type":"Feature","geometry":{"type":"LineString","coordinates":[[121.0805716393855,24.74844876947126],[121.0805911369669,24.74815859523185]]},"properties":{"name":"1","FID":"79","SSEW_CAT":"1","PI_NUM":"2154-012-R01","US_MH":"2154-012","DS_MH":"2154-R01","PI_TYP":"1","PI_WIDT":"0","PI_WIDB":"0","PI_HEI":"1.4","PI_LENG":"31.7","PI_MAT":"RCB","PI_THICK":"0","PI_SLOP":"0.02","DES_FLOW":"0","DES_VELO":"0","US_BLE":"100.26","DS_BLE":"99.65","CITY_ID":"10004","KEYIN_DATE":"20160217"}},{"type":"Feature","geometry":{"type":"LineString","coordinates":[[121.0810215873491,24.7482170766621],[121.0810839555449,24.74822040160213]]},"properties":{"name":"1","FID":"80","SSEW_CAT":"1","PI_NUM":"2154-F01-001","US_MH":"2154-F01","DS_MH":"2154-001","PI_TYP":"1","PI_WIDT":"0","PI_WIDB":"0","PI_HEI":"1.66","PI_LENG":"6.5","PI_MAT":"RCB","PI_THICK":"0","PI_SLOP":"0.03","DES_FLOW":"0","DES_VELO":"0","US_BLE":"101.3","DS_BLE":"101.13","CITY_ID":"10004","KEYIN_DATE":"20160217"}},{"type":"Feature","geometry":{"type":"LineString","coordinates":[[121.0853333489652,24.74067500028071],[121.0855340391173,24.74012570680845]]},"properties":{"name":"1","FID":"81","SSEW_CAT":"1","PI_NUM":"2152-003-004","US_MH":"2152-003","DS_MH":"2152-004","PI_TYP":"5","PI_WIDT":"0","PI_WIDB":"0","PI_HEI":"1.2","PI_LENG":"54.8","PI_MAT":"RCP","PI_THICK":"0","PI_SLOP":"0.02","DES_FLOW":"0","DES_VELO":"0","US_BLE":"113.39","DS_BLE":"112.39","CITY_ID":"10004","KEYIN_DATE":"20160219"}},{"type":"Feature","geometry":{"type":"LineString","coordinates":[[121.085108418061,24.74140168483538],[121.0853333489652,24.74067500028071]]},"properties":{"name":"1","FID":"82","SSEW_CAT":"1","PI_NUM":"2152-004-2153-019","US_MH":"2152-004","DS_MH":"2153-019","PI_TYP":"5","PI_WIDT":"0","PI_WIDB":"0","PI_HEI":"1.4","PI_LENG":"94.5","PI_MAT":"RCP","PI_THICK":"0","PI_SLOP":"0.01","DES_FLOW":"0","DES_VELO":"0","US_BLE":"111.58","DS_BLE":"110.36","CITY_ID":"10004","KEYIN_DATE":"20160219","NOTE":"箱涵轉變"}},{"type":"Feature","geometry":{"type":"LineString","coordinates":[[121.0844962207935,24.7424703236188],[121.0849414710333,24.74194380781481]]},"properties":{"name":"1","FID":"83","SSEW_CAT":"1","PI_NUM":"2153-015-020","US_MH":"2153-015","DS_MH":"2153-020","PI_TYP":"5","PI_WIDT":"0","PI_WIDB":"0","PI_HEI":"1.4","PI_LENG":"85.9","PI_MAT":"RCP","PI_THICK":"0","PI_SLOP":"0","DES_FLOW":"0","DES_VELO":"0","US_BLE":"108.65","DS_BLE":"108.32","CITY_ID":"10004","KEYIN_DATE":"20160219","NOTE":"數根私接排水管"}},{"type":"Feature","geometry":{"type":"LineString","coordinates":[[121.0849414710333,24.74194380781481],[121.085108418061,24.74140168483538]]},"properties":{"name":"1","FID":"84","SSEW_CAT":"1","PI_NUM":"2153-019-015","US_MH":"2153-019","DS_MH":"2153-015","PI_TYP":"5","PI_WIDT":"0","PI_WIDB":"0","PI_HEI":"1.4","PI_LENG":"62.1","PI_MAT":"RCP","PI_THICK":"0","PI_SLOP":"0.02","DES_FLOW":"0","DES_VELO":"0","US_BLE":"109.76","DS_BLE":"108.58","CITY_ID":"10004","KEYIN_DATE":"20160219","NOTE":"箱涵轉變"}},{"type":"Feature","geometry":{"type":"LineString","coordinates":[[121.0838656120495,24.74324070741139],[121.0844962207935,24.7424703236188]]},"properties":{"name":"1","FID":"85","SSEW_CAT":"1","PI_NUM":"2153-020-021","US_MH":"2153-020","DS_MH":"2153-021","PI_TYP":"5","PI_WIDT":"0","PI_WIDB":"0","PI_HEI":"1.4","PI_LENG":"79.8","PI_MAT":"RCP","PI_THICK":"0","PI_SLOP":"0.01","DES_FLOW":"0","DES_VELO":"0","US_BLE":"108.28","DS_BLE":"107.34","CITY_ID":"10004","KEYIN_DATE":"20160219"}},{"type":"Feature","geometry":{"type":"LineString","coordinates":[[121.0834195354224,24.74377221327118],[121.0838656120495,24.74324070741139]]},"properties":{"name":"1","FID":"86","SSEW_CAT":"1","PI_NUM":"2153-021-F02","US_MH":"2153-021","DS_MH":"2153-F02","PI_TYP":"5","PI_WIDT":"0","PI_WIDB":"0","PI_HEI":"1.4","PI_LENG":"76.2","PI_MAT":"RCP","PI_THICK":"0","PI_SLOP":"0.01","DES_FLOW":"0","DES_VELO":"0","US_BLE":"106.94","DS_BLE":"106.5","CITY_ID":"10004","KEYIN_DATE":"20160219"}},{"type":"Feature","geometry":{"type":"LineString","coordinates":[[121.0822652163278,24.74510146746846],[121.0828205628871,24.74447195257324]]},"properties":{"name":"1","FID":"87","SSEW_CAT":"1","PI_NUM":"2153-022-023","US_MH":"2153-022","DS_MH":"2153-023","PI_TYP":"1","PI_WIDT":"0","PI_WIDB":"0","PI_HEI":"1.93","PI_LENG":"92.1","PI_MAT":"RCB","PI_THICK":"0","PI_SLOP":"0.01","DES_FLOW":"0","DES_VELO":"0","US_BLE":"106.21","DS_BLE":"105.41","CITY_ID":"10004","KEYIN_DATE":"20160219","NOTE":"箱涵轉變"}},{"type":"Feature","geometry":{"type":"LineString","coordinates":[[121.0817257315227,24.74569969625482],[121.0822652163278,24.74510146746846]]},"properties":{"name":"1","FID":"88","SSEW_CAT":"1","PI_NUM":"2153-023-024","US_MH":"2153-023","DS_MH":"2153-024","PI_TYP":"1","PI_WIDT":"0","PI_WIDB":"0","PI_HEI":"2","PI_LENG":"111.8","PI_MAT":"RCB","PI_THICK":"0","PI_SLOP":"0.01","DES_FLOW":"0","DES_VELO":"0","US_BLE":"105.41","DS_BLE":"104.47","CITY_ID":"10004","KEYIN_DATE":"20160219"}},{"type":"Feature","geometry":{"type":"LineString","coordinates":[[121.0812927135645,24.746180176464],[121.0817257315227,24.74569969625482]]},"properties":{"name":"1","FID":"89","SSEW_CAT":"1","PI_NUM":"2153-024-025","US_MH":"2153-024","DS_MH":"2153-025","PI_TYP":"1","PI_WIDT":"0","PI_WIDB":"0","PI_HEI":"1.92","PI_LENG":"87.2","PI_MAT":"RCB","PI_THICK":"0","PI_SLOP":"0.01","DES_FLOW":"0","DES_VELO":"0","US_BLE":"104.47","DS_BLE":"103.53","CITY_ID":"10004","KEYIN_DATE":"20160219"}},{"type":"Feature","geometry":{"type":"LineString","coordinates":[[121.0810585381974,24.74646977191475],[121.0812927135645,24.746180176464]]},"properties":{"name":"1","FID":"90","SSEW_CAT":"1","PI_NUM":"2153-025-F04","US_MH":"2153-025","DS_MH":"2153-F04","PI_TYP":"1","PI_WIDT":"0","PI_WIDB":"0","PI_HEI":"2.01","PI_LENG":"29.1","PI_MAT":"RCB","PI_THICK":"0","PI_SLOP":"0.01","DES_FLOW":"0","DES_VELO":"0","US_BLE":"103.53","DS_BLE":"103.2","CITY_ID":"10004","KEYIN_DATE":"20160219","NOTE":"數根私接排水管"}},{"type":"Feature","geometry":{"type":"LineString","coordinates":[[121.0833736981741,24.7438261129445],[121.0834195354224,24.74377221327118]]},"properties":{"name":"1","FID":"91","SSEW_CAT":"1","PI_NUM":"2153-F02-F03","US_MH":"2153-F02","DS_MH":"2153-F03","PI_TYP":"5","PI_WIDT":"0","PI_WIDB":"0","PI_HEI":"1.8","PI_LENG":"5.7","PI_MAT":"RCP","PI_THICK":"0","PI_SLOP":"0","DES_FLOW":"0","DES_VELO":"0","US_BLE":"106.5","DS_BLE":"106.5","CITY_ID":"10004","KEYIN_DATE":"20160219"}},{"type":"Feature","geometry":{"type":"LineString","coordinates":[[121.0828205628871,24.74447195257324],[121.0833736981741,24.7438261129445]]},"properties":{"name":"1","FID":"92","SSEW_CAT":"1","PI_NUM":"2153-F03-022","US_MH":"2153-F03","DS_MH":"2153-022","PI_TYP":"5","PI_WIDT":"0","PI_WIDB":"0","PI_HEI":"1.8","PI_LENG":"46","PI_MAT":"RCP","PI_THICK":"0","PI_SLOP":"0.01","DES_FLOW":"0","DES_VELO":"0","US_BLE":"106.5","DS_BLE":"106.21","CITY_ID":"10004","KEYIN_DATE":"20160219","NOTE":"箱涵轉變"}},{"type":"Feature","geometry":{"type":"LineString","coordinates":[[121.0911188179358,24.72909349384105],[121.0907956998483,24.72890668733524]]},"properties":{"name":"1","FID":"93","SSEW_CAT":"1","PI_NUM":"2250-015-R03","US_MH":"2250-015","DS_MH":"2250-R03","PI_TYP":"2","PI_WIDT":"0","PI_WIDB":"0","PI_HEI":"3.11","PI_LENG":"38.3","PI_MAT":"RCB","PI_THICK":"0","PI_SLOP":"0.01","DES_FLOW":"0","DES_VELO":"0","US_BLE":"121.68","DS_BLE":"121.35","CITY_ID":"10004","KEYIN_DATE":"20160219","NOTE":"右側箱涵"}},{"type":"Feature","geometry":{"type":"LineString","coordinates":[[121.0907956998483,24.72890668733524],[121.0903187570436,24.72858576749659]]},"properties":{"name":"1","FID":"94","SSEW_CAT":"1","PI_NUM":"2250-F14-015","US_MH":"2250-F14","DS_MH":"2250-015","PI_TYP":"2","PI_WIDT":"0","PI_WIDB":"0","PI_HEI":"2.31","PI_LENG":"60.4","PI_MAT":"RCB","PI_THICK":"0","PI_SLOP":"0.04","DES_FLOW":"0","DES_VELO":"0","US_BLE":"124.06","DS_BLE":"121.63","CITY_ID":"10004","KEYIN_DATE":"20160219","NOTE":"右側箱涵，數根私接排水管"}},{"type":"Feature","geometry":{"type":"LineString","coordinates":[[121.0903187570436,24.72858576749659],[121.0899369945793,24.72838428035266]]},"properties":{"name":"1","FID":"95","SSEW_CAT":"1","PI_NUM":"2250-017-F14","US_MH":"2250-017","DS_MH":"2250-F14","PI_TYP":"2","PI_WIDT":"0","PI_WIDB":"0","PI_HEI":"2.3","PI_LENG":"45.1","PI_MAT":"RCB","PI_THICK":"0","PI_SLOP":"0.03","DES_FLOW":"0","DES_VELO":"0","US_BLE":"125.31","DS_BLE":"124.06","CITY_ID":"10004","KEYIN_DATE":"20160219","NOTE":"右側箱涵，數根私接排水管"}},{"type":"Feature","geometry":{"type":"LineString","coordinates":[[121.0899369945793,24.72838428035266],[121.0895351200378,24.7281084528598]]},"properties":{"name":"1","FID":"96","SSEW_CAT":"1","PI_NUM":"2250-F13-017","US_MH":"2250-F13","DS_MH":"2250-017","PI_TYP":"2","PI_WIDT":"0","PI_WIDB":"0","PI_HEI":"2.3","PI_LENG":"51.1","PI_MAT":"RCB","PI_THICK":"0","PI_SLOP":"0.01","DES_FLOW":"0","DES_VELO":"0","US_BLE":"125.7","DS_BLE":"125.28","CITY_ID":"10004","KEYIN_DATE":"20160219","NOTE":"右側箱涵，數根私接排水管"}},{"type":"Feature","geometry":{"type":"LineString","coordinates":[[121.0895351200378,24.7281084528598],[121.089171190499,24.72792119497766]]},"properties":{"name":"1","FID":"97","SSEW_CAT":"1","PI_NUM":"2250-019-F13","US_MH":"2250-019","DS_MH":"2250-F13","PI_TYP":"2","PI_WIDT":"0","PI_WIDB":"0","PI_HEI":"2.31","PI_LENG":"42.1","PI_MAT":"RCB","PI_THICK":"0","PI_SLOP":"0.02","DES_FLOW":"0","DES_VELO":"0","US_BLE":"126.46","DS_BLE":"125.67","CITY_ID":"10004","KEYIN_DATE":"20160219","NOTE":"右側箱涵"}},{"type":"Feature","geometry":{"type":"LineString","coordinates":[[121.0889945386083,24.7278055609512],[121.0888446013019,24.72772405745108]]},"properties":{"name":"1","FID":"98","SSEW_CAT":"1","PI_NUM":"2250-020-F01","US_MH":"2250-020","DS_MH":"2250-F01","PI_TYP":"2","PI_WIDT":"0","PI_WIDB":"0","PI_HEI":"2.3","PI_LENG":"15.5","PI_MAT":"RCB","PI_THICK":"0","PI_SLOP":"0.04","DES_FLOW":"0","DES_VELO":"0","US_BLE":"127.62","DS_BLE":"127","CITY_ID":"10004","KEYIN_DATE":"20160219","NOTE":"右側箱涵，數根私接排水管"}},{"type":"Feature","geometry":{"type":"LineString","coordinates":[[121.0888446013019,24.72772405745108],[121.0884714139511,24.72746338732856]]},"properties":{"name":"1","FID":"99","SSEW_CAT":"1","PI_NUM":"2250-F15-020","US_MH":"2250-F15","DS_MH":"2250-020","PI_TYP":"2","PI_WIDT":"0","PI_WIDB":"0","PI_HEI":"2.29","PI_LENG":"47.6","PI_MAT":"RCB","PI_THICK":"0","PI_SLOP":"0.04","DES_FLOW":"0","DES_VELO":"0","US_BLE":"129.75","DS_BLE":"127.6","CITY_ID":"10004","KEYIN_DATE":"20160219","NOTE":"右側箱涵"}},{"type":"Feature","geometry":{"type":"LineString","coordinates":[[121.0884714139511,24.72746338732856],[121.0880628772307,24.72721727685406]]},"properties":{"name":"1","FID":"100","SSEW_CAT":"1","PI_NUM":"2250-F12-F15","US_MH":"2250-F12","DS_MH":"2250-F15","PI_TYP":"2","PI_WIDT":"0","PI_WIDB":"0","PI_HEI":"2.29","PI_LENG":"49.8","PI_MAT":"RCB","PI_THICK":"0","PI_SLOP":"0.01","DES_FLOW":"0","DES_VELO":"0","US_BLE":"130.23","DS_BLE":"129.71","CITY_ID":"10004","KEYIN_DATE":"20160219","NOTE":"右側箱涵"}},{"type":"Feature","geometry":{"type":"LineString","coordinates":[[121.0880628772307,24.72721727685406],[121.0878219014792,24.72709422147829]]},"properties":{"name":"1","FID":"101","SSEW_CAT":"1","PI_NUM":"2250-023-F12","US_MH":"2250-023","DS_MH":"2250-F12","PI_TYP":"2","PI_WIDT":"0","PI_WIDB":"0","PI_HEI":"2.27","PI_LENG":"27.4","PI_MAT":"RCB","PI_THICK":"0","PI_SLOP":"0.03","DES_FLOW":"0","DES_VELO":"0","US_BLE":"131.02","DS_BLE":"130.32","CITY_ID":"10004","KEYIN_DATE":"20160219","NOTE":"右側箱涵"}},{"type":"Feature","geometry":{"type":"LineString","coordinates":[[121.089171190499,24.72792119497766],[121.0889945386083,24.7278055609512]]},"properties":{"name":"1","FID":"102","SSEW_CAT":"1","PI_NUM":"2250-F01-019","US_MH":"2250-F01","DS_MH":"2250-019","PI_TYP":"2","PI_WIDT":"0","PI_WIDB":"0","PI_HEI":"2.25","PI_LENG":"17.1","PI_MAT":"RCB","PI_THICK":"0","PI_SLOP":"0.04","DES_FLOW":"0","DES_VELO":"0","US_BLE":"127","DS_BLE":"126.4","CITY_ID":"10004","KEYIN_DATE":"20160219","NOTE":"右側箱涵，箱涵轉變"}},{"type":"Feature","geometry":{"type":"LineString","coordinates":[[121.0878219014792,24.72709422147829],[121.0877394050836,24.72693224964166]]},"properties":{"name":"1","FID":"103","SSEW_CAT":"1","PI_NUM":"2250-F04-023","US_MH":"2250-F04","DS_MH":"2250-023","PI_TYP":"2","PI_WIDT":"0","PI_WIDB":"0","PI_HEI":"2.27","PI_LENG":"19.3","PI_MAT":"RCB","PI_THICK":"0","PI_SLOP":"0.01","DES_FLOW":"0","DES_VELO":"0","US_BLE":"131.1","DS_BLE":"130.99","CITY_ID":"10004","KEYIN_DATE":"20160219","NOTE":"右側箱涵"}},{"type":"Feature","geometry":{"type":"LineString","coordinates":[[121.0889945386083,24.7278055609512],[121.0890286464004,24.72772762298543]]},"properties":{"name":"1","FID":"104","SSEW_CAT":"1","PI_NUM":"2250-F05-F01","US_MH":"2250-F05","DS_MH":"2250-F01","PI_TYP":"2","PI_WIDT":"0","PI_WIDB":"0","PI_HEI":"2.26","PI_LENG":"6.7","PI_MAT":"RCB","PI_THICK":"0","PI_SLOP":"0.03","DES_FLOW":"0","DES_VELO":"0","US_BLE":"127.2","DS_BLE":"127","CITY_ID":"10004","KEYIN_DATE":"20160219","NOTE":"明溝入水"}},{"type":"Feature","geometry":{"type":"LineString","coordinates":[[121.0889945386083,24.7278055609512],[121.0890567623391,24.72774494140426]]},"properties":{"name":"1","FID":"105","SSEW_CAT":"1","PI_NUM":"2250-F06-F01","US_MH":"2250-F06","DS_MH":"2250-F01","PI_TYP":"2","PI_WIDT":"0","PI_WIDB":"0","PI_HEI":"2.26","PI_LENG":"6.8","PI_MAT":"RCB","PI_THICK":"0","PI_SLOP":"0.03","DES_FLOW":"0","DES_VELO":"0","US_BLE":"127.2","DS_BLE":"127","CITY_ID":"10004","KEYIN_DATE":"20160219","NOTE":"明溝入水"}},{"type":"Feature","geometry":{"type":"LineString","coordinates":[[121.0855340391173,24.74012570680845],[121.0859216557855,24.73963582314081]]},"properties":{"name":"1","FID":"106","SSEW_CAT":"1","PI_NUM":"2252-002-2152-003","US_MH":"2252-002","DS_MH":"2152-003","PI_TYP":"5","PI_WIDT":"0","PI_WIDB":"0","PI_HEI":"1.2","PI_LENG":"72.4","PI_MAT":"RCP","PI_THICK":"0","PI_SLOP":"0.01","DES_FLOW":"0","DES_VELO":"0","US_BLE":"113.95","DS_BLE":"113.35","CITY_ID":"10004","KEYIN_DATE":"20160219"}},{"type":"Feature","geometry":{"type":"LineString","coordinates":[[121.0888165075914,24.73109343244731],[121.0887308897538,24.73095427862697]]},"properties":{"name":"1","FID":"107","SSEW_CAT":"1","PI_NUM":"2251-017-018","US_MH":"2251-017","DS_MH":"2251-018","PI_TYP":"1","PI_WIDT":"0","PI_WIDB":"0","PI_HEI":"1.55","PI_LENG":"14","PI_MAT":"RCB","PI_THICK":"0","PI_SLOP":"0.04","DES_FLOW":"0","DES_VELO":"0","US_BLE":"130.1","DS_BLE":"129.59","CITY_ID":"10004","KEYIN_DATE":"20160222"}},{"type":"Feature","geometry":{"type":"LineString","coordinates":[[121.0887986727994,24.73127245505589],[121.0888165075914,24.73109343244731]]},"properties":{"name":"1","FID":"108","SSEW_CAT":"1","PI_NUM":"2251-018-019","US_MH":"2251-018","DS_MH":"2251-019","PI_TYP":"1","PI_WIDT":"0","PI_WIDB":"0","PI_HEI":"1.77","PI_LENG":"27.4","PI_MAT":"RCB","PI_THICK":"0","PI_SLOP":"0.05","DES_FLOW":"0","DES_VELO":"0","US_BLE":"129.59","DS_BLE":"128.34","CITY_ID":"10004","KEYIN_DATE":"20160222","NOTE":"數根私接排水管"}},{"type":"Feature","geometry":{"type":"LineString","coordinates":[[121.0910565253837,24.73048503521059],[121.0910714363377,24.73038156626957]]},"properties":{"name":"1","FID":"109","SSEW_CAT":"1","PI_NUM":"2251-F01-015","US_MH":"2251-F01","DS_MH":"2251-015","PI_TYP":"3","PI_WIDT":"0","PI_WIDB":"0","PI_HEI":"3.58","PI_LENG":"7.6","PI_MAT":"RCB","PI_THICK":"0","PI_SLOP":"0.02","DES_FLOW":"0","DES_VELO":"0","US_BLE":"119.5","DS_BLE":"119.35","CITY_ID":"10004","KEYIN_DATE":"20160222","NOTE":"數根私接排水管"}},{"type":"Feature","geometry":{"type":"LineString","coordinates":[[121.0911006833567,24.73045766045422],[121.0910714363377,24.73038156626957]]},"properties":{"name":"1","FID":"110","SSEW_CAT":"1","PI_NUM":"2251-F01-016","US_MH":"2251-F01","DS_MH":"2251-016","PI_TYP":"3","PI_WIDT":"0","PI_WIDB":"0","PI_HEI":"3.58","PI_LENG":"11.2","PI_MAT":"RCB","PI_THICK":"0","PI_SLOP":"0.01","DES_FLOW":"0","DES_VELO":"0","US_BLE":"119.5","DS_BLE":"119.41","CITY_ID":"10004","KEYIN_DATE":"20160222","NOTE":"數根私接排水管"}},{"type":"Feature","geometry":{"type":"LineString","coordinates":[[121.0920103256829,24.7357880093262],[121.0924712721111,24.73578767156435]]},"properties":{"name":"1","FID":"111","SSEW_CAT":"1","PI_NUM":"2252-018-026","US_MH":"2252-018","DS_MH":"2252-026","PI_TYP":"5","PI_WIDT":"0","PI_WIDB":"0","PI_HEI":"1.2","PI_LENG":"54.6","PI_MAT":"RCP","PI_THICK":"0","PI_SLOP":"0","DES_FLOW":"0","DES_VELO":"0","US_BLE":"114.12","DS_BLE":"113.94","CITY_ID":"10004","KEYIN_DATE":"20160222"}},{"type":"Feature","geometry":{"type":"LineString","coordinates":[[121.0924712721111,24.73578767156435],[121.0930137974183,24.73577539100642]]},"properties":{"name":"1","FID":"112","SSEW_CAT":"1","PI_NUM":"2252-019-018","US_MH":"2252-019","DS_MH":"2252-018","PI_TYP":"5","PI_WIDT":"0","PI_WIDB":"0","PI_HEI":"1.2","PI_LENG":"53","PI_MAT":"RCP","PI_THICK":"0","PI_SLOP":"0.01","DES_FLOW":"0","DES_VELO":"0","US_BLE":"114.49","DS_BLE":"114.2","CITY_ID":"10004","KEYIN_DATE":"20160222"}},{"type":"Feature","geometry":{"type":"LineString","coordinates":[[121.0911285766609,24.73084659993671],[121.0910565253837,24.73048503521059]]},"properties":{"name":"1","FID":"113","SSEW_CAT":"1","PI_NUM":"2251-015-F06","US_MH":"2251-015","DS_MH":"2251-F06","PI_TYP":"3","PI_WIDT":"0","PI_WIDB":"0","PI_HEI":"3.58","PI_LENG":"40.7","PI_MAT":"RCB","PI_THICK":"0","PI_SLOP":"0.01","DES_FLOW":"0","DES_VELO":"0","US_BLE":"119.35","DS_BLE":"118.98","CITY_ID":"10004","KEYIN_DATE":"20160222","NOTE":"數根私接排水管"}},{"type":"Feature","geometry":{"type":"LineString","coordinates":[[121.0911901839992,24.73082121892113],[121.0911006833567,24.73045766045422]]},"properties":{"name":"1","FID":"114","SSEW_CAT":"1","PI_NUM":"2251-016-F08","US_MH":"2251-016","DS_MH":"2251-F08","PI_TYP":"3","PI_WIDT":"0","PI_WIDB":"0","PI_HEI":"3.51","PI_LENG":"41.3","PI_MAT":"RCB","PI_THICK":"0","PI_SLOP":"0.01","DES_FLOW":"0","DES_VELO":"0","US_BLE":"119.41","DS_BLE":"119","CITY_ID":"10004","KEYIN_DATE":"20160222","NOTE":"數根私接排水管"}},{"type":"Feature","geometry":{"type":"LineString","coordinates":[[121.0911615157355,24.73083411127965],[121.0910714363377,24.73038156626957]]},"properties":{"name":"1","FID":"115","SSEW_CAT":"1","PI_NUM":"2251-F01-F07","US_MH":"2251-F01","DS_MH":"2251-F07","PI_TYP":"3","PI_WIDT":"0","PI_WIDB":"0","PI_HEI":"3.57","PI_LENG":"50.9","PI_MAT":"RCB","PI_THICK":"0","PI_SLOP":"0.01","DES_FLOW":"0","DES_VELO":"0","US_BLE":"119.5","DS_BLE":"119","CITY_ID":"10004","KEYIN_DATE":"20160222","NOTE":"數根私接排水管"}},{"type":"Feature","geometry":{"type":"LineString","coordinates":[[121.0889129358856,24.73147666169071],[121.0887986727994,24.73127245505589]]},"properties":{"name":"1","FID":"116","SSEW_CAT":"1","PI_NUM":"2251-019-F11","US_MH":"2251-019","DS_MH":"2251-F11","PI_TYP":"1","PI_WIDT":"0","PI_WIDB":"0","PI_HEI":"1.9","PI_LENG":"25.4","PI_MAT":"RCB","PI_THICK":"0","PI_SLOP":"0.03","DES_FLOW":"0","DES_VELO":"0","US_BLE":"128.34","DS_BLE":"127.54","CITY_ID":"10004","KEYIN_DATE":"20160222","NOTE":"箱涵轉變，數根私接排水管"}},{"type":"Feature","geometry":{"type":"LineString","coordinates":[[121.0886521636276,24.7308589008516],[121.0886090153649,24.73083338416002]]},"properties":{"name":"2","FID":"117","SSEW_CAT":"2","PI_NUM":"2251-F02-F10","US_MH":"2251-F02","DS_MH":"2251-F10","PI_TYP":"1","PI_WIDT":"0","PI_WIDB":"0","PI_HEI":"0.95","PI_LENG":"5.3","PI_MAT":"RCB","PI_THICK":"0","PI_SLOP":"0.19","DES_FLOW":"0","DES_VELO":"0","US_BLE":"133","DS_BLE":"132","CITY_ID":"10004","KEYIN_DATE":"20160222","NOTE":"箱涵轉變，數根私接排水管"}},{"type":"Feature","geometry":{"type":"LineString","coordinates":[[121.0901819060678,24.73613704101703],[121.0906917259186,24.7358182462922]]},"properties":{"name":"1","FID":"118","SSEW_CAT":"1","PI_NUM":"2252-017-F04","US_MH":"2252-017","DS_MH":"2252-F04","PI_TYP":"5","PI_WIDT":"0","PI_WIDB":"0","PI_HEI":"1.5","PI_LENG":"62.5","PI_MAT":"RCP","PI_THICK":"0","PI_SLOP":"0.01","DES_FLOW":"0","DES_VELO":"0","US_BLE":"113.25","DS_BLE":"112.9","CITY_ID":"10004","KEYIN_DATE":"20160222","NOTE":"數根私接排水管"}},{"type":"Feature","geometry":{"type":"LineString","coordinates":[[121.0906917259186,24.7358182462922],[121.0920103256829,24.7357880093262]]},"properties":{"name":"1","FID":"119","SSEW_CAT":"1","PI_NUM":"2252-026-017","US_MH":"2252-026","DS_MH":"2252-017","PI_TYP":"5","PI_WIDT":"0","PI_WIDB":"0","PI_HEI":"1.5","PI_LENG":"123.5","PI_MAT":"RCP","PI_THICK":"0","PI_SLOP":"0","DES_FLOW":"0","DES_VELO":"0","US_BLE":"113.72","DS_BLE":"113.26","CITY_ID":"10004","KEYIN_DATE":"20160222","NOTE":"明溝入水"}},{"type":"Feature","geometry":{"type":"LineString","coordinates":[[121.0504777560909,24.77161505860298],[121.0501075694401,24.77145677512925]]},"properties":{"name":"1","FID":"120","SSEW_CAT":"1","PI_NUM":"1758-F02-F01","US_MH":"1758-F02","DS_MH":"1758-F01","PI_TYP":"1","PI_WIDT":"0","PI_WIDB":"0","PI_HEI":"3.57","PI_LENG":"40.8","PI_MAT":"RCB","PI_THICK":"0","PI_SLOP":"0","DES_FLOW":"0","DES_VELO":"0","US_BLE":"104.95","DS_BLE":"104.75","CITY_ID":"10004","KEYIN_DATE":"20160228","NOTE":"箱涵轉變，數根私接排水管"}},{"type":"Feature","geometry":{"type":"LineString","coordinates":[[121.0561647120429,24.77247304044163],[121.0562610986874,24.77201465554668]]},"properties":{"name":"1","FID":"121","SSEW_CAT":"1","PI_NUM":"1858-006-007","US_MH":"1858-006","DS_MH":"1858-007","PI_TYP":"1","PI_WIDT":"0","PI_WIDB":"0","PI_HEI":"3.26","PI_LENG":"49.7","PI_MAT":"RCB","PI_THICK":"0","PI_SLOP":"0.04","DES_FLOW":"0","DES_VELO":"0","US_BLE":"112.52","DS_BLE":"110.71","CITY_ID":"10004","KEYIN_DATE":"20160228","NOTE":"箱涵轉變，數根私接排水管"}},{"type":"Feature","geometry":{"type":"LineString","coordinates":[[121.0561757698544,24.77287351130808],[121.0561647120429,24.77247304044163]]},"properties":{"name":"1","FID":"122","SSEW_CAT":"1","PI_NUM":"1858-007-008","US_MH":"1858-007","DS_MH":"1858-008","PI_TYP":"1","PI_WIDT":"0","PI_WIDB":"0","PI_HEI":"3.68","PI_LENG":"47.6","PI_MAT":"RCB","PI_THICK":"0","PI_SLOP":"0.03","DES_FLOW":"0","DES_VELO":"0","US_BLE":"110.89","DS_BLE":"109.37","CITY_ID":"10004","KEYIN_DATE":"20160228","NOTE":"跌降"}},{"type":"Feature","geometry":{"type":"LineString","coordinates":[[121.056248437048,24.77345414387292],[121.0561757698544,24.77287351130808]]},"properties":{"name":"1","FID":"123","SSEW_CAT":"1","PI_NUM":"1858-008-009","US_MH":"1858-008","DS_MH":"1858-009","PI_TYP":"1","PI_WIDT":"0","PI_WIDB":"0","PI_HEI":"4","PI_LENG":"63.1","PI_MAT":"RCB","PI_THICK":"0","PI_SLOP":"0.02","DES_FLOW":"0","DES_VELO":"0","US_BLE":"109.37","DS_BLE":"107.93","CITY_ID":"10004","KEYIN_DATE":"20160228"}},{"type":"Feature","geometry":{"type":"LineString","coordinates":[[121.0562291788711,24.77381705783901],[121.056248437048,24.77345414387292]]},"properties":{"name":"1","FID":"124","SSEW_CAT":"1","PI_NUM":"1858-009-1859-R01","US_MH":"1858-009","DS_MH":"1859-R01","PI_TYP":"1","PI_WIDT":"0","PI_WIDB":"0","PI_HEI":"3.97","PI_LENG":"37.1","PI_MAT":"RCB","PI_THICK":"0","PI_SLOP":"0.05","DES_FLOW":"0","DES_VELO":"0","US_BLE":"107.93","DS_BLE":"105.97","CITY_ID":"10004","KEYIN_DATE":"20160228"}},{"type":"Feature","geometry":{"type":"LineString","coordinates":[[121.0562610986874,24.77201465554668],[121.0564504845446,24.77102473658933]]},"properties":{"name":"1","FID":"125","SSEW_CAT":"1","PI_NUM":"1858-F01-006","US_MH":"1858-F01","DS_MH":"1858-006","PI_TYP":"1","PI_WIDT":"0","PI_WIDB":"0","PI_HEI":"2.73","PI_LENG":"110.8","PI_MAT":"RCB","PI_THICK":"0","PI_SLOP":"0.01","DES_FLOW":"0","DES_VELO":"0","US_BLE":"114","DS_BLE":"112.52","CITY_ID":"10004","KEYIN_DATE":"20160228","NOTE":"箱涵轉變，數根私接排水管"}},{"type":"Feature","geometry":{"type":"LineString","coordinates":[[121.0896530995971,24.73199714986525],[121.0895424305778,24.73192743317571]]},"properties":{"name":"1","FID":"126","SSEW_CAT":"1","PI_NUM":"2251-010-F05","US_MH":"2251-010","DS_MH":"2251-F05","PI_TYP":"5","PI_WIDT":"0","PI_WIDB":"0","PI_HEI":"1.2","PI_LENG":"13.6","PI_MAT":"RCP","PI_THICK":"0","PI_SLOP":"0.03","DES_FLOW":"0","DES_VELO":"0","US_BLE":"121.27","DS_BLE":"120.87","CITY_ID":"10004","KEYIN_DATE":"20160222","NOTE":"箱涵轉變，數根私接排水管"}},{"type":"Feature","geometry":{"type":"LineString","coordinates":[[121.0879887034469,24.74066805703231],[121.0881223770647,24.74048863262664]]},"properties":{"name":"1","FID":"127","SSEW_CAT":"1","PI_NUM":"2252-030-031","US_MH":"2252-030","DS_MH":"2252-031","PI_TYP":"1","PI_WIDT":"0","PI_WIDB":"0","PI_HEI":"1.21","PI_LENG":"28.3","PI_MAT":"RCB","PI_THICK":"0","PI_SLOP":"0","DES_FLOW":"0","DES_VELO":"0","US_BLE":"109.75","DS_BLE":"109.67","CITY_ID":"10004","KEYIN_DATE":"20160229"}},{"type":"Feature","geometry":{"type":"LineString","coordinates":[[121.0877627919898,24.74094762739123],[121.0879887034469,24.74066805703231]]},"properties":{"name":"1","FID":"128","SSEW_CAT":"1","PI_NUM":"2252-031-032","US_MH":"2252-031","DS_MH":"2252-032","PI_TYP":"1","PI_WIDT":"0","PI_WIDB":"0","PI_HEI":"1.26","PI_LENG":"37.3","PI_MAT":"RCB","PI_THICK":"0","PI_SLOP":"0.01","DES_FLOW":"0","DES_VELO":"0","US_BLE":"109.67","DS_BLE":"109.26","CITY_ID":"10004","KEYIN_DATE":"20160229","NOTE":"箱涵轉變"}},{"type":"Feature","geometry":{"type":"LineString","coordinates":[[121.0873380776537,24.7414833489109],[121.0877627919898,24.74094762739123]]},"properties":{"name":"1","FID":"129","SSEW_CAT":"1","PI_NUM":"2252-032-2253-014","US_MH":"2252-032","DS_MH":"2253-014","PI_TYP":"1","PI_WIDT":"0","PI_WIDB":"0","PI_HEI":"1.54","PI_LENG":"99.7","PI_MAT":"RCB","PI_THICK":"0","PI_SLOP":"0.01","DES_FLOW":"0","DES_VELO":"0","US_BLE":"109.26","DS_BLE":"108.64","CITY_ID":"10004","KEYIN_DATE":"20160229","NOTE":"數根私接排水管"}},{"type":"Feature","geometry":{"type":"LineString","coordinates":[[121.0895956383152,24.74181212346929],[121.0892609727346,24.74164014604845]]},"properties":{"name":"1","FID":"130","SSEW_CAT":"1","PI_NUM":"2253-008-013","US_MH":"2253-008","DS_MH":"2253-013","PI_TYP":"5","PI_WIDT":"0","PI_WIDB":"0","PI_HEI":"1.5","PI_LENG":"77.4","PI_MAT":"RCP","PI_THICK":"0","PI_SLOP":"0","DES_FLOW":"0","DES_VELO":"0","US_BLE":"107.71","DS_BLE":"107.78","CITY_ID":"10004","KEYIN_DATE":"20160229"}},{"type":"Feature","geometry":{"type":"LineString","coordinates":[[121.0900304348529,24.74208210060433],[121.0895956383152,24.74181212346929]]},"properties":{"name":"1","FID":"131","SSEW_CAT":"1","PI_NUM":"2253-013-F02","US_MH":"2253-013","DS_MH":"2253-F02","PI_TYP":"5","PI_WIDT":"0","PI_WIDB":"0","PI_HEI":"1.5","PI_LENG":"16.9","PI_MAT":"RCP","PI_THICK":"0","PI_SLOP":"0.03","DES_FLOW":"0","DES_VELO":"0","US_BLE":"107.71","DS_BLE":"107.2","CITY_ID":"10004","KEYIN_DATE":"20160229"}},{"type":"Feature","geometry":{"type":"LineString","coordinates":[[121.0871954303719,24.74167034385895],[121.0873380776537,24.7414833489109]]},"properties":{"name":"1","FID":"132","SSEW_CAT":"1","PI_NUM":"2253-014-015","US_MH":"2253-014","DS_MH":"2253-015","PI_TYP":"1","PI_WIDT":"0","PI_WIDB":"0","PI_HEI":"1.54","PI_LENG":"39.7","PI_MAT":"RCB","PI_THICK":"0","PI_SLOP":"0","DES_FLOW":"0","DES_VELO":"0","US_BLE":"108.64","DS_BLE":"108.6","CITY_ID":"10004","KEYIN_DATE":"20160229"}},{"type":"Feature","geometry":{"type":"LineString","coordinates":[[121.0870096297182,24.74190111674384],[121.0871954303719,24.74167034385895]]},"properties":{"name":"1","FID":"133","SSEW_CAT":"1","PI_NUM":"2253-015-016","US_MH":"2253-015","DS_MH":"2253-016","PI_TYP":"1","PI_WIDT":"0","PI_WIDB":"0","PI_HEI":"1.54","PI_LENG":"31.8","PI_MAT":"RCB","PI_THICK":"0","PI_SLOP":"0","DES_FLOW":"0","DES_VELO":"0","US_BLE":"108.6","DS_BLE":"108.46","CITY_ID":"10004","KEYIN_DATE":"20160229","NOTE":"數根私接排水管"}},{"type":"Feature","geometry":{"type":"LineString","coordinates":[[121.0864551758418,24.74258789769746],[121.0870096297182,24.74190111674384]]},"properties":{"name":"1","FID":"134","SSEW_CAT":"1","PI_NUM":"2253-016-017","US_MH":"2253-016","DS_MH":"2253-017","PI_TYP":"1","PI_WIDT":"0","PI_WIDB":"0","PI_HEI":"1.55","PI_LENG":"53.7","PI_MAT":"RCB","PI_THICK":"0","PI_SLOP":"0.01","DES_FLOW":"0","DES_VELO":"0","US_BLE":"108.46","DS_BLE":"107.87","CITY_ID":"10004","KEYIN_DATE":"20160229"}},{"type":"Feature","geometry":{"type":"LineString","coordinates":[[121.0909335582262,24.73279318855438],[121.0908581221012,24.73273992884958]]},"properties":{"name":"1","FID":"135","SSEW_CAT":"1","PI_NUM":"2251-F04-R02","US_MH":"2251-F04","DS_MH":"2251-R02","PI_TYP":"5","PI_WIDT":"0","PI_WIDB":"0","PI_HEI":"1.5","PI_LENG":"9.2","PI_MAT":"RCP","PI_THICK":"0","PI_SLOP":"0.02","DES_FLOW":"0","DES_VELO":"0","US_BLE":"116.84","DS_BLE":"116.64","CITY_ID":"10004","KEYIN_DATE":"20160229"}},{"type":"Feature","geometry":{"type":"LineString","coordinates":[[121.0872034383067,24.74036636176788],[121.0866244895514,24.74001911995171]]},"properties":{"name":"1","FID":"136","SSEW_CAT":"1","PI_NUM":"2252-001-027","US_MH":"2252-001","DS_MH":"2252-027","PI_TYP":"5","PI_WIDT":"0","PI_WIDB":"0","PI_HEI":"1.2","PI_LENG":"65.7","PI_MAT":"RCP","PI_THICK":"0","PI_SLOP":"0.01","DES_FLOW":"0","DES_VELO":"0","US_BLE":"111.93","DS_BLE":"111.12","CITY_ID":"10004","KEYIN_DATE":"20160229"}},{"type":"Feature","geometry":{"type":"LineString","coordinates":[[121.0866244895514,24.74001911995171],[121.0859216557855,24.73963582314081]]},"properties":{"name":"1","FID":"137","SSEW_CAT":"1","PI_NUM":"2252-002-001","US_MH":"2252-002","DS_MH":"2252-001","PI_TYP":"1","PI_WIDT":"0","PI_WIDB":"0","PI_HEI":"0.87","PI_LENG":"83.8","PI_MAT":"RCB","PI_THICK":"0","PI_SLOP":"0.02","DES_FLOW":"0","DES_VELO":"0","US_BLE":"113.95","DS_BLE":"112.03","CITY_ID":"10004","KEYIN_DATE":"20160219","NOTE":"箱涵轉變"}},{"type":"Feature","geometry":{"type":"LineString","coordinates":[[121.0881223770647,24.74048863262664],[121.0883576532408,24.740186935903]]},"properties":{"name":"1","FID":"138","SSEW_CAT":"1","PI_NUM":"2252-008-030","US_MH":"2252-008","DS_MH":"2252-030","PI_TYP":"1","PI_WIDT":"0","PI_WIDB":"0","PI_HEI":"1.2","PI_LENG":"30.1","PI_MAT":"RCB","PI_THICK":"0","PI_SLOP":"0","DES_FLOW":"0","DES_VELO":"0","US_BLE":"109.83","DS_BLE":"109.75","CITY_ID":"10004","KEYIN_DATE":"20160229"}},{"type":"Feature","geometry":{"type":"LineString","coordinates":[[121.0885399588327,24.73995585639438],[121.0887411146999,24.73974991943209]]},"properties":{"name":"1","FID":"139","SSEW_CAT":"1","PI_NUM":"2252-009-029","US_MH":"2252-009","DS_MH":"2252-029","PI_TYP":"1","PI_WIDT":"0","PI_WIDB":"0","PI_HEI":"1.24","PI_LENG":"29.7","PI_MAT":"RCB","PI_THICK":"0","PI_SLOP":"0.01","DES_FLOW":"0","DES_VELO":"0","US_BLE":"110.38","DS_BLE":"110.01","CITY_ID":"10004","KEYIN_DATE":"20160229","NOTE":"數根私接排水管"}},{"type":"Feature","geometry":{"type":"LineString","coordinates":[[121.088127179202,24.74094785602155],[121.0872034383067,24.74036636176788]]},"properties":{"name":"1","FID":"140","SSEW_CAT":"1","PI_NUM":"2252-027-028","US_MH":"2252-027","DS_MH":"2252-028","PI_TYP":"5","PI_WIDT":"0","PI_WIDB":"0","PI_HEI":"1.2","PI_LENG":"85","PI_MAT":"RCP","PI_THICK":"0","PI_SLOP":"0.03","DES_FLOW":"0","DES_VELO":"0","US_BLE":"110.65","DS_BLE":"108.24","CITY_ID":"10004","KEYIN_DATE":"20160229"}},{"type":"Feature","geometry":{"type":"LineString","coordinates":[[121.0887749968093,24.7413404293911],[121.088127179202,24.74094785602155]]},"properties":{"name":"1","FID":"141","SSEW_CAT":"1","PI_NUM":"2252-028-2253-012","US_MH":"2252-028","DS_MH":"2253-012","PI_TYP":"5","PI_WIDT":"0","PI_WIDB":"0","PI_HEI":"1.5","PI_LENG":"75.7","PI_MAT":"RCP","PI_THICK":"0","PI_SLOP":"0.01","DES_FLOW":"0","DES_VELO":"0","US_BLE":"108.16","DS_BLE":"107.64","CITY_ID":"10004","KEYIN_DATE":"20160229"}},{"type":"Feature","geometry":{"type":"LineString","coordinates":[[121.0883576532408,24.740186935903],[121.0885399588327,24.73995585639438]]},"properties":{"name":"1","FID":"142","SSEW_CAT":"1","PI_NUM":"2252-029-008","US_MH":"2252-029","DS_MH":"2252-008","PI_TYP":"1","PI_WIDT":"0","PI_WIDB":"0","PI_HEI":"1.22","PI_LENG":"30.7","PI_MAT":"RCB","PI_THICK":"0","PI_SLOP":"0.01","DES_FLOW":"0","DES_VELO":"0","US_BLE":"110.01","DS_BLE":"109.83","CITY_ID":"10004","KEYIN_DATE":"20160229"}},{"type":"Feature","geometry":{"type":"LineString","coordinates":[[121.0892609727346,24.74164014604845],[121.0887749968093,24.7413404293911]]},"properties":{"name":"1","FID":"143","SSEW_CAT":"1","PI_NUM":"2253-012-008","US_MH":"2253-012","DS_MH":"2253-008","PI_TYP":"5","PI_WIDT":"0","PI_WIDB":"0","PI_HEI":"1.5","PI_LENG":"82.6","PI_MAT":"RCP","PI_THICK":"0","PI_SLOP":"0","DES_FLOW":"0","DES_VELO":"0","US_BLE":"107.68","DS_BLE":"107.76","CITY_ID":"10004","KEYIN_DATE":"20160229"}},{"type":"Feature","geometry":{"type":"LineString","coordinates":[[121.0861931853466,24.74241338861776],[121.0864551758418,24.74258789769746]]},"properties":{"name":"1","FID":"144","SSEW_CAT":"1","PI_NUM":"2253-017-018","US_MH":"2253-017","DS_MH":"2253-018","PI_TYP":"1","PI_WIDT":"0","PI_WIDB":"0","PI_HEI":"1.55","PI_LENG":"32.8","PI_MAT":"RCB","PI_THICK":"0","PI_SLOP":"0","DES_FLOW":"0","DES_VELO":"0","US_BLE":"107.84","DS_BLE":"107.85","CITY_ID":"10004","KEYIN_DATE":"20160229","NOTE":"箱涵轉變，數根私接排水管"}},{"type":"Feature","geometry":{"type":"LineString","coordinates":[[121.0859605332388,24.74247602781768],[121.0861931853466,24.74241338861776]]},"properties":{"name":"1","FID":"145","SSEW_CAT":"1","PI_NUM":"2253-018-019","US_MH":"2253-018","DS_MH":"2253-019","PI_TYP":"1","PI_WIDT":"0","PI_WIDB":"0","PI_HEI":"2.06","PI_LENG":"39.1","PI_MAT":"RCB","PI_THICK":"0","PI_SLOP":"0.02","DES_FLOW":"0","DES_VELO":"0","US_BLE":"107.85","DS_BLE":"107.08","CITY_ID":"10004","KEYIN_DATE":"20160229","NOTE":"箱涵轉變，數根私接排水管"}},{"type":"Feature","geometry":{"type":"LineString","coordinates":[[121.0852086742197,24.74554918968679],[121.0854017912752,24.74530611789151]]},"properties":{"name":"1","FID":"146","SSEW_CAT":"1","PI_NUM":"2153-026-027","US_MH":"2153-026","DS_MH":"2153-027","PI_TYP":"1","PI_WIDT":"0","PI_WIDB":"0","PI_HEI":"2.52","PI_LENG":"32.8","PI_MAT":"RCB","PI_THICK":"0","PI_SLOP":"0","DES_FLOW":"0","DES_VELO":"0","US_BLE":"104.93","DS_BLE":"104.91","CITY_ID":"10004","KEYIN_DATE":"20160301"}},{"type":"Feature","geometry":{"type":"LineString","coordinates":[[121.0851511627472,24.7458668785472],[121.0852086742197,24.74554918968679]]},"properties":{"name":"1","FID":"147","SSEW_CAT":"1","PI_NUM":"2153-027-028","US_MH":"2153-027","DS_MH":"2153-028","PI_TYP":"1","PI_WIDT":"0","PI_WIDB":"0","PI_HEI":"2.54","PI_LENG":"31","PI_MAT":"RCB","PI_THICK":"0","PI_SLOP":"-0.03","DES_FLOW":"0","DES_VELO":"0","US_BLE":"104.91","DS_BLE":"105.72","CITY_ID":"10004","KEYIN_DATE":"20160301"}},{"type":"Feature","geometry":{"type":"LineString","coordinates":[[121.0849690671681,24.74618151412776],[121.0851511627472,24.7458668785472]]},"properties":{"name":"1","FID":"148","SSEW_CAT":"1","PI_NUM":"2153-028-029","US_MH":"2153-028","DS_MH":"2153-029","PI_TYP":"1","PI_WIDT":"0","PI_WIDB":"0","PI_HEI":"2.59","PI_LENG":"28.7","PI_MAT":"RCB","PI_THICK":"0","PI_SLOP":"0.05","DES_FLOW":"0","DES_VELO":"0","US_BLE":"105.72","DS_BLE":"104.39","CITY_ID":"10004","KEYIN_DATE":"20160301"}},{"type":"Feature","geometry":{"type":"LineString","coordinates":[[121.0849620186912,24.74629891808883],[121.0849690671681,24.74618151412776]]},"properties":{"name":"1","FID":"149","SSEW_CAT":"1","PI_NUM":"2153-029-030","US_MH":"2153-029","DS_MH":"2153-030","PI_TYP":"1","PI_WIDT":"0","PI_WIDB":"0","PI_HEI":"2.57","PI_LENG":"31.2","PI_MAT":"RCB","PI_THICK":"0","PI_SLOP":"0.01","DES_FLOW":"0","DES_VELO":"0","US_BLE":"104.39","DS_BLE":"104.04","CITY_ID":"10004","KEYIN_DATE":"20160301"}},{"type":"Feature","geometry":{"type":"LineString","coordinates":[[121.0849266977003,24.74633399648264],[121.0849620186912,24.74629891808883]]},"properties":{"name":"1","FID":"150","SSEW_CAT":"1","PI_NUM":"2153-030-031","US_MH":"2153-030","DS_MH":"2153-031","PI_TYP":"1","PI_WIDT":"0","PI_WIDB":"0","PI_HEI":"2.32","PI_LENG":"1","PI_MAT":"RCB","PI_THICK":"0","PI_SLOP":"0.2","DES_FLOW":"0","DES_VELO":"0","US_BLE":"104.04","DS_BLE":"103.84","CITY_ID":"10004","KEYIN_DATE":"20160301"}},{"type":"Feature","geometry":{"type":"LineString","coordinates":[[121.0848580580077,24.74649925122715],[121.0849266977003,24.74633399648264]]},"properties":{"name":"1","FID":"151","SSEW_CAT":"1","PI_NUM":"2153-031-001","US_MH":"2153-031","DS_MH":"2153-001","PI_TYP":"1","PI_WIDT":"0","PI_WIDB":"0","PI_HEI":"2.5","PI_LENG":"20.1","PI_MAT":"RCB","PI_THICK":"0","PI_SLOP":"0.06","DES_FLOW":"0","DES_VELO":"0","US_BLE":"103.84","DS_BLE":"102.72","CITY_ID":"10004","KEYIN_DATE":"20160301"}},{"type":"Feature","geometry":{"type":"LineString","coordinates":[[121.085127108633,24.74387801744177],[121.0855164208364,24.74307259953792]]},"properties":{"name":"1","FID":"152","SSEW_CAT":"1","PI_NUM":"2153-F05-F06","US_MH":"2153-F05","DS_MH":"2153-F06","PI_TYP":"1","PI_WIDT":"0","PI_WIDB":"0","PI_HEI":"2.04","PI_LENG":"78","PI_MAT":"RCB","PI_THICK":"0","PI_SLOP":"0","DES_FLOW":"0","DES_VELO":"0","US_BLE":"105","DS_BLE":"105","CITY_ID":"10004","KEYIN_DATE":"20160301","NOTE":"梯形W*H=(1.55~2.15)*2.04m，數根私接排水管"}},{"type":"Feature","geometry":{"type":"LineString","coordinates":[[121.085296347916,24.74404127724216],[121.085127108633,24.74387801744177]]},"properties":{"name":"1","FID":"153","SSEW_CAT":"1","PI_NUM":"2153-F06-F07","US_MH":"2153-F06","DS_MH":"2153-F07","PI_TYP":"1","PI_WIDT":"0","PI_WIDB":"0","PI_HEI":"1.5","PI_LENG":"19.2","PI_MAT":"RCB","PI_THICK":"0","PI_SLOP":"0","DES_FLOW":"0","DES_VELO":"0","US_BLE":"105","DS_BLE":"105","CITY_ID":"10004","KEYIN_DATE":"20160301","NOTE":"箱涵轉變，數根私接排水管"}},{"type":"Feature","geometry":{"type":"LineString","coordinates":[[121.0850940047146,24.74398832163544],[121.085127108633,24.74387801744177]]},"properties":{"name":"1","FID":"154","SSEW_CAT":"1","PI_NUM":"2153-F06-F09","US_MH":"2153-F06","DS_MH":"2153-F09","PI_TYP":"1","PI_WIDT":"0","PI_WIDB":"0","PI_HEI":"1.67","PI_LENG":"13.1","PI_MAT":"RCB","PI_THICK":"0","PI_SLOP":"0","DES_FLOW":"0","DES_VELO":"0","US_BLE":"105","DS_BLE":"105","CITY_ID":"10004","KEYIN_DATE":"20160301","NOTE":"箱涵轉變，數根私接排水管"}},{"type":"Feature","geometry":{"type":"LineString","coordinates":[[121.0853144633152,24.74410414269881],[121.085296347916,24.74404127724216]]},"properties":{"name":"1","FID":"155","SSEW_CAT":"1","PI_NUM":"2153-F07-F29","US_MH":"2153-F07","DS_MH":"2153-F29","PI_TYP":"1","PI_WIDT":"0","PI_WIDB":"0","PI_HEI":"1.7","PI_LENG":"7.2","PI_MAT":"RCB","PI_THICK":"0","PI_SLOP":"0","DES_FLOW":"0","DES_VELO":"0","US_BLE":"105","DS_BLE":"105","CITY_ID":"10004","KEYIN_DATE":"20160301","NOTE":"數根私接排水管"}},{"type":"Feature","geometry":{"type":"LineString","coordinates":[[121.0853678596567,24.74300297372845],[121.0852895837463,24.74296628958895]]},"properties":{"name":"1","FID":"156","SSEW_CAT":"1","PI_NUM":"2153-F08-F31","US_MH":"2153-F08","DS_MH":"2153-F31","PI_TYP":"1","PI_WIDT":"0","PI_WIDB":"0","PI_HEI":"2.4","PI_LENG":"8.9","PI_MAT":"RCB","PI_THICK":"0","PI_SLOP":"0.01","DES_FLOW":"0","DES_VELO":"0","US_BLE":"105.15","DS_BLE":"105.1","CITY_ID":"10004","KEYIN_DATE":"20160301","NOTE":"梯形W*H=(0.8~1.63)*2.40m，數根私接排水管"}},{"type":"Feature","geometry":{"type":"LineString","coordinates":[[121.085296347916,24.74404127724216],[121.0850940047146,24.74398832163544]]},"properties":{"name":"1","FID":"157","SSEW_CAT":"1","PI_NUM":"2153-F09-F07","US_MH":"2153-F09","DS_MH":"2153-F07","PI_TYP":"1","PI_WIDT":"0","PI_WIDB":"0","PI_HEI":"1.46","PI_LENG":"15.5","PI_MAT":"RCB","PI_THICK":"0","PI_SLOP":"0","DES_FLOW":"0","DES_VELO":"0","US_BLE":"105","DS_BLE":"105","CITY_ID":"10004","KEYIN_DATE":"20160301"}},{"type":"Feature","geometry":{"type":"LineString","coordinates":[[121.0849195953606,24.7447131531165],[121.0847555927203,24.74460409817036]]},"properties":{"name":"1","FID":"158","SSEW_CAT":"1","PI_NUM":"2153-F17-F10","US_MH":"2153-F17","DS_MH":"2153-F10","PI_TYP":"1","PI_WIDT":"0","PI_WIDB":"0","PI_HEI":"2.2","PI_LENG":"20","PI_MAT":"RCB","PI_THICK":"0","PI_SLOP":"0","DES_FLOW":"0","DES_VELO":"0","US_BLE":"105.3","DS_BLE":"105.25","CITY_ID":"10004","KEYIN_DATE":"20160301","NOTE":"淤積約0.7m，無法縱走"}},{"type":"Feature","geometry":{"type":"LineString","coordinates":[[121.085137396884,24.74432279173604],[121.0849195953606,24.7447131531165]]},"properties":{"name":"1","FID":"159","SSEW_CAT":"1","PI_NUM":"2153-F10-F25","US_MH":"2153-F10","DS_MH":"2153-F25","PI_TYP":"1","PI_WIDT":"0","PI_WIDB":"0","PI_HEI":"2.2","PI_LENG":"44.5","PI_MAT":"RCB","PI_THICK":"0","PI_SLOP":"0","DES_FLOW":"0","DES_VELO":"0","US_BLE":"105.25","DS_BLE":"105.15","CITY_ID":"10004","KEYIN_DATE":"20160301","NOTE":"數根私接排水管"}},{"type":"Feature","geometry":{"type":"LineString","coordinates":[[121.0855164208364,24.74307259953792],[121.0859605332388,24.74247602781768]]},"properties":{"name":"1","FID":"160","SSEW_CAT":"1","PI_NUM":"2253-019-2153-F05","US_MH":"2253-019","DS_MH":"2153-F05","PI_TYP":"1","PI_WIDT":"0","PI_WIDB":"0","PI_HEI":"2.99","PI_LENG":"80.6","PI_MAT":"RCB","PI_THICK":"0","PI_SLOP":"0.03","DES_FLOW":"0","DES_VELO":"0","US_BLE":"107.08","DS_BLE":"105","CITY_ID":"10004","KEYIN_DATE":"20160301","NOTE":"數根私接排水管"}},{"type":"Feature","geometry":{"type":"LineString","coordinates":[[121.0833454362305,24.74372751735074],[121.0830833988297,24.74356877599953]]},"properties":{"name":"1","FID":"161","SSEW_CAT":"1","PI_NUM":"2153-017-F13","US_MH":"2153-017","DS_MH":"2153-F13","PI_TYP":"1","PI_WIDT":"0","PI_WIDB":"0","PI_HEI":"1.8","PI_LENG":"29.4","PI_MAT":"RCB","PI_THICK":"0","PI_SLOP":"0.02","DES_FLOW":"0","DES_VELO":"0","US_BLE":"107.21","DS_BLE":"106.5","CITY_ID":"10004","KEYIN_DATE":"20160302"}},{"type":"Feature","geometry":{"type":"LineString","coordinates":[[121.0824677788159,24.74305809228308],[121.0823252076404,24.74290905285315]]},"properties":{"name":"1","FID":"162","SSEW_CAT":"1","PI_NUM":"2153-032-033","US_MH":"2153-032","DS_MH":"2153-033","PI_TYP":"1","PI_WIDT":"0","PI_WIDB":"0","PI_HEI":"2.06","PI_LENG":"20.8","PI_MAT":"RCB","PI_THICK":"0","PI_SLOP":"0","DES_FLOW":"0","DES_VELO":"0","US_BLE":"109.27","DS_BLE":"109.19","CITY_ID":"10004","KEYIN_DATE":"20160302","NOTE":"數根私接排水管"}},{"type":"Feature","geometry":{"type":"LineString","coordinates":[[121.0826511806469,24.74315837311569],[121.0824677788159,24.74305809228308]]},"properties":{"name":"1","FID":"163","SSEW_CAT":"1","PI_NUM":"2153-033-F32","US_MH":"2153-033","DS_MH":"2153-F32","PI_TYP":"1","PI_WIDT":"0","PI_WIDB":"0","PI_HEI":"1.92","PI_LENG":"18.5","PI_MAT":"RCB","PI_THICK":"0","PI_SLOP":"0.01","DES_FLOW":"0","DES_VELO":"0","US_BLE":"109.19","DS_BLE":"108.98","CITY_ID":"10004","KEYIN_DATE":"20160302","NOTE":"數根私接排水管"}},{"type":"Feature","geometry":{"type":"LineString","coordinates":[[121.0826226205764,24.74316406700209],[121.0824677788159,24.74305809228308]]},"properties":{"name":"1","FID":"164","SSEW_CAT":"1","PI_NUM":"2153-033-034","US_MH":"2153-033","DS_MH":"2153-034","PI_TYP":"1","PI_WIDT":"0","PI_WIDB":"0","PI_HEI":"1.92","PI_LENG":"18.5","PI_MAT":"RCB","PI_THICK":"0","PI_SLOP":"0.01","DES_FLOW":"0","DES_VELO":"0","US_BLE":"109.19","DS_BLE":"108.98","CITY_ID":"10004","KEYIN_DATE":"20160302"}},{"type":"Feature","geometry":{"type":"LineString","coordinates":[[121.0826531234651,24.74327372164687],[121.0826226205764,24.74316406700209]]},"properties":{"name":"1","FID":"165","SSEW_CAT":"1","PI_NUM":"2153-034-F15","US_MH":"2153-034","DS_MH":"2153-F15","PI_TYP":"2","PI_WIDT":"0","PI_WIDB":"0","PI_HEI":"2.05","PI_LENG":"11","PI_MAT":"RCB","PI_THICK":"0","PI_SLOP":"0.02","DES_FLOW":"0","DES_VELO":"0","US_BLE":"108.94","DS_BLE":"108.74","CITY_ID":"10004","KEYIN_DATE":"20160302","NOTE":"左側箱涵"}},{"type":"Feature","geometry":{"type":"LineString","coordinates":[[121.0826531234651,24.74327372164687],[121.0826511806469,24.74315837311569]]},"properties":{"name":"1","FID":"166","SSEW_CAT":"1","PI_NUM":"2153-F32-F15","US_MH":"2153-F32","DS_MH":"2153-F15","PI_TYP":"2","PI_WIDT":"0","PI_WIDB":"0","PI_HEI":"2.03","PI_LENG":"12.8","PI_MAT":"RCB","PI_THICK":"0","PI_SLOP":"0.02","DES_FLOW":"0","DES_VELO":"0","US_BLE":"108.94","DS_BLE":"108.74","CITY_ID":"10004","KEYIN_DATE":"20160216","NOTE":"右側箱涵，箱涵轉變"}},{"type":"Feature","geometry":{"type":"LineString","coordinates":[[121.0840767843388,24.7415476198646],[121.084214949746,24.74124611952583]]},"properties":{"name":"1","FID":"167","SSEW_CAT":"1","PI_NUM":"2153-F11-F19","US_MH":"2153-F11","DS_MH":"2153-F19","PI_TYP":"1","PI_WIDT":"0","PI_WIDB":"0","PI_HEI":"1.19","PI_LENG":"36.2","PI_MAT":"RCB","PI_THICK":"0","PI_SLOP":"0.01","DES_FLOW":"0","DES_VELO":"0","US_BLE":"113.25","DS_BLE":"112.93","CITY_ID":"10004","KEYIN_DATE":"20160302","NOTE":"數根私接排水管"}},{"type":"Feature","geometry":{"type":"LineString","coordinates":[[121.0830833988297,24.74356877599953],[121.0828346522798,24.74339936396225]]},"properties":{"name":"1","FID":"168","SSEW_CAT":"1","PI_NUM":"2153-F12-017","US_MH":"2153-F12","DS_MH":"2153-017","PI_TYP":"1","PI_WIDT":"0","PI_WIDB":"0","PI_HEI":"1.8","PI_LENG":"31.1","PI_MAT":"RCB","PI_THICK":"0","PI_SLOP":"0.02","DES_FLOW":"0","DES_VELO":"0","US_BLE":"107.9","DS_BLE":"107.21","CITY_ID":"10004","KEYIN_DATE":"20160302"}},{"type":"Feature","geometry":{"type":"LineString","coordinates":[[121.0834195354224,24.74377221327118],[121.0833454362305,24.74372751735074]]},"properties":{"name":"1","FID":"169","SSEW_CAT":"1","PI_NUM":"2153-F13-F02","US_MH":"2153-F13","DS_MH":"2153-F02","PI_TYP":"1","PI_WIDT":"0","PI_WIDB":"0","PI_HEI":"1.56","PI_LENG":"6.8","PI_MAT":"RCB","PI_THICK":"0","PI_SLOP":"0","DES_FLOW":"0","DES_VELO":"0","US_BLE":"106.5","DS_BLE":"106.5","CITY_ID":"10004","KEYIN_DATE":"20160302"}},{"type":"Feature","geometry":{"type":"LineString","coordinates":[[121.0833736981741,24.7438261129445],[121.0833454362305,24.74372751735074]]},"properties":{"name":"1","FID":"170","SSEW_CAT":"1","PI_NUM":"2153-F13-F03","US_MH":"2153-F13","DS_MH":"2153-F03","PI_TYP":"1","PI_WIDT":"0","PI_WIDB":"0","PI_HEI":"1.18","PI_LENG":"12.5","PI_MAT":"RCB","PI_THICK":"0","PI_SLOP":"0","DES_FLOW":"0","DES_VELO":"0","US_BLE":"106.5","DS_BLE":"106.5","CITY_ID":"10004","KEYIN_DATE":"20160302"}},{"type":"Feature","geometry":{"type":"LineString","coordinates":[[121.0828346522798,24.74339936396225],[121.0826531234651,24.74327372164687]]},"properties":{"name":"1","FID":"171","SSEW_CAT":"1","PI_NUM":"2153-F15-F12","US_MH":"2153-F15","DS_MH":"2153-F12","PI_TYP":"1","PI_WIDT":"0","PI_WIDB":"0","PI_HEI":"2","PI_LENG":"18.2","PI_MAT":"RCB","PI_THICK":"0","PI_SLOP":"0.04","DES_FLOW":"0","DES_VELO":"0","US_BLE":"108.7","DS_BLE":"107.9","CITY_ID":"10004","KEYIN_DATE":"20160302"}},{"type":"Feature","geometry":{"type":"LineString","coordinates":[[121.0825274091578,24.74333586313661],[121.0826531234651,24.74327372164687]]},"properties":{"name":"1","FID":"172","SSEW_CAT":"1","PI_NUM":"2153-F15-F14","US_MH":"2153-F15","DS_MH":"2153-F14","PI_TYP":"1","PI_WIDT":"0","PI_WIDB":"0","PI_HEI":"2.14","PI_LENG":"13.6","PI_MAT":"RCB","PI_THICK":"0","PI_SLOP":"0.01","DES_FLOW":"0","DES_VELO":"0","US_BLE":"108.7","DS_BLE":"108.5","CITY_ID":"10004","KEYIN_DATE":"20160302","NOTE":"箱涵轉變，數根私接排水管"}},{"type":"Feature","geometry":{"type":"LineString","coordinates":[[121.0823252076404,24.74290905285315],[121.0823101193648,24.74289155451413]]},"properties":{"name":"1","FID":"173","SSEW_CAT":"1","PI_NUM":"2153-F16-032","US_MH":"2153-F16","DS_MH":"2153-032","PI_TYP":"1","PI_WIDT":"0","PI_WIDB":"0","PI_HEI":"2.01","PI_LENG":"1.9","PI_MAT":"RCB","PI_THICK":"0","PI_SLOP":"0.02","DES_FLOW":"0","DES_VELO":"0","US_BLE":"109.3","DS_BLE":"109.27","CITY_ID":"10004","KEYIN_DATE":"20160302","NOTE":"明溝入水，數根私接排水管"}},{"type":"Feature","geometry":{"type":"LineString","coordinates":[[121.0507710616667,24.77194974204088],[121.0505695627175,24.7718108411353]]},"properties":{"name":"1","FID":"174","SSEW_CAT":"1","PI_NUM":"1758-001-R01","US_MH":"1758-001","DS_MH":"1758-R01","PI_TYP":"1","PI_WIDT":"0","PI_WIDB":"0","PI_HEI":"3.34","PI_LENG":"27.5","PI_MAT":"RCB","PI_THICK":"0","PI_SLOP":"0.01","DES_FLOW":"0","DES_VELO":"0","US_BLE":"104.58","DS_BLE":"104.44","CITY_ID":"10004","KEYIN_DATE":"20160303"}},{"type":"Feature","geometry":{"type":"LineString","coordinates":[[121.0930405279162,24.7301530598935],[121.0930451715406,24.73014968930672]]},"properties":{"name":"1","FID":"175","SSEW_CAT":"1","PI_NUM":"2250-032-F08","US_MH":"2250-032","DS_MH":"2250-F08","PI_TYP":"5","PI_WIDT":"0","PI_WIDB":"0","PI_HEI":"1.2","PI_LENG":"0.6","PI_MAT":"RCP","PI_THICK":"0","PI_SLOP":"0.02","DES_FLOW":"0","DES_VELO":"0","US_BLE":"122.14","DS_BLE":"122.13","CITY_ID":"10004","KEYIN_DATE":"20160303"}},{"type":"Feature","geometry":{"type":"LineString","coordinates":[[121.0929655332765,24.73107861141407],[121.0929648960829,24.73020795616029]]},"properties":{"name":"1","FID":"176","SSEW_CAT":"1","PI_NUM":"2250-031-2251-020","US_MH":"2250-031","DS_MH":"2251-020","PI_TYP":"1","PI_WIDT":"0","PI_WIDB":"0","PI_HEI":"1.67","PI_LENG":"95.4","PI_MAT":"RCB","PI_THICK":"0","PI_SLOP":"0.01","DES_FLOW":"0","DES_VELO":"0","US_BLE":"121.1","DS_BLE":"119.67","CITY_ID":"10004","KEYIN_DATE":"20160303","NOTE":"箱涵轉變"}},{"type":"Feature","geometry":{"type":"LineString","coordinates":[[121.0930058754231,24.73164973290834],[121.0929655332765,24.73107861141407]]},"properties":{"name":"1","FID":"177","SSEW_CAT":"1","PI_NUM":"2251-020-R04","US_MH":"2251-020","DS_MH":"2251-R04","PI_TYP":"1","PI_WIDT":"0","PI_WIDB":"0","PI_HEI":"1.67","PI_LENG":"61.4","PI_MAT":"RCB","PI_THICK":"0","PI_SLOP":"0.01","DES_FLOW":"0","DES_VELO":"0","US_BLE":"119.67","DS_BLE":"119.19","CITY_ID":"10004","KEYIN_DATE":"20160303"}},{"type":"Feature","geometry":{"type":"LineString","coordinates":[[121.0887411146999,24.73974991943209],[121.08900058093,24.73946435065336]]},"properties":{"name":"1","FID":"178","SSEW_CAT":"1","PI_NUM":"2252-F01-009","US_MH":"2252-F01","DS_MH":"2252-009","PI_TYP":"1","PI_WIDT":"0","PI_WIDB":"0","PI_HEI":"1.72","PI_LENG":"41.1","PI_MAT":"RCB","PI_THICK":"0","PI_SLOP":"0","DES_FLOW":"0","DES_VELO":"0","US_BLE":"110.45","DS_BLE":"110.38","CITY_ID":"10004","KEYIN_DATE":"20160303","NOTE":"梯形W*H=(1.5~1.72)*1.43m，數根私接排水管"}},{"type":"Feature","geometry":{"type":"LineString","coordinates":[[121.0885291599933,24.7442654810054],[121.0886770485112,24.74368887592267]]},"properties":{"name":"1","FID":"179","SSEW_CAT":"1","PI_NUM":"2253-004-R01","US_MH":"2253-004","DS_MH":"2253-R01","PI_TYP":"1","PI_WIDT":"0","PI_WIDB":"0","PI_HEI":"1.47","PI_LENG":"45.5","PI_MAT":"RCB","PI_THICK":"0","PI_SLOP":"0","DES_FLOW":"0","DES_VELO":"0","US_BLE":"105.75","DS_BLE":"105.63","CITY_ID":"10004","KEYIN_DATE":"20160303"}},{"type":"Feature","geometry":{"type":"LineString","coordinates":[[121.0886770485112,24.74368887592267],[121.0891892393214,24.74311125077897]]},"properties":{"name":"1","FID":"180","SSEW_CAT":"1","PI_NUM":"2253-005-004","US_MH":"2253-005","DS_MH":"2253-004","PI_TYP":"1","PI_WIDT":"0","PI_WIDB":"0","PI_HEI":"1.5","PI_LENG":"82.7","PI_MAT":"RCB","PI_THICK":"0","PI_SLOP":"0.01","DES_FLOW":"0","DES_VELO":"0","US_BLE":"106.34","DS_BLE":"105.75","CITY_ID":"10004","KEYIN_DATE":"20160303"}},{"type":"Feature","geometry":{"type":"LineString","coordinates":[[121.0891892393214,24.74311125077897],[121.0891890357764,24.74282594441288]]},"properties":{"name":"1","FID":"181","SSEW_CAT":"1","PI_NUM":"2253-F03-005","US_MH":"2253-F03","DS_MH":"2253-005","PI_TYP":"1","PI_WIDT":"0","PI_WIDB":"0","PI_HEI":"1.51","PI_LENG":"31.1","PI_MAT":"RCB","PI_THICK":"0","PI_SLOP":"0.02","DES_FLOW":"0","DES_VELO":"0","US_BLE":"107","DS_BLE":"106.34","CITY_ID":"10004","KEYIN_DATE":"20160303","NOTE":"上游鐵皮封牆，數根私接排水管"}},{"type":"Feature","geometry":{"type":"LineString","coordinates":[[121.084247326996,24.74567613469952],[121.0849052700664,24.74504837823636]]},"properties":{"name":"2","FID":"182","SSEW_CAT":"2","PI_NUM":"2153-006-005","US_MH":"2153-006","DS_MH":"2153-005","PI_TYP":"5","PI_WIDT":"0","PI_WIDB":"0","PI_HEI":"1.1","PI_LENG":"96.2","PI_MAT":"RCP","PI_THICK":"0","PI_SLOP":"0.01","DES_FLOW":"0","DES_VELO":"0","US_BLE":"104.46","DS_BLE":"103.87","CITY_ID":"10004","KEYIN_DATE":"20160216"}},{"type":"Feature","geometry":{"type":"LineString","coordinates":[[121.0849052700664,24.74504837823636],[121.0850763656642,24.74487214964126]]},"properties":{"name":"2","FID":"183","SSEW_CAT":"2","PI_NUM":"2153-007-006","US_MH":"2153-007","DS_MH":"2153-006","PI_TYP":"5","PI_WIDT":"0","PI_WIDB":"0","PI_HEI":"1.1","PI_LENG":"26.1","PI_MAT":"RCP","PI_THICK":"0","PI_SLOP":"0.01","DES_FLOW":"0","DES_VELO":"0","US_BLE":"104.76","DS_BLE":"104.5","CITY_ID":"10004","KEYIN_DATE":"20160216"}},{"type":"Feature","geometry":{"type":"LineString","coordinates":[[121.0930451715406,24.73014968930672],[121.0930765830931,24.73010418321646]]},"properties":{"name":"2","FID":"184","SSEW_CAT":"2","PI_NUM":"2250-033-032","US_MH":"2250-033","DS_MH":"2250-032","PI_TYP":"5","PI_WIDT":"0","PI_WIDB":"0","PI_HEI":"1","PI_LENG":"6","PI_MAT":"RCP","PI_THICK":"0","PI_SLOP":"0.01","DES_FLOW":"0","DES_VELO":"0","US_BLE":"122.73","DS_BLE":"122.64","CITY_ID":"10004","KEYIN_DATE":"20160302"}},{"type":"Feature","geometry":{"type":"LineString","coordinates":[[121.0930765830931,24.73010418321646],[121.0938419327522,24.72905478776482]]},"properties":{"name":"2","FID":"185","SSEW_CAT":"2","PI_NUM":"2350-012-2250-033","US_MH":"2350-012","DS_MH":"2250-033","PI_TYP":"5","PI_WIDT":"0","PI_WIDB":"0","PI_HEI":"0.9","PI_LENG":"139.7","PI_MAT":"RCP","PI_THICK":"0","PI_SLOP":"0.01","DES_FLOW":"0","DES_VELO":"0","US_BLE":"124.1","DS_BLE":"122.77","CITY_ID":"10004","KEYIN_DATE":"20160302"}},{"type":"Feature","geometry":{"type":"LineString","coordinates":[[121.0938419327522,24.72905478776482],[121.0940944095254,24.72872137111953]]},"properties":{"name":"2","FID":"186","SSEW_CAT":"2","PI_NUM":"2350-013-012","US_MH":"2350-013","DS_MH":"2350-012","PI_TYP":"5","PI_WIDT":"0","PI_WIDB":"0","PI_HEI":"0.9","PI_LENG":"44.9","PI_MAT":"RCP","PI_THICK":"0","PI_SLOP":"0.01","DES_FLOW":"0","DES_VELO":"0","US_BLE":"124.5","DS_BLE":"124.1","CITY_ID":"10004","KEYIN_DATE":"20160302"}},{"type":"Feature","geometry":{"type":"LineString","coordinates":[[121.0911759672511,24.72913744694393],[121.091450920543,24.72930433759938]]},"properties":{"name":"2","FID":"187","SSEW_CAT":"2","PI_NUM":"2250-030-R04","US_MH":"2250-030","DS_MH":"2250-R04","PI_TYP":"5","PI_WIDT":"0","PI_WIDB":"0","PI_HEI":"0.8","PI_LENG":"33.4","PI_MAT":"RCP","PI_THICK":"0","PI_SLOP":"0","DES_FLOW":"0","DES_VELO":"0","US_BLE":"123.07","DS_BLE":"123.22","CITY_ID":"10004","KEYIN_DATE":"20160305"}},{"type":"Feature","geometry":{"type":"LineString","coordinates":[[121.0549172226299,24.76985360356949],[121.0545413914738,24.76954194520519]]},"properties":{"name":"2","FID":"188","SSEW_CAT":"2","PI_NUM":"1858-005-004","US_MH":"1858-005","DS_MH":"1858-004","PI_TYP":"1","PI_WIDT":"0","PI_WIDB":"0","PI_HEI":"1.13","PI_LENG":"51.3","PI_MAT":"RCB","PI_THICK":"0","PI_SLOP":"0.04","DES_FLOW":"0","DES_VELO":"0","US_BLE":"118.17","DS_BLE":"116.3","CITY_ID":"10004","KEYIN_DATE":"20160227"}},{"type":"Feature","geometry":{"type":"LineString","coordinates":[[121.0554069227586,24.77023292479999],[121.0549172226299,24.76985360356949]]},"properties":{"name":"2","FID":"189","SSEW_CAT":"2","PI_NUM":"1858-004-003","US_MH":"1858-004","DS_MH":"1858-003","PI_TYP":"1","PI_WIDT":"0","PI_WIDB":"0","PI_HEI":"1.13","PI_LENG":"64.9","PI_MAT":"RCB","PI_THICK":"0","PI_SLOP":"0.01","DES_FLOW":"0","DES_VELO":"0","US_BLE":"116","DS_BLE":"115.4","CITY_ID":"10004","KEYIN_DATE":"20160227"}},{"type":"Feature","geometry":{"type":"LineString","coordinates":[[121.0559664745531,24.77066877382989],[121.0554069227586,24.77023292479999]]},"properties":{"name":"2","FID":"190","SSEW_CAT":"2","PI_NUM":"1858-003-002","US_MH":"1858-003","DS_MH":"1858-002","PI_TYP":"1","PI_WIDT":"0","PI_WIDB":"0","PI_HEI":"1.13","PI_LENG":"74.4","PI_MAT":"RCB","PI_THICK":"0","PI_SLOP":"0.01","DES_FLOW":"0","DES_VELO":"0","US_BLE":"115.4","DS_BLE":"114.7","CITY_ID":"10004","KEYIN_DATE":"20160227"}},{"type":"Feature","geometry":{"type":"LineString","coordinates":[[121.0563966759481,24.77101458156451],[121.0559664745531,24.77066877382989]]},"properties":{"name":"2","FID":"191","SSEW_CAT":"2","PI_NUM":"1858-002-001","US_MH":"1858-002","DS_MH":"1858-001","PI_TYP":"1","PI_WIDT":"0","PI_WIDB":"0","PI_HEI":"1.13","PI_LENG":"58","PI_MAT":"RCB","PI_THICK":"0","PI_SLOP":"0.01","DES_FLOW":"0","DES_VELO":"0","US_BLE":"114.7","DS_BLE":"114.05","CITY_ID":"10004","KEYIN_DATE":"20160227"}},{"type":"Feature","geometry":{"type":"LineString","coordinates":[[121.0564349034858,24.77103229041828],[121.0563966759481,24.77101458156451]]},"properties":{"name":"2","FID":"192","SSEW_CAT":"2","PI_NUM":"1858-001-F02","US_MH":"1858-001","DS_MH":"1858-F02","PI_TYP":"1","PI_WIDT":"0","PI_WIDB":"0","PI_HEI":"1.13","PI_LENG":"4.3","PI_MAT":"RCB","PI_THICK":"0","PI_SLOP":"0.01","DES_FLOW":"0","DES_VELO":"0","US_BLE":"114.05","DS_BLE":"114","CITY_ID":"10004","KEYIN_DATE":"20160227"}},{"type":"Feature","geometry":{"type":"LineString","coordinates":[[121.084214949746,24.74124611952583],[121.0844052895139,24.74098180593885]]},"properties":{"name":"1","FID":"193","SSEW_CAT":"1","PI_NUM":"2152-001-2153-F11","US_MH":"2152-001","DS_MH":"2153-F11","PI_TYP":"1","PI_WIDT":"0","PI_WIDB":"0","PI_HEI":"0.78","PI_LENG":"35","PI_MAT":"RCB","PI_THICK":"0","PI_SLOP":"0.01","DES_FLOW":"0","DES_VELO":"0","US_BLE":"113.63","DS_BLE":"113.25","CITY_ID":"10004","KEYIN_DATE":"20160227"}},{"type":"Feature","geometry":{"type":"LineString","coordinates":[[121.0851800440416,24.73976178127996],[121.0854293812234,24.73936915317153]]},"properties":{"name":"1","FID":"194","SSEW_CAT":"1","PI_NUM":"2152-002-F01","US_MH":"2152-002","DS_MH":"2152-F01","PI_TYP":"1","PI_WIDT":"0","PI_WIDB":"0","PI_HEI":"0.78","PI_LENG":"50.2","PI_MAT":"RCB","PI_THICK":"0","PI_SLOP":"0.02","DES_FLOW":"0","DES_VELO":"0","US_BLE":"116.4","DS_BLE":"115.5","CITY_ID":"10004","KEYIN_DATE":"20160227"}},{"type":"Feature","geometry":{"type":"LineString","coordinates":[[121.0859819091148,24.73843866535409],[121.08674959453,24.73754749741938]]},"properties":{"name":"1","FID":"195","SSEW_CAT":"1","PI_NUM":"2252-F03-F05","US_MH":"2252-F03","DS_MH":"2252-F05","PI_TYP":"1","PI_WIDT":"0","PI_WIDB":"0","PI_HEI":"1","PI_LENG":"125.6","PI_MAT":"RCB","PI_THICK":"0","PI_SLOP":"0.01","DES_FLOW":"0","DES_VELO":"0","US_BLE":"119.6","DS_BLE":"117.84","CITY_ID":"10004","KEYIN_DATE":"20160301"}},{"type":"Feature","geometry":{"type":"LineString","coordinates":[[121.0849620186912,24.74629891808883],[121.0852798794222,24.74618955370536]]},"properties":{"name":"2","FID":"196","SSEW_CAT":"2","PI_NUM":"2153-002-030","US_MH":"2153-002","DS_MH":"2153-030","PI_TYP":"5","PI_WIDT":"0","PI_WIDB":"0","PI_HEI":"1","PI_LENG":"34.4","PI_MAT":"RCP","PI_THICK":"0","PI_SLOP":"0","DES_FLOW":"0","DES_VELO":"0","US_BLE":"104.16","DS_BLE":"104.04","CITY_ID":"10004","KEYIN_DATE":"20160227"}},{"type":"Feature","geometry":{"type":"LineString","coordinates":[[121.0852798794222,24.74618955370536],[121.0856676387237,24.74590786337891]]},"properties":{"name":"2","FID":"197","SSEW_CAT":"2","PI_NUM":"2253-001-2153-002","US_MH":"2253-001","DS_MH":"2153-002","PI_TYP":"5","PI_WIDT":"0","PI_WIDB":"0","PI_HEI":"1","PI_LENG":"66.4","PI_MAT":"RCP","PI_THICK":"0","PI_SLOP":"0","DES_FLOW":"0","DES_VELO":"0","US_BLE":"104.3","DS_BLE":"104.2","CITY_ID":"10004","KEYIN_DATE":"20160216"}},{"type":"Feature","geometry":{"type":"LineString","coordinates":[[121.0910889831952,24.73127787083598],[121.0909269358162,24.73147543588447]]},"properties":{"name":"2","FID":"198","SSEW_CAT":"2","PI_NUM":"2251-014-013","US_MH":"2251-014","DS_MH":"2251-013","PI_TYP":"5","PI_WIDT":"0","PI_WIDB":"0","PI_HEI":"0.7","PI_LENG":"27.3","PI_MAT":"RCP","PI_THICK":"0","PI_SLOP":"0","DES_FLOW":"0","DES_VELO":"0","US_BLE":"120.42","DS_BLE":"120.36","CITY_ID":"10004","KEYIN_DATE":"20160222"}},{"type":"Feature","geometry":{"type":"LineString","coordinates":[[121.091216253383,24.73116214484939],[121.0910889831952,24.73127787083598]]},"properties":{"name":"2","FID":"199","SSEW_CAT":"2","PI_NUM":"2251-013-F09","US_MH":"2251-013","DS_MH":"2251-F09","PI_TYP":"5","PI_WIDT":"0","PI_WIDB":"0","PI_HEI":"0.7","PI_LENG":"18.2","PI_MAT":"RCP","PI_THICK":"0","PI_SLOP":"0","DES_FLOW":"0","DES_VELO":"0","US_BLE":"120.29","DS_BLE":"120.24","CITY_ID":"10004","KEYIN_DATE":"20160222"}},{"type":"Feature","geometry":{"type":"LineString","coordinates":[[121.0929839243143,24.73427545433799],[121.0929776832768,24.73392547885134]]},"properties":{"name":"2","FID":"200","SSEW_CAT":"2","PI_NUM":"2251-007-006","US_MH":"2251-007","DS_MH":"2251-006","PI_TYP":"5","PI_WIDT":"0","PI_WIDB":"0","PI_HEI":"0.8","PI_LENG":"38.8","PI_MAT":"RCP","PI_THICK":"0","PI_SLOP":"0.02","DES_FLOW":"0","DES_VELO":"0","US_BLE":"116.73","DS_BLE":"116.1","CITY_ID":"10004","KEYIN_DATE":"20160221"}},{"type":"Feature","geometry":{"type":"LineString","coordinates":[[121.0930052272689,24.73465994619801],[121.0929839243143,24.73427545433799]]},"properties":{"name":"2","FID":"201","SSEW_CAT":"2","PI_NUM":"2251-006-005","US_MH":"2251-006","DS_MH":"2251-005","PI_TYP":"5","PI_WIDT":"0","PI_WIDB":"0","PI_HEI":"0.8","PI_LENG":"42.6","PI_MAT":"RCP","PI_THICK":"0","PI_SLOP":"0.01","DES_FLOW":"0","DES_VELO":"0","US_BLE":"116.1","DS_BLE":"115.48","CITY_ID":"10004","KEYIN_DATE":"20160221"}},{"type":"Feature","geometry":{"type":"LineString","coordinates":[[121.0930358844381,24.73504731238456],[121.0930052272689,24.73465994619801]]},"properties":{"name":"2","FID":"202","SSEW_CAT":"2","PI_NUM":"2251-005-004","US_MH":"2251-005","DS_MH":"2251-004","PI_TYP":"5","PI_WIDT":"0","PI_WIDB":"0","PI_HEI":"1","PI_LENG":"289.9","PI_MAT":"RCP","PI_THICK":"0","PI_SLOP":"0","DES_FLOW":"0","DES_VELO":"0","US_BLE":"115.26","DS_BLE":"115","CITY_ID":"10004","KEYIN_DATE":"20160221"}},{"type":"Feature","geometry":{"type":"LineString","coordinates":[[121.0930251973881,24.73543201365146],[121.0930358844381,24.73504731238456]]},"properties":{"name":"2","FID":"203","SSEW_CAT":"2","PI_NUM":"2251-004-003","US_MH":"2251-004","DS_MH":"2251-003","PI_TYP":"5","PI_WIDT":"0","PI_WIDB":"0","PI_HEI":"1","PI_LENG":"42.6","PI_MAT":"RCP","PI_THICK":"0","PI_SLOP":"0.01","DES_FLOW":"0","DES_VELO":"0","US_BLE":"115","DS_BLE":"114.73","CITY_ID":"10004","KEYIN_DATE":"20160221"}},{"type":"Feature","geometry":{"type":"LineString","coordinates":[[121.0930137974183,24.73577539100642],[121.0930251973881,24.73543201365146]]},"properties":{"name":"2","FID":"204","SSEW_CAT":"2","PI_NUM":"2251-003-2252-019","US_MH":"2251-003","DS_MH":"2252-019","PI_TYP":"5","PI_WIDT":"0","PI_WIDB":"0","PI_HEI":"1","PI_LENG":"38","PI_MAT":"RCP","PI_THICK":"0","PI_SLOP":"0","DES_FLOW":"0","DES_VELO":"0","US_BLE":"114.59","DS_BLE":"114.73","CITY_ID":"10004","KEYIN_DATE":"20160221"}},{"type":"Feature","geometry":{"type":"LineString","coordinates":[[121.0897033831602,24.7356025223825],[121.0885638646382,24.73564427136752]]},"properties":{"name":"2","FID":"205","SSEW_CAT":"2","PI_NUM":"2251-002-001","US_MH":"2251-002","DS_MH":"2251-001","PI_TYP":"5","PI_WIDT":"0","PI_WIDB":"0","PI_HEI":"0.9","PI_LENG":"115.4","PI_MAT":"RCP","PI_THICK":"0","PI_SLOP":"0.03","DES_FLOW":"0","DES_VELO":"0","US_BLE":"120","DS_BLE":"116.9","CITY_ID":"10004","KEYIN_DATE":"20160221"}},{"type":"Feature","geometry":{"type":"LineString","coordinates":[[121.089950891428,24.73576335572354],[121.0897033831602,24.7356025223825]]},"properties":{"name":"2","FID":"206","SSEW_CAT":"2","PI_NUM":"2251-001-R01","US_MH":"2251-001","DS_MH":"2251-R01","PI_TYP":"5","PI_WIDT":"0","PI_WIDB":"0","PI_HEI":"0.9","PI_LENG":"30.7","PI_MAT":"RCP","PI_THICK":"0","PI_SLOP":"0.04","DES_FLOW":"0","DES_VELO":"0","US_BLE":"116.9","DS_BLE":"115.64","CITY_ID":"10004","KEYIN_DATE":"20160221"}},{"type":"Feature","geometry":{"type":"LineString","coordinates":[[121.0907289536633,24.73698688888592],[121.0917184783752,24.73696369699827]]},"properties":{"name":"2","FID":"207","SSEW_CAT":"2","PI_NUM":"2252-016-015","US_MH":"2252-016","DS_MH":"2252-015","PI_TYP":"5","PI_WIDT":"0","PI_WIDB":"0","PI_HEI":"1","PI_LENG":"100.1","PI_MAT":"RCP","PI_THICK":"0","PI_SLOP":"0.01","DES_FLOW":"0","DES_VELO":"0","US_BLE":"113.32","DS_BLE":"112.8","CITY_ID":"10004","KEYIN_DATE":"20160415"}},{"type":"Feature","geometry":{"type":"LineString","coordinates":[[121.0903379155931,24.73750657281575],[121.0907289536633,24.73698688888592]]},"properties":{"name":"2","FID":"208","SSEW_CAT":"2","PI_NUM":"2252-015-R02","US_MH":"2252-015","DS_MH":"2252-R02","PI_TYP":"5","PI_WIDT":"0","PI_WIDB":"0","PI_HEI":"1","PI_LENG":"69.8","PI_MAT":"RCP","PI_THICK":"0","PI_SLOP":"0.01","DES_FLOW":"0","DES_VELO":"0","US_BLE":"112.8","DS_BLE":"112.1","CITY_ID":"10004","KEYIN_DATE":"20160302"}},{"type":"Feature","geometry":{"type":"LineString","coordinates":[[121.0894950985622,24.73920733445989],[121.0896449649556,24.73890810632943]]},"properties":{"name":"1","FID":"209","SSEW_CAT":"1","PI_NUM":"2252-F02-F07","US_MH":"2252-F02","DS_MH":"2252-F07","PI_TYP":"1","PI_WIDT":"0","PI_WIDB":"0","PI_HEI":"1.02","PI_LENG":"36.4","PI_MAT":"RCB","PI_THICK":"0","PI_SLOP":"0.01","DES_FLOW":"0","DES_VELO":"0","US_BLE":"110.75","DS_BLE":"110.55","CITY_ID":"10004","KEYIN_DATE":"20160302","NOTE":"梯形W*H=(1.65、1.97)*1.02m"}},{"type":"Feature","geometry":{"type":"LineString","coordinates":[[121.0861784391832,24.74553164326019],[121.0864520532803,24.74533491318893]]},"properties":{"name":"2","FID":"210","SSEW_CAT":"2","PI_NUM":"2253-003-002","US_MH":"2253-003","DS_MH":"2253-002","PI_TYP":"5","PI_WIDT":"0","PI_WIDB":"0","PI_HEI":"1","PI_LENG":"35.2","PI_MAT":"RCP","PI_THICK":"0","PI_SLOP":"0.03","DES_FLOW":"0","DES_VELO":"0","US_BLE":"106.2","DS_BLE":"105.15","CITY_ID":"10004","KEYIN_DATE":"20160216"}},{"type":"Feature","geometry":{"type":"LineString","coordinates":[[121.0856676387237,24.74590786337891],[121.0861784391832,24.74553164326019]]},"properties":{"name":"2","FID":"211","SSEW_CAT":"2","PI_NUM":"2253-002-001","US_MH":"2253-002","DS_MH":"2253-001","PI_TYP":"5","PI_WIDT":"0","PI_WIDB":"0","PI_HEI":"1","PI_LENG":"66.4","PI_MAT":"RCP","PI_THICK":"0","PI_SLOP":"0","DES_FLOW":"0","DES_VELO":"0","US_BLE":"104.38","DS_BLE":"104.3","CITY_ID":"10004","KEYIN_DATE":"20160216"}},{"type":"Feature","geometry":{"type":"LineString","coordinates":[[121.0987119428564,24.71998066372656],[121.0993646446169,24.72000944065698]]},"properties":{"name":"2","FID":"212","SSEW_CAT":"2","PI_NUM":"2349-006-005","US_MH":"2349-006","DS_MH":"2349-005","PI_TYP":"5","PI_WIDT":"0","PI_WIDB":"0","PI_HEI":"0.8","PI_LENG":"66.1","PI_MAT":"RCP","PI_THICK":"0","PI_SLOP":"0.02","DES_FLOW":"0","DES_VELO":"0","US_BLE":"136.52","DS_BLE":"134.92","CITY_ID":"10004","KEYIN_DATE":"20160221"}},{"type":"Feature","geometry":{"type":"LineString","coordinates":[[121.098555415411,24.72072727861406],[121.0987119428564,24.71998066372656]]},"properties":{"name":"2","FID":"213","SSEW_CAT":"2","PI_NUM":"2349-005-004","US_MH":"2349-005","DS_MH":"2349-004","PI_TYP":"5","PI_WIDT":"0","PI_WIDB":"0","PI_HEI":"1","PI_LENG":"84.2","PI_MAT":"RCP","PI_THICK":"0","PI_SLOP":"-0.01","DES_FLOW":"0","DES_VELO":"0","US_BLE":"134.75","DS_BLE":"135.15","CITY_ID":"10004","KEYIN_DATE":"20160221"}},{"type":"Feature","geometry":{"type":"LineString","coordinates":[[121.0983262948285,24.7215015326137],[121.098555415411,24.72072727861406]]},"properties":{"name":"2","FID":"214","SSEW_CAT":"2","PI_NUM":"2349-004-003","US_MH":"2349-004","DS_MH":"2349-003","PI_TYP":"5","PI_WIDT":"0","PI_WIDB":"0","PI_HEI":"1","PI_LENG":"88.8","PI_MAT":"RCP","PI_THICK":"0","PI_SLOP":"0.01","DES_FLOW":"0","DES_VELO":"0","US_BLE":"135.13","DS_BLE":"134.5","CITY_ID":"10004","KEYIN_DATE":"20160221"}},{"type":"Feature","geometry":{"type":"LineString","coordinates":[[121.0980577836344,24.72224175565483],[121.0983262948285,24.7215015326137]]},"properties":{"name":"1","FID":"215","SSEW_CAT":"1","PI_NUM":"2349-003-002","US_MH":"2349-003","DS_MH":"2349-002","PI_TYP":"5","PI_WIDT":"0","PI_WIDB":"0","PI_HEI":"1.2","PI_LENG":"86.4","PI_MAT":"RCP","PI_THICK":"0","PI_SLOP":"0.01","DES_FLOW":"0","DES_VELO":"0","US_BLE":"134.5","DS_BLE":"133.8","CITY_ID":"10004","KEYIN_DATE":"20160221","NOTE":"水深約0.7m淤積約0.3m，無法縱走"}},{"type":"Feature","geometry":{"type":"LineString","coordinates":[[121.0978423033654,24.72275702939395],[121.0980577836344,24.72224175565483]]},"properties":{"name":"1","FID":"216","SSEW_CAT":"1","PI_NUM":"2349-002-001","US_MH":"2349-002","DS_MH":"2349-001","PI_TYP":"5","PI_WIDT":"0","PI_WIDB":"0","PI_HEI":"1.2","PI_LENG":"61.1","PI_MAT":"RCP","PI_THICK":"0","PI_SLOP":"0","DES_FLOW":"0","DES_VELO":"0","US_BLE":"133.7","DS_BLE":"133.47","CITY_ID":"10004","KEYIN_DATE":"20160221","NOTE":"水深約0.7m淤積約0.3m，無法縱走"}},{"type":"Feature","geometry":{"type":"LineString","coordinates":[[121.0994055223594,24.72582655641857],[121.0993693618762,24.72492917217416]]},"properties":{"name":"2","FID":"217","SSEW_CAT":"2","PI_NUM":"2350-011-010","US_MH":"2350-011","DS_MH":"2350-010","PI_TYP":"5","PI_WIDT":"0","PI_WIDB":"0","PI_HEI":"0.8","PI_LENG":"99.5","PI_MAT":"RCP","PI_THICK":"0","PI_SLOP":"0.01","DES_FLOW":"0","DES_VELO":"0","US_BLE":"130.7","DS_BLE":"129.72","CITY_ID":"10004","KEYIN_DATE":"20160213"}},{"type":"Feature","geometry":{"type":"LineString","coordinates":[[121.0994314126135,24.72653719763698],[121.0994055223594,24.72582655641857]]},"properties":{"name":"2","FID":"218","SSEW_CAT":"2","PI_NUM":"2350-010-009","US_MH":"2350-010","DS_MH":"2350-009","PI_TYP":"5","PI_WIDT":"0","PI_WIDB":"0","PI_HEI":"0.8","PI_LENG":"78.8","PI_MAT":"RCP","PI_THICK":"0","PI_SLOP":"0.02","DES_FLOW":"0","DES_VELO":"0","US_BLE":"129.72","DS_BLE":"128.42","CITY_ID":"10004","KEYIN_DATE":"20160213"}},{"type":"Feature","geometry":{"type":"LineString","coordinates":[[121.0994501963877,24.72707454655898],[121.0994314126135,24.72653719763698]]},"properties":{"name":"2","FID":"219","SSEW_CAT":"2","PI_NUM":"2350-009-008","US_MH":"2350-009","DS_MH":"2350-008","PI_TYP":"5","PI_WIDT":"0","PI_WIDB":"0","PI_HEI":"0.8","PI_LENG":"59.5","PI_MAT":"RCP","PI_THICK":"0","PI_SLOP":"0.01","DES_FLOW":"0","DES_VELO":"0","US_BLE":"128.4","DS_BLE":"127.75","CITY_ID":"10004","KEYIN_DATE":"20160213"}},{"type":"Feature","geometry":{"type":"LineString","coordinates":[[121.0994742901352,24.72752670610395],[121.0994501963877,24.72707454655898]]},"properties":{"name":"2","FID":"220","SSEW_CAT":"2","PI_NUM":"2350-008-007","US_MH":"2350-008","DS_MH":"2350-007","PI_TYP":"5","PI_WIDT":"0","PI_WIDB":"0","PI_HEI":"0.8","PI_LENG":"50.1","PI_MAT":"RCP","PI_THICK":"0","PI_SLOP":"0.01","DES_FLOW":"0","DES_VELO":"0","US_BLE":"127.75","DS_BLE":"127.25","CITY_ID":"10004","KEYIN_DATE":"20160213"}},{"type":"Feature","geometry":{"type":"LineString","coordinates":[[121.0995881803428,24.72848673371567],[121.0994742901352,24.72752670610395]]},"properties":{"name":"2","FID":"221","SSEW_CAT":"2","PI_NUM":"2350-007-006","US_MH":"2350-007","DS_MH":"2350-006","PI_TYP":"5","PI_WIDT":"0","PI_WIDB":"0","PI_HEI":"0.8","PI_LENG":"107","PI_MAT":"RCP","PI_THICK":"0","PI_SLOP":"0.01","DES_FLOW":"0","DES_VELO":"0","US_BLE":"127.25","DS_BLE":"126.6","CITY_ID":"10004","KEYIN_DATE":"20160213"}},{"type":"Feature","geometry":{"type":"LineString","coordinates":[[121.099644998208,24.72895509598681],[121.0995881803428,24.72848673371567]]},"properties":{"name":"2","FID":"222","SSEW_CAT":"2","PI_NUM":"2350-006-005","US_MH":"2350-006","DS_MH":"2350-005","PI_TYP":"5","PI_WIDT":"0","PI_WIDB":"0","PI_HEI":"0.8","PI_LENG":"52.2","PI_MAT":"RCP","PI_THICK":"0","PI_SLOP":"0.01","DES_FLOW":"0","DES_VELO":"0","US_BLE":"126.6","DS_BLE":"126.33","CITY_ID":"10004","KEYIN_DATE":"20160213"}},{"type":"Feature","geometry":{"type":"LineString","coordinates":[[121.099699605262,24.72940250406137],[121.099644998208,24.72895509598681]]},"properties":{"name":"2","FID":"223","SSEW_CAT":"2","PI_NUM":"2350-005-004","US_MH":"2350-005","DS_MH":"2350-004","PI_TYP":"5","PI_WIDT":"0","PI_WIDB":"0","PI_HEI":"0.9","PI_LENG":"49.9","PI_MAT":"RCP","PI_THICK":"0","PI_SLOP":"0.01","DES_FLOW":"0","DES_VELO":"0","US_BLE":"126.26","DS_BLE":"125.66","CITY_ID":"10004","KEYIN_DATE":"20160213"}},{"type":"Feature","geometry":{"type":"LineString","coordinates":[[121.0997645229446,24.72992403085816],[121.099699605262,24.72940250406137]]},"properties":{"name":"2","FID":"224","SSEW_CAT":"2","PI_NUM":"2350-004-003","US_MH":"2350-004","DS_MH":"2350-003","PI_TYP":"5","PI_WIDT":"0","PI_WIDB":"0","PI_HEI":"0.9","PI_LENG":"58.1","PI_MAT":"RCP","PI_THICK":"0","PI_SLOP":"0.01","DES_FLOW":"0","DES_VELO":"0","US_BLE":"125.66","DS_BLE":"125","CITY_ID":"10004","KEYIN_DATE":"20160213"}},{"type":"Feature","geometry":{"type":"LineString","coordinates":[[121.0998116563309,24.73033280999818],[121.0997645229446,24.72992403085816]]},"properties":{"name":"2","FID":"225","SSEW_CAT":"2","PI_NUM":"2350-003-002","US_MH":"2350-003","DS_MH":"2350-002","PI_TYP":"5","PI_WIDT":"0","PI_WIDB":"0","PI_HEI":"0.9","PI_LENG":"45.5","PI_MAT":"RCP","PI_THICK":"0","PI_SLOP":"0.01","DES_FLOW":"0","DES_VELO":"0","US_BLE":"125","DS_BLE":"124.44","CITY_ID":"10004","KEYIN_DATE":"20160213"}},{"type":"Feature","geometry":{"type":"LineString","coordinates":[[121.0991203974922,24.73312391271916],[121.0995373446736,24.73271574708106]]},"properties":{"name":"2","FID":"226","SSEW_CAT":"2","PI_NUM":"2351-011-010","US_MH":"2351-011","DS_MH":"2351-010","PI_TYP":"5","PI_WIDT":"0","PI_WIDB":"0","PI_HEI":"0.8","PI_LENG":"45.5","PI_MAT":"RCP","PI_THICK":"0","PI_SLOP":"0.01","DES_FLOW":"0","DES_VELO":"0","US_BLE":"123.1","DS_BLE":"122.87","CITY_ID":"10004","KEYIN_DATE":"20160212"}},{"type":"Feature","geometry":{"type":"LineString","coordinates":[[121.0987001751987,24.73353177236264],[121.0991203974922,24.73312391271916]]},"properties":{"name":"2","FID":"227","SSEW_CAT":"2","PI_NUM":"2351-010-009","US_MH":"2351-010","DS_MH":"2351-009","PI_TYP":"5","PI_WIDT":"0","PI_WIDB":"0","PI_HEI":"0.8","PI_LENG":"62","PI_MAT":"RCP","PI_THICK":"0","PI_SLOP":"0.01","DES_FLOW":"0","DES_VELO":"0","US_BLE":"122.84","DS_BLE":"122.13","CITY_ID":"10004","KEYIN_DATE":"20160212"}},{"type":"Feature","geometry":{"type":"LineString","coordinates":[[121.0982875380226,24.73394667725216],[121.0987001751987,24.73353177236264]]},"properties":{"name":"2","FID":"228","SSEW_CAT":"2","PI_NUM":"2351-009-008","US_MH":"2351-009","DS_MH":"2351-008","PI_TYP":"5","PI_WIDT":"0","PI_WIDB":"0","PI_HEI":"0.8","PI_LENG":"62.1","PI_MAT":"RCP","PI_THICK":"0","PI_SLOP":"0.01","DES_FLOW":"0","DES_VELO":"0","US_BLE":"122.13","DS_BLE":"121.42","CITY_ID":"10004","KEYIN_DATE":"20160212"}},{"type":"Feature","geometry":{"type":"LineString","coordinates":[[121.097899867754,24.73432154951251],[121.0982875380226,24.73394667725216]]},"properties":{"name":"2","FID":"229","SSEW_CAT":"2","PI_NUM":"2351-008-007","US_MH":"2351-008","DS_MH":"2351-007","PI_TYP":"5","PI_WIDT":"0","PI_WIDB":"0","PI_HEI":"0.8","PI_LENG":"57.1","PI_MAT":"RCP","PI_THICK":"0","PI_SLOP":"0.01","DES_FLOW":"0","DES_VELO":"0","US_BLE":"121.37","DS_BLE":"120.49","CITY_ID":"10004","KEYIN_DATE":"20160212"}},{"type":"Feature","geometry":{"type":"LineString","coordinates":[[121.0974805674214,24.73473030795979],[121.097899867754,24.73432154951251]]},"properties":{"name":"2","FID":"230","SSEW_CAT":"2","PI_NUM":"2351-007-006","US_MH":"2351-007","DS_MH":"2351-006","PI_TYP":"5","PI_WIDT":"0","PI_WIDB":"0","PI_HEI":"0.8","PI_LENG":"62","PI_MAT":"RCP","PI_THICK":"0","PI_SLOP":"0.01","DES_FLOW":"0","DES_VELO":"0","US_BLE":"120.43","DS_BLE":"119.93","CITY_ID":"10004","KEYIN_DATE":"20160212"}},{"type":"Feature","geometry":{"type":"LineString","coordinates":[[121.0970556846665,24.73514651750553],[121.0974805674214,24.73473030795979]]},"properties":{"name":"2","FID":"231","SSEW_CAT":"2","PI_NUM":"2351-006-005","US_MH":"2351-006","DS_MH":"2351-005","PI_TYP":"5","PI_WIDT":"0","PI_WIDB":"0","PI_HEI":"0.8","PI_LENG":"63","PI_MAT":"RCP","PI_THICK":"0","PI_SLOP":"0.02","DES_FLOW":"0","DES_VELO":"0","US_BLE":"119.88","DS_BLE":"118.83","CITY_ID":"10004","KEYIN_DATE":"20160212"}},{"type":"Feature","geometry":{"type":"LineString","coordinates":[[121.0947530862586,24.73574348694919],[121.0953009388149,24.73573019256407]]},"properties":{"name":"2","FID":"232","SSEW_CAT":"2","PI_NUM":"2351-003-002","US_MH":"2351-003","DS_MH":"2351-002","PI_TYP":"5","PI_WIDT":"0","PI_WIDB":"0","PI_HEI":"0.7","PI_LENG":"55.4","PI_MAT":"RCP","PI_THICK":"0","PI_SLOP":"0.01","DES_FLOW":"0","DES_VELO":"0","US_BLE":"116.86","DS_BLE":"116.56","CITY_ID":"10004","KEYIN_DATE":"20160212"}},{"type":"Feature","geometry":{"type":"LineString","coordinates":[[121.0942140109527,24.73575513059497],[121.0947530862586,24.73574348694919]]},"properties":{"name":"2","FID":"233","SSEW_CAT":"2","PI_NUM":"2351-002-001","US_MH":"2351-002","DS_MH":"2351-001","PI_TYP":"5","PI_WIDT":"0","PI_WIDB":"0","PI_HEI":"0.7","PI_LENG":"54.5","PI_MAT":"RCP","PI_THICK":"0","PI_SLOP":"0.01","DES_FLOW":"0","DES_VELO":"0","US_BLE":"116.36","DS_BLE":"116.08","CITY_ID":"10004","KEYIN_DATE":"20160212"}},{"type":"Feature","geometry":{"type":"LineString","coordinates":[[121.0936252588149,24.73576619840999],[121.0942140109527,24.73575513059497]]},"properties":{"name":"2","FID":"234","SSEW_CAT":"2","PI_NUM":"2351-001-2352-007","US_MH":"2351-001","DS_MH":"2352-007","PI_TYP":"5","PI_WIDT":"0","PI_WIDB":"0","PI_HEI":"0.7","PI_LENG":"59.6","PI_MAT":"RCP","PI_THICK":"0","PI_SLOP":"0.01","DES_FLOW":"0","DES_VELO":"0","US_BLE":"115.85","DS_BLE":"115.35","CITY_ID":"10004","KEYIN_DATE":"20160212"}},{"type":"Feature","geometry":{"type":"LineString","coordinates":[[121.0930137974183,24.73577539100642],[121.0936252588149,24.73576619840999]]},"properties":{"name":"2","FID":"235","SSEW_CAT":"2","PI_NUM":"2352-007-2252-019","US_MH":"2352-007","DS_MH":"2252-019","PI_TYP":"5","PI_WIDT":"0","PI_WIDB":"0","PI_HEI":"0.7","PI_LENG":"61.9","PI_MAT":"RCP","PI_THICK":"0","PI_SLOP":"0","DES_FLOW":"0","DES_VELO":"0","US_BLE":"115.2","DS_BLE":"114.93","CITY_ID":"10004","KEYIN_DATE":"20160212"}},{"type":"Feature","geometry":{"type":"LineString","coordinates":[[121.093039732327,24.73602044978942],[121.0930489160721,24.73639218250034]]},"properties":{"name":"2","FID":"236","SSEW_CAT":"2","PI_NUM":"2252-021-020","US_MH":"2252-021","DS_MH":"2252-020","PI_TYP":"5","PI_WIDT":"0","PI_WIDB":"0","PI_HEI":"0.8","PI_LENG":"41.2","PI_MAT":"RCP","PI_THICK":"0","PI_SLOP":"0.01","DES_FLOW":"0","DES_VELO":"0","US_BLE":"115.18","DS_BLE":"114.9","CITY_ID":"10004","KEYIN_DATE":"20160221"}},{"type":"Feature","geometry":{"type":"LineString","coordinates":[[121.0930137974183,24.73577539100642],[121.093039732327,24.73602044978942]]},"properties":{"name":"2","FID":"237","SSEW_CAT":"2","PI_NUM":"2252-020-019","US_MH":"2252-020","DS_MH":"2252-019","PI_TYP":"5","PI_WIDT":"0","PI_WIDB":"0","PI_HEI":"0.8","PI_LENG":"27.3","PI_MAT":"RCP","PI_THICK":"0","PI_SLOP":"0.01","DES_FLOW":"0","DES_VELO":"0","US_BLE":"114.9","DS_BLE":"114.64","CITY_ID":"10004","KEYIN_DATE":"20160221"}},{"type":"Feature","geometry":{"type":"LineString","coordinates":[[121.0929024297051,24.73932306797569],[121.0923662501413,24.73900669992165]]},"properties":{"name":"2","FID":"238","SSEW_CAT":"2","PI_NUM":"2252-007-006","US_MH":"2252-007","DS_MH":"2252-006","PI_TYP":"5","PI_WIDT":"0","PI_WIDB":"0","PI_HEI":"0.9","PI_LENG":"64.6","PI_MAT":"RCP","PI_THICK":"0","PI_SLOP":"0.02","DES_FLOW":"0","DES_VELO":"0","US_BLE":"112.95","DS_BLE":"111.79","CITY_ID":"10004","KEYIN_DATE":"20160302"}},{"type":"Feature","geometry":{"type":"LineString","coordinates":[[121.0852895837463,24.74296628958895],[121.0853538871141,24.74281025533308]]},"properties":{"name":"1","FID":"239","SSEW_CAT":"1","PI_NUM":"2153-F18-F08","US_MH":"2153-F18","DS_MH":"2153-F08","PI_TYP":"1","PI_WIDT":"0","PI_WIDB":"0","PI_HEI":"2.76","PI_LENG":"18.5","PI_MAT":"RCB","PI_THICK":"0","PI_SLOP":"0.01","DES_FLOW":"0","DES_VELO":"0","US_BLE":"105.3","DS_BLE":"105.15","CITY_ID":"10004","KEYIN_DATE":"20160301","NOTE":"梯形W*H=(0.82、1.49)*2.76m，現況汙水未配置，排泄物不時流入，人員無法縱走調查"}},{"type":"Feature","geometry":{"type":"LineString","coordinates":[[121.0978273387248,24.72278352938795],[121.0978423033654,24.72275702939395]]},"properties":{"name":"2","FID":"240","SSEW_CAT":"2","PI_NUM":"2349-001-F01","US_MH":"2349-001","DS_MH":"2349-F01","PI_TYP":"1","PI_WIDT":"0","PI_WIDB":"0","PI_HEI":"0.9","PI_LENG":"3.3","PI_MAT":"RCB","PI_THICK":"0","PI_SLOP":"0.03","DES_FLOW":"0","DES_VELO":"0","US_BLE":"134.09","DS_BLE":"134","CITY_ID":"10004","KEYIN_DATE":"20160221"}},{"type":"Feature","geometry":{"type":"LineString","coordinates":[[121.0929648960829,24.73020795616029],[121.0930405279162,24.7301530598935]]},"properties":{"name":"1","FID":"241","SSEW_CAT":"1","PI_NUM":"2250-F08-031","US_MH":"2250-F08","DS_MH":"2250-031","PI_TYP":"1","PI_WIDT":"0","PI_WIDB":"0","PI_HEI":"1.67","PI_LENG":"8.5","PI_MAT":"RCB","PI_THICK":"0","PI_SLOP":"0.07","DES_FLOW":"0","DES_VELO":"0","US_BLE":"122.13","DS_BLE":"121.53","CITY_ID":"10004","KEYIN_DATE":"20160303","NOTE":"箱涵轉變"}},{"type":"Feature","geometry":{"type":"LineString","coordinates":[[121.0894362071979,24.72982118192723],[121.0891005969043,24.72997061713309]]},"properties":{"name":"1","FID":"242","SSEW_CAT":"1","PI_NUM":"2250-F09-010","US_MH":"2250-F09","DS_MH":"2250-010","PI_TYP":"1","PI_WIDT":"0","PI_WIDB":"0","PI_HEI":"1.55","PI_LENG":"39.6","PI_MAT":"RCB","PI_THICK":"0","PI_SLOP":"0","DES_FLOW":"0","DES_VELO":"0","US_BLE":"132.81","DS_BLE":"132.65","CITY_ID":"10004","KEYIN_DATE":"20160216"}},{"type":"Feature","geometry":{"type":"LineString","coordinates":[[121.0897743510498,24.73207353234546],[121.0896530995971,24.73199714986525]]},"properties":{"name":"1","FID":"243","SSEW_CAT":"1","PI_NUM":"2251-F05-F14","US_MH":"2251-F05","DS_MH":"2251-F14","PI_TYP":"1","PI_WIDT":"0","PI_WIDB":"0","PI_HEI":"2.56","PI_LENG":"14.9","PI_MAT":"RCB","PI_THICK":"0","PI_SLOP":"0.03","DES_FLOW":"0","DES_VELO":"0","US_BLE":"120.87","DS_BLE":"120.45","CITY_ID":"10004","KEYIN_DATE":"20160222","NOTE":"梯形W*H=(1.37~2.86)*2.56m，數根私接排水管，箱涵轉變"}},{"type":"Feature","geometry":{"type":"LineString","coordinates":[[121.0901558685746,24.73615333541244],[121.0901819060678,24.73613704101703]]},"properties":{"name":"1","FID":"244","SSEW_CAT":"1","PI_NUM":"2252-F04-R01","US_MH":"2252-F04","DS_MH":"2252-R01","PI_TYP":"5","PI_WIDT":"0","PI_WIDB":"0","PI_HEI":"1.4","PI_LENG":"4.2","PI_MAT":"RCP","PI_THICK":"0","PI_SLOP":"0.02","DES_FLOW":"0","DES_VELO":"0","US_BLE":"112.9","DS_BLE":"112.83","CITY_ID":"10004","KEYIN_DATE":"20160222","NOTE":"箱涵轉變，數根私接排水管"}},{"type":"Feature","geometry":{"type":"LineString","coordinates":[[121.0856132644704,24.73880822206694],[121.0859819091148,24.73843866535409]]},"properties":{"name":"2","FID":"245","SSEW_CAT":"2","PI_NUM":"2252-F05-F06","US_MH":"2252-F05","DS_MH":"2252-F06","PI_TYP":"1","PI_WIDT":"0","PI_WIDB":"0","PI_HEI":"1","PI_LENG":"55.4","PI_MAT":"RCB","PI_THICK":"0","PI_SLOP":"0","DES_FLOW":"0","DES_VELO":"0","US_BLE":"117.84","DS_BLE":"117.6","CITY_ID":"10004","KEYIN_DATE":"20160301"}},{"type":"Feature","geometry":{"type":"LineString","coordinates":[[121.0854293812234,24.73936915317153],[121.0856132644704,24.73880822206694]]},"properties":{"name":"2","FID":"246","SSEW_CAT":"2","PI_NUM":"2252-F06-2152-002","US_MH":"2252-F06","DS_MH":"2152-002","PI_TYP":"1","PI_WIDT":"0","PI_WIDB":"0","PI_HEI":"1","PI_LENG":"65.6","PI_MAT":"RCB","PI_THICK":"0","PI_SLOP":"0.02","DES_FLOW":"0","DES_VELO":"0","US_BLE":"117.6","DS_BLE":"116.4","CITY_ID":"10004","KEYIN_DATE":"20160301"}},{"type":"Feature","geometry":{"type":"LineString","coordinates":[[121.0845424661613,24.74043364202618],[121.0851800440416,24.73976178127996]]},"properties":{"name":"2","FID":"247","SSEW_CAT":"2","PI_NUM":"2152-F01-F02","US_MH":"2152-F01","DS_MH":"2152-F02","PI_TYP":"1","PI_WIDT":"0","PI_WIDB":"0","PI_HEI":"0.78","PI_LENG":"98.5","PI_MAT":"RCB","PI_THICK":"0","PI_SLOP":"0.02","DES_FLOW":"0","DES_VELO":"0","US_BLE":"115.5","DS_BLE":"114","CITY_ID":"10004","KEYIN_DATE":"20160227"}},{"type":"Feature","geometry":{"type":"LineString","coordinates":[[121.0845344120817,24.74056993464376],[121.0845424661613,24.74043364202618]]},"properties":{"name":"2","FID":"248","SSEW_CAT":"2","PI_NUM":"2152-F02-F03","US_MH":"2152-F02","DS_MH":"2152-F03","PI_TYP":"1","PI_WIDT":"0","PI_WIDB":"0","PI_HEI":"0.78","PI_LENG":"15.1","PI_MAT":"RCB","PI_THICK":"0","PI_SLOP":"0.01","DES_FLOW":"0","DES_VELO":"0","US_BLE":"114","DS_BLE":"113.92","CITY_ID":"10004","KEYIN_DATE":"20160227"}},{"type":"Feature","geometry":{"type":"LineString","coordinates":[[121.0845834677711,24.7406288462601],[121.0845344120817,24.74056993464376]]},"properties":{"name":"2","FID":"249","SSEW_CAT":"2","PI_NUM":"2152-F03-F04","US_MH":"2152-F03","DS_MH":"2152-F04","PI_TYP":"1","PI_WIDT":"0","PI_WIDB":"0","PI_HEI":"0.78","PI_LENG":"8.2","PI_MAT":"RCB","PI_THICK":"0","PI_SLOP":"0.01","DES_FLOW":"0","DES_VELO":"0","US_BLE":"113.92","DS_BLE":"113.86","CITY_ID":"10004","KEYIN_DATE":"20160227"}},{"type":"Feature","geometry":{"type":"LineString","coordinates":[[121.0844052895139,24.74098180593885],[121.0845834677711,24.7406288462601]]},"properties":{"name":"2","FID":"250","SSEW_CAT":"2","PI_NUM":"2152-F04-001","US_MH":"2152-F04","DS_MH":"2152-001","PI_TYP":"1","PI_WIDT":"0","PI_WIDB":"0","PI_HEI":"0.78","PI_LENG":"41.8","PI_MAT":"RCB","PI_THICK":"0","PI_SLOP":"0.01","DES_FLOW":"0","DES_VELO":"0","US_BLE":"113.86","DS_BLE":"113.63","CITY_ID":"10004","KEYIN_DATE":"20160227"}},{"type":"Feature","geometry":{"type":"LineString","coordinates":[[121.0836801622632,24.74241317837352],[121.0840767843388,24.7415476198646]]},"properties":{"name":"1","FID":"251","SSEW_CAT":"1","PI_NUM":"2153-F19-F20","US_MH":"2153-F19","DS_MH":"2153-F20","PI_TYP":"1","PI_WIDT":"0","PI_WIDB":"0","PI_HEI":"1.19","PI_LENG":"103.9","PI_MAT":"RCB","PI_THICK":"0","PI_SLOP":"0.01","DES_FLOW":"0","DES_VELO":"0","US_BLE":"112.93","DS_BLE":"111.76","CITY_ID":"10004","KEYIN_DATE":"20160302","NOTE":"數根私接排水管"}},{"type":"Feature","geometry":{"type":"LineString","coordinates":[[121.0832197712415,24.74266093809484],[121.0836801622632,24.74241317837352]]},"properties":{"name":"1","FID":"252","SSEW_CAT":"1","PI_NUM":"2153-F20-F21","US_MH":"2153-F20","DS_MH":"2153-F21","PI_TYP":"1","PI_WIDT":"0","PI_WIDB":"0","PI_HEI":"1.19","PI_LENG":"54.1","PI_MAT":"RCB","PI_THICK":"0","PI_SLOP":"0.03","DES_FLOW":"0","DES_VELO":"0","US_BLE":"111.76","DS_BLE":"110.03","CITY_ID":"10004","KEYIN_DATE":"20160302","NOTE":"數根私接排水管"}},{"type":"Feature","geometry":{"type":"LineString","coordinates":[[121.0829918863157,24.74286349664101],[121.0832197712415,24.74266093809484]]},"properties":{"name":"1","FID":"253","SSEW_CAT":"1","PI_NUM":"2153-F21-F22","US_MH":"2153-F21","DS_MH":"2153-F22","PI_TYP":"1","PI_WIDT":"0","PI_WIDB":"0","PI_HEI":"1.19","PI_LENG":"32.2","PI_MAT":"RCB","PI_THICK":"0","PI_SLOP":"0.02","DES_FLOW":"0","DES_VELO":"0","US_BLE":"110.03","DS_BLE":"109.53","CITY_ID":"10004","KEYIN_DATE":"20160302","NOTE":"數根私接排水管"}},{"type":"Feature","geometry":{"type":"LineString","coordinates":[[121.0829307492618,24.7430876495817],[121.0829918863157,24.74286349664101]]},"properties":{"name":"1","FID":"254","SSEW_CAT":"1","PI_NUM":"2153-F22-F23","US_MH":"2153-F22","DS_MH":"2153-F23","PI_TYP":"1","PI_WIDT":"0","PI_WIDB":"0","PI_HEI":"1.19","PI_LENG":"25.6","PI_MAT":"RCB","PI_THICK":"0","PI_SLOP":"0.05","DES_FLOW":"0","DES_VELO":"0","US_BLE":"109.53","DS_BLE":"108.3","CITY_ID":"10004","KEYIN_DATE":"20160302","NOTE":"數根私接排水管"}},{"type":"Feature","geometry":{"type":"LineString","coordinates":[[121.0828455970925,24.7433106510655],[121.0829307492618,24.7430876495817]]},"properties":{"name":"1","FID":"255","SSEW_CAT":"1","PI_NUM":"2153-F23-F24","US_MH":"2153-F23","DS_MH":"2153-F24","PI_TYP":"1","PI_WIDT":"0","PI_WIDB":"0","PI_HEI":"1.19","PI_LENG":"26.2","PI_MAT":"RCB","PI_THICK":"0","PI_SLOP":"0.01","DES_FLOW":"0","DES_VELO":"0","US_BLE":"108.3","DS_BLE":"108","CITY_ID":"10004","KEYIN_DATE":"20160302","NOTE":"數根私接排水管"}},{"type":"Feature","geometry":{"type":"LineString","coordinates":[[121.0828346522798,24.74339936396225],[121.0828455970925,24.7433106510655]]},"properties":{"name":"1","FID":"256","SSEW_CAT":"1","PI_NUM":"2153-F24-F12","US_MH":"2153-F24","DS_MH":"2153-F12","PI_TYP":"1","PI_WIDT":"0","PI_WIDB":"0","PI_HEI":"1.19","PI_LENG":"6","PI_MAT":"RCB","PI_THICK":"0","PI_SLOP":"0.02","DES_FLOW":"0","DES_VELO":"0","US_BLE":"108","DS_BLE":"107.9","CITY_ID":"10004","KEYIN_DATE":"20160302","NOTE":"數根私接排水管"}},{"type":"Feature","geometry":{"type":"LineString","coordinates":[[121.0849860508736,24.74423061348802],[121.085137396884,24.74432279173604]]},"properties":{"name":"1","FID":"257","SSEW_CAT":"1","PI_NUM":"2153-F25-F26","US_MH":"2153-F25","DS_MH":"2153-F26","PI_TYP":"1","PI_WIDT":"0","PI_WIDB":"0","PI_HEI":"2.2","PI_LENG":"19.2","PI_MAT":"RCB","PI_THICK":"0","PI_SLOP":"0","DES_FLOW":"0","DES_VELO":"0","US_BLE":"105.15","DS_BLE":"105.1","CITY_ID":"10004","KEYIN_DATE":"20160301","NOTE":"數根私接排水管"}},{"type":"Feature","geometry":{"type":"LineString","coordinates":[[121.0849942540479,24.74421221740443],[121.0849860508736,24.74423061348802]]},"properties":{"name":"1","FID":"258","SSEW_CAT":"1","PI_NUM":"2153-F26-F27","US_MH":"2153-F26","DS_MH":"2153-F27","PI_TYP":"1","PI_WIDT":"0","PI_WIDB":"0","PI_HEI":"2.2","PI_LENG":"2.2","PI_MAT":"RCB","PI_THICK":"0","PI_SLOP":"0","DES_FLOW":"0","DES_VELO":"0","US_BLE":"105.1","DS_BLE":"105.1","CITY_ID":"10004","KEYIN_DATE":"20160301","NOTE":"數根私接排水管"}},{"type":"Feature","geometry":{"type":"LineString","coordinates":[[121.0850534924574,24.74407924543625],[121.0849942540479,24.74421221740443]]},"properties":{"name":"1","FID":"259","SSEW_CAT":"1","PI_NUM":"2153-F27-F28","US_MH":"2153-F27","DS_MH":"2153-F28","PI_TYP":"1","PI_WIDT":"0","PI_WIDB":"0","PI_HEI":"2","PI_LENG":"15.9","PI_MAT":"RCB","PI_THICK":"0","PI_SLOP":"0","DES_FLOW":"0","DES_VELO":"0","US_BLE":"105.1","DS_BLE":"105.05","CITY_ID":"10004","KEYIN_DATE":"20160301","NOTE":"箱涵轉變，數根私接排水管"}},{"type":"Feature","geometry":{"type":"LineString","coordinates":[[121.0850940047146,24.74398832163544],[121.0850534924574,24.74407924543625]]},"properties":{"name":"1","FID":"260","SSEW_CAT":"1","PI_NUM":"2153-F28-F09","US_MH":"2153-F28","DS_MH":"2153-F09","PI_TYP":"1","PI_WIDT":"0","PI_WIDB":"0","PI_HEI":"1.71","PI_LENG":"18.5","PI_MAT":"RCB","PI_THICK":"0","PI_SLOP":"0","DES_FLOW":"0","DES_VELO":"0","US_BLE":"105.05","DS_BLE":"105","CITY_ID":"10004","KEYIN_DATE":"20160301","NOTE":"箱涵轉變，數根私接排水管"}},{"type":"Feature","geometry":{"type":"LineString","coordinates":[[121.0855932030533,24.74507158795033],[121.0853144633152,24.74410414269881]]},"properties":{"name":"1","FID":"261","SSEW_CAT":"1","PI_NUM":"2153-F29-F30","US_MH":"2153-F29","DS_MH":"2153-F30","PI_TYP":"1","PI_WIDT":"0","PI_WIDB":"0","PI_HEI":"2.55","PI_LENG":"170.4","PI_MAT":"RCB","PI_THICK":"0","PI_SLOP":"0","DES_FLOW":"0","DES_VELO":"0","US_BLE":"105","DS_BLE":"105","CITY_ID":"10004","KEYIN_DATE":"20160301","NOTE":"箱涵轉變，數根私接排水管"}},{"type":"Feature","geometry":{"type":"LineString","coordinates":[[121.0854017912752,24.74530611789151],[121.0855932030533,24.74507158795033]]},"properties":{"name":"1","FID":"262","SSEW_CAT":"1","PI_NUM":"2153-F30-026","US_MH":"2153-F30","DS_MH":"2153-026","PI_TYP":"1","PI_WIDT":"0","PI_WIDB":"0","PI_HEI":"2.52","PI_LENG":"32.4","PI_MAT":"RCB","PI_THICK":"0","PI_SLOP":"0","DES_FLOW":"0","DES_VELO":"0","US_BLE":"105","DS_BLE":"104.93","CITY_ID":"10004","KEYIN_DATE":"20160301","NOTE":"數根私接排水管"}},{"type":"Feature","geometry":{"type":"LineString","coordinates":[[121.0855164208364,24.74307259953792],[121.0853678596567,24.74300297372845]]},"properties":{"name":"1","FID":"263","SSEW_CAT":"1","PI_NUM":"2153-F31-F05","US_MH":"2153-F31","DS_MH":"2153-F05","PI_TYP":"1","PI_WIDT":"0","PI_WIDB":"0","PI_HEI":"1.55","PI_LENG":"13.2","PI_MAT":"RCB","PI_THICK":"0","PI_SLOP":"0.01","DES_FLOW":"0","DES_VELO":"0","US_BLE":"105.1","DS_BLE":"105","CITY_ID":"10004","KEYIN_DATE":"20160301","NOTE":"梯形W*H=(0.9、1.47)*1.55m，數根私接排水管，箱涵轉變"}},{"type":"Feature","geometry":{"type":"LineString","coordinates":[[121.0913668519502,24.7310990960357],[121.0911285766609,24.73084659993671]]},"properties":{"name":"1","FID":"264","SSEW_CAT":"1","PI_NUM":"2251-F06-R03","US_MH":"2251-F06","DS_MH":"2251-R03","PI_TYP":"3","PI_WIDT":"0","PI_WIDB":"0","PI_HEI":"3.58","PI_LENG":"45.1","PI_MAT":"RCB","PI_THICK":"0","PI_SLOP":"0.01","DES_FLOW":"0","DES_VELO":"0","US_BLE":"118.98","DS_BLE":"118.65","CITY_ID":"10004","KEYIN_DATE":"20160222","NOTE":"箱涵轉變，數根私接排水管"}},{"type":"Feature","geometry":{"type":"LineString","coordinates":[[121.0913668519502,24.7310990960357],[121.0911615157355,24.73083411127965]]},"properties":{"name":"1","FID":"265","SSEW_CAT":"1","PI_NUM":"2251-F07-R03","US_MH":"2251-F07","DS_MH":"2251-R03","PI_TYP":"3","PI_WIDT":"0","PI_WIDB":"0","PI_HEI":"3.57","PI_LENG":"38.6","PI_MAT":"RCB","PI_THICK":"0","PI_SLOP":"0.01","DES_FLOW":"0","DES_VELO":"0","US_BLE":"119","DS_BLE":"118.65","CITY_ID":"10004","KEYIN_DATE":"20160222","NOTE":"箱涵轉變，數根私接排水管"}},{"type":"Feature","geometry":{"type":"LineString","coordinates":[[121.0913668519502,24.7310990960357],[121.0911901839992,24.73082121892113]]},"properties":{"name":"1","FID":"266","SSEW_CAT":"1","PI_NUM":"2251-F08-R03","US_MH":"2251-F08","DS_MH":"2251-R03","PI_TYP":"3","PI_WIDT":"0","PI_WIDB":"0","PI_HEI":"3.51","PI_LENG":"35.6","PI_MAT":"RCB","PI_THICK":"0","PI_SLOP":"0.01","DES_FLOW":"0","DES_VELO":"0","US_BLE":"119","DS_BLE":"118.65","CITY_ID":"10004","KEYIN_DATE":"20160222","NOTE":"箱涵轉變，數根私接排水管"}},{"type":"Feature","geometry":{"type":"LineString","coordinates":[[121.0913668519502,24.7310990960357],[121.091216253383,24.73116214484939]]},"properties":{"name":"2","FID":"267","SSEW_CAT":"2","PI_NUM":"2251-F09-R03","US_MH":"2251-F09","DS_MH":"2251-R03","PI_TYP":"5","PI_WIDT":"0","PI_WIDB":"0","PI_HEI":"0.7","PI_LENG":"16.8","PI_MAT":"RCP","PI_THICK":"0","PI_SLOP":"0.09","DES_FLOW":"0","DES_VELO":"0","US_BLE":"120.24","DS_BLE":"118.65","CITY_ID":"10004","KEYIN_DATE":"20160222"}},{"type":"Feature","geometry":{"type":"LineString","coordinates":[[121.0887308897538,24.73095427862697],[121.0886521636276,24.7308589008516]]},"properties":{"name":"1","FID":"268","SSEW_CAT":"1","PI_NUM":"2251-F10-017","US_MH":"2251-F10","DS_MH":"2251-017","PI_TYP":"1","PI_WIDT":"0","PI_WIDB":"0","PI_HEI":"1.38","PI_LENG":"9.7","PI_MAT":"RCB","PI_THICK":"0","PI_SLOP":"0.2","DES_FLOW":"0","DES_VELO":"0","US_BLE":"132","DS_BLE":"130.1","CITY_ID":"10004","KEYIN_DATE":"20160222","NOTE":"梯形W*H=(1.4~1.75)*1.38m，數根私接排水管，箱涵轉變"}},{"type":"Feature","geometry":{"type":"LineString","coordinates":[[121.0889735021871,24.73158487987932],[121.0889129358856,24.73147666169071]]},"properties":{"name":"1","FID":"269","SSEW_CAT":"1","PI_NUM":"2251-F11-F12","US_MH":"2251-F11","DS_MH":"2251-F12","PI_TYP":"1","PI_WIDT":"0","PI_WIDB":"0","PI_HEI":"1.46","PI_LENG":"13.5","PI_MAT":"RCB","PI_THICK":"0","PI_SLOP":"0.03","DES_FLOW":"0","DES_VELO":"0","US_BLE":"127.54","DS_BLE":"127.1","CITY_ID":"10004","KEYIN_DATE":"20160222","NOTE":"箱涵轉變，數根私接排水管"}},{"type":"Feature","geometry":{"type":"LineString","coordinates":[[121.0893583104821,24.73175837226741],[121.0889735021871,24.73158487987932]]},"properties":{"name":"1","FID":"270","SSEW_CAT":"1","PI_NUM":"2251-F12-F13","US_MH":"2251-F12","DS_MH":"2251-F13","PI_TYP":"1","PI_WIDT":"0","PI_WIDB":"0","PI_HEI":"1.48","PI_LENG":"43.4","PI_MAT":"RCB","PI_THICK":"0","PI_SLOP":"0.03","DES_FLOW":"0","DES_VELO":"0","US_BLE":"127.1","DS_BLE":"125.7","CITY_ID":"10004","KEYIN_DATE":"20160222","NOTE":"箱涵轉變，數根私接排水管"}},{"type":"Feature","geometry":{"type":"LineString","coordinates":[[121.0895424305778,24.73192743317571],[121.0893583104821,24.73175837226741]]},"properties":{"name":"1","FID":"271","SSEW_CAT":"1","PI_NUM":"2251-F13-010","US_MH":"2251-F13","DS_MH":"2251-010","PI_TYP":"1","PI_WIDT":"0","PI_WIDB":"0","PI_HEI":"2.21","PI_LENG":"104.8","PI_MAT":"RCB","PI_THICK":"0","PI_SLOP":"0.03","DES_FLOW":"0","DES_VELO":"0","US_BLE":"125.7","DS_BLE":"122.38","CITY_ID":"10004","KEYIN_DATE":"20160222","NOTE":"箱涵轉變，數根私接排水管"}},{"type":"Feature","geometry":{"type":"LineString","coordinates":[[121.090623768096,24.73260860379635],[121.0897743510498,24.73207353234546]]},"properties":{"name":"1","FID":"272","SSEW_CAT":"1","PI_NUM":"2251-F14-F03","US_MH":"2251-F14","DS_MH":"2251-F03","PI_TYP":"1","PI_WIDT":"0","PI_WIDB":"0","PI_HEI":"1.46","PI_LENG":"103.9","PI_MAT":"RCB","PI_THICK":"0","PI_SLOP":"0.03","DES_FLOW":"0","DES_VELO":"0","US_BLE":"120.45","DS_BLE":"117.6","CITY_ID":"10004","KEYIN_DATE":"20160222","NOTE":"梯形W*H=(1.15、2.25)*1.465m，數根私接排水管，箱涵轉變"}},{"type":"Feature","geometry":{"type":"LineString","coordinates":[[121.0892071118808,24.7392287235292],[121.0894950985622,24.73920733445989]]},"properties":{"name":"1","FID":"273","SSEW_CAT":"1","PI_NUM":"2252-F07-F08","US_MH":"2252-F07","DS_MH":"2252-F08","PI_TYP":"1","PI_WIDT":"0","PI_WIDB":"0","PI_HEI":"1.72","PI_LENG":"29.2","PI_MAT":"RCB","PI_THICK":"0","PI_SLOP":"0","DES_FLOW":"0","DES_VELO":"0","US_BLE":"110.55","DS_BLE":"110.5","CITY_ID":"10004","KEYIN_DATE":"20160222","NOTE":"梯形W*H=(1.65、1.97)*1.02m"}},{"type":"Feature","geometry":{"type":"LineString","coordinates":[[121.08900058093,24.73946435065336],[121.0892071118808,24.7392287235292]]},"properties":{"name":"1","FID":"274","SSEW_CAT":"1","PI_NUM":"2252-F08-F01","US_MH":"2252-F08","DS_MH":"2252-F01","PI_TYP":"1","PI_WIDT":"0","PI_WIDB":"0","PI_HEI":"1.72","PI_LENG":"31","PI_MAT":"RCB","PI_THICK":"0","PI_SLOP":"0","DES_FLOW":"0","DES_VELO":"0","US_BLE":"110.5","DS_BLE":"110.45","CITY_ID":"10004","KEYIN_DATE":"20160222","NOTE":"梯形W*H=(1.65、1.97)*1.02m"}},{"type":"Feature","geometry":{"type":"LineString","coordinates":[[121.0874970499688,24.72711411199802],[121.087391794725,24.72711669238038]]},"properties":{"name":"1","FID":"275","SSEW_CAT":"1","PI_NUM":"2250-F10-025","US_MH":"2250-F10","DS_MH":"2250-025","PI_TYP":"1","PI_WIDT":"0","PI_WIDB":"0","PI_HEI":"2.06","PI_LENG":"10.2","PI_MAT":"RCB","PI_THICK":"0","PI_SLOP":"0.02","DES_FLOW":"0","DES_VELO":"0","US_BLE":"133.3","DS_BLE":"133.11","CITY_ID":"10004","KEYIN_DATE":"20160216"}},{"type":"Feature","geometry":{"type":"LineString","coordinates":[[121.0911063812155,24.72910568111737],[121.0907920881543,24.72892901750438]]},"properties":{"name":"1","FID":"276","SSEW_CAT":"1","PI_NUM":"2250-F11-R02","US_MH":"2250-F11","DS_MH":"2250-R02","PI_TYP":"1","PI_WIDT":"0","PI_WIDB":"0","PI_HEI":"1.53","PI_LENG":"11.1","PI_MAT":"RCB","PI_THICK":"0","PI_SLOP":"0.02","DES_FLOW":"0","DES_VELO":"0","US_BLE":"122.62","DS_BLE":"122.39","CITY_ID":"10004","KEYIN_DATE":"20160216"}},{"type":"Feature","geometry":{"type":"LineString","coordinates":[[121.0928786098115,24.7280421954776],[121.0927209420383,24.72804418907322]]},"properties":{"name":"1","FID":"277","SSEW_CAT":"1","PI_NUM":"10004-M1-M1-1","US_MH":"10004-M1","DS_MH":"10004-M1-1","PI_TYP":"2","PI_WIDT":"0","PI_WIDB":"0","PI_HEI":"1.2","PI_LENG":"15.95","PI_MAT":"RC","PI_THICK":"0","PI_SLOP":"0","DES_FLOW":"0","DES_VELO":"0","US_BLE":"124.37","DS_BLE":"124.35","CITY_ID":"10004","KEYIN_DATE":"20180415"}},{"type":"Feature","geometry":{"type":"LineString","coordinates":[[121.0929237723673,24.72802483238855],[121.0928786098115,24.7280421954776]]},"properties":{"name":"1","FID":"278","SSEW_CAT":"1","PI_NUM":"10004-M1-1-M2","US_MH":"10004-M1-1","DS_MH":"10004-M2","PI_TYP":"1","PI_WIDT":"0","PI_WIDB":"0","PI_HEI":"2","PI_LENG":"4.95","PI_MAT":"RC","PI_THICK":"0","PI_SLOP":"0","DES_FLOW":"0","DES_VELO":"0","US_BLE":"124.38","DS_BLE":"124.37","CITY_ID":"10004","KEYIN_DATE":"20180415"}},{"type":"Feature","geometry":{"type":"LineString","coordinates":[[121.0935831365738,24.72699460836679],[121.0929237723673,24.72802483238855]]},"properties":{"name":"1","FID":"279","SSEW_CAT":"1","PI_NUM":"10004-M2-M3","US_MH":"10004-M2","DS_MH":"10004-M3","PI_TYP":"1","PI_WIDT":"0","PI_WIDB":"0","PI_HEI":"2.01","PI_LENG":"132.11","PI_MAT":"RC","PI_THICK":"0","PI_SLOP":"0","DES_FLOW":"0","DES_VELO":"0","US_BLE":"124.65","DS_BLE":"124.38","CITY_ID":"10004","KEYIN_DATE":"20180415"}},{"type":"Feature","geometry":{"type":"LineString","coordinates":[[121.0936458677613,24.72694193185878],[121.0935831365738,24.72699460836679]]},"properties":{"name":"1","FID":"280","SSEW_CAT":"1","PI_NUM":"10004-M3-M4","US_MH":"10004-M3","DS_MH":"10004-M4","PI_TYP":"1","PI_WIDT":"0","PI_WIDB":"0","PI_HEI":"2.01","PI_LENG":"8.77","PI_MAT":"RC","PI_THICK":"0","PI_SLOP":"0","DES_FLOW":"0","DES_VELO":"0","US_BLE":"124.66","DS_BLE":"124.65","CITY_ID":"10004","KEYIN_DATE":"20180415"}},{"type":"Feature","geometry":{"type":"LineString","coordinates":[[121.0948799534078,24.72749723406687],[121.0936458677613,24.72694193185878]]},"properties":{"name":"1","FID":"281","SSEW_CAT":"1","PI_NUM":"10004-M4-H06","US_MH":"10004-M4","DS_MH":"10004-H06","PI_TYP":"1","PI_WIDT":"0","PI_WIDB":"0","PI_HEI":"2","PI_LENG":"139.16","PI_MAT":"RC","PI_THICK":"0","PI_SLOP":"0","DES_FLOW":"0","DES_VELO":"0","US_BLE":"124.81","DS_BLE":"124.66","CITY_ID":"10004","KEYIN_DATE":"20180415"}},{"type":"Feature","geometry":{"type":"LineString","coordinates":[[121.0956612270417,24.7278187915949],[121.0948799534078,24.72749723406687]]},"properties":{"name":"1","FID":"282","SSEW_CAT":"1","PI_NUM":"10004-H06-H05","US_MH":"10004-H06","DS_MH":"10004-H05","PI_TYP":"1","PI_WIDT":"0","PI_WIDB":"0","PI_HEI":"2","PI_LENG":"86.68","PI_MAT":"RC","PI_THICK":"0","PI_SLOP":"0","DES_FLOW":"0","DES_VELO":"0","US_BLE":"124.9","DS_BLE":"124.81","CITY_ID":"10004","KEYIN_DATE":"20180415"}},{"type":"Feature","geometry":{"type":"LineString","coordinates":[[121.096136457555,24.72788241091391],[121.0956612270417,24.7278187915949]]},"properties":{"name":"1","FID":"283","SSEW_CAT":"1","PI_NUM":"10004-H05-M5","US_MH":"10004-H05","DS_MH":"10004-M5","PI_TYP":"1","PI_WIDT":"0","PI_WIDB":"0","PI_HEI":"2","PI_LENG":"48.57","PI_MAT":"RC","PI_THICK":"0","PI_SLOP":"0","DES_FLOW":"0","DES_VELO":"0","US_BLE":"124.99","DS_BLE":"124.9","CITY_ID":"10004","KEYIN_DATE":"20180415"}},{"type":"Feature","geometry":{"type":"LineString","coordinates":[[121.0969756505293,24.72780368201781],[121.096136457555,24.72788241091391]]},"properties":{"name":"1","FID":"284","SSEW_CAT":"1","PI_NUM":"10004-M5-M6","US_MH":"10004-M5","DS_MH":"10004-M6","PI_TYP":"1","PI_WIDT":"0","PI_WIDB":"0","PI_HEI":"1.8","PI_LENG":"85.26","PI_MAT":"RC","PI_THICK":"0","PI_SLOP":"0","DES_FLOW":"0","DES_VELO":"0","US_BLE":"125.52","DS_BLE":"125.39","CITY_ID":"10004","KEYIN_DATE":"20180415"}},{"type":"Feature","geometry":{"type":"LineString","coordinates":[[121.0972832528685,24.72777143089155],[121.0969756505293,24.72780368201781]]},"properties":{"name":"1","FID":"285","SSEW_CAT":"1","PI_NUM":"10004-M6-H04","US_MH":"10004-M6","DS_MH":"10004-H04","PI_TYP":"1","PI_WIDT":"0","PI_WIDB":"0","PI_HEI":"1.81","PI_LENG":"31.32","PI_MAT":"RC","PI_THICK":"0","PI_SLOP":"0","DES_FLOW":"0","DES_VELO":"0","US_BLE":"125.56","DS_BLE":"125.52","CITY_ID":"10004","KEYIN_DATE":"20180415"}},{"type":"Feature","geometry":{"type":"LineString","coordinates":[[121.0975409266733,24.7277287383221],[121.0972832528685,24.72777143089155]]},"properties":{"name":"1","FID":"286","SSEW_CAT":"1","PI_NUM":"10004-H04-M7","US_MH":"10004-H04","DS_MH":"10004-M7","PI_TYP":"1","PI_WIDT":"0","PI_WIDB":"0","PI_HEI":"1.65","PI_LENG":"26.83","PI_MAT":"RC","PI_THICK":"0","PI_SLOP":"0","DES_FLOW":"0","DES_VELO":"0","US_BLE":"125.6","DS_BLE":"125.56","CITY_ID":"10004","KEYIN_DATE":"20180415"}},{"type":"Feature","geometry":{"type":"LineString","coordinates":[[121.0984389290687,24.72764301087631],[121.0975409266733,24.7277287383221]]},"properties":{"name":"1","FID":"287","SSEW_CAT":"1","PI_NUM":"10004-M7-M8","US_MH":"10004-M7","DS_MH":"10004-M8","PI_TYP":"1","PI_WIDT":"0","PI_WIDB":"0","PI_HEI":"1.65","PI_LENG":"90.95","PI_MAT":"RC","PI_THICK":"0","PI_SLOP":"0","DES_FLOW":"0","DES_VELO":"0","US_BLE":"125.7","DS_BLE":"125.6","CITY_ID":"10004","KEYIN_DATE":"20180415"}},{"type":"Feature","geometry":{"type":"LineString","coordinates":[[121.0986254484972,24.72762519206794],[121.0984389290687,24.72764301087631]]},"properties":{"name":"1","FID":"288","SSEW_CAT":"1","PI_NUM":"10004-M8-H03","US_MH":"10004-M8","DS_MH":"10004-H03","PI_TYP":"1","PI_WIDT":"0","PI_WIDB":"0","PI_HEI":"1.65","PI_LENG":"18.92","PI_MAT":"RC","PI_THICK":"0","PI_SLOP":"0","DES_FLOW":"0","DES_VELO":"0","US_BLE":"125.74","DS_BLE":"125.7","CITY_ID":"10004","KEYIN_DATE":"20180415"}},{"type":"Feature","geometry":{"type":"LineString","coordinates":[[121.0994637354702,24.72753010789705],[121.0986254484972,24.72762519206794]]},"properties":{"name":"1","FID":"289","SSEW_CAT":"1","PI_NUM":"10004-H03-H02","US_MH":"10004-H03","DS_MH":"10004-H02","PI_TYP":"1","PI_WIDT":"0","PI_WIDB":"0","PI_HEI":"1.14","PI_LENG":"85.45","PI_MAT":"RC","PI_THICK":"0","PI_SLOP":"0","DES_FLOW":"0","DES_VELO":"0","US_BLE":"125.99","DS_BLE":"125.74","CITY_ID":"10004","KEYIN_DATE":"20180415"}},{"type":"Feature","geometry":{"type":"LineString","coordinates":[[121.0993834950423,24.72532444858896],[121.0994637354702,24.72753010789705]]},"properties":{"name":"1","FID":"290","SSEW_CAT":"1","PI_NUM":"10004-H02-H01","US_MH":"10004-H02","DS_MH":"10004-H01","PI_TYP":"1","PI_WIDT":"0","PI_WIDB":"0","PI_HEI":"1.2","PI_LENG":"242.67","PI_MAT":"RC","PI_THICK":"0","PI_SLOP":"0.01","DES_FLOW":"0","DES_VELO":"0","US_BLE":"129.35","DS_BLE":"125.99","CITY_ID":"10004","KEYIN_DATE":"20180415"}},{"type":"Feature","geometry":{"type":"LineString","coordinates":[[121.1045712868243,24.57600107318934],[121.1036273125273,24.57595002609919]]},"properties":{"name":"1","FID":"291","SSEW_CAT":"1","PI_NUM":"2422-F01-R01","US_MH":"2422-F01","DS_MH":"2422-R01","PI_TYP":"1","PI_WIDT":"0","PI_WIDB":"0","PI_HEI":"1.89","PI_LENG":"55.9","PI_MAT":"RCB","PI_THICK":"0","PI_SLOP":"0.01","DES_FLOW":"0","DES_VELO":"0","US_BLE":"525.25","DS_BLE":"524.92","CITY_ID":"10004","KEYIN_DATE":"20160512","NOTE":"數根私接排水管"}},{"type":"Feature","geometry":{"type":"LineString","coordinates":[[121.0533192706353,24.69833073012649],[121.0541374036524,24.69885351756396]]},"properties":{"name":"1","FID":"292","SSEW_CAT":"1","PI_NUM":"1845-014-1745-R02","US_MH":"1845-014","DS_MH":"1745-R02","PI_TYP":"5","PI_WIDT":"0","PI_WIDB":"0","PI_HEI":"1.2","PI_LENG":"101.6","PI_MAT":"RCP","PI_THICK":"0","PI_SLOP":"0.22","DES_FLOW":"0","DES_VELO":"0","US_BLE":"121.46","DS_BLE":"99.29","CITY_ID":"10004","KEYIN_DATE":"20160331","NOTE":"高度剩0.75m，無法縱走，箱涵轉變"}},{"type":"Feature","geometry":{"type":"LineString","coordinates":[[121.054253335909,24.69923155434485],[121.0542874352357,24.69944406057537]]},"properties":{"name":"1","FID":"293","SSEW_CAT":"1","PI_NUM":"1845-015-038","US_MH":"1845-015","DS_MH":"1845-038","PI_TYP":"5","PI_WIDT":"0","PI_WIDB":"0","PI_HEI":"1.2","PI_LENG":"23.1","PI_MAT":"RCP","PI_THICK":"0","PI_SLOP":"0.07","DES_FLOW":"0","DES_VELO":"0","US_BLE":"127.99","DS_BLE":"126.43","CITY_ID":"10004","KEYIN_DATE":"20160331"}},{"type":"Feature","geometry":{"type":"LineString","coordinates":[[121.0543620974707,24.69966354035272],[121.0544514993724,24.69984640318785]]},"properties":{"name":"1","FID":"294","SSEW_CAT":"1","PI_NUM":"1845-036-037","US_MH":"1845-036","DS_MH":"1845-037","PI_TYP":"5","PI_WIDT":"0","PI_WIDB":"0","PI_HEI":"1.2","PI_LENG":"21.2","PI_MAT":"RCP","PI_THICK":"0","PI_SLOP":"0.01","DES_FLOW":"0","DES_VELO":"0","US_BLE":"129.03","DS_BLE":"128.87","CITY_ID":"10004","KEYIN_DATE":"20160331"}},{"type":"Feature","geometry":{"type":"LineString","coordinates":[[121.0542874352357,24.69944406057537],[121.0543620974707,24.69966354035272]]},"properties":{"name":"1","FID":"295","SSEW_CAT":"1","PI_NUM":"1845-037-015","US_MH":"1845-037","DS_MH":"1845-015","PI_TYP":"5","PI_WIDT":"0","PI_WIDB":"0","PI_HEI":"1.2","PI_LENG":"25","PI_MAT":"RCP","PI_THICK":"0","PI_SLOP":"0.04","DES_FLOW":"0","DES_VELO":"0","US_BLE":"128.87","DS_BLE":"127.99","CITY_ID":"10004","KEYIN_DATE":"20160331"}},{"type":"Feature","geometry":{"type":"LineString","coordinates":[[121.0542206252644,24.69903049604574],[121.054253335909,24.69923155434485]]},"properties":{"name":"1","FID":"296","SSEW_CAT":"1","PI_NUM":"1845-038-039","US_MH":"1845-038","DS_MH":"1845-039","PI_TYP":"5","PI_WIDT":"0","PI_WIDB":"0","PI_HEI":"1.2","PI_LENG":"21.9","PI_MAT":"RCP","PI_THICK":"0","PI_SLOP":"0.1","DES_FLOW":"0","DES_VELO":"0","US_BLE":"126.43","DS_BLE":"124.28","CITY_ID":"10004","KEYIN_DATE":"20160331"}},{"type":"Feature","geometry":{"type":"LineString","coordinates":[[121.054195508363,24.69890618834409],[121.0542206252644,24.69903049604574]]},"properties":{"name":"1","FID":"297","SSEW_CAT":"1","PI_NUM":"1845-039-040","US_MH":"1845-039","DS_MH":"1845-040","PI_TYP":"5","PI_WIDT":"0","PI_WIDB":"0","PI_HEI":"1.2","PI_LENG":"18.2","PI_MAT":"RCP","PI_THICK":"0","PI_SLOP":"0.13","DES_FLOW":"0","DES_VELO":"0","US_BLE":"124.28","DS_BLE":"122","CITY_ID":"10004","KEYIN_DATE":"20160331"}},{"type":"Feature","geometry":{"type":"LineString","coordinates":[[121.0541374036524,24.69885351756396],[121.054195508363,24.69890618834409]]},"properties":{"name":"1","FID":"298","SSEW_CAT":"1","PI_NUM":"1845-040-014","US_MH":"1845-040","DS_MH":"1845-014","PI_TYP":"5","PI_WIDT":"0","PI_WIDB":"0","PI_HEI":"1.2","PI_LENG":"5","PI_MAT":"RCP","PI_THICK":"0","PI_SLOP":"0.14","DES_FLOW":"0","DES_VELO":"0","US_BLE":"122.16","DS_BLE":"121.46","CITY_ID":"10004","KEYIN_DATE":"20160331"}},{"type":"Feature","geometry":{"type":"LineString","coordinates":[[121.0508880696563,24.70080538656551],[121.0510500384762,24.70084187990749]]},"properties":{"name":"2","FID":"299","SSEW_CAT":"2","PI_NUM":"1745-001-R01","US_MH":"1745-001","DS_MH":"1745-R01","PI_TYP":"1","PI_WIDT":"0","PI_WIDB":"0","PI_HEI":"1.55","PI_LENG":"16.5","PI_MAT":"RCB","PI_THICK":"0","PI_SLOP":"0.1","DES_FLOW":"0","DES_VELO":"0","US_BLE":"98.17","DS_BLE":"96.61","CITY_ID":"10004","KEYIN_DATE":"20160401"}},{"type":"Feature","geometry":{"type":"LineString","coordinates":[[121.0511610143636,24.70088735600619],[121.0512175522552,24.7009278306294]]},"properties":{"name":"1","FID":"300","SSEW_CAT":"1","PI_NUM":"1745-002-017","US_MH":"1745-002","DS_MH":"1745-017","PI_TYP":"5","PI_WIDT":"0","PI_WIDB":"0","PI_HEI":"1.2","PI_LENG":"1.6","PI_MAT":"RCP","PI_THICK":"0","PI_SLOP":"-0.02","DES_FLOW":"0","DES_VELO":"0","US_BLE":"99.64","DS_BLE":"99.67","CITY_ID":"10004","KEYIN_DATE":"20160401"}},{"type":"Feature","geometry":{"type":"LineString","coordinates":[[121.0515450298424,24.70107578085052],[121.0516583315317,24.70122411120237]]},"properties":{"name":"1","FID":"301","SSEW_CAT":"1","PI_NUM":"1745-003-014","US_MH":"1745-003","DS_MH":"1745-014","PI_TYP":"5","PI_WIDT":"0","PI_WIDB":"0","PI_HEI":"1.2","PI_LENG":"18.8","PI_MAT":"RCP","PI_THICK":"0","PI_SLOP":"0.03","DES_FLOW":"0","DES_VELO":"0","US_BLE":"103.62","DS_BLE":"103.13","CITY_ID":"10004","KEYIN_DATE":"20160401"}},{"type":"Feature","geometry":{"type":"LineString","coordinates":[[121.0521442113633,24.70173823831819],[121.0521625847157,24.70185828709666]]},"properties":{"name":"1","FID":"302","SSEW_CAT":"1","PI_NUM":"1745-004-010","US_MH":"1745-004","DS_MH":"1745-010","PI_TYP":"5","PI_WIDT":"0","PI_WIDB":"0","PI_HEI":"1.2","PI_LENG":"12.6","PI_MAT":"RCP","PI_THICK":"0","PI_SLOP":"0.16","DES_FLOW":"0","DES_VELO":"0","US_BLE":"114.41","DS_BLE":"112.34","CITY_ID":"10004","KEYIN_DATE":"20160401"}},{"type":"Feature","geometry":{"type":"LineString","coordinates":[[121.0520003549067,24.70236355558123],[121.0520191949073,24.70260783966359]]},"properties":{"name":"1","FID":"303","SSEW_CAT":"1","PI_NUM":"1745-005-007","US_MH":"1745-005","DS_MH":"1745-007","PI_TYP":"5","PI_WIDT":"0","PI_WIDB":"0","PI_HEI":"1.2","PI_LENG":"25.8","PI_MAT":"RCP","PI_THICK":"0","PI_SLOP":"0.01","DES_FLOW":"0","DES_VELO":"0","US_BLE":"122.2","DS_BLE":"121.83","CITY_ID":"10004","KEYIN_DATE":"20160401","NOTE":"箱涵轉變，數根私接排水管"}},{"type":"Feature","geometry":{"type":"LineString","coordinates":[[121.0520740717819,24.7021688252427],[121.0520003549067,24.70236355558123]]},"properties":{"name":"1","FID":"304","SSEW_CAT":"1","PI_NUM":"1745-007-008","US_MH":"1745-007","DS_MH":"1745-008","PI_TYP":"1","PI_WIDT":"0","PI_WIDB":"0","PI_HEI":"0.97","PI_LENG":"23.4","PI_MAT":"RCB","PI_THICK":"0","PI_SLOP":"0.1","DES_FLOW":"0","DES_VELO":"0","US_BLE":"121.83","DS_BLE":"119.38","CITY_ID":"10004","KEYIN_DATE":"20160401","NOTE":"箱涵轉變"}},{"type":"Feature","geometry":{"type":"LineString","coordinates":[[121.0521590986447,24.70195966300581],[121.0520740717819,24.7021688252427]]},"properties":{"name":"1","FID":"305","SSEW_CAT":"1","PI_NUM":"1745-008-009","US_MH":"1745-008","DS_MH":"1745-009","PI_TYP":"5","PI_WIDT":"0","PI_WIDB":"0","PI_HEI":"1.2","PI_LENG":"23.7","PI_MAT":"RCP","PI_THICK":"0","PI_SLOP":"0.14","DES_FLOW":"0","DES_VELO":"0","US_BLE":"119.38","DS_BLE":"116.01","CITY_ID":"10004","KEYIN_DATE":"20160401"}},{"type":"Feature","geometry":{"type":"LineString","coordinates":[[121.0521625847157,24.70185828709666],[121.0521590986447,24.70195966300581]]},"properties":{"name":"1","FID":"306","SSEW_CAT":"1","PI_NUM":"1745-009-004","US_MH":"1745-009","DS_MH":"1745-004","PI_TYP":"5","PI_WIDT":"0","PI_WIDB":"0","PI_HEI":"1.2","PI_LENG":"10.3","PI_MAT":"RCP","PI_THICK":"0","PI_SLOP":"0.13","DES_FLOW":"0","DES_VELO":"0","US_BLE":"116.01","DS_BLE":"114.7","CITY_ID":"10004","KEYIN_DATE":"20160401"}},{"type":"Feature","geometry":{"type":"LineString","coordinates":[[121.0520325434762,24.70159983939313],[121.0521442113633,24.70173823831819]]},"properties":{"name":"1","FID":"307","SSEW_CAT":"1","PI_NUM":"1745-010-011","US_MH":"1745-010","DS_MH":"1745-011","PI_TYP":"5","PI_WIDT":"0","PI_WIDB":"0","PI_HEI":"1.2","PI_LENG":"19.8","PI_MAT":"RCP","PI_THICK":"0","PI_SLOP":"0.14","DES_FLOW":"0","DES_VELO":"0","US_BLE":"112.34","DS_BLE":"109.5","CITY_ID":"10004","KEYIN_DATE":"20160401"}},{"type":"Feature","geometry":{"type":"LineString","coordinates":[[121.0518987669192,24.70148441714606],[121.0520325434762,24.70159983939313]]},"properties":{"name":"1","FID":"308","SSEW_CAT":"1","PI_NUM":"1745-011-012","US_MH":"1745-011","DS_MH":"1745-012","PI_TYP":"5","PI_WIDT":"0","PI_WIDB":"0","PI_HEI":"1.2","PI_LENG":"17.3","PI_MAT":"RCP","PI_THICK":"0","PI_SLOP":"0.11","DES_FLOW":"0","DES_VELO":"0","US_BLE":"109.5","DS_BLE":"107.61","CITY_ID":"10004","KEYIN_DATE":"20160401"}},{"type":"Feature","geometry":{"type":"LineString","coordinates":[[121.051786257559,24.7013653127432],[121.0518987669192,24.70148441714606]]},"properties":{"name":"1","FID":"309","SSEW_CAT":"1","PI_NUM":"1745-012-013","US_MH":"1745-012","DS_MH":"1745-013","PI_TYP":"5","PI_WIDT":"0","PI_WIDB":"0","PI_HEI":"1.2","PI_LENG":"18.4","PI_MAT":"RCP","PI_THICK":"0","PI_SLOP":"0.14","DES_FLOW":"0","DES_VELO":"0","US_BLE":"107.61","DS_BLE":"105.09","CITY_ID":"10004","KEYIN_DATE":"20160401"}},{"type":"Feature","geometry":{"type":"LineString","coordinates":[[121.0516583315317,24.70122411120237],[121.051786257559,24.7013653127432]]},"properties":{"name":"1","FID":"310","SSEW_CAT":"1","PI_NUM":"1745-013-003","US_MH":"1745-013","DS_MH":"1745-003","PI_TYP":"5","PI_WIDT":"0","PI_WIDB":"0","PI_HEI":"1.2","PI_LENG":"20.3","PI_MAT":"RCP","PI_THICK":"0","PI_SLOP":"0.07","DES_FLOW":"0","DES_VELO":"0","US_BLE":"105.09","DS_BLE":"103.62","CITY_ID":"10004","KEYIN_DATE":"20160401"}},{"type":"Feature","geometry":{"type":"LineString","coordinates":[[121.0514897220907,24.70099892010115],[121.0515450298424,24.70107578085052]]},"properties":{"name":"1","FID":"311","SSEW_CAT":"1","PI_NUM":"1745-014-015","US_MH":"1745-014","DS_MH":"1745-015","PI_TYP":"5","PI_WIDT":"0","PI_WIDB":"0","PI_HEI":"1.2","PI_LENG":"8.9","PI_MAT":"RCP","PI_THICK":"0","PI_SLOP":"0.07","DES_FLOW":"0","DES_VELO":"0","US_BLE":"103.13","DS_BLE":"102.5","CITY_ID":"10004","KEYIN_DATE":"20160401"}},{"type":"Feature","geometry":{"type":"LineString","coordinates":[[121.0514022484123,24.70097861735945],[121.0514897220907,24.70099892010115]]},"properties":{"name":"1","FID":"312","SSEW_CAT":"1","PI_NUM":"1745-015-016","US_MH":"1745-015","DS_MH":"1745-016","PI_TYP":"5","PI_WIDT":"0","PI_WIDB":"0","PI_HEI":"1.2","PI_LENG":"7.6","PI_MAT":"RCP","PI_THICK":"0","PI_SLOP":"0.1","DES_FLOW":"0","DES_VELO":"0","US_BLE":"101.35","DS_BLE":"100.63","CITY_ID":"10004","KEYIN_DATE":"20160401"}},{"type":"Feature","geometry":{"type":"LineString","coordinates":[[121.0512175522552,24.7009278306294],[121.0514022484123,24.70097861735945]]},"properties":{"name":"1","FID":"313","SSEW_CAT":"1","PI_NUM":"1745-016-002","US_MH":"1745-016","DS_MH":"1745-002","PI_TYP":"5","PI_WIDT":"0","PI_WIDB":"0","PI_HEI":"1.2","PI_LENG":"18.8","PI_MAT":"RCP","PI_THICK":"0","PI_SLOP":"0.05","DES_FLOW":"0","DES_VELO":"0","US_BLE":"100.63","DS_BLE":"99.64","CITY_ID":"10004","KEYIN_DATE":"20160401"}},{"type":"Feature","geometry":{"type":"LineString","coordinates":[[121.0510500384762,24.70084187990749],[121.0511610143636,24.70088735600619]]},"properties":{"name":"1","FID":"314","SSEW_CAT":"1","PI_NUM":"1745-017-001","US_MH":"1745-017","DS_MH":"1745-001","PI_TYP":"1","PI_WIDT":"0","PI_WIDB":"0","PI_HEI":"1.8","PI_LENG":"18.2","PI_MAT":"RCB","PI_THICK":"0","PI_SLOP":"0.08","DES_FLOW":"0","DES_VELO":"0","US_BLE":"99.67","DS_BLE":"98.17","CITY_ID":"10004","KEYIN_DATE":"20160401","NOTE":"箱涵轉變，數根私接排水管."}},{"type":"Feature","geometry":{"type":"LineString","coordinates":[[121.0519901250897,24.70276661109243],[121.0517231245846,24.70311333470735]]},"properties":{"name":"2","FID":"315","SSEW_CAT":"2","PI_NUM":"1745-006-F01","US_MH":"1745-006","DS_MH":"1745-F01","PI_TYP":"5","PI_WIDT":"0","PI_WIDB":"0","PI_HEI":"1","PI_LENG":"47","PI_MAT":"RCP","PI_THICK":"0","PI_SLOP":"0","DES_FLOW":"0","DES_VELO":"0","US_BLE":"122.39","DS_BLE":"122.16","CITY_ID":"10004","KEYIN_DATE":"20160331"}},{"type":"Feature","geometry":{"type":"LineString","coordinates":[[121.0517231245846,24.70311333470735],[121.0527023157441,24.7038827210749]]},"properties":{"name":"2","FID":"316","SSEW_CAT":"2","PI_NUM":"1746-009-1745-006","US_MH":"1746-009","DS_MH":"1745-006","PI_TYP":"5","PI_WIDT":"0","PI_WIDB":"0","PI_HEI":"1","PI_LENG":"130.7","PI_MAT":"RCP","PI_THICK":"0","PI_SLOP":"0.01","DES_FLOW":"0","DES_VELO":"0","US_BLE":"124.09","DS_BLE":"122.44","CITY_ID":"10004","KEYIN_DATE":"20160331"}},{"type":"Feature","geometry":{"type":"LineString","coordinates":[[121.0527023157441,24.7038827210749],[121.053140542306,24.70351066378263]]},"properties":{"name":"2","FID":"317","SSEW_CAT":"2","PI_NUM":"1746-010-009","US_MH":"1746-010","DS_MH":"1746-009","PI_TYP":"5","PI_WIDT":"0","PI_WIDB":"0","PI_HEI":"0.7","PI_LENG":"60.5","PI_MAT":"RCP","PI_THICK":"0","PI_SLOP":"0.01","DES_FLOW":"0","DES_VELO":"0","US_BLE":"124.85","DS_BLE":"124.09","CITY_ID":"10004","KEYIN_DATE":"20160331"}},{"type":"Feature","geometry":{"type":"LineString","coordinates":[[121.0521923287342,24.70431453617486],[121.0522282220078,24.70428350094505]]},"properties":{"name":"2","FID":"318","SSEW_CAT":"2","PI_NUM":"1746-F01-008","US_MH":"1746-F01","DS_MH":"1746-008","PI_TYP":"1","PI_WIDT":"0","PI_WIDB":"0","PI_HEI":"1","PI_LENG":"5","PI_MAT":"RCB","PI_THICK":"0","PI_SLOP":"0","DES_FLOW":"0","DES_VELO":"0","US_BLE":"124.67","DS_BLE":"124.65","CITY_ID":"10004","KEYIN_DATE":"20160331"}},{"type":"Feature","geometry":{"type":"LineString","coordinates":[[121.051896655606,24.70457017907036],[121.0521923287342,24.70431453617486]]},"properties":{"name":"2","FID":"319","SSEW_CAT":"2","PI_NUM":"1746-008-007","US_MH":"1746-008","DS_MH":"1746-007","PI_TYP":"1","PI_WIDT":"0","PI_WIDB":"0","PI_HEI":"1","PI_LENG":"41.2","PI_MAT":"RCB","PI_THICK":"0","PI_SLOP":"0.01","DES_FLOW":"0","DES_VELO":"0","US_BLE":"124.67","DS_BLE":"124.48","CITY_ID":"10004","KEYIN_DATE":"20160331"}},{"type":"Feature","geometry":{"type":"LineString","coordinates":[[121.051649172927,24.70477846712988],[121.051896655606,24.70457017907036]]},"properties":{"name":"2","FID":"320","SSEW_CAT":"2","PI_NUM":"1746-007-006","US_MH":"1746-007","DS_MH":"1746-006","PI_TYP":"1","PI_WIDT":"0","PI_WIDB":"0","PI_HEI":"1.01","PI_LENG":"34","PI_MAT":"RCB","PI_THICK":"0","PI_SLOP":"0","DES_FLOW":"0","DES_VELO":"0","US_BLE":"124.46","DS_BLE":"124.46","CITY_ID":"10004","KEYIN_DATE":"20160331"}},{"type":"Feature","geometry":{"type":"LineString","coordinates":[[121.0512388686317,24.70512782126935],[121.051649172927,24.70477846712988]]},"properties":{"name":"2","FID":"321","SSEW_CAT":"2","PI_NUM":"1746-006-005","US_MH":"1746-006","DS_MH":"1746-005","PI_TYP":"5","PI_WIDT":"0","PI_WIDB":"0","PI_HEI":"0.7","PI_LENG":"56.8","PI_MAT":"RCP","PI_THICK":"0","PI_SLOP":"0.02","DES_FLOW":"0","DES_VELO":"0","US_BLE":"124.46","DS_BLE":"123.4","CITY_ID":"10004","KEYIN_DATE":"20160331"}},{"type":"Feature","geometry":{"type":"LineString","coordinates":[[121.0507411728162,24.70555078804911],[121.0512388686317,24.70512782126935]]},"properties":{"name":"2","FID":"322","SSEW_CAT":"2","PI_NUM":"1746-005-004","US_MH":"1746-005","DS_MH":"1746-004","PI_TYP":"5","PI_WIDT":"0","PI_WIDB":"0","PI_HEI":"0.7","PI_LENG":"68.8","PI_MAT":"RCP","PI_THICK":"0","PI_SLOP":"0.01","DES_FLOW":"0","DES_VELO":"0","US_BLE":"122.85","DS_BLE":"122.44","CITY_ID":"10004","KEYIN_DATE":"20160331"}},{"type":"Feature","geometry":{"type":"LineString","coordinates":[[121.05041534784,24.70580298920667],[121.0507411728162,24.70555078804911]]},"properties":{"name":"2","FID":"323","SSEW_CAT":"2","PI_NUM":"1746-004-003","US_MH":"1746-004","DS_MH":"1746-003","PI_TYP":"5","PI_WIDT":"0","PI_WIDB":"0","PI_HEI":"0.7","PI_LENG":"43.2","PI_MAT":"RCP","PI_THICK":"0","PI_SLOP":"0.02","DES_FLOW":"0","DES_VELO":"0","US_BLE":"122.11","DS_BLE":"121.28","CITY_ID":"10004","KEYIN_DATE":"20160331"}},{"type":"Feature","geometry":{"type":"LineString","coordinates":[[121.0561101147974,24.69748812540826],[121.056208993855,24.69775582682262]]},"properties":{"name":"2","FID":"324","SSEW_CAT":"2","PI_NUM":"1844-002-F01","US_MH":"1844-002","DS_MH":"1844-F01","PI_TYP":"5","PI_WIDT":"0","PI_WIDB":"0","PI_HEI":"0.8","PI_LENG":"31.3","PI_MAT":"RCP","PI_THICK":"0","PI_SLOP":"0.02","DES_FLOW":"0","DES_VELO":"0","US_BLE":"132.27","DS_BLE":"131.74","CITY_ID":"10004","KEYIN_DATE":"20160401"}},{"type":"Feature","geometry":{"type":"LineString","coordinates":[[121.0560240553837,24.69739999185523],[121.0561101147974,24.69748812540826]]},"properties":{"name":"2","FID":"325","SSEW_CAT":"2","PI_NUM":"1844-F01-R01","US_MH":"1844-F01","DS_MH":"1844-R01","PI_TYP":"5","PI_WIDT":"0","PI_WIDB":"0","PI_HEI":"0.8","PI_LENG":"13.1","PI_MAT":"RCP","PI_THICK":"0","PI_SLOP":"0.46","DES_FLOW":"0","DES_VELO":"0","US_BLE":"131.74","DS_BLE":"125.67","CITY_ID":"10004","KEYIN_DATE":"20160331"}},{"type":"Feature","geometry":{"type":"LineString","coordinates":[[121.0563356610962,24.69781945004421],[121.0568992251858,24.69841816826258]]},"properties":{"name":"2","FID":"326","SSEW_CAT":"2","PI_NUM":"1845-008-1844-F02","US_MH":"1845-008","DS_MH":"1844-F02","PI_TYP":"5","PI_WIDT":"0","PI_WIDB":"0","PI_HEI":"0.8","PI_LENG":"87.5","PI_MAT":"RCP","PI_THICK":"0","PI_SLOP":"0.02","DES_FLOW":"0","DES_VELO":"0","US_BLE":"134","DS_BLE":"132.52","CITY_ID":"10004","KEYIN_DATE":"20160330"}},{"type":"Feature","geometry":{"type":"LineString","coordinates":[[121.0571541877726,24.69866498948348],[121.0579012128302,24.69861360950442]]},"properties":{"name":"2","FID":"327","SSEW_CAT":"2","PI_NUM":"1845-009-F01","US_MH":"1845-009","DS_MH":"1845-F01","PI_TYP":"5","PI_WIDT":"0","PI_WIDB":"0","PI_HEI":"0.7","PI_LENG":"75.8","PI_MAT":"RCP","PI_THICK":"0","PI_SLOP":"0.01","DES_FLOW":"0","DES_VELO":"0","US_BLE":"136.15","DS_BLE":"135.59","CITY_ID":"10004","KEYIN_DATE":"20160330"}},{"type":"Feature","geometry":{"type":"LineString","coordinates":[[121.0576600427837,24.6997996999866],[121.0576424283653,24.69936380808436]]},"properties":{"name":"2","FID":"328","SSEW_CAT":"2","PI_NUM":"1845-020-023","US_MH":"1845-020","DS_MH":"1845-023","PI_TYP":"5","PI_WIDT":"0","PI_WIDB":"0","PI_HEI":"0.7","PI_LENG":"48.3","PI_MAT":"RCP","PI_THICK":"0","PI_SLOP":"0.01","DES_FLOW":"0","DES_VELO":"0","US_BLE":"133.25","DS_BLE":"132.89","CITY_ID":"10004","KEYIN_DATE":"20160330"}},{"type":"Feature","geometry":{"type":"LineString","coordinates":[[121.0572593129604,24.69981249364035],[121.0576600427837,24.6997996999866]]},"properties":{"name":"2","FID":"329","SSEW_CAT":"2","PI_NUM":"1845-023-019","US_MH":"1845-023","DS_MH":"1845-019","PI_TYP":"5","PI_WIDT":"0","PI_WIDB":"0","PI_HEI":"0.7","PI_LENG":"40.6","PI_MAT":"RCP","PI_THICK":"0","PI_SLOP":"0.01","DES_FLOW":"0","DES_VELO":"0","US_BLE":"132.95","DS_BLE":"132.7","CITY_ID":"10004","KEYIN_DATE":"20160330"}},{"type":"Feature","geometry":{"type":"LineString","coordinates":[[121.0564826369134,24.69978823878366],[121.0572593129604,24.69981249364035]]},"properties":{"name":"2","FID":"330","SSEW_CAT":"2","PI_NUM":"1845-019-018","US_MH":"1845-019","DS_MH":"1845-018","PI_TYP":"5","PI_WIDT":"0","PI_WIDB":"0","PI_HEI":"0.7","PI_LENG":"78.6","PI_MAT":"RCP","PI_THICK":"0","PI_SLOP":"0.01","DES_FLOW":"0","DES_VELO":"0","US_BLE":"132.67","DS_BLE":"131.87","CITY_ID":"10004","KEYIN_DATE":"20160330"}},{"type":"Feature","geometry":{"type":"LineString","coordinates":[[121.0563787129618,24.69982266833749],[121.0564826369134,24.69978823878366]]},"properties":{"name":"2","FID":"331","SSEW_CAT":"2","PI_NUM":"1845-018-024","US_MH":"1845-018","DS_MH":"1845-024","PI_TYP":"5","PI_WIDT":"0","PI_WIDB":"0","PI_HEI":"0.8","PI_LENG":"11.2","PI_MAT":"RCP","PI_THICK":"0","PI_SLOP":"0.02","DES_FLOW":"0","DES_VELO":"0","US_BLE":"131.87","DS_BLE":"131.6","CITY_ID":"10004","KEYIN_DATE":"20160330"}},{"type":"Feature","geometry":{"type":"LineString","coordinates":[[121.056173066942,24.69990943040122],[121.0563787129618,24.69982266833749]]},"properties":{"name":"2","FID":"332","SSEW_CAT":"2","PI_NUM":"1845-024-025","US_MH":"1845-024","DS_MH":"1845-025","PI_TYP":"5","PI_WIDT":"0","PI_WIDB":"0","PI_HEI":"0.8","PI_LENG":"22.9","PI_MAT":"RCP","PI_THICK":"0","PI_SLOP":"0.02","DES_FLOW":"0","DES_VELO":"0","US_BLE":"131.6","DS_BLE":"131.05","CITY_ID":"10004","KEYIN_DATE":"20160330"}},{"type":"Feature","geometry":{"type":"LineString","coordinates":[[121.055960109582,24.70000150380929],[121.056173066942,24.69990943040122]]},"properties":{"name":"2","FID":"333","SSEW_CAT":"2","PI_NUM":"1845-025-026","US_MH":"1845-025","DS_MH":"1845-026","PI_TYP":"5","PI_WIDT":"0","PI_WIDB":"0","PI_HEI":"0.8","PI_LENG":"23.8","PI_MAT":"RCP","PI_THICK":"0","PI_SLOP":"0","DES_FLOW":"0","DES_VELO":"0","US_BLE":"131.04","DS_BLE":"131.02","CITY_ID":"10004","KEYIN_DATE":"20160331"}},{"type":"Feature","geometry":{"type":"LineString","coordinates":[[121.0557485637412,24.70009034410049],[121.055960109582,24.70000150380929]]},"properties":{"name":"2","FID":"334","SSEW_CAT":"2","PI_NUM":"1845-026-027","US_MH":"1845-026","DS_MH":"1845-027","PI_TYP":"5","PI_WIDT":"0","PI_WIDB":"0","PI_HEI":"0.8","PI_LENG":"23.6","PI_MAT":"RCP","PI_THICK":"0","PI_SLOP":"0","DES_FLOW":"0","DES_VELO":"0","US_BLE":"131.02","DS_BLE":"131.01","CITY_ID":"10004","KEYIN_DATE":"20160330"}},{"type":"Feature","geometry":{"type":"LineString","coordinates":[[121.0556655047808,24.70013014653854],[121.0557485637412,24.70009034410049]]},"properties":{"name":"2","FID":"335","SSEW_CAT":"2","PI_NUM":"1845-027-028","US_MH":"1845-027","DS_MH":"1845-028","PI_TYP":"5","PI_WIDT":"0","PI_WIDB":"0","PI_HEI":"0.8","PI_LENG":"9.5","PI_MAT":"RCP","PI_THICK":"0","PI_SLOP":"0.01","DES_FLOW":"0","DES_VELO":"0","US_BLE":"131.01","DS_BLE":"130.88","CITY_ID":"10004","KEYIN_DATE":"20160331"}},{"type":"Feature","geometry":{"type":"LineString","coordinates":[[121.0555396186765,24.70018333635189],[121.0556655047808,24.70013014653854]]},"properties":{"name":"2","FID":"336","SSEW_CAT":"2","PI_NUM":"1845-028-029","US_MH":"1845-028","DS_MH":"1845-029","PI_TYP":"5","PI_WIDT":"0","PI_WIDB":"0","PI_HEI":"0.8","PI_LENG":"14","PI_MAT":"RCP","PI_THICK":"0","PI_SLOP":"0.01","DES_FLOW":"0","DES_VELO":"0","US_BLE":"130.88","DS_BLE":"130.68","CITY_ID":"10004","KEYIN_DATE":"20160330"}},{"type":"Feature","geometry":{"type":"LineString","coordinates":[[121.0553211184199,24.70028088231999],[121.0555396186765,24.70018333635189]]},"properties":{"name":"2","FID":"337","SSEW_CAT":"2","PI_NUM":"1845-029-030","US_MH":"1845-029","DS_MH":"1845-030","PI_TYP":"5","PI_WIDT":"0","PI_WIDB":"0","PI_HEI":"0.8","PI_LENG":"24.6","PI_MAT":"RCP","PI_THICK":"0","PI_SLOP":"0.01","DES_FLOW":"0","DES_VELO":"0","US_BLE":"130.67","DS_BLE":"130.49","CITY_ID":"10004","KEYIN_DATE":"20160330"}},{"type":"Feature","geometry":{"type":"LineString","coordinates":[[121.05511638049,24.70036841004102],[121.0553211184199,24.70028088231999]]},"properties":{"name":"2","FID":"338","SSEW_CAT":"2","PI_NUM":"1845-030-031","US_MH":"1845-030","DS_MH":"1845-031","PI_TYP":"5","PI_WIDT":"0","PI_WIDB":"0","PI_HEI":"0.8","PI_LENG":"22.9","PI_MAT":"RCP","PI_THICK":"0","PI_SLOP":"0.01","DES_FLOW":"0","DES_VELO":"0","US_BLE":"130.49","DS_BLE":"130.33","CITY_ID":"10004","KEYIN_DATE":"20160330"}},{"type":"Feature","geometry":{"type":"LineString","coordinates":[[121.0549143924795,24.70046213922168],[121.05511638049,24.70036841004102]]},"properties":{"name":"2","FID":"339","SSEW_CAT":"2","PI_NUM":"1845-031-032","US_MH":"1845-031","DS_MH":"1845-032","PI_TYP":"5","PI_WIDT":"0","PI_WIDB":"0","PI_HEI":"0.8","PI_LENG":"22.9","PI_MAT":"RCP","PI_THICK":"0","PI_SLOP":"0.01","DES_FLOW":"0","DES_VELO":"0","US_BLE":"130.33","DS_BLE":"130.16","CITY_ID":"10004","KEYIN_DATE":"20160330"}},{"type":"Feature","geometry":{"type":"LineString","coordinates":[[121.0547798643112,24.70050704317308],[121.0549143924795,24.70046213922168]]},"properties":{"name":"2","FID":"340","SSEW_CAT":"2","PI_NUM":"1845-032-016","US_MH":"1845-032","DS_MH":"1845-016","PI_TYP":"5","PI_WIDT":"0","PI_WIDB":"0","PI_HEI":"0.8","PI_LENG":"14.5","PI_MAT":"RCP","PI_THICK":"0","PI_SLOP":"0.01","DES_FLOW":"0","DES_VELO":"0","US_BLE":"130.16","DS_BLE":"130.06","CITY_ID":"10004","KEYIN_DATE":"20160330"}},{"type":"Feature","geometry":{"type":"LineString","coordinates":[[121.0547559395417,24.70042140525765],[121.0547798643112,24.70050704317308]]},"properties":{"name":"2","FID":"341","SSEW_CAT":"2","PI_NUM":"1845-016-033","US_MH":"1845-016","DS_MH":"1845-033","PI_TYP":"5","PI_WIDT":"0","PI_WIDB":"0","PI_HEI":"1","PI_LENG":"9.8","PI_MAT":"RCP","PI_THICK":"0","PI_SLOP":"0.02","DES_FLOW":"0","DES_VELO":"0","US_BLE":"130.06","DS_BLE":"129.88","CITY_ID":"10004","KEYIN_DATE":"20160330"}},{"type":"Feature","geometry":{"type":"LineString","coordinates":[[121.0546518905019,24.70021673451209],[121.0547559395417,24.70042140525765]]},"properties":{"name":"2","FID":"342","SSEW_CAT":"2","PI_NUM":"1845-033-034","US_MH":"1845-033","DS_MH":"1845-034","PI_TYP":"5","PI_WIDT":"0","PI_WIDB":"0","PI_HEI":"1","PI_LENG":"25","PI_MAT":"RCP","PI_THICK":"0","PI_SLOP":"0.02","DES_FLOW":"0","DES_VELO":"0","US_BLE":"129.88","DS_BLE":"129.43","CITY_ID":"10004","KEYIN_DATE":"20160330"}},{"type":"Feature","geometry":{"type":"LineString","coordinates":[[121.054555909645,24.70004234315806],[121.0546518905019,24.70021673451209]]},"properties":{"name":"2","FID":"343","SSEW_CAT":"2","PI_NUM":"1845-034-035","US_MH":"1845-034","DS_MH":"1845-035","PI_TYP":"5","PI_WIDT":"0","PI_WIDB":"0","PI_HEI":"1","PI_LENG":"21.6","PI_MAT":"RCP","PI_THICK":"0","PI_SLOP":"0.01","DES_FLOW":"0","DES_VELO":"0","US_BLE":"129.43","DS_BLE":"129.24","CITY_ID":"10004","KEYIN_DATE":"20160330"}},{"type":"Feature","geometry":{"type":"LineString","coordinates":[[121.0544514993724,24.69984640318785],[121.054555909645,24.70004234315806]]},"properties":{"name":"1","FID":"344","SSEW_CAT":"1","PI_NUM":"1845-035-036","US_MH":"1845-035","DS_MH":"1845-036","PI_TYP":"5","PI_WIDT":"0","PI_WIDB":"0","PI_HEI":"1.2","PI_LENG":"24.1","PI_MAT":"RCP","PI_THICK":"0","PI_SLOP":"0.01","DES_FLOW":"0","DES_VELO":"0","US_BLE":"129.24","DS_BLE":"129.03","CITY_ID":"10004","KEYIN_DATE":"20160330","NOTE":"上游人孔無法開啟，無法縱走"}},{"type":"Feature","geometry":{"type":"LineString","coordinates":[[121.0549179861675,24.70072410684854],[121.0561022210572,24.70073786203131]]},"properties":{"name":"2","FID":"345","SSEW_CAT":"2","PI_NUM":"1845-017-F02","US_MH":"1845-017","DS_MH":"1845-F02","PI_TYP":"5","PI_WIDT":"0","PI_WIDB":"0","PI_HEI":"0.7","PI_LENG":"119.8","PI_MAT":"RCP","PI_THICK":"0","PI_SLOP":"0.01","DES_FLOW":"0","DES_VELO":"0","US_BLE":"131.21","DS_BLE":"130.28","CITY_ID":"10004","KEYIN_DATE":"20160330"}},{"type":"Feature","geometry":{"type":"LineString","coordinates":[[121.0504270465493,24.70596655888252],[121.05041534784,24.70580298920667]]},"properties":{"name":"2","FID":"346","SSEW_CAT":"2","PI_NUM":"1746-003-F02","US_MH":"1746-003","DS_MH":"1746-F02","PI_TYP":"5","PI_WIDT":"0","PI_WIDB":"0","PI_HEI":"0.7","PI_LENG":"18.2","PI_MAT":"RCP","PI_THICK":"0","PI_SLOP":"0.07","DES_FLOW":"0","DES_VELO":"0","US_BLE":"121.16","DS_BLE":"119.88","CITY_ID":"10004","KEYIN_DATE":"20160331"}},{"type":"Feature","geometry":{"type":"LineString","coordinates":[[121.0568992251858,24.69841816826258],[121.0571541877726,24.69866498948348]]},"properties":{"name":"2","FID":"347","SSEW_CAT":"2","PI_NUM":"1845-F01-008","US_MH":"1845-F01","DS_MH":"1845-008","PI_TYP":"5","PI_WIDT":"0","PI_WIDB":"0","PI_HEI":"0.7","PI_LENG":"37.6","PI_MAT":"RCP","PI_THICK":"0","PI_SLOP":"0.01","DES_FLOW":"0","DES_VELO":"0","US_BLE":"135.59","DS_BLE":"135.32","CITY_ID":"10004","KEYIN_DATE":"20160330"}},{"type":"Feature","geometry":{"type":"LineString","coordinates":[[121.056208993855,24.69775582682262],[121.0563356610962,24.69781945004421]]},"properties":{"name":"2","FID":"348","SSEW_CAT":"2","PI_NUM":"1844-F02-002","US_MH":"1844-F02","DS_MH":"1844-002","PI_TYP":"5","PI_WIDT":"0","PI_WIDB":"0","PI_HEI":"0.8","PI_LENG":"14.7","PI_MAT":"RCP","PI_THICK":"0","PI_SLOP":"0.02","DES_FLOW":"0","DES_VELO":"0","US_BLE":"132.52","DS_BLE":"132.27","CITY_ID":"10004","KEYIN_DATE":"20160330"}},{"type":"Feature","geometry":{"type":"LineString","coordinates":[[121.0547798643112,24.70050704317308],[121.0549179861675,24.70072410684854]]},"properties":{"name":"2","FID":"349","SSEW_CAT":"2","PI_NUM":"1845-F02-016","US_MH":"1845-F02","DS_MH":"1845-016","PI_TYP":"5","PI_WIDT":"0","PI_WIDB":"0","PI_HEI":"0.7","PI_LENG":"27.8","PI_MAT":"RCP","PI_THICK":"0","PI_SLOP":"0.01","DES_FLOW":"0","DES_VELO":"0","US_BLE":"130.28","DS_BLE":"130.06","CITY_ID":"10004","KEYIN_DATE":"20160330"}},{"type":"Feature","geometry":{"type":"LineString","coordinates":[[121.0520191949073,24.70260783966359],[121.0519901250897,24.70276661109243]]},"properties":{"name":"2","FID":"350","SSEW_CAT":"2","PI_NUM":"1745-F01-005","US_MH":"1745-F01","DS_MH":"1745-005","PI_TYP":"5","PI_WIDT":"0","PI_WIDB":"0","PI_HEI":"1","PI_LENG":"17.5","PI_MAT":"RCP","PI_THICK":"0","PI_SLOP":"0.01","DES_FLOW":"0","DES_VELO":"0","US_BLE":"122.16","DS_BLE":"122.07","CITY_ID":"10004","KEYIN_DATE":"20160331"}},{"type":"Feature","geometry":{"type":"LineString","coordinates":[[121.050221745802,24.70692504602568],[121.0504270465493,24.70596655888252]]},"properties":{"name":"2","FID":"351","SSEW_CAT":"2","PI_NUM":"1746-F02-F03","US_MH":"1746-F02","DS_MH":"1746-F03","PI_TYP":"5","PI_WIDT":"0","PI_WIDB":"0","PI_HEI":"0.7","PI_LENG":"108.2","PI_MAT":"RCP","PI_THICK":"0","PI_SLOP":"0.07","DES_FLOW":"0","DES_VELO":"0","US_BLE":"119.88","DS_BLE":"112.28","CITY_ID":"10004","KEYIN_DATE":"20160331"}},{"type":"Feature","geometry":{"type":"LineString","coordinates":[[121.0495169222249,24.7071315326749],[121.050221745802,24.70692504602568]]},"properties":{"name":"2","FID":"352","SSEW_CAT":"2","PI_NUM":"1746-F03-F04","US_MH":"1746-F03","DS_MH":"1746-F04","PI_TYP":"5","PI_WIDT":"0","PI_WIDB":"0","PI_HEI":"0.7","PI_LENG":"74.9","PI_MAT":"RCP","PI_THICK":"0","PI_SLOP":"0.07","DES_FLOW":"0","DES_VELO":"0","US_BLE":"112.28","DS_BLE":"107.01","CITY_ID":"10004","KEYIN_DATE":"20160331"}},{"type":"Feature","geometry":{"type":"LineString","coordinates":[[121.0493729076071,24.70730431787367],[121.0495169222249,24.7071315326749]]},"properties":{"name":"2","FID":"353","SSEW_CAT":"2","PI_NUM":"1746-F04-R01","US_MH":"1746-F04","DS_MH":"1746-R01","PI_TYP":"5","PI_WIDT":"0","PI_WIDB":"0","PI_HEI":"0.7","PI_LENG":"24.4","PI_MAT":"RCP","PI_THICK":"0","PI_SLOP":"0.07","DES_FLOW":"0","DES_VELO":"0","US_BLE":"107.01","DS_BLE":"105.3","CITY_ID":"10004","KEYIN_DATE":"20160331"}},{"type":"Feature","geometry":{"type":"LineString","coordinates":[[121.0766589751953,24.78219953323527],[121.0766047988589,24.7821485762289]]},"properties":{"name":"1","FID":"354","SSEW_CAT":"1","PI_NUM":"2060-004-R01","US_MH":"2060-004","DS_MH":"2060-R01","PI_TYP":"1","PI_WIDT":"0","PI_WIDB":"0","PI_HEI":"1.51","PI_LENG":"6.3","PI_MAT":"RCB","PI_THICK":"0","PI_SLOP":"0.01","DES_FLOW":"0","DES_VELO":"0","US_BLE":"78.83","DS_BLE":"78.75","CITY_ID":"10004","KEYIN_DATE":"20160307"}},{"type":"Feature","geometry":{"type":"LineString","coordinates":[[121.0816371326288,24.77474111001991],[121.0819858409222,24.77506542721966]]},"properties":{"name":"2","FID":"355","SSEW_CAT":"2","PI_NUM":"2159-003-002","US_MH":"2159-003","DS_MH":"2159-002","PI_TYP":"5","PI_WIDT":"0","PI_WIDB":"0","PI_HEI":"1","PI_LENG":"50.3","PI_MAT":"RCP","PI_THICK":"0","PI_SLOP":"0.01","DES_FLOW":"0","DES_VELO":"0","US_BLE":"92.07","DS_BLE":"91.46","CITY_ID":"10004","KEYIN_DATE":"20160307"}},{"type":"Feature","geometry":{"type":"LineString","coordinates":[[121.0819844996962,24.7741224035904],[121.0816371326288,24.77474111001991]]},"properties":{"name":"2","FID":"356","SSEW_CAT":"2","PI_NUM":"2159-002-001","US_MH":"2159-002","DS_MH":"2159-001","PI_TYP":"5","PI_WIDT":"0","PI_WIDB":"0","PI_HEI":"1","PI_LENG":"77","PI_MAT":"RCP","PI_THICK":"0","PI_SLOP":"0.01","DES_FLOW":"0","DES_VELO":"0","US_BLE":"91.46","DS_BLE":"90.54","CITY_ID":"10004","KEYIN_DATE":"20160307"}},{"type":"Feature","geometry":{"type":"LineString","coordinates":[[121.0824965760705,24.77319638777161],[121.0819844996962,24.7741224035904]]},"properties":{"name":"2","FID":"357","SSEW_CAT":"2","PI_NUM":"2159-001-2158-002","US_MH":"2159-001","DS_MH":"2158-002","PI_TYP":"5","PI_WIDT":"0","PI_WIDB":"0","PI_HEI":"1","PI_LENG":"114.9","PI_MAT":"RCP","PI_THICK":"0","PI_SLOP":"0.01","DES_FLOW":"0","DES_VELO":"0","US_BLE":"90.54","DS_BLE":"89.16","CITY_ID":"10004","KEYIN_DATE":"20160307"}},{"type":"Feature","geometry":{"type":"LineString","coordinates":[[121.0827450914064,24.77304728695762],[121.0824965760705,24.77319638777161]]},"properties":{"name":"2","FID":"358","SSEW_CAT":"2","PI_NUM":"2158-002-F01","US_MH":"2158-002","DS_MH":"2158-F01","PI_TYP":"5","PI_WIDT":"0","PI_WIDB":"0","PI_HEI":"1","PI_LENG":"30.1","PI_MAT":"RCP","PI_THICK":"0","PI_SLOP":"0.01","DES_FLOW":"0","DES_VELO":"0","US_BLE":"89.16","DS_BLE":"88.8","CITY_ID":"10004","KEYIN_DATE":"20160307"}},{"type":"Feature","geometry":{"type":"LineString","coordinates":[[121.0829454225339,24.77275591185066],[121.0827731940384,24.77303043299375]]},"properties":{"name":"1","FID":"359","SSEW_CAT":"1","PI_NUM":"2158-001-R01","US_MH":"2158-001","DS_MH":"2158-R01","PI_TYP":"1","PI_WIDT":"0","PI_WIDB":"0","PI_HEI":"2.01","PI_LENG":"29.9","PI_MAT":"RCB","PI_THICK":"0","PI_SLOP":"0.07","DES_FLOW":"0","DES_VELO":"0","US_BLE":"87.99","DS_BLE":"85.88","CITY_ID":"10004","KEYIN_DATE":"20160331","NOTE":"數根私接排水管"}},{"type":"Feature","geometry":{"type":"LineString","coordinates":[[121.0827731940384,24.77303043299375],[121.0827450914064,24.77304728695762]]},"properties":{"name":"1","FID":"360","SSEW_CAT":"1","PI_NUM":"2158-F01-001","US_MH":"2158-F01","DS_MH":"2158-001","PI_TYP":"1","PI_WIDT":"0","PI_WIDB":"0","PI_HEI":"2.04","PI_LENG":"3.4","PI_MAT":"RCB","PI_THICK":"0","PI_SLOP":"0.01","DES_FLOW":"0","DES_VELO":"0","US_BLE":"88.02","DS_BLE":"87.99","CITY_ID":"10004","KEYIN_DATE":"20160331","NOTE":"數根私接排水管"}},{"type":"Feature","geometry":{"type":"LineString","coordinates":[[121.0562814836813,24.89977695202715],[121.0563404230756,24.8993879277645]]},"properties":{"name":"1","FID":"361","SSEW_CAT":"1","PI_NUM":"1882-001-004","US_MH":"1882-001","DS_MH":"1882-004","PI_TYP":"1","PI_WIDT":"0","PI_WIDB":"0","PI_HEI":"2.5","PI_LENG":"41.8","PI_MAT":"RCB","PI_THICK":"0","PI_SLOP":"0.01","DES_FLOW":"0","DES_VELO":"0","US_BLE":"91","DS_BLE":"90.55","CITY_ID":"10004","KEYIN_DATE":"20160423"}},{"type":"Feature","geometry":{"type":"LineString","coordinates":[[121.0560291153104,24.90230528878856],[121.0560598611004,24.90158057770257]]},"properties":{"name":"1","FID":"362","SSEW_CAT":"1","PI_NUM":"1882-002-007","US_MH":"1882-002","DS_MH":"1882-007","PI_TYP":"1","PI_WIDT":"0","PI_WIDB":"0","PI_HEI":"2","PI_LENG":"80.5","PI_MAT":"RCB","PI_THICK":"0","PI_SLOP":"0","DES_FLOW":"0","DES_VELO":"0","US_BLE":"89.42","DS_BLE":"89.08","CITY_ID":"10004","KEYIN_DATE":"20160423","NOTE":"數根私接排水管"}},{"type":"Feature","geometry":{"type":"LineString","coordinates":[[121.0563121123606,24.9042746947064],[121.0560070187108,24.9036829555135]]},"properties":{"name":"1","FID":"363","SSEW_CAT":"1","PI_NUM":"1882-003-1883-002","US_MH":"1882-003","DS_MH":"1883-002","PI_TYP":"1","PI_WIDT":"0","PI_WIDB":"0","PI_HEI":"2","PI_LENG":"72.5","PI_MAT":"RCB","PI_THICK":"0","PI_SLOP":"-0.01","DES_FLOW":"0","DES_VELO":"0","US_BLE":"88.36","DS_BLE":"89.42","CITY_ID":"10004","KEYIN_DATE":"20160423","NOTE":"箱涵轉變"}},{"type":"Feature","geometry":{"type":"LineString","coordinates":[[121.0561700904746,24.90047389496225],[121.0562814836813,24.89977695202715]]},"properties":{"name":"1","FID":"364","SSEW_CAT":"1","PI_NUM":"1882-004-005","US_MH":"1882-004","DS_MH":"1882-005","PI_TYP":"1","PI_WIDT":"0","PI_WIDB":"0","PI_HEI":"2.52","PI_LENG":"77.8","PI_MAT":"RCB","PI_THICK":"0","PI_SLOP":"0.01","DES_FLOW":"0","DES_VELO":"0","US_BLE":"90.55","DS_BLE":"90.04","CITY_ID":"10004","KEYIN_DATE":"20160423","NOTE":"數根私接排水管"}},{"type":"Feature","geometry":{"type":"LineString","coordinates":[[121.0560784693728,24.90116023086175],[121.0561700904746,24.90047389496225]]},"properties":{"name":"1","FID":"365","SSEW_CAT":"1","PI_NUM":"1882-005-006","US_MH":"1882-005","DS_MH":"1882-006","PI_TYP":"1","PI_WIDT":"0","PI_WIDB":"0","PI_HEI":"2.5","PI_LENG":"77.2","PI_MAT":"RCB","PI_THICK":"0","PI_SLOP":"0.01","DES_FLOW":"0","DES_VELO":"0","US_BLE":"90.04","DS_BLE":"89.65","CITY_ID":"10004","KEYIN_DATE":"20160423","NOTE":"數根私接排水管"}},{"type":"Feature","geometry":{"type":"LineString","coordinates":[[121.0560733711814,24.90126928802473],[121.0560784693728,24.90116023086175]]},"properties":{"name":"1","FID":"366","SSEW_CAT":"1","PI_NUM":"1882-006-F04","US_MH":"1882-006","DS_MH":"1882-F04","PI_TYP":"1","PI_WIDT":"0","PI_WIDB":"0","PI_HEI":"2.03","PI_LENG":"10.8","PI_MAT":"RCB","PI_THICK":"0","PI_SLOP":"0.01","DES_FLOW":"0","DES_VELO":"0","US_BLE":"89.65","DS_BLE":"89.59","CITY_ID":"10004","KEYIN_DATE":"20160423"}},{"type":"Feature","geometry":{"type":"LineString","coordinates":[[121.0559957751578,24.90302901666588],[121.0560291153104,24.90230528878856]]},"properties":{"name":"1","FID":"367","SSEW_CAT":"1","PI_NUM":"1882-007-008","US_MH":"1882-007","DS_MH":"1882-008","PI_TYP":"1","PI_WIDT":"0","PI_WIDB":"0","PI_HEI":"1.99","PI_LENG":"80.1","PI_MAT":"RCB","PI_THICK":"0","PI_SLOP":"0.01","DES_FLOW":"0","DES_VELO":"0","US_BLE":"89.08","DS_BLE":"88.69","CITY_ID":"10004","KEYIN_DATE":"20160423"}},{"type":"Feature","geometry":{"type":"LineString","coordinates":[[121.0559943027355,24.9030565992781],[121.0559957751578,24.90302901666588]]},"properties":{"name":"1","FID":"368","SSEW_CAT":"1","PI_NUM":"1882-008-F06","US_MH":"1882-008","DS_MH":"1882-F06","PI_TYP":"1","PI_WIDT":"0","PI_WIDB":"0","PI_HEI":"1.99","PI_LENG":"2.2","PI_MAT":"RCB","PI_THICK":"0","PI_SLOP":"0","DES_FLOW":"0","DES_VELO":"0","US_BLE":"88.69","DS_BLE":"88.68","CITY_ID":"10004","KEYIN_DATE":"20160423"}},{"type":"Feature","geometry":{"type":"LineString","coordinates":[[121.0562652779492,24.89925000061201],[121.0562719279242,24.899217139774]]},"properties":{"name":"1","FID":"369","SSEW_CAT":"1","PI_NUM":"1882-F10-F02","US_MH":"1882-F10","DS_MH":"1882-F02","PI_TYP":"2","PI_WIDT":"0","PI_WIDB":"0","PI_HEI":"2.03","PI_LENG":"3.8","PI_MAT":"RCB","PI_THICK":"0","PI_SLOP":"0.01","DES_FLOW":"0","DES_VELO":"0","US_BLE":"91.16","DS_BLE":"91.12","CITY_ID":"10004","KEYIN_DATE":"20160423","NOTE":"右側箱涵，明溝入水"}},{"type":"Feature","geometry":{"type":"LineString","coordinates":[[121.0562652779492,24.89925000061201],[121.056255000787,24.8992233252638]]},"properties":{"name":"1","FID":"370","SSEW_CAT":"1","PI_NUM":"1882-F01-F02","US_MH":"1882-F01","DS_MH":"1882-F02","PI_TYP":"2","PI_WIDT":"0","PI_WIDB":"0","PI_HEI":"2.02","PI_LENG":"3.8","PI_MAT":"RCB","PI_THICK":"0","PI_SLOP":"0.01","DES_FLOW":"0","DES_VELO":"0","US_BLE":"91.16","DS_BLE":"91.12","CITY_ID":"10004","KEYIN_DATE":"20160423","NOTE":"左側箱涵，明溝入水"}},{"type":"Feature","geometry":{"type":"LineString","coordinates":[[121.0563056094958,24.89932377534369],[121.0562652779492,24.89925000061201]]},"properties":{"name":"1","FID":"371","SSEW_CAT":"1","PI_NUM":"1882-F02-F03","US_MH":"1882-F02","DS_MH":"1882-F03","PI_TYP":"1","PI_WIDT":"0","PI_WIDB":"0","PI_HEI":"1.5","PI_LENG":"8.5","PI_MAT":"RCB","PI_THICK":"0","PI_SLOP":"0.01","DES_FLOW":"0","DES_VELO":"0","US_BLE":"91.12","DS_BLE":"91.04","CITY_ID":"10004","KEYIN_DATE":"20160423","NOTE":"箱涵轉變"}},{"type":"Feature","geometry":{"type":"LineString","coordinates":[[121.0563320569652,24.89936258791878],[121.0563056094958,24.89932377534369]]},"properties":{"name":"1","FID":"372","SSEW_CAT":"1","PI_NUM":"1882-F03-F11","US_MH":"1882-F03","DS_MH":"1882-F11","PI_TYP":"2","PI_WIDT":"0","PI_WIDB":"0","PI_HEI":"2.08","PI_LENG":"4.7","PI_MAT":"RCB","PI_THICK":"0","PI_SLOP":"0.01","DES_FLOW":"0","DES_VELO":"0","US_BLE":"91.04","DS_BLE":"90.99","CITY_ID":"10004","KEYIN_DATE":"20160423","NOTE":"右側箱涵"}},{"type":"Feature","geometry":{"type":"LineString","coordinates":[[121.0563272466205,24.89936365509806],[121.0563056094958,24.89932377534369]]},"properties":{"name":"1","FID":"373","SSEW_CAT":"1","PI_NUM":"1882-F03-F08","US_MH":"1882-F03","DS_MH":"1882-F08","PI_TYP":"2","PI_WIDT":"0","PI_WIDB":"0","PI_HEI":"2.05","PI_LENG":"4.8","PI_MAT":"RCB","PI_THICK":"0","PI_SLOP":"0.01","DES_FLOW":"0","DES_VELO":"0","US_BLE":"91.04","DS_BLE":"90.99","CITY_ID":"10004","KEYIN_DATE":"20160423","NOTE":"左側箱涵"}},{"type":"Feature","geometry":{"type":"LineString","coordinates":[[121.0560598611004,24.90158057770257],[121.0560733711814,24.90126928802473]]},"properties":{"name":"1","FID":"374","SSEW_CAT":"1","PI_NUM":"1882-F04-002","US_MH":"1882-F04","DS_MH":"1882-002","PI_TYP":"1","PI_WIDT":"0","PI_WIDB":"0","PI_HEI":"2.02","PI_LENG":"33.1","PI_MAT":"RCB","PI_THICK":"0","PI_SLOP":"0.01","DES_FLOW":"0","DES_VELO":"0","US_BLE":"89.59","DS_BLE":"89.42","CITY_ID":"10004","KEYIN_DATE":"20160423","NOTE":"數根私接排水管"}},{"type":"Feature","geometry":{"type":"LineString","coordinates":[[121.0560733711814,24.90126928802473],[121.0561085522175,24.90126944633976]]},"properties":{"name":"1","FID":"375","SSEW_CAT":"1","PI_NUM":"1882-F05-F04","US_MH":"1882-F05","DS_MH":"1882-F04","PI_TYP":"1","PI_WIDT":"0","PI_WIDB":"0","PI_HEI":"1.67","PI_LENG":"3.2","PI_MAT":"RCB","PI_THICK":"0","PI_SLOP":"0","DES_FLOW":"0","DES_VELO":"0","US_BLE":"89.6","DS_BLE":"89.59","CITY_ID":"10004","KEYIN_DATE":"20160423","NOTE":"滯洪池入水"}},{"type":"Feature","geometry":{"type":"LineString","coordinates":[[121.0559750533853,24.90357121277827],[121.0559943027355,24.9030565992781]]},"properties":{"name":"1","FID":"376","SSEW_CAT":"1","PI_NUM":"1882-F06-F09","US_MH":"1882-F06","DS_MH":"1882-F09","PI_TYP":"1","PI_WIDT":"0","PI_WIDB":"0","PI_HEI":"1.99","PI_LENG":"57","PI_MAT":"RCB","PI_THICK":"0","PI_SLOP":"0","DES_FLOW":"0","DES_VELO":"0","US_BLE":"88.68","DS_BLE":"88.42","CITY_ID":"10004","KEYIN_DATE":"20160423","NOTE":"此縱走帶為1882-F06-003"}},{"type":"Feature","geometry":{"type":"LineString","coordinates":[[121.0559943027355,24.9030565992781],[121.0562304006041,24.90302143476515]]},"properties":{"name":"1","FID":"377","SSEW_CAT":"1","PI_NUM":"1882-F07-F06","US_MH":"1882-F07","DS_MH":"1882-F06","PI_TYP":"1","PI_WIDT":"0","PI_WIDB":"0","PI_HEI":"1.52","PI_LENG":"25.9","PI_MAT":"RCB","PI_THICK":"0","PI_SLOP":"0","DES_FLOW":"0","DES_VELO":"0","US_BLE":"88.7","DS_BLE":"88.68","CITY_ID":"10004","KEYIN_DATE":"20160423","NOTE":"箱涵轉變"}},{"type":"Feature","geometry":{"type":"LineString","coordinates":[[121.0565545106266,24.90476581636944],[121.0563121123606,24.9042746947064]]},"properties":{"name":"1","FID":"378","SSEW_CAT":"1","PI_NUM":"1883-002-003","US_MH":"1883-002","DS_MH":"1883-003","PI_TYP":"1","PI_WIDT":"0","PI_WIDB":"0","PI_HEI":"2.41","PI_LENG":"59.1","PI_MAT":"RCB","PI_THICK":"0","PI_SLOP":"0.03","DES_FLOW":"0","DES_VELO":"0","US_BLE":"89.42","DS_BLE":"87.81","CITY_ID":"10004","KEYIN_DATE":"20160423"}},{"type":"Feature","geometry":{"type":"LineString","coordinates":[[121.0568280007236,24.90540000031602],[121.0565545106266,24.90476581636944]]},"properties":{"name":"1","FID":"379","SSEW_CAT":"1","PI_NUM":"1883-003-R01","US_MH":"1883-003","DS_MH":"1883-R01","PI_TYP":"1","PI_WIDT":"0","PI_WIDB":"0","PI_HEI":"2.46","PI_LENG":"76.7","PI_MAT":"RCB","PI_THICK":"0","PI_SLOP":"0.01","DES_FLOW":"0","DES_VELO":"0","US_BLE":"87.81","DS_BLE":"86.69","CITY_ID":"10004","KEYIN_DATE":"20160423","NOTE":"箱涵轉變，數根私接排水管"}},{"type":"Feature","geometry":{"type":"LineString","coordinates":[[121.0431182062078,24.90070909658415],[121.0436076961573,24.90166009784559]]},"properties":{"name":"1","FID":"380","SSEW_CAT":"1","PI_NUM":"1682-004-022","US_MH":"1682-004","DS_MH":"1682-022","PI_TYP":"1","PI_WIDT":"0","PI_WIDB":"0","PI_HEI":"1.82","PI_LENG":"115.7","PI_MAT":"RCB","PI_THICK":"0","PI_SLOP":"0.01","DES_FLOW":"0","DES_VELO":"0","US_BLE":"71.72","DS_BLE":"71.13","CITY_ID":"10004","KEYIN_DATE":"20160425","NOTE":"數根私接排水管"}},{"type":"Feature","geometry":{"type":"LineString","coordinates":[[121.0436076961573,24.90166009784559],[121.0440344737267,24.90238991766622]]},"properties":{"name":"1","FID":"381","SSEW_CAT":"1","PI_NUM":"1682-005-004","US_MH":"1682-005","DS_MH":"1682-004","PI_TYP":"1","PI_WIDT":"0","PI_WIDB":"0","PI_HEI":"1.82","PI_LENG":"91.5","PI_MAT":"RCB","PI_THICK":"0","PI_SLOP":"0.01","DES_FLOW":"0","DES_VELO":"0","US_BLE":"72.14","DS_BLE":"71.72","CITY_ID":"10004","KEYIN_DATE":"20160425"}},{"type":"Feature","geometry":{"type":"LineString","coordinates":[[121.0449019441959,24.9038545329574],[121.0457675267756,24.90341937621967]]},"properties":{"name":"1","FID":"382","SSEW_CAT":"1","PI_NUM":"1682-011-1683-008","US_MH":"1682-011","DS_MH":"1683-008","PI_TYP":"1","PI_WIDT":"0","PI_WIDB":"0","PI_HEI":"1.5","PI_LENG":"91.6","PI_MAT":"RCP","PI_THICK":"0","PI_SLOP":"0","DES_FLOW":"0","DES_VELO":"0","US_BLE":"74.3","DS_BLE":"73.96","CITY_ID":"10004","KEYIN_DATE":"20160425","NOTE":"預留孔□1.95*2.4m"}},{"type":"Feature","geometry":{"type":"LineString","coordinates":[[121.0440344737267,24.90238991766622],[121.044441040613,24.90308736601589]]},"properties":{"name":"1","FID":"383","SSEW_CAT":"1","PI_NUM":"1682-021-005","US_MH":"1682-021","DS_MH":"1682-005","PI_TYP":"1","PI_WIDT":"0","PI_WIDB":"0","PI_HEI":"1.83","PI_LENG":"108.6","PI_MAT":"RCB","PI_THICK":"0","PI_SLOP":"0.01","DES_FLOW":"0","DES_VELO":"0","US_BLE":"73.17","DS_BLE":"72.14","CITY_ID":"10004","KEYIN_DATE":"20160425"}},{"type":"Feature","geometry":{"type":"LineString","coordinates":[[121.0426703375309,24.89984145991085],[121.0431182062078,24.90070909658415]]},"properties":{"name":"1","FID":"384","SSEW_CAT":"1","PI_NUM":"1682-022-023","US_MH":"1682-022","DS_MH":"1682-023","PI_TYP":"1","PI_WIDT":"0","PI_WIDB":"0","PI_HEI":"1.83","PI_LENG":"105.2","PI_MAT":"RCB","PI_THICK":"0","PI_SLOP":"0.01","DES_FLOW":"0","DES_VELO":"0","US_BLE":"71.13","DS_BLE":"70.55","CITY_ID":"10004","KEYIN_DATE":"20160425","NOTE":"數根私接排水管"}},{"type":"Feature","geometry":{"type":"LineString","coordinates":[[121.0425387235121,24.89955637737974],[121.0426703375309,24.89984145991085]]},"properties":{"name":"1","FID":"385","SSEW_CAT":"1","PI_NUM":"1682-023-F01","US_MH":"1682-023","DS_MH":"1682-F01","PI_TYP":"1","PI_WIDT":"0","PI_WIDB":"0","PI_HEI":"1.83","PI_LENG":"34.3","PI_MAT":"RCB","PI_THICK":"0","PI_SLOP":"0.02","DES_FLOW":"0","DES_VELO":"0","US_BLE":"70.55","DS_BLE":"69.98","CITY_ID":"10004","KEYIN_DATE":"20160425","NOTE":"坡道跌降，無法縱走，此縱走帶為1682-023-R02"}},{"type":"Feature","geometry":{"type":"LineString","coordinates":[[121.0448863360184,24.90386237439013],[121.0449019441959,24.9038545329574]]},"properties":{"name":"1","FID":"386","SSEW_CAT":"1","PI_NUM":"1683-008-F01","US_MH":"1683-008","DS_MH":"1683-F01","PI_TYP":"1","PI_WIDT":"0","PI_WIDB":"0","PI_HEI":"2.01","PI_LENG":"1.6","PI_MAT":"RCB","PI_THICK":"0","PI_SLOP":"0.01","DES_FLOW":"0","DES_VELO":"0","US_BLE":"73.77","DS_BLE":"73.76","CITY_ID":"10004","KEYIN_DATE":"20160425"}},{"type":"Feature","geometry":{"type":"LineString","coordinates":[[121.044441040613,24.90308736601589],[121.0448863360184,24.90386237439013]]},"properties":{"name":"1","FID":"387","SSEW_CAT":"1","PI_NUM":"1683-F01-1682-021","US_MH":"1683-F01","DS_MH":"1682-021","PI_TYP":"1","PI_WIDT":"0","PI_WIDB":"0","PI_HEI":"2.29","PI_LENG":"73.7","PI_MAT":"RCB","PI_THICK":"0","PI_SLOP":"0.01","DES_FLOW":"0","DES_VELO":"0","US_BLE":"73.76","DS_BLE":"73.17","CITY_ID":"10004","KEYIN_DATE":"20160425","NOTE":"箱涵轉變"}},{"type":"Feature","geometry":{"type":"LineString","coordinates":[[121.0460782452691,24.90327014784473],[121.0465053089203,24.90307203842308]]},"properties":{"name":"1","FID":"388","SSEW_CAT":"1","PI_NUM":"1782-004-024","US_MH":"1782-004","DS_MH":"1782-024","PI_TYP":"1","PI_WIDT":"0","PI_WIDB":"0","PI_HEI":"1.5","PI_LENG":"46.2","PI_MAT":"RCP","PI_THICK":"0","PI_SLOP":"0.01","DES_FLOW":"0","DES_VELO":"0","US_BLE":"75.04","DS_BLE":"74.59","CITY_ID":"10004","KEYIN_DATE":"20160425"}},{"type":"Feature","geometry":{"type":"LineString","coordinates":[[121.0468695061651,24.90288499842079],[121.0470956993247,24.90277688314669]]},"properties":{"name":"1","FID":"389","SSEW_CAT":"1","PI_NUM":"1782-005-022","US_MH":"1782-005","DS_MH":"1782-022","PI_TYP":"1","PI_WIDT":"0","PI_WIDB":"0","PI_HEI":"1.5","PI_LENG":"24.5","PI_MAT":"RCP","PI_THICK":"0","PI_SLOP":"0.01","DES_FLOW":"0","DES_VELO":"0","US_BLE":"75.82","DS_BLE":"75.51","CITY_ID":"10004","KEYIN_DATE":"20160425"}},{"type":"Feature","geometry":{"type":"LineString","coordinates":[[121.0478167184314,24.90243896988712],[121.0480063361622,24.90236483918768]]},"properties":{"name":"1","FID":"390","SSEW_CAT":"1","PI_NUM":"1782-007-019","US_MH":"1782-007","DS_MH":"1782-019","PI_TYP":"1","PI_WIDT":"0","PI_WIDB":"0","PI_HEI":"1.5","PI_LENG":"16.9","PI_MAT":"RCP","PI_THICK":"0","PI_SLOP":"0.01","DES_FLOW":"0","DES_VELO":"0","US_BLE":"78.15","DS_BLE":"77.99","CITY_ID":"10004","KEYIN_DATE":"20160425"}},{"type":"Feature","geometry":{"type":"LineString","coordinates":[[121.0480283476905,24.90235452155741],[121.0487618930427,24.90203941470147]]},"properties":{"name":"1","FID":"391","SSEW_CAT":"1","PI_NUM":"1782-008-F01","US_MH":"1782-008","DS_MH":"1782-F01","PI_TYP":"1","PI_WIDT":"0","PI_WIDB":"0","PI_HEI":"1.51","PI_LENG":"79.5","PI_MAT":"RCB","PI_THICK":"0","PI_SLOP":"0.01","DES_FLOW":"0","DES_VELO":"0","US_BLE":"79.13","DS_BLE":"78.14","CITY_ID":"10004","KEYIN_DATE":"20160425","NOTE":"箱涵轉變，數根私接排水管"}},{"type":"Feature","geometry":{"type":"LineString","coordinates":[[121.049182326723,24.90259320218991],[121.0495515992302,24.90320574485646]]},"properties":{"name":"1","FID":"392","SSEW_CAT":"1","PI_NUM":"1782-015-016","US_MH":"1782-015","DS_MH":"1782-016","PI_TYP":"1","PI_WIDT":"0","PI_WIDB":"0","PI_HEI":"1.51","PI_LENG":"77.2","PI_MAT":"RCB","PI_THICK":"0","PI_SLOP":"0.01","DES_FLOW":"0","DES_VELO":"0","US_BLE":"80.08","DS_BLE":"79.56","CITY_ID":"10004","KEYIN_DATE":"20160425","NOTE":"箱涵轉變"}},{"type":"Feature","geometry":{"type":"LineString","coordinates":[[121.0487618930427,24.90203941470147],[121.049182326723,24.90259320218991]]},"properties":{"name":"1","FID":"393","SSEW_CAT":"1","PI_NUM":"1782-016-008","US_MH":"1782-016","DS_MH":"1782-008","PI_TYP":"1","PI_WIDT":"0","PI_WIDB":"0","PI_HEI":"1.5","PI_LENG":"76.7","PI_MAT":"RCB","PI_THICK":"0","PI_SLOP":"0.01","DES_FLOW":"0","DES_VELO":"0","US_BLE":"79.56","DS_BLE":"79.13","CITY_ID":"10004","KEYIN_DATE":"20160425","NOTE":"箱涵轉變，數根私接排水管"}},{"type":"Feature","geometry":{"type":"LineString","coordinates":[[121.0495515992302,24.90320574485646],[121.0496513487859,24.90334419981864]]},"properties":{"name":"1","FID":"394","SSEW_CAT":"1","PI_NUM":"1782-017-015","US_MH":"1782-017","DS_MH":"1782-015","PI_TYP":"1","PI_WIDT":"0","PI_WIDB":"0","PI_HEI":"1.1","PI_LENG":"16.7","PI_MAT":"RCB","PI_THICK":"0","PI_SLOP":"0.03","DES_FLOW":"0","DES_VELO":"0","US_BLE":"80.55","DS_BLE":"80.08","CITY_ID":"10004","KEYIN_DATE":"20160425","NOTE":"箱涵轉變"}},{"type":"Feature","geometry":{"type":"LineString","coordinates":[[121.0493023777707,24.90268019729119],[121.0496513487859,24.90334419981864]]},"properties":{"name":"2","FID":"395","SSEW_CAT":"2","PI_NUM":"1782-017-018","US_MH":"1782-017","DS_MH":"1782-018","PI_TYP":"1","PI_WIDT":"0","PI_WIDB":"0","PI_HEI":"1","PI_LENG":"81.6","PI_MAT":"RCP","PI_THICK":"0","PI_SLOP":"0.01","DES_FLOW":"0","DES_VELO":"0","US_BLE":"80.55","DS_BLE":"79.88","CITY_ID":"10004","KEYIN_DATE":"20160425"}},{"type":"Feature","geometry":{"type":"LineString","coordinates":[[121.0475348625817,24.90256925091088],[121.0478167184314,24.90243896988712]]},"properties":{"name":"1","FID":"396","SSEW_CAT":"1","PI_NUM":"1782-019-020","US_MH":"1782-019","DS_MH":"1782-020","PI_TYP":"1","PI_WIDT":"0","PI_WIDB":"0","PI_HEI":"1.5","PI_LENG":"28.7","PI_MAT":"RCP","PI_THICK":"0","PI_SLOP":"0.03","DES_FLOW":"0","DES_VELO":"0","US_BLE":"77.93","DS_BLE":"76.98","CITY_ID":"10004","KEYIN_DATE":"20160425"}},{"type":"Feature","geometry":{"type":"LineString","coordinates":[[121.0472876191253,24.90268866817839],[121.0475348625817,24.90256925091088]]},"properties":{"name":"1","FID":"397","SSEW_CAT":"1","PI_NUM":"1782-020-021","US_MH":"1782-020","DS_MH":"1782-021","PI_TYP":"1","PI_WIDT":"0","PI_WIDB":"0","PI_HEI":"1.5","PI_LENG":"31.5","PI_MAT":"RCP","PI_THICK":"0","PI_SLOP":"0.01","DES_FLOW":"0","DES_VELO":"0","US_BLE":"76.55","DS_BLE":"76.37","CITY_ID":"10004","KEYIN_DATE":"20160425"}},{"type":"Feature","geometry":{"type":"LineString","coordinates":[[121.0470956993247,24.90277688314669],[121.0472876191253,24.90268866817839]]},"properties":{"name":"1","FID":"398","SSEW_CAT":"1","PI_NUM":"1782-021-005","US_MH":"1782-021","DS_MH":"1782-005","PI_TYP":"1","PI_WIDT":"0","PI_WIDB":"0","PI_HEI":"1.5","PI_LENG":"14.6","PI_MAT":"RCP","PI_THICK":"0","PI_SLOP":"0.05","DES_FLOW":"0","DES_VELO":"0","US_BLE":"76.36","DS_BLE":"75.67","CITY_ID":"10004","KEYIN_DATE":"20160425"}},{"type":"Feature","geometry":{"type":"LineString","coordinates":[[121.0466745378583,24.90297593138138],[121.0468695061651,24.90288499842079]]},"properties":{"name":"1","FID":"399","SSEW_CAT":"1","PI_NUM":"1782-022-023","US_MH":"1782-022","DS_MH":"1782-023","PI_TYP":"1","PI_WIDT":"0","PI_WIDB":"0","PI_HEI":"1.5","PI_LENG":"26.5","PI_MAT":"RCP","PI_THICK":"0","PI_SLOP":"-0.01","DES_FLOW":"0","DES_VELO":"0","US_BLE":"75.41","DS_BLE":"75.67","CITY_ID":"10004","KEYIN_DATE":"20160425"}},{"type":"Feature","geometry":{"type":"LineString","coordinates":[[121.0465053089203,24.90307203842308],[121.0466745378583,24.90297593138138]]},"properties":{"name":"1","FID":"400","SSEW_CAT":"1","PI_NUM":"1782-023-004","US_MH":"1782-023","DS_MH":"1782-004","PI_TYP":"1","PI_WIDT":"0","PI_WIDB":"0","PI_HEI":"1.5","PI_LENG":"12.5","PI_MAT":"RCP","PI_THICK":"0","PI_SLOP":"0.02","DES_FLOW":"0","DES_VELO":"0","US_BLE":"75.43","DS_BLE":"75.21","CITY_ID":"10004","KEYIN_DATE":"20160425"}},{"type":"Feature","geometry":{"type":"LineString","coordinates":[[121.0457675267756,24.90341937621967],[121.0460782452691,24.90327014784473]]},"properties":{"name":"1","FID":"401","SSEW_CAT":"1","PI_NUM":"1782-024-1682-011","US_MH":"1782-024","DS_MH":"1682-011","PI_TYP":"1","PI_WIDT":"0","PI_WIDB":"0","PI_HEI":"1.5","PI_LENG":"32.8","PI_MAT":"RCP","PI_THICK":"0","PI_SLOP":"0.01","DES_FLOW":"0","DES_VELO":"0","US_BLE":"74.58","DS_BLE":"74.26","CITY_ID":"10004","KEYIN_DATE":"20160425"}},{"type":"Feature","geometry":{"type":"LineString","coordinates":[[121.0480063361622,24.90236483918768],[121.0480283476905,24.90235452155741]]},"properties":{"name":"1","FID":"402","SSEW_CAT":"1","PI_NUM":"1782-F01-007","US_MH":"1782-F01","DS_MH":"1782-007","PI_TYP":"1","PI_WIDT":"0","PI_WIDB":"0","PI_HEI":"1.5","PI_LENG":"2.5","PI_MAT":"RCP","PI_THICK":"0","PI_SLOP":"0.01","DES_FLOW":"0","DES_VELO":"0","US_BLE":"78.14","DS_BLE":"78.11","CITY_ID":"10004","KEYIN_DATE":"20160425"}},{"type":"Feature","geometry":{"type":"LineString","coordinates":[[121.0377676131679,24.90122464788623],[121.0380357133591,24.90189102758702]]},"properties":{"name":"1","FID":"403","SSEW_CAT":"1","PI_NUM":"1582-003-004","US_MH":"1582-003","DS_MH":"1582-004","PI_TYP":"1","PI_WIDT":"0","PI_WIDB":"0","PI_HEI":"1.47","PI_LENG":"77.6","PI_MAT":"RCB","PI_THICK":"0","PI_SLOP":"0","DES_FLOW":"0","DES_VELO":"0","US_BLE":"64.67","DS_BLE":"64.4","CITY_ID":"10004","KEYIN_DATE":"20160427","NOTE":"數根私接排水管"}},{"type":"Feature","geometry":{"type":"LineString","coordinates":[[121.0376076812224,24.90081909188926],[121.0377676131679,24.90122464788623]]},"properties":{"name":"1","FID":"404","SSEW_CAT":"1","PI_NUM":"1582-004-R01","US_MH":"1582-004","DS_MH":"1582-R01","PI_TYP":"1","PI_WIDT":"0","PI_WIDB":"0","PI_HEI":"1.49","PI_LENG":"50.3","PI_MAT":"RCB","PI_THICK":"0","PI_SLOP":"0.01","DES_FLOW":"0","DES_VELO":"0","US_BLE":"64.4","DS_BLE":"64.05","CITY_ID":"10004","KEYIN_DATE":"20160427"}},{"type":"Feature","geometry":{"type":"LineString","coordinates":[[121.0380357133591,24.90189102758702],[121.0382603791294,24.9024606414024]]},"properties":{"name":"1","FID":"405","SSEW_CAT":"1","PI_NUM":"1682-002-1582-003","US_MH":"1682-002","DS_MH":"1582-003","PI_TYP":"1","PI_WIDT":"0","PI_WIDB":"0","PI_HEI":"1.48","PI_LENG":"66.3","PI_MAT":"RCB","PI_THICK":"0","PI_SLOP":"0","DES_FLOW":"0","DES_VELO":"0","US_BLE":"64.95","DS_BLE":"64.67","CITY_ID":"10004","KEYIN_DATE":"20160427","NOTE":"數根私接排水管"}},{"type":"Feature","geometry":{"type":"LineString","coordinates":[[121.0382603791294,24.9024606414024],[121.0385545179419,24.90309062852528]]},"properties":{"name":"1","FID":"406","SSEW_CAT":"1","PI_NUM":"1682-003-002","US_MH":"1682-003","DS_MH":"1682-002","PI_TYP":"1","PI_WIDT":"0","PI_WIDB":"0","PI_HEI":"1.5","PI_LENG":"68.3","PI_MAT":"RCB","PI_THICK":"0","PI_SLOP":"0","DES_FLOW":"0","DES_VELO":"0","US_BLE":"65.19","DS_BLE":"64.95","CITY_ID":"10004","KEYIN_DATE":"20160427"}},{"type":"Feature","geometry":{"type":"LineString","coordinates":[[121.0490621477328,24.89086158339757],[121.0493109528177,24.89037628201958]]},"properties":{"name":"1","FID":"407","SSEW_CAT":"1","PI_NUM":"1780-008-009","US_MH":"1780-008","DS_MH":"1780-009","PI_TYP":"1","PI_WIDT":"0","PI_WIDB":"0","PI_HEI":"1.23","PI_LENG":"55.7","PI_MAT":"RCB","PI_THICK":"0","PI_SLOP":"0.01","DES_FLOW":"0","DES_VELO":"0","US_BLE":"84.03","DS_BLE":"83.59","CITY_ID":"10004","KEYIN_DATE":"20160429"}},{"type":"Feature","geometry":{"type":"LineString","coordinates":[[121.0484452925196,24.89202182232113],[121.0490621477328,24.89086158339757]]},"properties":{"name":"2","FID":"408","SSEW_CAT":"2","PI_NUM":"1780-009-010","US_MH":"1780-009","DS_MH":"1780-010","PI_TYP":"1","PI_WIDT":"0","PI_WIDB":"0","PI_HEI":"1.21","PI_LENG":"140.5","PI_MAT":"RCB","PI_THICK":"0","PI_SLOP":"0.01","DES_FLOW":"0","DES_VELO":"0","US_BLE":"83.58","DS_BLE":"82.12","CITY_ID":"10004","KEYIN_DATE":"20160429"}},{"type":"Feature","geometry":{"type":"LineString","coordinates":[[121.0476316506714,24.89357881613507],[121.0484452925196,24.89202182232113]]},"properties":{"name":"1","FID":"409","SSEW_CAT":"1","PI_NUM":"1780-010-1781-007","US_MH":"1780-010","DS_MH":"1781-007","PI_TYP":"1","PI_WIDT":"0","PI_WIDB":"0","PI_HEI":"1.24","PI_LENG":"189.5","PI_MAT":"RCB","PI_THICK":"0","PI_SLOP":"0.01","DES_FLOW":"0","DES_VELO":"0","US_BLE":"82.12","DS_BLE":"80.42","CITY_ID":"10004","KEYIN_DATE":"20160429","NOTE":"箱涵轉變"}},{"type":"Feature","geometry":{"type":"LineString","coordinates":[[121.0471975815042,24.89439602510308],[121.0476316506714,24.89357881613507]]},"properties":{"name":"1","FID":"410","SSEW_CAT":"1","PI_NUM":"1781-007-008","US_MH":"1781-007","DS_MH":"1781-008","PI_TYP":"1","PI_WIDT":"0","PI_WIDB":"0","PI_HEI":"1.2","PI_LENG":"98.8","PI_MAT":"RCB","PI_THICK":"0","PI_SLOP":"0.01","DES_FLOW":"0","DES_VELO":"0","US_BLE":"80.36","DS_BLE":"79.44","CITY_ID":"10004","KEYIN_DATE":"20160429","NOTE":"數根私接排水管"}},{"type":"Feature","geometry":{"type":"LineString","coordinates":[[121.0466572083658,24.89540205209576],[121.0471975815042,24.89439602510308]]},"properties":{"name":"2","FID":"411","SSEW_CAT":"2","PI_NUM":"1781-008-009","US_MH":"1781-008","DS_MH":"1781-009","PI_TYP":"1","PI_WIDT":"0","PI_WIDB":"0","PI_HEI":"1.21","PI_LENG":"121.3","PI_MAT":"RCB","PI_THICK":"0","PI_SLOP":"0.01","DES_FLOW":"0","DES_VELO":"0","US_BLE":"79.41","DS_BLE":"78.49","CITY_ID":"10004","KEYIN_DATE":"20160429"}},{"type":"Feature","geometry":{"type":"LineString","coordinates":[[121.0463837398405,24.89592551991383],[121.0466572083658,24.89540205209576]]},"properties":{"name":"1","FID":"412","SSEW_CAT":"1","PI_NUM":"1781-009-010","US_MH":"1781-009","DS_MH":"1781-010","PI_TYP":"1","PI_WIDT":"0","PI_WIDB":"0","PI_HEI":"1.22","PI_LENG":"62.2","PI_MAT":"RCB","PI_THICK":"0","PI_SLOP":"0.01","DES_FLOW":"0","DES_VELO":"0","US_BLE":"78.45","DS_BLE":"77.9","CITY_ID":"10004","KEYIN_DATE":"20160429"}},{"type":"Feature","geometry":{"type":"LineString","coordinates":[[121.0460963421329,24.89647683541363],[121.0463837398405,24.89592551991383]]},"properties":{"name":"1","FID":"413","SSEW_CAT":"1","PI_NUM":"1781-010-1681-027","US_MH":"1781-010","DS_MH":"1681-027","PI_TYP":"1","PI_WIDT":"0","PI_WIDB":"0","PI_HEI":"1.23","PI_LENG":"65.2","PI_MAT":"RCB","PI_THICK":"0","PI_SLOP":"0.01","DES_FLOW":"0","DES_VELO":"0","US_BLE":"77.89","DS_BLE":"76.95","CITY_ID":"10004","KEYIN_DATE":"20160429"}},{"type":"Feature","geometry":{"type":"LineString","coordinates":[[121.0453333804213,24.89369101604486],[121.046402077065,24.8940853869098]]},"properties":{"name":"1","FID":"414","SSEW_CAT":"1","PI_NUM":"1781-012-1681-015","US_MH":"1781-012","DS_MH":"1681-015","PI_TYP":"1","PI_WIDT":"0","PI_WIDB":"0","PI_HEI":"1.24","PI_LENG":"85","PI_MAT":"RCB","PI_THICK":"0","PI_SLOP":"0.02","DES_FLOW":"0","DES_VELO":"0","US_BLE":"78.17","DS_BLE":"76.76","CITY_ID":"10004","KEYIN_DATE":"20160429"}},{"type":"Feature","geometry":{"type":"LineString","coordinates":[[121.0386203367429,24.89558107257362],[121.0373840931582,24.89509802816062]]},"properties":{"name":"1","FID":"415","SSEW_CAT":"1","PI_NUM":"1581-001-1681-019","US_MH":"1581-001","DS_MH":"1681-019","PI_TYP":"1","PI_WIDT":"0","PI_WIDB":"0","PI_HEI":"1.21","PI_LENG":"131.8","PI_MAT":"RCB","PI_THICK":"0","PI_SLOP":"0","DES_FLOW":"0","DES_VELO":"0","US_BLE":"68.5","DS_BLE":"68.31","CITY_ID":"10004","KEYIN_DATE":"20160430"}},{"type":"Feature","geometry":{"type":"LineString","coordinates":[[121.0403164481549,24.89329238442381],[121.0411481724711,24.89277347848914]]},"properties":{"name":"1","FID":"416","SSEW_CAT":"1","PI_NUM":"1680-F01-1681-016","US_MH":"1680-F01","DS_MH":"1681-016","PI_TYP":"1","PI_WIDT":"0","PI_WIDB":"0","PI_HEI":"1.19","PI_LENG":"103.7","PI_MAT":"RCB","PI_THICK":"0","PI_SLOP":"0.01","DES_FLOW":"0","DES_VELO":"0","US_BLE":"71.61","DS_BLE":"70.97","CITY_ID":"10004","KEYIN_DATE":"20160430"}},{"type":"Feature","geometry":{"type":"LineString","coordinates":[[121.0394569144478,24.89381797414672],[121.0403164481549,24.89329238442381]]},"properties":{"name":"1","FID":"417","SSEW_CAT":"1","PI_NUM":"1681-016-017","US_MH":"1681-016","DS_MH":"1681-017","PI_TYP":"1","PI_WIDT":"0","PI_WIDB":"0","PI_HEI":"1.17","PI_LENG":"104","PI_MAT":"RCB","PI_THICK":"0","PI_SLOP":"0.01","DES_FLOW":"0","DES_VELO":"0","US_BLE":"70.97","DS_BLE":"70.33","CITY_ID":"10004","KEYIN_DATE":"20160430"}},{"type":"Feature","geometry":{"type":"LineString","coordinates":[[121.038624372488,24.89433109256204],[121.0394569144478,24.89381797414672]]},"properties":{"name":"1","FID":"418","SSEW_CAT":"1","PI_NUM":"1681-017-018","US_MH":"1681-017","DS_MH":"1681-018","PI_TYP":"1","PI_WIDT":"0","PI_WIDB":"0","PI_HEI":"1.17","PI_LENG":"101.3","PI_MAT":"RCB","PI_THICK":"0","PI_SLOP":"0.01","DES_FLOW":"0","DES_VELO":"0","US_BLE":"70.33","DS_BLE":"69.53","CITY_ID":"10004","KEYIN_DATE":"20160430"}},{"type":"Feature","geometry":{"type":"LineString","coordinates":[[121.0373840931582,24.89509802816062],[121.038624372488,24.89433109256204]]},"properties":{"name":"1","FID":"419","SSEW_CAT":"1","PI_NUM":"1681-018-1581-001","US_MH":"1681-018","DS_MH":"1581-001","PI_TYP":"1","PI_WIDT":"0","PI_WIDB":"0","PI_HEI":"1.21","PI_LENG":"149.1","PI_MAT":"RCB","PI_THICK":"0","PI_SLOP":"0","DES_FLOW":"0","DES_VELO":"0","US_BLE":"69.53","DS_BLE":"69.3","CITY_ID":"10004","KEYIN_DATE":"20160430"}},{"type":"Feature","geometry":{"type":"LineString","coordinates":[[121.0396640058306,24.89625733195557],[121.0386203367429,24.89558107257362]]},"properties":{"name":"1","FID":"420","SSEW_CAT":"1","PI_NUM":"1681-019-020","US_MH":"1681-019","DS_MH":"1681-020","PI_TYP":"1","PI_WIDT":"0","PI_WIDB":"0","PI_HEI":"1.22","PI_LENG":"127.8","PI_MAT":"RCB","PI_THICK":"0","PI_SLOP":"0","DES_FLOW":"0","DES_VELO":"0","US_BLE":"68.36","DS_BLE":"67.83","CITY_ID":"10004","KEYIN_DATE":"20160430"}},{"type":"Feature","geometry":{"type":"LineString","coordinates":[[121.040593967739,24.89719667852124],[121.0396640058306,24.89625733195557]]},"properties":{"name":"1","FID":"421","SSEW_CAT":"1","PI_NUM":"1681-020-021","US_MH":"1681-020","DS_MH":"1681-021","PI_TYP":"1","PI_WIDT":"0","PI_WIDB":"0","PI_HEI":"1.22","PI_LENG":"137.8","PI_MAT":"RCB","PI_THICK":"0","PI_SLOP":"0","DES_FLOW":"0","DES_VELO":"0","US_BLE":"67.83","DS_BLE":"67.22","CITY_ID":"10004","KEYIN_DATE":"20160430"}},{"type":"Feature","geometry":{"type":"LineString","coordinates":[[121.0401309993539,24.89475187494306],[121.040867445612,24.89457425584583]]},"properties":{"name":"1","FID":"422","SSEW_CAT":"1","PI_NUM":"1681-022-023","US_MH":"1681-022","DS_MH":"1681-023","PI_TYP":"1","PI_WIDT":"0","PI_WIDB":"0","PI_HEI":"1.2","PI_LENG":"74.1","PI_MAT":"RCB","PI_THICK":"0","PI_SLOP":"0.01","DES_FLOW":"0","DES_VELO":"0","US_BLE":"70.55","DS_BLE":"69.88","CITY_ID":"10004","KEYIN_DATE":"20160430"}},{"type":"Feature","geometry":{"type":"LineString","coordinates":[[121.0392589468287,24.89519547891611],[121.0401309993539,24.89475187494306]]},"properties":{"name":"1","FID":"423","SSEW_CAT":"1","PI_NUM":"1681-023-024","US_MH":"1681-023","DS_MH":"1681-024","PI_TYP":"1","PI_WIDT":"0","PI_WIDB":"0","PI_HEI":"1.2","PI_LENG":"98.2","PI_MAT":"RCB","PI_THICK":"0","PI_SLOP":"0.01","DES_FLOW":"0","DES_VELO":"0","US_BLE":"69.88","DS_BLE":"69.03","CITY_ID":"10004","KEYIN_DATE":"20160430"}},{"type":"Feature","geometry":{"type":"LineString","coordinates":[[121.0386203367429,24.89558107257362],[121.0392589468287,24.89519547891611]]},"properties":{"name":"1","FID":"424","SSEW_CAT":"1","PI_NUM":"1681-024-019","US_MH":"1681-024","DS_MH":"1681-019","PI_TYP":"1","PI_WIDT":"0","PI_WIDB":"0","PI_HEI":"1.21","PI_LENG":"76.7","PI_MAT":"RCB","PI_THICK":"0","PI_SLOP":"0.01","DES_FLOW":"0","DES_VELO":"0","US_BLE":"69.06","DS_BLE":"68.31","CITY_ID":"10004","KEYIN_DATE":"20160430"}},{"type":"Feature","geometry":{"type":"LineString","coordinates":[[121.0469066741312,24.89682597703739],[121.0476328808868,24.89714630407162]]},"properties":{"name":"1","FID":"425","SSEW_CAT":"1","PI_NUM":"1781-013-014","US_MH":"1781-013","DS_MH":"1781-014","PI_TYP":"1","PI_WIDT":"0","PI_WIDB":"0","PI_HEI":"1.21","PI_LENG":"79.2","PI_MAT":"RCB","PI_THICK":"0","PI_SLOP":"0.02","DES_FLOW":"0","DES_VELO":"0","US_BLE":"79.96","DS_BLE":"78.4","CITY_ID":"10004","KEYIN_DATE":"20160430"}},{"type":"Feature","geometry":{"type":"LineString","coordinates":[[121.0460963421329,24.89647683541363],[121.0469066741312,24.89682597703739]]},"properties":{"name":"1","FID":"426","SSEW_CAT":"1","PI_NUM":"1781-014-1681-027","US_MH":"1781-014","DS_MH":"1681-027","PI_TYP":"1","PI_WIDT":"0","PI_WIDB":"0","PI_HEI":"1.22","PI_LENG":"87.9","PI_MAT":"RCB","PI_THICK":"0","PI_SLOP":"0.02","DES_FLOW":"0","DES_VELO":"0","US_BLE":"78.35","DS_BLE":"76.95","CITY_ID":"10004","KEYIN_DATE":"20160430"}},{"type":"Feature","geometry":{"type":"LineString","coordinates":[[121.0510635352462,24.89108262521744],[121.051336366303,24.89055114947724]]},"properties":{"name":"1","FID":"427","SSEW_CAT":"1","PI_NUM":"1780-F01-F03","US_MH":"1780-F01","DS_MH":"1780-F03","PI_TYP":"1","PI_WIDT":"0","PI_WIDB":"0","PI_HEI":"1.15","PI_LENG":"65","PI_MAT":"RCB","PI_THICK":"0","PI_SLOP":"0.01","DES_FLOW":"0","DES_VELO":"0","US_BLE":"89.62","DS_BLE":"88.78","CITY_ID":"10004","KEYIN_DATE":"20160503","NOTE":"箱涵轉變，數根私接排水管，此縱走帶為1780-F01-1781-F01"}},{"type":"Feature","geometry":{"type":"LineString","coordinates":[[121.0475428860692,24.89772455434562],[121.0475936410616,24.89755526273002]]},"properties":{"name":"1","FID":"428","SSEW_CAT":"1","PI_NUM":"1781-001-R02","US_MH":"1781-001","DS_MH":"1781-R02","PI_TYP":"1","PI_WIDT":"0","PI_WIDB":"0","PI_HEI":"1.5","PI_LENG":"22.5","PI_MAT":"RCP","PI_THICK":"0","PI_SLOP":"0.01","DES_FLOW":"0","DES_VELO":"0","US_BLE":"77.53","DS_BLE":"77.21","CITY_ID":"10004","KEYIN_DATE":"20160503"}},{"type":"Feature","geometry":{"type":"LineString","coordinates":[[121.0475936410616,24.89755526273002],[121.0478364196852,24.89687095079803]]},"properties":{"name":"1","FID":"429","SSEW_CAT":"1","PI_NUM":"1781-002-001","US_MH":"1781-002","DS_MH":"1781-001","PI_TYP":"1","PI_WIDT":"0","PI_WIDB":"0","PI_HEI":"1.5","PI_LENG":"70","PI_MAT":"RCP","PI_THICK":"0","PI_SLOP":"0.02","DES_FLOW":"0","DES_VELO":"0","US_BLE":"79.32","DS_BLE":"77.88","CITY_ID":"10004","KEYIN_DATE":"20160503"}},{"type":"Feature","geometry":{"type":"LineString","coordinates":[[121.0483251216287,24.89592196955681],[121.0486669151238,24.89525658389975]]},"properties":{"name":"1","FID":"430","SSEW_CAT":"1","PI_NUM":"1781-003-015","US_MH":"1781-003","DS_MH":"1781-015","PI_TYP":"1","PI_WIDT":"0","PI_WIDB":"0","PI_HEI":"1.5","PI_LENG":"80","PI_MAT":"RCP","PI_THICK":"0","PI_SLOP":"0.01","DES_FLOW":"0","DES_VELO":"0","US_BLE":"80.5","DS_BLE":"79.89","CITY_ID":"10004","KEYIN_DATE":"20160503"}},{"type":"Feature","geometry":{"type":"LineString","coordinates":[[121.0478364196852,24.89687095079803],[121.0483251216287,24.89592196955681]]},"properties":{"name":"1","FID":"431","SSEW_CAT":"1","PI_NUM":"1781-015-002","US_MH":"1781-015","DS_MH":"1781-002","PI_TYP":"1","PI_WIDT":"0","PI_WIDB":"0","PI_HEI":"1.5","PI_LENG":"118","PI_MAT":"RCP","PI_THICK":"0","PI_SLOP":"0","DES_FLOW":"0","DES_VELO":"0","US_BLE":"79.79","DS_BLE":"79.4","CITY_ID":"10004","KEYIN_DATE":"20160503"}},{"type":"Feature","geometry":{"type":"LineString","coordinates":[[121.0485235016292,24.89603127650872],[121.0489876542288,24.89512625175719]]},"properties":{"name":"1","FID":"432","SSEW_CAT":"1","PI_NUM":"1781-F01-F03","US_MH":"1781-F01","DS_MH":"1781-F03","PI_TYP":"1","PI_WIDT":"0","PI_WIDB":"0","PI_HEI":"2.13","PI_LENG":"152.3","PI_MAT":"RCB","PI_THICK":"0","PI_SLOP":"0.01","DES_FLOW":"0","DES_VELO":"0","US_BLE":"82.1","DS_BLE":"80.31","CITY_ID":"10004","KEYIN_DATE":"20160503","NOTE":"箱涵轉變，數根私接排水管"}},{"type":"Feature","geometry":{"type":"LineString","coordinates":[[121.0483474985248,24.89636988457106],[121.0485235016292,24.89603127650872]]},"properties":{"name":"1","FID":"433","SSEW_CAT":"1","PI_NUM":"1781-F03-F04","US_MH":"1781-F03","DS_MH":"1781-F04","PI_TYP":"1","PI_WIDT":"0","PI_WIDB":"0","PI_HEI":"2.1","PI_LENG":"41.5","PI_MAT":"RCB","PI_THICK":"0","PI_SLOP":"0","DES_FLOW":"0","DES_VELO":"0","US_BLE":"80.31","DS_BLE":"80.3","CITY_ID":"10004","KEYIN_DATE":"20160503","NOTE":"水深約0.9m，無法縱走"}},{"type":"Feature","geometry":{"type":"LineString","coordinates":[[121.0479668474353,24.89723848646796],[121.0483474985248,24.89636988457106]]},"properties":{"name":"1","FID":"434","SSEW_CAT":"1","PI_NUM":"1781-F04-R03","US_MH":"1781-F04","DS_MH":"1781-R03","PI_TYP":"1","PI_WIDT":"0","PI_WIDB":"0","PI_HEI":"2.13","PI_LENG":"115.7","PI_MAT":"RCB","PI_THICK":"0","PI_SLOP":"0.01","DES_FLOW":"0","DES_VELO":"0","US_BLE":"80.3","DS_BLE":"79.21","CITY_ID":"10004","KEYIN_DATE":"20160503"}},{"type":"Feature","geometry":{"type":"LineString","coordinates":[[121.0489876542288,24.89512625175719],[121.0490744734946,24.8950752302192]]},"properties":{"name":"1","FID":"435","SSEW_CAT":"1","PI_NUM":"1781-F02-F01","US_MH":"1781-F02","DS_MH":"1781-F01","PI_TYP":"1","PI_WIDT":"0","PI_WIDB":"0","PI_HEI":"1.24","PI_LENG":"7.2","PI_MAT":"RCB","PI_THICK":"0","PI_SLOP":"0","DES_FLOW":"0","DES_VELO":"0","US_BLE":"82.11","DS_BLE":"82.1","CITY_ID":"10004","KEYIN_DATE":"20160503","NOTE":"明溝入水，箱涵轉變"}},{"type":"Feature","geometry":{"type":"LineString","coordinates":[[121.045268099173,24.89626586706845],[121.0460963421329,24.89647683541363]]},"properties":{"name":"1","FID":"436","SSEW_CAT":"1","PI_NUM":"1681-027-026","US_MH":"1681-027","DS_MH":"1681-026","PI_TYP":"1","PI_WIDT":"0","PI_WIDB":"0","PI_HEI":"1.2","PI_LENG":"85.9","PI_MAT":"RCB","PI_THICK":"0","PI_SLOP":"0.02","DES_FLOW":"0","DES_VELO":"0","US_BLE":"76.91","DS_BLE":"75.41","CITY_ID":"10004","KEYIN_DATE":"20160429"}},{"type":"Feature","geometry":{"type":"LineString","coordinates":[[121.0443616612247,24.89641735775662],[121.045268099173,24.89626586706845]]},"properties":{"name":"2","FID":"437","SSEW_CAT":"2","PI_NUM":"1681-026-009","US_MH":"1681-026","DS_MH":"1681-009","PI_TYP":"1","PI_WIDT":"0","PI_WIDB":"0","PI_HEI":"1.23","PI_LENG":"90.6","PI_MAT":"RCB","PI_THICK":"0","PI_SLOP":"0.01","DES_FLOW":"0","DES_VELO":"0","US_BLE":"75.26","DS_BLE":"74.01","CITY_ID":"10004","KEYIN_DATE":"20160505"}},{"type":"Feature","geometry":{"type":"LineString","coordinates":[[121.0446785339004,24.89759709931539],[121.0443616612247,24.89641735775662]]},"properties":{"name":"1","FID":"438","SSEW_CAT":"1","PI_NUM":"1681-009-010","US_MH":"1681-009","DS_MH":"1681-010","PI_TYP":"1","PI_WIDT":"0","PI_WIDB":"0","PI_HEI":"1.82","PI_LENG":"131.7","PI_MAT":"RCB","PI_THICK":"0","PI_SLOP":"0","DES_FLOW":"0","DES_VELO":"0","US_BLE":"74.03","DS_BLE":"73.61","CITY_ID":"10004","KEYIN_DATE":"20160428"}},{"type":"Feature","geometry":{"type":"LineString","coordinates":[[121.0452128028206,24.89851362049355],[121.0446785339004,24.89759709931539]]},"properties":{"name":"1","FID":"439","SSEW_CAT":"1","PI_NUM":"1681-010-1682-028","US_MH":"1681-010","DS_MH":"1682-028","PI_TYP":"1","PI_WIDT":"0","PI_WIDB":"0","PI_HEI":"1.81","PI_LENG":"110.7","PI_MAT":"RCB","PI_THICK":"0","PI_SLOP":"0","DES_FLOW":"0","DES_VELO":"0","US_BLE":"73.66","DS_BLE":"73.48","CITY_ID":"10004","KEYIN_DATE":"20160428"}},{"type":"Feature","geometry":{"type":"LineString","coordinates":[[121.0443616612247,24.89641735775662],[121.0441836012972,24.89573845784004]]},"properties":{"name":"1","FID":"440","SSEW_CAT":"1","PI_NUM":"1681-008-009","US_MH":"1681-008","DS_MH":"1681-009","PI_TYP":"1","PI_WIDT":"0","PI_WIDB":"0","PI_HEI":"1.82","PI_LENG":"75.7","PI_MAT":"RCB","PI_THICK":"0","PI_SLOP":"0","DES_FLOW":"0","DES_VELO":"0","US_BLE":"74.25","DS_BLE":"74.01","CITY_ID":"10004","KEYIN_DATE":"20160428"}},{"type":"Feature","geometry":{"type":"LineString","coordinates":[[121.0441836012972,24.89573845784004],[121.0440314592606,24.895148101609]]},"properties":{"name":"1","FID":"441","SSEW_CAT":"1","PI_NUM":"1681-007-008","US_MH":"1681-007","DS_MH":"1681-008","PI_TYP":"1","PI_WIDT":"0","PI_WIDB":"0","PI_HEI":"1.81","PI_LENG":"64.2","PI_MAT":"RCB","PI_THICK":"0","PI_SLOP":"0","DES_FLOW":"0","DES_VELO":"0","US_BLE":"74.43","DS_BLE":"74.23","CITY_ID":"10004","KEYIN_DATE":"20160428"}},{"type":"Feature","geometry":{"type":"LineString","coordinates":[[121.0440314592606,24.895148101609],[121.0438729684457,24.89454266943166]]},"properties":{"name":"1","FID":"442","SSEW_CAT":"1","PI_NUM":"1681-006-007","US_MH":"1681-006","DS_MH":"1681-007","PI_TYP":"1","PI_WIDT":"0","PI_WIDB":"0","PI_HEI":"1.8","PI_LENG":"67","PI_MAT":"RCB","PI_THICK":"0","PI_SLOP":"0","DES_FLOW":"0","DES_VELO":"0","US_BLE":"74.63","DS_BLE":"74.41","CITY_ID":"10004","KEYIN_DATE":"20160428"}},{"type":"Feature","geometry":{"type":"LineString","coordinates":[[121.0418992939159,24.89564414585978],[121.0415373248768,24.89443238649495]]},"properties":{"name":"1","FID":"443","SSEW_CAT":"1","PI_NUM":"1681-002-003","US_MH":"1681-002","DS_MH":"1681-003","PI_TYP":"1","PI_WIDT":"0","PI_WIDB":"0","PI_HEI":"2.02","PI_LENG":"137.2","PI_MAT":"RCB","PI_THICK":"0","PI_SLOP":"0","DES_FLOW":"0","DES_VELO":"0","US_BLE":"71.46","DS_BLE":"70.95","CITY_ID":"10004","KEYIN_DATE":"20160427"}},{"type":"Feature","geometry":{"type":"LineString","coordinates":[[121.0415373248768,24.89443238649495],[121.0413408580093,24.89362148226408]]},"properties":{"name":"1","FID":"444","SSEW_CAT":"1","PI_NUM":"1681-001-002","US_MH":"1681-001","DS_MH":"1681-002","PI_TYP":"1","PI_WIDT":"0","PI_WIDB":"0","PI_HEI":"2.01","PI_LENG":"89.6","PI_MAT":"RCB","PI_THICK":"0","PI_SLOP":"0","DES_FLOW":"0","DES_VELO":"0","US_BLE":"71.69","DS_BLE":"71.46","CITY_ID":"10004","KEYIN_DATE":"20160427"}},{"type":"Feature","geometry":{"type":"LineString","coordinates":[[121.0413408580093,24.89362148226408],[121.0412843330416,24.89268279463132]]},"properties":{"name":"1","FID":"445","SSEW_CAT":"1","PI_NUM":"1680-001-1681-001","US_MH":"1680-001","DS_MH":"1681-001","PI_TYP":"1","PI_WIDT":"0","PI_WIDB":"0","PI_HEI":"2.02","PI_LENG":"91.3","PI_MAT":"RCB","PI_THICK":"0","PI_SLOP":"0","DES_FLOW":"0","DES_VELO":"0","US_BLE":"72.02","DS_BLE":"71.7","CITY_ID":"10004","KEYIN_DATE":"20160427"}},{"type":"Feature","geometry":{"type":"LineString","coordinates":[[121.0424939140234,24.89693262551284],[121.0418992939159,24.89564414585978]]},"properties":{"name":"1","FID":"446","SSEW_CAT":"1","PI_NUM":"1681-003-004","US_MH":"1681-003","DS_MH":"1681-004","PI_TYP":"1","PI_WIDT":"0","PI_WIDB":"0","PI_HEI":"2.03","PI_LENG":"152","PI_MAT":"RCB","PI_THICK":"0","PI_SLOP":"0","DES_FLOW":"0","DES_VELO":"0","US_BLE":"71.02","DS_BLE":"70.73","CITY_ID":"10004","KEYIN_DATE":"20160427"}},{"type":"Feature","geometry":{"type":"LineString","coordinates":[[121.042653342848,24.89777226714767],[121.0424939140234,24.89693262551284]]},"properties":{"name":"1","FID":"447","SSEW_CAT":"1","PI_NUM":"1681-004-005","US_MH":"1681-004","DS_MH":"1681-005","PI_TYP":"1","PI_WIDT":"0","PI_WIDB":"0","PI_HEI":"2.02","PI_LENG":"93.7","PI_MAT":"RCB","PI_THICK":"0","PI_SLOP":"0","DES_FLOW":"0","DES_VELO":"0","US_BLE":"70.74","DS_BLE":"70.42","CITY_ID":"10004","KEYIN_DATE":"20160427"}},{"type":"Feature","geometry":{"type":"LineString","coordinates":[[121.0425529446156,24.89865098597935],[121.042653342848,24.89777226714767]]},"properties":{"name":"1","FID":"448","SSEW_CAT":"1","PI_NUM":"1681-005-1682-024","US_MH":"1681-005","DS_MH":"1682-024","PI_TYP":"1","PI_WIDT":"0","PI_WIDB":"0","PI_HEI":"2.04","PI_LENG":"94.2","PI_MAT":"RCB","PI_THICK":"0","PI_SLOP":"0","DES_FLOW":"0","DES_VELO":"0","US_BLE":"70.39","DS_BLE":"70.2","CITY_ID":"10004","KEYIN_DATE":"20160427"}},{"type":"Feature","geometry":{"type":"LineString","coordinates":[[121.0415373248768,24.89443238649495],[121.0418532290961,24.89436097300623]]},"properties":{"name":"1","FID":"449","SSEW_CAT":"1","PI_NUM":"1681-014-002","US_MH":"1681-014","DS_MH":"1681-002","PI_TYP":"1","PI_WIDT":"0","PI_WIDB":"0","PI_HEI":"0.72","PI_LENG":"32.9","PI_MAT":"RCB","PI_THICK":"0","PI_SLOP":"0.02","DES_FLOW":"0","DES_VELO":"0","US_BLE":"72.25","DS_BLE":"71.46","CITY_ID":"10004","KEYIN_DATE":"20160428"}},{"type":"Feature","geometry":{"type":"LineString","coordinates":[[121.0418532290961,24.89436097300623],[121.0426528948055,24.89416350074239]]},"properties":{"name":"1","FID":"450","SSEW_CAT":"1","PI_NUM":"1681-013-014","US_MH":"1681-013","DS_MH":"1681-014","PI_TYP":"1","PI_WIDT":"0","PI_WIDB":"0","PI_HEI":"1.19","PI_LENG":"83.6","PI_MAT":"RCB","PI_THICK":"0","PI_SLOP":"0.01","DES_FLOW":"0","DES_VELO":"0","US_BLE":"73.12","DS_BLE":"72.21","CITY_ID":"10004","KEYIN_DATE":"20160428","NOTE":"箱涵轉變"}},{"type":"Feature","geometry":{"type":"LineString","coordinates":[[121.0426528948055,24.89416350074239],[121.043713760616,24.89392053450261]]},"properties":{"name":"1","FID":"451","SSEW_CAT":"1","PI_NUM":"1681-012-013","US_MH":"1681-012","DS_MH":"1681-013","PI_TYP":"1","PI_WIDT":"0","PI_WIDB":"0","PI_HEI":"1.17","PI_LENG":"108.8","PI_MAT":"RCB","PI_THICK":"0","PI_SLOP":"0.01","DES_FLOW":"0","DES_VELO":"0","US_BLE":"74.55","DS_BLE":"73.12","CITY_ID":"10004","KEYIN_DATE":"20160428"}},{"type":"Feature","geometry":{"type":"LineString","coordinates":[[121.043713760616,24.89392053450261],[121.0435052215219,24.89313026676194]]},"properties":{"name":"1","FID":"452","SSEW_CAT":"1","PI_NUM":"1681-011-012","US_MH":"1681-011","DS_MH":"1681-012","PI_TYP":"1","PI_WIDT":"0","PI_WIDB":"0","PI_HEI":"1.22","PI_LENG":"87","PI_MAT":"RCB","PI_THICK":"0","PI_SLOP":"0.01","DES_FLOW":"0","DES_VELO":"0","US_BLE":"75.22","DS_BLE":"74.6","CITY_ID":"10004","KEYIN_DATE":"20160428"}},{"type":"Feature","geometry":{"type":"LineString","coordinates":[[121.043713760616,24.89392053450261],[121.0453333804213,24.89369101604486]]},"properties":{"name":"1","FID":"453","SSEW_CAT":"1","PI_NUM":"1681-015-012","US_MH":"1681-015","DS_MH":"1681-012","PI_TYP":"1","PI_WIDT":"0","PI_WIDB":"0","PI_HEI":"1.22","PI_LENG":"165.7","PI_MAT":"RCB","PI_THICK":"0","PI_SLOP":"0.01","DES_FLOW":"0","DES_VELO":"0","US_BLE":"76.65","DS_BLE":"74.6","CITY_ID":"10004","KEYIN_DATE":"20160429"}},{"type":"Feature","geometry":{"type":"LineString","coordinates":[[121.0435052215219,24.89313026676194],[121.0433289162165,24.89246024906002]]},"properties":{"name":"1","FID":"454","SSEW_CAT":"1","PI_NUM":"1680-002-1681-011","US_MH":"1680-002","DS_MH":"1681-011","PI_TYP":"1","PI_WIDT":"0","PI_WIDB":"0","PI_HEI":"1.21","PI_LENG":"74.3","PI_MAT":"RCB","PI_THICK":"0","PI_SLOP":"0","DES_FLOW":"0","DES_VELO":"0","US_BLE":"75.53","DS_BLE":"75.22","CITY_ID":"10004","KEYIN_DATE":"20160428"}},{"type":"Feature","geometry":{"type":"LineString","coordinates":[[121.0453333804213,24.89369101604486],[121.0453556686055,24.89270748850503]]},"properties":{"name":"1","FID":"455","SSEW_CAT":"1","PI_NUM":"1680-004-1681-015","US_MH":"1680-004","DS_MH":"1681-015","PI_TYP":"1","PI_WIDT":"0","PI_WIDB":"0","PI_HEI":"1.22","PI_LENG":"105.5","PI_MAT":"RCB","PI_THICK":"0","PI_SLOP":"0.01","DES_FLOW":"0","DES_VELO":"0","US_BLE":"78.02","DS_BLE":"76.76","CITY_ID":"10004","KEYIN_DATE":"20160429"}},{"type":"Feature","geometry":{"type":"LineString","coordinates":[[121.0453556686055,24.89270748850503],[121.0453886003072,24.89192245845954]]},"properties":{"name":"1","FID":"456","SSEW_CAT":"1","PI_NUM":"1680-003-004","US_MH":"1680-003","DS_MH":"1680-004","PI_TYP":"1","PI_WIDT":"0","PI_WIDB":"0","PI_HEI":"1.24","PI_LENG":"86.1","PI_MAT":"RCB","PI_THICK":"0","PI_SLOP":"0.03","DES_FLOW":"0","DES_VELO":"0","US_BLE":"80.35","DS_BLE":"78.07","CITY_ID":"10004","KEYIN_DATE":"20160429"}},{"type":"Feature","geometry":{"type":"LineString","coordinates":[[121.0387997104859,24.89862954625125],[121.040593967739,24.89719667852124]]},"properties":{"name":"1","FID":"457","SSEW_CAT":"1","PI_NUM":"1681-021-1682-032","US_MH":"1681-021","DS_MH":"1682-032","PI_TYP":"1","PI_WIDT":"0","PI_WIDB":"0","PI_HEI":"1.13","PI_LENG":"240.9","PI_MAT":"RCB","PI_THICK":"0","PI_SLOP":"0.01","DES_FLOW":"0","DES_VELO":"0","US_BLE":"67.13","DS_BLE":"65.24","CITY_ID":"10004","KEYIN_DATE":"20160430","NOTE":"此縱走帶為1681-021-1682-020"}},{"type":"Feature","geometry":{"type":"LineString","coordinates":[[121.040593967739,24.89719667852124],[121.0415253010349,24.89695595701781]]},"properties":{"name":"1","FID":"458","SSEW_CAT":"1","PI_NUM":"1681-025-021","US_MH":"1681-025","DS_MH":"1681-021","PI_TYP":"1","PI_WIDT":"0","PI_WIDB":"0","PI_HEI":"0.98","PI_LENG":"97.8","PI_MAT":"RCB","PI_THICK":"0","PI_SLOP":"0.01","DES_FLOW":"0","DES_VELO":"0","US_BLE":"68.52","DS_BLE":"67.22","CITY_ID":"10004","KEYIN_DATE":"20160430"}},{"type":"Feature","geometry":{"type":"LineString","coordinates":[[121.0374967395874,24.90057589197432],[121.037349176128,24.9001804625342]]},"properties":{"name":"1","FID":"459","SSEW_CAT":"1","PI_NUM":"1582-001-R02","US_MH":"1582-001","DS_MH":"1582-R02","PI_TYP":"1","PI_WIDT":"0","PI_WIDB":"0","PI_HEI":"1","PI_LENG":"46.3","PI_MAT":"RCB","PI_THICK":"0","PI_SLOP":"0.01","DES_FLOW":"0","DES_VELO":"0","US_BLE":"64.48","DS_BLE":"64.16","CITY_ID":"10004","KEYIN_DATE":"20160427"}},{"type":"Feature","geometry":{"type":"LineString","coordinates":[[121.037349176128,24.9001804625342],[121.037142746711,24.89965814295403]]},"properties":{"name":"1","FID":"460","SSEW_CAT":"1","PI_NUM":"1582-002-001","US_MH":"1582-002","DS_MH":"1582-001","PI_TYP":"1","PI_WIDT":"0","PI_WIDB":"0","PI_HEI":"1.01","PI_LENG":"61.5","PI_MAT":"RCB","PI_THICK":"0","PI_SLOP":"0","DES_FLOW":"0","DES_VELO":"0","US_BLE":"64.53","DS_BLE":"64.51","CITY_ID":"10004","KEYIN_DATE":"20160427"}},{"type":"Feature","geometry":{"type":"LineString","coordinates":[[121.037142746711,24.89965814295403],[121.0374609830462,24.89942258197238]]},"properties":{"name":"1","FID":"461","SSEW_CAT":"1","PI_NUM":"1582-006-002","US_MH":"1582-006","DS_MH":"1582-002","PI_TYP":"1","PI_WIDT":"0","PI_WIDB":"0","PI_HEI":"1","PI_LENG":"44.2","PI_MAT":"RCB","PI_THICK":"0","PI_SLOP":"0","DES_FLOW":"0","DES_VELO":"0","US_BLE":"64.77","DS_BLE":"64.64","CITY_ID":"10004","KEYIN_DATE":"20160427"}},{"type":"Feature","geometry":{"type":"LineString","coordinates":[[121.0374609830462,24.89942258197238],[121.0380382816352,24.89912775458718]]},"properties":{"name":"1","FID":"462","SSEW_CAT":"1","PI_NUM":"1582-007-006","US_MH":"1582-007","DS_MH":"1582-006","PI_TYP":"1","PI_WIDT":"0","PI_WIDB":"0","PI_HEI":"1","PI_LENG":"66.8","PI_MAT":"RCB","PI_THICK":"0","PI_SLOP":"0","DES_FLOW":"0","DES_VELO":"0","US_BLE":"64.93","DS_BLE":"64.82","CITY_ID":"10004","KEYIN_DATE":"20160427"}},{"type":"Feature","geometry":{"type":"LineString","coordinates":[[121.0380382816352,24.89912775458718],[121.0386318778593,24.89882354915332]]},"properties":{"name":"1","FID":"463","SSEW_CAT":"1","PI_NUM":"1682-020-1582-007","US_MH":"1682-020","DS_MH":"1582-007","PI_TYP":"1","PI_WIDT":"0","PI_WIDB":"0","PI_HEI":"1","PI_LENG":"68.8","PI_MAT":"RCB","PI_THICK":"0","PI_SLOP":"0","DES_FLOW":"0","DES_VELO":"0","US_BLE":"65.19","DS_BLE":"64.91","CITY_ID":"10004","KEYIN_DATE":"20160427"}},{"type":"Feature","geometry":{"type":"LineString","coordinates":[[121.0386318778593,24.89882354915332],[121.0387997104859,24.89862954625125]]},"properties":{"name":"1","FID":"464","SSEW_CAT":"1","PI_NUM":"1682-032-020","US_MH":"1682-032","DS_MH":"1682-020","PI_TYP":"1","PI_WIDT":"0","PI_WIDB":"0","PI_HEI":"1.02","PI_LENG":"27.4","PI_MAT":"RCB","PI_THICK":"0","PI_SLOP":"0.01","DES_FLOW":"0","DES_VELO":"0","US_BLE":"65.55","DS_BLE":"65.19","CITY_ID":"10004","KEYIN_DATE":"20160427","NOTE":"此縱走帶為1681-021-1682-020"}},{"type":"Feature","geometry":{"type":"LineString","coordinates":[[121.0420943424513,24.89882002131444],[121.0425529446156,24.89865098597935]]},"properties":{"name":"1","FID":"465","SSEW_CAT":"1","PI_NUM":"1682-024-025","US_MH":"1682-024","DS_MH":"1682-025","PI_TYP":"1","PI_WIDT":"0","PI_WIDB":"0","PI_HEI":"2.02","PI_LENG":"72.2","PI_MAT":"RCB","PI_THICK":"0","PI_SLOP":"0","DES_FLOW":"0","DES_VELO":"0","US_BLE":"70.14","DS_BLE":"69.94","CITY_ID":"10004","KEYIN_DATE":"20160427"}},{"type":"Feature","geometry":{"type":"LineString","coordinates":[[121.0418101809803,24.89891677842928],[121.0420943424513,24.89882002131444]]},"properties":{"name":"1","FID":"466","SSEW_CAT":"1","PI_NUM":"1682-025-R03","US_MH":"1682-025","DS_MH":"1682-R03","PI_TYP":"1","PI_WIDT":"0","PI_WIDB":"0","PI_HEI":"2.05","PI_LENG":"33.9","PI_MAT":"RCB","PI_THICK":"0","PI_SLOP":"0","DES_FLOW":"0","DES_VELO":"0","US_BLE":"69.9","DS_BLE":"69.77","CITY_ID":"10004","KEYIN_DATE":"20160427"}},{"type":"Feature","geometry":{"type":"LineString","coordinates":[[121.0401144048947,24.89988353758774],[121.0403134911303,24.9003108300291]]},"properties":{"name":"1","FID":"467","SSEW_CAT":"1","PI_NUM":"1682-001-R01","US_MH":"1682-001","DS_MH":"1682-R01","PI_TYP":"1","PI_WIDT":"0","PI_WIDB":"0","PI_HEI":"1.35","PI_LENG":"53.6","PI_MAT":"RCP","PI_THICK":"0","PI_SLOP":"0.01","DES_FLOW":"0","DES_VELO":"0","US_BLE":"67.1","DS_BLE":"66.49","CITY_ID":"10004","KEYIN_DATE":"20160504","NOTE":"箱涵轉變"}},{"type":"Feature","geometry":{"type":"LineString","coordinates":[[121.0403134911303,24.9003108300291],[121.0404449700835,24.90058954944162]]},"properties":{"name":"1","FID":"468","SSEW_CAT":"1","PI_NUM":"1682-031-001","US_MH":"1682-031","DS_MH":"1682-001","PI_TYP":"1","PI_WIDT":"0","PI_WIDB":"0","PI_HEI":"1.35","PI_LENG":"31.6","PI_MAT":"RCP","PI_THICK":"0","PI_SLOP":"0","DES_FLOW":"0","DES_VELO":"0","US_BLE":"67.3","DS_BLE":"67.16","CITY_ID":"10004","KEYIN_DATE":"20160504","NOTE":"此縱走帶為1682-031-1682-001"}},{"type":"Feature","geometry":{"type":"LineString","coordinates":[[121.0404449700835,24.90058954944162],[121.0406733627731,24.90093618181121]]},"properties":{"name":"1","FID":"469","SSEW_CAT":"1","PI_NUM":"1682-030-031","US_MH":"1682-030","DS_MH":"1682-031","PI_TYP":"1","PI_WIDT":"0","PI_WIDB":"0","PI_HEI":"1.35","PI_LENG":"50.9","PI_MAT":"RCP","PI_THICK":"0","PI_SLOP":"0","DES_FLOW":"0","DES_VELO":"0","US_BLE":"67.58","DS_BLE":"67.5","CITY_ID":"10004","KEYIN_DATE":"20160504"}},{"type":"Feature","geometry":{"type":"LineString","coordinates":[[121.0406733627731,24.90093618181121],[121.0410886487986,24.90149007489354]]},"properties":{"name":"1","FID":"470","SSEW_CAT":"1","PI_NUM":"1682-012-030","US_MH":"1682-012","DS_MH":"1682-030","PI_TYP":"1","PI_WIDT":"0","PI_WIDB":"0","PI_HEI":"1.35","PI_LENG":"74.3","PI_MAT":"RCP","PI_THICK":"0","PI_SLOP":"0","DES_FLOW":"0","DES_VELO":"0","US_BLE":"67.91","DS_BLE":"67.56","CITY_ID":"10004","KEYIN_DATE":"20160504","NOTE":"管內淤積約0.35m，無法縱走"}},{"type":"Feature","geometry":{"type":"LineString","coordinates":[[121.0410886487986,24.90149007489354],[121.0417926210466,24.90253419691176]]},"properties":{"name":"1","FID":"471","SSEW_CAT":"1","PI_NUM":"1682-029-012","US_MH":"1682-029","DS_MH":"1682-012","PI_TYP":"1","PI_WIDT":"0","PI_WIDB":"0","PI_HEI":"1.35","PI_LENG":"135.8","PI_MAT":"RCP","PI_THICK":"0","PI_SLOP":"0.01","DES_FLOW":"0","DES_VELO":"0","US_BLE":"68.6","DS_BLE":"67.91","CITY_ID":"10004","KEYIN_DATE":"20160503","NOTE":"積水人孔，無法縱走"}},{"type":"Feature","geometry":{"type":"LineString","coordinates":[[121.0417926210466,24.90253419691176],[121.0421740301944,24.90313890871968]]},"properties":{"name":"2","FID":"472","SSEW_CAT":"2","PI_NUM":"1682-013-029","US_MH":"1682-013","DS_MH":"1682-029","PI_TYP":"1","PI_WIDT":"0","PI_WIDB":"0","PI_HEI":"1","PI_LENG":"77.3","PI_MAT":"RCP","PI_THICK":"0","PI_SLOP":"0.01","DES_FLOW":"0","DES_VELO":"0","US_BLE":"69","DS_BLE":"68.6","CITY_ID":"10004","KEYIN_DATE":"20160503"}},{"type":"Feature","geometry":{"type":"LineString","coordinates":[[121.0441373428785,24.9014102047496],[121.0445036760268,24.90122043421484]]},"properties":{"name":"2","FID":"473","SSEW_CAT":"2","PI_NUM":"1682-006-026","US_MH":"1682-006","DS_MH":"1682-026","PI_TYP":"1","PI_WIDT":"0","PI_WIDB":"0","PI_HEI":"0.9","PI_LENG":"42.6","PI_MAT":"RCP","PI_THICK":"0","PI_SLOP":"0.02","DES_FLOW":"0","DES_VELO":"0","US_BLE":"75.37","DS_BLE":"74.46","CITY_ID":"10004","KEYIN_DATE":"20160428"}},{"type":"Feature","geometry":{"type":"LineString","coordinates":[[121.0436076961573,24.90166009784559],[121.0441373428785,24.9014102047496]]},"properties":{"name":"2","FID":"474","SSEW_CAT":"2","PI_NUM":"1682-026-004","US_MH":"1682-026","DS_MH":"1682-004","PI_TYP":"1","PI_WIDT":"0","PI_WIDB":"0","PI_HEI":"0.9","PI_LENG":"60.2","PI_MAT":"RCP","PI_THICK":"0","PI_SLOP":"0.05","DES_FLOW":"0","DES_VELO":"0","US_BLE":"74.49","DS_BLE":"71.72","CITY_ID":"10004","KEYIN_DATE":"20160428"}},{"type":"Feature","geometry":{"type":"LineString","coordinates":[[121.0445036760268,24.90122043421484],[121.0452344607919,24.90087527153842]]},"properties":{"name":"2","FID":"475","SSEW_CAT":"2","PI_NUM":"1682-007-006","US_MH":"1682-007","DS_MH":"1682-006","PI_TYP":"1","PI_WIDT":"0","PI_WIDB":"0","PI_HEI":"0.8","PI_LENG":"83.1","PI_MAT":"RCP","PI_THICK":"0","PI_SLOP":"0.02","DES_FLOW":"0","DES_VELO":"0","US_BLE":"76.89","DS_BLE":"75.48","CITY_ID":"10004","KEYIN_DATE":"20160428"}},{"type":"Feature","geometry":{"type":"LineString","coordinates":[[121.0452344607919,24.90087527153842],[121.0458779049222,24.90056120825503]]},"properties":{"name":"2","FID":"476","SSEW_CAT":"2","PI_NUM":"1682-027-007","US_MH":"1682-027","DS_MH":"1682-007","PI_TYP":"1","PI_WIDT":"0","PI_WIDB":"0","PI_HEI":"0.8","PI_LENG":"73.7","PI_MAT":"RCP","PI_THICK":"0","PI_SLOP":"0.01","DES_FLOW":"0","DES_VELO":"0","US_BLE":"77.77","DS_BLE":"76.91","CITY_ID":"10004","KEYIN_DATE":"20160428"}},{"type":"Feature","geometry":{"type":"LineString","coordinates":[[121.0458779049222,24.90056120825503],[121.0464097625294,24.90029232847523]]},"properties":{"name":"2","FID":"477","SSEW_CAT":"2","PI_NUM":"1782-001-1682-027","US_MH":"1782-001","DS_MH":"1682-027","PI_TYP":"5","PI_WIDT":"0","PI_WIDB":"0","PI_HEI":"0.8","PI_LENG":"61.4","PI_MAT":"RCP","PI_THICK":"0","PI_SLOP":"0.01","DES_FLOW":"0","DES_VELO":"0","US_BLE":"78.26","DS_BLE":"77.66","CITY_ID":"10004","KEYIN_DATE":"20160428"}},{"type":"Feature","geometry":{"type":"LineString","coordinates":[[121.0385545179419,24.90309062852528],[121.0390649927675,24.90352072174236]]},"properties":{"name":"2","FID":"478","SSEW_CAT":"2","PI_NUM":"1682-014-003","US_MH":"1682-014","DS_MH":"1682-003","PI_TYP":"5","PI_WIDT":"0","PI_WIDB":"0","PI_HEI":"0.5","PI_LENG":"70.2","PI_MAT":"RCP","PI_THICK":"0","PI_SLOP":"0.01","DES_FLOW":"0","DES_VELO":"0","US_BLE":"65.99","DS_BLE":"65.19","CITY_ID":"10004","KEYIN_DATE":"20160427"}},{"type":"Feature","geometry":{"type":"LineString","coordinates":[[121.0390649927675,24.90352072174236],[121.0394001743807,24.90378909598768]]},"properties":{"name":"2","FID":"479","SSEW_CAT":"2","PI_NUM":"1683-011-1682-014","US_MH":"1683-011","DS_MH":"1682-014","PI_TYP":"5","PI_WIDT":"0","PI_WIDB":"0","PI_HEI":"1","PI_LENG":"45.1","PI_MAT":"RCP","PI_THICK":"0","PI_SLOP":"0.01","DES_FLOW":"0","DES_VELO":"0","US_BLE":"66.5","DS_BLE":"65.99","CITY_ID":"10004","KEYIN_DATE":"20160427"}},{"type":"Feature","geometry":{"type":"LineString","coordinates":[[121.0394001743807,24.90378909598768],[121.0400701541356,24.90428976441394]]},"properties":{"name":"2","FID":"480","SSEW_CAT":"2","PI_NUM":"1683-010-011","US_MH":"1683-010","DS_MH":"1683-011","PI_TYP":"5","PI_WIDT":"0","PI_WIDB":"0","PI_HEI":"1","PI_LENG":"87.5","PI_MAT":"RCP","PI_THICK":"0","PI_SLOP":"0.01","DES_FLOW":"0","DES_VELO":"0","US_BLE":"67.5","DS_BLE":"66.5","CITY_ID":"10004","KEYIN_DATE":"20160427"}},{"type":"Feature","geometry":{"type":"LineString","coordinates":[[121.0400701541356,24.90428976441394],[121.0406019726352,24.90469142485065]]},"properties":{"name":"2","FID":"481","SSEW_CAT":"2","PI_NUM":"1683-001-010","US_MH":"1683-001","DS_MH":"1683-010","PI_TYP":"5","PI_WIDT":"0","PI_WIDB":"0","PI_HEI":"1","PI_LENG":"69.8","PI_MAT":"RCP","PI_THICK":"0","PI_SLOP":"0.01","DES_FLOW":"0","DES_VELO":"0","US_BLE":"68.37","DS_BLE":"67.72","CITY_ID":"10004","KEYIN_DATE":"20160427"}},{"type":"Feature","geometry":{"type":"LineString","coordinates":[[121.0406019726352,24.90469142485065],[121.0416344237574,24.90548442909759]]},"properties":{"name":"2","FID":"482","SSEW_CAT":"2","PI_NUM":"1683-002-001","US_MH":"1683-002","DS_MH":"1683-001","PI_TYP":"5","PI_WIDT":"0","PI_WIDB":"0","PI_HEI":"0.9","PI_LENG":"136.4","PI_MAT":"RCP","PI_THICK":"0","PI_SLOP":"0.01","DES_FLOW":"0","DES_VELO":"0","US_BLE":"69.93","DS_BLE":"68.36","CITY_ID":"10004","KEYIN_DATE":"20160427"}},{"type":"Feature","geometry":{"type":"LineString","coordinates":[[121.0416344237574,24.90548442909759],[121.0422151120925,24.90517738732751]]},"properties":{"name":"2","FID":"483","SSEW_CAT":"2","PI_NUM":"1683-003-002","US_MH":"1683-003","DS_MH":"1683-002","PI_TYP":"5","PI_WIDT":"0","PI_WIDB":"0","PI_HEI":"0.9","PI_LENG":"67.8","PI_MAT":"RCP","PI_THICK":"0","PI_SLOP":"0.01","DES_FLOW":"0","DES_VELO":"0","US_BLE":"70.79","DS_BLE":"69.9","CITY_ID":"10004","KEYIN_DATE":"20160427"}},{"type":"Feature","geometry":{"type":"LineString","coordinates":[[121.0422151120925,24.90517738732751],[121.0426879843858,24.90590550024339]]},"properties":{"name":"2","FID":"484","SSEW_CAT":"2","PI_NUM":"1683-004-003","US_MH":"1683-004","DS_MH":"1683-003","PI_TYP":"5","PI_WIDT":"0","PI_WIDB":"0","PI_HEI":"0.8","PI_LENG":"93.7","PI_MAT":"RCP","PI_THICK":"0","PI_SLOP":"0.01","DES_FLOW":"0","DES_VELO":"0","US_BLE":"72.01","DS_BLE":"70.79","CITY_ID":"10004","KEYIN_DATE":"20160427"}},{"type":"Feature","geometry":{"type":"LineString","coordinates":[[121.0426879843858,24.90590550024339],[121.0430486136166,24.9064645764326]]},"properties":{"name":"2","FID":"485","SSEW_CAT":"2","PI_NUM":"1683-005-004","US_MH":"1683-005","DS_MH":"1683-004","PI_TYP":"5","PI_WIDT":"0","PI_WIDB":"0","PI_HEI":"0.8","PI_LENG":"71.8","PI_THICK":"0","PI_SLOP":"0.01","DES_FLOW":"0","DES_VELO":"0","US_BLE":"72.56","DS_BLE":"72.02","CITY_ID":"10004","KEYIN_DATE":"20160427"}},{"type":"Feature","geometry":{"type":"LineString","coordinates":[[121.0430486136166,24.9064645764326],[121.0430704471461,24.90656559898202]]},"properties":{"name":"2","FID":"486","SSEW_CAT":"2","PI_NUM":"1683-F02-005","US_MH":"1683-F02","DS_MH":"1683-005","PI_TYP":"1","PI_WIDT":"0","PI_WIDB":"0","PI_HEI":"0.5","PI_LENG":"11.4","PI_MAT":"RCB","PI_THICK":"0","PI_SLOP":"0","DES_FLOW":"0","DES_VELO":"0","US_BLE":"72.68","DS_BLE":"72.65","CITY_ID":"10004","KEYIN_DATE":"20160427"}},{"type":"Feature","geometry":{"type":"LineString","coordinates":[[121.045210317286,24.90438066577634],[121.0454997830242,24.90487334407914]]},"properties":{"name":"2","FID":"487","SSEW_CAT":"2","PI_NUM":"1683-006-012","US_MH":"1683-006","DS_MH":"1683-012","PI_TYP":"5","PI_WIDT":"0","PI_WIDB":"0","PI_HEI":"1.1","PI_LENG":"61.9","PI_MAT":"RCP","PI_THICK":"0","PI_SLOP":"0","DES_FLOW":"0","DES_VELO":"0","US_BLE":"74.83","DS_BLE":"74.95","CITY_ID":"10004","KEYIN_DATE":"20160427"}},{"type":"Feature","geometry":{"type":"LineString","coordinates":[[121.0449399610248,24.90392014062915],[121.045210317286,24.90438066577634]]},"properties":{"name":"2","FID":"488","SSEW_CAT":"2","PI_NUM":"1683-012-009","US_MH":"1683-012","DS_MH":"1683-009","PI_TYP":"5","PI_WIDT":"0","PI_WIDB":"0","PI_HEI":"1.1","PI_LENG":"57.9","PI_MAT":"RCP","PI_THICK":"0","PI_SLOP":"0.01","DES_FLOW":"0","DES_VELO":"0","US_BLE":"74.99","DS_BLE":"74.72","CITY_ID":"10004","KEYIN_DATE":"20160427"}},{"type":"Feature","geometry":{"type":"LineString","coordinates":[[121.0448863360184,24.90386237439013],[121.0449399610248,24.90392014062915]]},"properties":{"name":"1","FID":"489","SSEW_CAT":"1","PI_NUM":"1683-009-F01","US_MH":"1683-009","DS_MH":"1683-F01","PI_TYP":"1","PI_WIDT":"0","PI_WIDB":"0","PI_HEI":"1.25","PI_LENG":"8.4","PI_MAT":"RCB","PI_THICK":"0","PI_SLOP":"0.13","DES_FLOW":"0","DES_VELO":"0","US_BLE":"74.89","DS_BLE":"73.76","CITY_ID":"10004","KEYIN_DATE":"20160427","NOTE":"下游高度剩0.8m，無法縱走"}},{"type":"Feature","geometry":{"type":"LineString","coordinates":[[121.0454997830242,24.90487334407914],[121.0457850933623,24.90536604111756]]},"properties":{"name":"2","FID":"490","SSEW_CAT":"2","PI_NUM":"1683-007-006","US_MH":"1683-007","DS_MH":"1683-006","PI_TYP":"5","PI_WIDT":"0","PI_WIDB":"0","PI_HEI":"1","PI_LENG":"61.7","PI_MAT":"RCP","PI_THICK":"0","PI_SLOP":"0.02","DES_FLOW":"0","DES_VELO":"0","US_BLE":"76.29","DS_BLE":"74.94","CITY_ID":"10004","KEYIN_DATE":"20160427"}},{"type":"Feature","geometry":{"type":"LineString","coordinates":[[121.0460398120884,24.90579215284105],[121.0468127909129,24.90547422661866]]},"properties":{"name":"2","FID":"491","SSEW_CAT":"2","PI_NUM":"1783-008-1683-013","US_MH":"1783-008","DS_MH":"1683-013","PI_TYP":"5","PI_WIDT":"0","PI_WIDB":"0","PI_HEI":"0.8","PI_LENG":"85.7","PI_MAT":"RCP","PI_THICK":"0","PI_SLOP":"0.02","DES_FLOW":"0","DES_VELO":"0","US_BLE":"78.42","DS_BLE":"76.38","CITY_ID":"10004","KEYIN_DATE":"20160423"}},{"type":"Feature","geometry":{"type":"LineString","coordinates":[[121.0508896292042,24.89099754574691],[121.051166297525,24.8904809570204]]},"properties":{"name":"2","FID":"492","SSEW_CAT":"2","PI_NUM":"1780-001-002","US_MH":"1780-001","DS_MH":"1780-002","PI_TYP":"5","PI_WIDT":"0","PI_WIDB":"0","PI_HEI":"1","PI_LENG":"63.7","PI_MAT":"RCP","PI_THICK":"0","PI_SLOP":"0.01","DES_FLOW":"0","DES_VELO":"0","US_BLE":"87.52","DS_BLE":"86.99","CITY_ID":"10004","KEYIN_DATE":"20160423"}},{"type":"Feature","geometry":{"type":"LineString","coordinates":[[121.050537295429,24.89168113286642],[121.0508896292042,24.89099754574691]]},"properties":{"name":"2","FID":"493","SSEW_CAT":"2","PI_NUM":"1780-002-003","US_MH":"1780-002","DS_MH":"1780-003","PI_TYP":"5","PI_WIDT":"0","PI_WIDB":"0","PI_HEI":"1","PI_LENG":"83.7","PI_MAT":"RCP","PI_THICK":"0","PI_SLOP":"0","DES_FLOW":"0","DES_VELO":"0","US_BLE":"86.99","DS_BLE":"86.59","CITY_ID":"10004","KEYIN_DATE":"20160423"}},{"type":"Feature","geometry":{"type":"LineString","coordinates":[[121.0501677803893,24.89240407112335],[121.050537295429,24.89168113286642]]},"properties":{"name":"2","FID":"494","SSEW_CAT":"2","PI_NUM":"1780-003-004","US_MH":"1780-003","DS_MH":"1780-004","PI_TYP":"5","PI_WIDT":"0","PI_WIDB":"0","PI_HEI":"1","PI_LENG":"88.3","PI_MAT":"RCP","PI_THICK":"0","PI_SLOP":"0.02","DES_FLOW":"0","DES_VELO":"0","US_BLE":"86.59","DS_BLE":"84.44","CITY_ID":"10004","KEYIN_DATE":"20160423"}},{"type":"Feature","geometry":{"type":"LineString","coordinates":[[121.0497057230407,24.89330372719164],[121.0501677803893,24.89240407112335]]},"properties":{"name":"2","FID":"495","SSEW_CAT":"2","PI_NUM":"1780-004-1781-004","US_MH":"1780-004","DS_MH":"1781-004","PI_TYP":"5","PI_WIDT":"0","PI_WIDB":"0","PI_HEI":"1","PI_LENG":"110","PI_MAT":"RCP","PI_THICK":"0","PI_SLOP":"0.01","DES_FLOW":"0","DES_VELO":"0","US_BLE":"84.39","DS_BLE":"83.35","CITY_ID":"10004","KEYIN_DATE":"20160423"}},{"type":"Feature","geometry":{"type":"LineString","coordinates":[[121.0493667006835,24.89396548501163],[121.0497057230407,24.89330372719164]]},"properties":{"name":"2","FID":"496","SSEW_CAT":"2","PI_NUM":"1781-004-005","US_MH":"1781-004","DS_MH":"1781-005","PI_TYP":"5","PI_WIDT":"0","PI_WIDB":"0","PI_HEI":"1","PI_LENG":"80.9","PI_MAT":"RCP","PI_THICK":"0","PI_SLOP":"0.01","DES_FLOW":"0","DES_VELO":"0","US_BLE":"83.29","DS_BLE":"82.2","CITY_ID":"10004","KEYIN_DATE":"20160423"}},{"type":"Feature","geometry":{"type":"LineString","coordinates":[[121.0489891840738,24.89466353119542],[121.0493667006835,24.89396548501163]]},"properties":{"name":"2","FID":"497","SSEW_CAT":"2","PI_NUM":"1781-005-006","US_MH":"1781-005","DS_MH":"1781-006","PI_TYP":"5","PI_WIDT":"0","PI_WIDB":"0","PI_HEI":"1","PI_LENG":"86.2","PI_MAT":"RCP","PI_THICK":"0","PI_SLOP":"0.01","DES_FLOW":"0","DES_VELO":"0","US_BLE":"82.2","DS_BLE":"81.65","CITY_ID":"10004","KEYIN_DATE":"20160423"}},{"type":"Feature","geometry":{"type":"LineString","coordinates":[[121.0486669151238,24.89525658389975],[121.0489891840738,24.89466353119542]]},"properties":{"name":"2","FID":"498","SSEW_CAT":"2","PI_NUM":"1781-006-003","US_MH":"1781-006","DS_MH":"1781-003","PI_TYP":"5","PI_WIDT":"0","PI_WIDB":"0","PI_HEI":"1","PI_LENG":"73.3","PI_MAT":"RCP","PI_THICK":"0","PI_SLOP":"0.02","DES_FLOW":"0","DES_VELO":"0","US_BLE":"81.6","DS_BLE":"80.44","CITY_ID":"10004","KEYIN_DATE":"20160423"}},{"type":"Feature","geometry":{"type":"LineString","coordinates":[[121.0482511981775,24.8974981268202],[121.0485749037544,24.89792569302382]]},"properties":{"name":"2","FID":"499","SSEW_CAT":"2","PI_NUM":"1781-017-R05","US_MH":"1781-017","DS_MH":"1781-R05","PI_TYP":"1","PI_WIDT":"0","PI_WIDB":"0","PI_HEI":"1.05","PI_LENG":"57.6","PI_MAT":"RCB","PI_THICK":"0","PI_SLOP":"0.03","DES_FLOW":"0","DES_VELO":"0","US_BLE":"78.59","DS_BLE":"77.07","CITY_ID":"10004","KEYIN_DATE":"20160503"}},{"type":"Feature","geometry":{"type":"LineString","coordinates":[[121.0485749037544,24.89792569302382],[121.0488399703373,24.89824993744895]]},"properties":{"name":"2","FID":"500","SSEW_CAT":"2","PI_NUM":"1781-016-017","US_MH":"1781-016","DS_MH":"1781-017","PI_TYP":"1","PI_WIDT":"0","PI_WIDB":"0","PI_HEI":"1.05","PI_LENG":"44.8","PI_MAT":"RCB","PI_THICK":"0","PI_SLOP":"0.01","DES_FLOW":"0","DES_VELO":"0","US_BLE":"79.24","DS_BLE":"78.59","CITY_ID":"10004","KEYIN_DATE":"20160503"}},{"type":"Feature","geometry":{"type":"LineString","coordinates":[[121.0488399703373,24.89824993744895],[121.0491625683578,24.89864522579285]]},"properties":{"name":"2","FID":"501","SSEW_CAT":"2","PI_NUM":"1782-026-1781-016","US_MH":"1782-026","DS_MH":"1781-016","PI_TYP":"1","PI_WIDT":"0","PI_WIDB":"0","PI_HEI":"1.05","PI_LENG":"54.6","PI_MAT":"RCB","PI_THICK":"0","PI_SLOP":"0.01","DES_FLOW":"0","DES_VELO":"0","US_BLE":"80.03","DS_BLE":"79.24","CITY_ID":"10004","KEYIN_DATE":"20160503"}},{"type":"Feature","geometry":{"type":"LineString","coordinates":[[121.0491625683578,24.89864522579285],[121.0494765538916,24.89903402477841]]},"properties":{"name":"2","FID":"502","SSEW_CAT":"2","PI_NUM":"1782-025-026","US_MH":"1782-025","DS_MH":"1782-026","PI_TYP":"1","PI_WIDT":"0","PI_WIDB":"0","PI_HEI":"1.01","PI_LENG":"53.5","PI_MAT":"RCB","PI_THICK":"0","PI_SLOP":"0.01","DES_FLOW":"0","DES_VELO":"0","US_BLE":"80.8","DS_BLE":"80.03","CITY_ID":"10004","KEYIN_DATE":"20160503"}},{"type":"Feature","geometry":{"type":"LineString","coordinates":[[121.0494765538916,24.89903402477841],[121.0497171524101,24.89932633286126]]},"properties":{"name":"2","FID":"503","SSEW_CAT":"2","PI_NUM":"1782-011-025","US_MH":"1782-011","DS_MH":"1782-025","PI_TYP":"1","PI_WIDT":"0","PI_WIDB":"0","PI_HEI":"1.01","PI_LENG":"40.5","PI_MAT":"RCB","PI_THICK":"0","PI_SLOP":"0.01","DES_FLOW":"0","DES_VELO":"0","US_BLE":"81.39","DS_BLE":"80.8","CITY_ID":"10004","KEYIN_DATE":"20160503"}},{"type":"Feature","geometry":{"type":"LineString","coordinates":[[121.0480283476905,24.90235452155741],[121.0482891710953,24.90218377164623]]},"properties":{"name":"1","FID":"504","SSEW_CAT":"1","PI_NUM":"1782-028-F01","US_MH":"1782-028","DS_MH":"1782-F01","PI_TYP":"5","PI_WIDT":"0","PI_WIDB":"0","PI_HEI":"1.5","PI_LENG":"27.1","PI_MAT":"RCP","PI_THICK":"0","PI_SLOP":"0.01","DES_FLOW":"0","DES_VELO":"0","US_BLE":"78.46","DS_BLE":"78.14","CITY_ID":"10004","KEYIN_DATE":"20160505"}},{"type":"Feature","geometry":{"type":"LineString","coordinates":[[121.0482891710953,24.90218377164623],[121.0487744671073,24.90194447592052]]},"properties":{"name":"1","FID":"505","SSEW_CAT":"1","PI_NUM":"1782-029-028","US_MH":"1782-029","DS_MH":"1782-028","PI_TYP":"1","PI_WIDT":"0","PI_WIDB":"0","PI_HEI":"1.57","PI_LENG":"57.5","PI_MAT":"RCB","PI_THICK":"0","PI_SLOP":"0.01","DES_FLOW":"0","DES_VELO":"0","US_BLE":"78.98","DS_BLE":"78.72","CITY_ID":"10004","KEYIN_DATE":"20160505","NOTE":"箱涵轉變"}},{"type":"Feature","geometry":{"type":"LineString","coordinates":[[121.0487744671073,24.90194447592052],[121.0493389580337,24.90166716954374]]},"properties":{"name":"1","FID":"506","SSEW_CAT":"1","PI_NUM":"1782-030-029","US_MH":"1782-030","DS_MH":"1782-029","PI_TYP":"5","PI_WIDT":"0","PI_WIDB":"0","PI_HEI":"1.5","PI_LENG":"66.9","PI_MAT":"RCP","PI_THICK":"0","PI_SLOP":"0.01","DES_FLOW":"0","DES_VELO":"0","US_BLE":"80.52","DS_BLE":"79.6","CITY_ID":"10004","KEYIN_DATE":"20160505","NOTE":"箱涵轉變"}},{"type":"Feature","geometry":{"type":"LineString","coordinates":[[121.0493389580337,24.90166716954374],[121.0496371420599,24.90150907188961]]},"properties":{"name":"1","FID":"507","SSEW_CAT":"1","PI_NUM":"1782-031-030","US_MH":"1782-031","DS_MH":"1782-030","PI_TYP":"5","PI_WIDT":"0","PI_WIDB":"0","PI_HEI":"1.5","PI_LENG":"31.6","PI_MAT":"RCP","PI_THICK":"0","PI_SLOP":"0.01","DES_FLOW":"0","DES_VELO":"0","US_BLE":"80.82","DS_BLE":"80.54","CITY_ID":"10004","KEYIN_DATE":"20160505"}},{"type":"Feature","geometry":{"type":"LineString","coordinates":[[121.0496371420599,24.90150907188961],[121.0500386679968,24.90131966428896]]},"properties":{"name":"1","FID":"508","SSEW_CAT":"1","PI_NUM":"1782-032-031","US_MH":"1782-032","DS_MH":"1782-031","PI_TYP":"5","PI_WIDT":"0","PI_WIDB":"0","PI_HEI":"1.5","PI_LENG":"47.2","PI_MAT":"RCP","PI_THICK":"0","PI_SLOP":"0.01","DES_FLOW":"0","DES_VELO":"0","US_BLE":"81.31","DS_BLE":"80.85","CITY_ID":"10004","KEYIN_DATE":"20160505","NOTE":"箱涵轉變"}},{"type":"Feature","geometry":{"type":"LineString","coordinates":[[121.0500386679968,24.90131966428896],[121.050457302776,24.90111735712095]]},"properties":{"name":"1","FID":"509","SSEW_CAT":"1","PI_NUM":"1782-033-032","US_MH":"1782-033","DS_MH":"1782-032","PI_TYP":"5","PI_WIDT":"0","PI_WIDB":"0","PI_HEI":"1.5","PI_LENG":"48.2","PI_MAT":"RCP","PI_THICK":"0","PI_SLOP":"0.02","DES_FLOW":"0","DES_VELO":"0","US_BLE":"82.04","DS_BLE":"81.31","CITY_ID":"10004","KEYIN_DATE":"20160505"}},{"type":"Feature","geometry":{"type":"LineString","coordinates":[[121.0506967211852,24.90095268639798],[121.0506939680604,24.90070735588692]]},"properties":{"name":"1","FID":"510","SSEW_CAT":"1","PI_NUM":"1782-034-F07","US_MH":"1782-034","DS_MH":"1782-F07","PI_TYP":"5","PI_WIDT":"0","PI_WIDB":"0","PI_HEI":"1.5","PI_LENG":"27.2","PI_MAT":"RCP","PI_THICK":"0","PI_SLOP":"0.01","DES_FLOW":"0","DES_VELO":"0","US_BLE":"82.42","DS_BLE":"82.23","CITY_ID":"10004","KEYIN_DATE":"20160505","NOTE":"此縱走帶為1782-034-033"}},{"type":"Feature","geometry":{"type":"LineString","coordinates":[[121.0506939680604,24.90070735588692],[121.0506329608406,24.90056153020075]]},"properties":{"name":"1","FID":"511","SSEW_CAT":"1","PI_NUM":"1782-035-034","US_MH":"1782-035","DS_MH":"1782-034","PI_TYP":"5","PI_WIDT":"0","PI_WIDB":"0","PI_HEI":"1.5","PI_LENG":"16.9","PI_MAT":"RCP","PI_THICK":"0","PI_SLOP":"-0.01","DES_FLOW":"0","DES_VELO":"0","US_BLE":"82.19","DS_BLE":"82.43","CITY_ID":"10004","KEYIN_DATE":"20160505"}},{"type":"Feature","geometry":{"type":"LineString","coordinates":[[121.0464097625294,24.90029232847523],[121.0471980103265,24.89992363707465]]},"properties":{"name":"2","FID":"512","SSEW_CAT":"2","PI_NUM":"1782-002-001","US_MH":"1782-002","DS_MH":"1782-001","PI_TYP":"5","PI_WIDT":"0","PI_WIDB":"0","PI_HEI":"0.8","PI_LENG":"89.5","PI_MAT":"RCP","PI_THICK":"0","PI_SLOP":"0.01","DES_FLOW":"0","DES_VELO":"0","US_BLE":"79.13","DS_BLE":"78.28","CITY_ID":"10004","KEYIN_DATE":"20160428"}},{"type":"Feature","geometry":{"type":"LineString","coordinates":[[121.0497220357201,24.90346062583797],[121.0499321190859,24.90383848856658]]},"properties":{"name":"2","FID":"513","SSEW_CAT":"2","PI_NUM":"1783-011-1782-014","US_MH":"1783-011","DS_MH":"1782-014","PI_TYP":"5","PI_WIDT":"0","PI_WIDB":"0","PI_HEI":"1","PI_LENG":"46.9","PI_MAT":"RCP","PI_THICK":"0","PI_SLOP":"0.03","DES_FLOW":"0","DES_VELO":"0","US_BLE":"82.1","DS_BLE":"80.77","CITY_ID":"10004","KEYIN_DATE":"20160424"}},{"type":"Feature","geometry":{"type":"LineString","coordinates":[[121.0496513487859,24.90334419981864],[121.0497220357201,24.90346062583797]]},"properties":{"name":"2","FID":"514","SSEW_CAT":"2","PI_NUM":"1782-014-017","US_MH":"1782-014","DS_MH":"1782-017","PI_TYP":"5","PI_WIDT":"0","PI_WIDB":"0","PI_HEI":"1","PI_LENG":"14.7","PI_MAT":"RCP","PI_THICK":"0","PI_SLOP":"0.03","DES_FLOW":"0","DES_VELO":"0","US_BLE":"80.76","DS_BLE":"80.34","CITY_ID":"10004","KEYIN_DATE":"20160505"}},{"type":"Feature","geometry":{"type":"LineString","coordinates":[[121.0480063361622,24.90236483918768],[121.0479404045289,24.9022523472333]]},"properties":{"name":"2","FID":"515","SSEW_CAT":"2","PI_NUM":"1782-036-007","US_MH":"1782-036","DS_MH":"1782-007","PI_TYP":"5","PI_WIDT":"0","PI_WIDB":"0","PI_HEI":"1","PI_LENG":"14.1","PI_MAT":"RCP","PI_THICK":"0","PI_SLOP":"0.07","DES_FLOW":"0","DES_VELO":"0","US_BLE":"79.17","DS_BLE":"78.11","CITY_ID":"10004","KEYIN_DATE":"20160505"}},{"type":"Feature","geometry":{"type":"LineString","coordinates":[[121.0468127909129,24.90547422661866],[121.0469283284475,24.90542887629956]]},"properties":{"name":"2","FID":"516","SSEW_CAT":"2","PI_NUM":"1783-002-008","US_MH":"1783-002","DS_MH":"1783-008","PI_TYP":"5","PI_WIDT":"0","PI_WIDB":"0","PI_HEI":"0.8","PI_LENG":"12.7","PI_MAT":"RCP","PI_THICK":"0","PI_SLOP":"0.02","DES_FLOW":"0","DES_VELO":"0","US_BLE":"78.72","DS_BLE":"78.42","CITY_ID":"10004","KEYIN_DATE":"20160423"}},{"type":"Feature","geometry":{"type":"LineString","coordinates":[[121.0469283284475,24.90542887629956],[121.047259975681,24.90597616022447]]},"properties":{"name":"2","FID":"517","SSEW_CAT":"2","PI_NUM":"1783-007-002","US_MH":"1783-007","DS_MH":"1783-002","PI_TYP":"5","PI_WIDT":"0","PI_WIDB":"0","PI_HEI":"0.8","PI_LENG":"69.3","PI_MAT":"RCP","PI_THICK":"0","PI_SLOP":"-0.01","DES_FLOW":"0","DES_VELO":"0","US_BLE":"78.3","DS_BLE":"78.86","CITY_ID":"10004","KEYIN_DATE":"20160423"}},{"type":"Feature","geometry":{"type":"LineString","coordinates":[[121.047259975681,24.90597616022447],[121.0476438584853,24.90660970298218]]},"properties":{"name":"2","FID":"518","SSEW_CAT":"2","PI_NUM":"1783-003-007","US_MH":"1783-003","DS_MH":"1783-007","PI_TYP":"5","PI_WIDT":"0","PI_WIDB":"0","PI_HEI":"0.8","PI_LENG":"80.2","PI_MAT":"RCP","PI_THICK":"0","PI_SLOP":"0","DES_FLOW":"0","DES_VELO":"0","US_BLE":"78.44","DS_BLE":"78.22","CITY_ID":"10004","KEYIN_DATE":"20160423"}},{"type":"Feature","geometry":{"type":"LineString","coordinates":[[121.0496513487859,24.90334419981864],[121.0501207961347,24.90344293197549]]},"properties":{"name":"1","FID":"519","SSEW_CAT":"1","PI_NUM":"1782-F05-017","US_MH":"1782-F05","DS_MH":"1782-017","PI_TYP":"1","PI_WIDT":"0","PI_WIDB":"0","PI_HEI":"1.5","PI_LENG":"48.7","PI_MAT":"RCB","PI_THICK":"0","PI_SLOP":"0.01","DES_FLOW":"0","DES_VELO":"0","US_BLE":"81","DS_BLE":"80.34","CITY_ID":"10004","KEYIN_DATE":"20160504","NOTE":"箱涵轉變，數根私接排水管"}},{"type":"Feature","geometry":{"type":"LineString","coordinates":[[121.0501207961347,24.90344293197549],[121.0502158819118,24.9034783458811]]},"properties":{"name":"1","FID":"520","SSEW_CAT":"1","PI_NUM":"1782-F04-F05","US_MH":"1782-F04","DS_MH":"1782-F05","PI_TYP":"1","PI_WIDT":"0","PI_WIDB":"0","PI_HEI":"0.98","PI_LENG":"10.3","PI_MAT":"RCB","PI_THICK":"0","PI_SLOP":"0.01","DES_FLOW":"0","DES_VELO":"0","US_BLE":"81.07","DS_BLE":"81","CITY_ID":"10004","KEYIN_DATE":"20160504","NOTE":"左側箱涵，箱涵轉變"}},{"type":"Feature","geometry":{"type":"LineString","coordinates":[[121.0501453618171,24.90345750474378],[121.0502158819118,24.9034783458811]]},"properties":{"name":"1","FID":"521","SSEW_CAT":"1","PI_NUM":"1782-F04-F08","US_MH":"1782-F04","DS_MH":"1782-F08","PI_TYP":"5","PI_WIDT":"0","PI_WIDB":"0","PI_HEI":"1.5","PI_LENG":"7.5","PI_MAT":"RCP","PI_THICK":"0","PI_SLOP":"0.01","DES_FLOW":"0","DES_VELO":"0","US_BLE":"81.07","DS_BLE":"81","CITY_ID":"10004","KEYIN_DATE":"20160504","NOTE":"右側管涵，箱涵轉變"}},{"type":"Feature","geometry":{"type":"LineString","coordinates":[[121.0502158819118,24.9034783458811],[121.0502577619306,24.90349463724481]]},"properties":{"name":"1","FID":"522","SSEW_CAT":"1","PI_NUM":"1782-F03-F04","US_MH":"1782-F03","DS_MH":"1782-F04","PI_TYP":"1","PI_WIDT":"0","PI_WIDB":"0","PI_HEI":"1.27","PI_LENG":"4.3","PI_MAT":"RCB","PI_THICK":"0","PI_SLOP":"0.01","DES_FLOW":"0","DES_VELO":"0","US_BLE":"81.11","DS_BLE":"81.07","CITY_ID":"10004","KEYIN_DATE":"20160504","NOTE":"梯形W*H=(3.6、3.83)*1.27m"}},{"type":"Feature","geometry":{"type":"LineString","coordinates":[[121.0502983449697,24.90351043246665],[121.0514317003407,24.90391878416709]]},"properties":{"name":"1","FID":"523","SSEW_CAT":"1","PI_NUM":"1783-F01-1782-F02","US_MH":"1783-F01","DS_MH":"1782-F02","PI_TYP":"1","PI_WIDT":"0","PI_WIDB":"0","PI_HEI":"1.52","PI_LENG":"123.1","PI_MAT":"RCB","PI_THICK":"0","PI_SLOP":"0.01","DES_FLOW":"0","DES_VELO":"0","US_BLE":"82.48","DS_BLE":"81.15","CITY_ID":"10004","KEYIN_DATE":"20160504","NOTE":"箱涵轉變，數根私接排水管"}},{"type":"Feature","geometry":{"type":"LineString","coordinates":[[121.0502577619306,24.90349463724481],[121.0502983449697,24.90351043246665]]},"properties":{"name":"1","FID":"524","SSEW_CAT":"1","PI_NUM":"1782-F02-F03","US_MH":"1782-F02","DS_MH":"1782-F03","PI_TYP":"1","PI_WIDT":"0","PI_WIDB":"0","PI_HEI":"1.05","PI_LENG":"4.5","PI_MAT":"RCB","PI_THICK":"0","PI_SLOP":"0.01","DES_FLOW":"0","DES_VELO":"0","US_BLE":"81.15","DS_BLE":"81.11","CITY_ID":"10004","KEYIN_DATE":"20160504","NOTE":"梯形W*H=(3.6、3.83)*1.27m"}},{"type":"Feature","geometry":{"type":"LineString","coordinates":[[121.05183283736,24.90418448038838],[121.0521900269093,24.90401104483865]]},"properties":{"name":"1","FID":"525","SSEW_CAT":"1","PI_NUM":"1783-009-F02","US_MH":"1783-009","DS_MH":"1783-F02","PI_TYP":"1","PI_WIDT":"0","PI_WIDB":"0","PI_HEI":"0.97","PI_LENG":"40.9","PI_MAT":"RCB","PI_THICK":"0","PI_SLOP":"0.01","DES_FLOW":"0","DES_VELO":"0","US_BLE":"83.73","DS_BLE":"83.19","CITY_ID":"10004","KEYIN_DATE":"20160503"}},{"type":"Feature","geometry":{"type":"LineString","coordinates":[[121.0521900269093,24.90401104483865],[121.0524042506722,24.90390604958203]]},"properties":{"name":"1","FID":"526","SSEW_CAT":"1","PI_NUM":"1783-010-009","US_MH":"1783-010","DS_MH":"1783-009","PI_TYP":"1","PI_WIDT":"0","PI_WIDB":"0","PI_HEI":"1","PI_LENG":"24.6","PI_MAT":"RCB","PI_THICK":"0","PI_SLOP":"0","DES_FLOW":"0","DES_VELO":"0","US_BLE":"83.79","DS_BLE":"83.73","CITY_ID":"10004","KEYIN_DATE":"20160503"}},{"type":"Feature","geometry":{"type":"LineString","coordinates":[[121.0524042506722,24.90390604958203],[121.0526594476155,24.90377970522166]]},"properties":{"name":"1","FID":"527","SSEW_CAT":"1","PI_NUM":"1783-012-010","US_MH":"1783-012","DS_MH":"1783-010","PI_TYP":"1","PI_WIDT":"0","PI_WIDB":"0","PI_HEI":"0.98","PI_LENG":"29.3","PI_MAT":"RCB","PI_THICK":"0","PI_SLOP":"0","DES_FLOW":"0","DES_VELO":"0","US_BLE":"83.89","DS_BLE":"83.79","CITY_ID":"10004","KEYIN_DATE":"20160503"}},{"type":"Feature","geometry":{"type":"LineString","coordinates":[[121.0557464222848,24.8945344989332],[121.0557784823204,24.89433396379383]]},"properties":{"name":"1","FID":"528","SSEW_CAT":"1","PI_NUM":"1881-F01-001","US_MH":"1881-F01","DS_MH":"1881-001","PI_TYP":"1","PI_WIDT":"0","PI_WIDB":"0","PI_HEI":"1.9","PI_LENG":"22.2","PI_MAT":"RCB","PI_THICK":"0","PI_SLOP":"0.01","DES_FLOW":"0","DES_VELO":"0","US_BLE":"90.44","DS_BLE":"90.28","CITY_ID":"10004","KEYIN_DATE":"20160504","NOTE":"明溝入水"}},{"type":"Feature","geometry":{"type":"LineString","coordinates":[[121.0557226823157,24.8947031061513],[121.0557464222848,24.8945344989332]]},"properties":{"name":"1","FID":"529","SSEW_CAT":"1","PI_NUM":"1881-001-002","US_MH":"1881-001","DS_MH":"1881-002","PI_TYP":"1","PI_WIDT":"0","PI_WIDB":"0","PI_HEI":"2","PI_LENG":"19","PI_MAT":"RCB","PI_THICK":"0","PI_SLOP":"0.01","DES_FLOW":"0","DES_VELO":"0","US_BLE":"90.28","DS_BLE":"90.14","CITY_ID":"10004","KEYIN_DATE":"20160504"}},{"type":"Feature","geometry":{"type":"LineString","coordinates":[[121.0557200494118,24.89485767518165],[121.0557226823157,24.8947031061513]]},"properties":{"name":"1","FID":"530","SSEW_CAT":"1","PI_NUM":"1881-002-003","US_MH":"1881-002","DS_MH":"1881-003","PI_TYP":"1","PI_WIDT":"0","PI_WIDB":"0","PI_HEI":"2.23","PI_LENG":"16.6","PI_MAT":"RCB","PI_THICK":"0","PI_SLOP":"0.01","DES_FLOW":"0","DES_VELO":"0","US_BLE":"90.14","DS_BLE":"90.03","CITY_ID":"10004","KEYIN_DATE":"20160504"}},{"type":"Feature","geometry":{"type":"LineString","coordinates":[[121.0557048676719,24.89508386301215],[121.0557200494118,24.89485767518165]]},"properties":{"name":"1","FID":"531","SSEW_CAT":"1","PI_NUM":"1881-003-R01","US_MH":"1881-003","DS_MH":"1881-R01","PI_TYP":"1","PI_WIDT":"0","PI_WIDB":"0","PI_HEI":"2.28","PI_LENG":"24.7","PI_MAT":"RCB","PI_THICK":"0","PI_SLOP":"0.04","DES_FLOW":"0","DES_VELO":"0","US_BLE":"90.03","DS_BLE":"89.05","CITY_ID":"10004","KEYIN_DATE":"20160504"}},{"type":"Feature","geometry":{"type":"LineString","coordinates":[[121.0451531312365,24.89932482250607],[121.0452128028206,24.89851362049355]]},"properties":{"name":"1","FID":"532","SSEW_CAT":"1","PI_NUM":"1682-028-R04","US_MH":"1682-028","DS_MH":"1682-R04","PI_TYP":"1","PI_WIDT":"0","PI_WIDB":"0","PI_HEI":"1.81","PI_LENG":"89.2","PI_MAT":"RCB","PI_THICK":"0","PI_SLOP":"0.01","DES_FLOW":"0","DES_VELO":"0","US_BLE":"73.43","DS_BLE":"72.59","CITY_ID":"10004","KEYIN_DATE":"20160428","NOTE":"箱涵轉變"}},{"type":"Feature","geometry":{"type":"LineString","coordinates":[[121.0487744671073,24.90194447592052],[121.0493023777707,24.90268019729119]]},"properties":{"name":"2","FID":"533","SSEW_CAT":"2","PI_NUM":"1782-018-029","US_MH":"1782-018","DS_MH":"1782-029","PI_TYP":"5","PI_WIDT":"0","PI_WIDB":"0","PI_HEI":"1","PI_LENG":"97.4","PI_MAT":"RCP","PI_THICK":"0","PI_SLOP":"0","DES_FLOW":"0","DES_VELO":"0","US_BLE":"79.83","DS_BLE":"79.6","CITY_ID":"10004","KEYIN_DATE":"20160425"}},{"type":"Feature","geometry":{"type":"LineString","coordinates":[[121.0497171524101,24.89932633286126],[121.0497822051187,24.89939450344959]]},"properties":{"name":"2","FID":"534","SSEW_CAT":"2","PI_NUM":"1782-F06-011","US_MH":"1782-F06","DS_MH":"1782-011","PI_TYP":"1","PI_WIDT":"0","PI_WIDB":"0","PI_HEI":"1.01","PI_LENG":"10","PI_MAT":"RCB","PI_THICK":"0","PI_SLOP":"0.01","DES_FLOW":"0","DES_VELO":"0","US_BLE":"81.53","DS_BLE":"81.39","CITY_ID":"10004","KEYIN_DATE":"20160508"}},{"type":"Feature","geometry":{"type":"LineString","coordinates":[[121.0594073613815,24.87862482144465],[121.0597731479995,24.87865983252585]]},"properties":{"name":"2","FID":"535","SSEW_CAT":"2","PI_NUM":"1878-001-R01","US_MH":"1878-001","DS_MH":"1878-R01","PI_TYP":"1","PI_WIDT":"0","PI_WIDB":"0","PI_HEI":"1.71","PI_LENG":"38.6","PI_MAT":"RCB","PI_THICK":"0","PI_SLOP":"0.01","DES_FLOW":"0","DES_VELO":"0","US_BLE":"101.71","DS_BLE":"101.47","CITY_ID":"10004","KEYIN_DATE":"20160715"}},{"type":"Feature","geometry":{"type":"LineString","coordinates":[[121.0597731479995,24.87865983252585],[121.06003958065,24.87810834445588]]},"properties":{"name":"2","FID":"536","SSEW_CAT":"2","PI_NUM":"1878-002-001","US_MH":"1878-002","DS_MH":"1878-001","PI_TYP":"1","PI_WIDT":"0","PI_WIDB":"0","PI_HEI":"1.7","PI_LENG":"65.8","PI_MAT":"RCB","PI_THICK":"0","PI_SLOP":"0","DES_FLOW":"0","DES_VELO":"0","US_BLE":"101.88","DS_BLE":"101.71","CITY_ID":"10004","KEYIN_DATE":"20160715"}},{"type":"Feature","geometry":{"type":"LineString","coordinates":[[121.06003958065,24.87810834445588],[121.0602778037975,24.87767833707693]]},"properties":{"name":"2","FID":"537","SSEW_CAT":"2","PI_NUM":"1878-003-002","US_MH":"1878-003","DS_MH":"1878-002","PI_TYP":"1","PI_WIDT":"0","PI_WIDB":"0","PI_HEI":"1.71","PI_LENG":"53.2","PI_MAT":"RCB","PI_THICK":"0","PI_SLOP":"0.01","DES_FLOW":"0","DES_VELO":"0","US_BLE":"102.37","DS_BLE":"101.88","CITY_ID":"10004","KEYIN_DATE":"20160715"}},{"type":"Feature","geometry":{"type":"LineString","coordinates":[[121.0569320363586,24.87734449337424],[121.0570112078958,24.87707471781577]]},"properties":{"name":"2","FID":"538","SSEW_CAT":"2","PI_NUM":"1878-007-006","US_MH":"1878-007","DS_MH":"1878-006","PI_TYP":"1","PI_WIDT":"0","PI_WIDB":"0","PI_HEI":"1.37","PI_LENG":"29","PI_MAT":"RCB","PI_THICK":"0","PI_SLOP":"0.04","DES_FLOW":"0","DES_VELO":"0","US_BLE":"102.48","DS_BLE":"101.25","CITY_ID":"10004","KEYIN_DATE":"20160715","NOTE":"箱涵轉變，數根私接排水管"}},{"type":"Feature","geometry":{"type":"LineString","coordinates":[[121.0568175695595,24.87771834513151],[121.0569320363586,24.87734449337424]]},"properties":{"name":"2","FID":"539","SSEW_CAT":"2","PI_NUM":"1878-006-F04","US_MH":"1878-006","DS_MH":"1878-F04","PI_TYP":"1","PI_WIDT":"0","PI_WIDB":"0","PI_HEI":"0.94","PI_LENG":"43","PI_MAT":"RCB","PI_THICK":"0","PI_SLOP":"0.02","DES_FLOW":"0","DES_VELO":"0","US_BLE":"100.97","DS_BLE":"100.32","CITY_ID":"10004","KEYIN_DATE":"20160715"}},{"type":"Feature","geometry":{"type":"LineString","coordinates":[[121.0579023518843,24.87835718422301],[121.0579451034562,24.87819980943645]]},"properties":{"name":"2","FID":"540","SSEW_CAT":"2","PI_NUM":"1878-F05-F07","US_MH":"1878-F05","DS_MH":"1878-F07","PI_TYP":"1","PI_WIDT":"0","PI_WIDB":"0","PI_HEI":"1.05","PI_LENG":"18","PI_MAT":"RCB","PI_THICK":"0","PI_SLOP":"0.01","DES_FLOW":"0","DES_VELO":"0","US_BLE":"100.78","DS_BLE":"100.59","CITY_ID":"10004","KEYIN_DATE":"20160715","NOTE":"箱涵轉變，數根私接排水管"}},{"type":"Feature","geometry":{"type":"LineString","coordinates":[[121.0566610016766,24.87848719277873],[121.0566583173727,24.87820029428813]]},"properties":{"name":"2","FID":"541","SSEW_CAT":"2","PI_NUM":"1878-F03-R02","US_MH":"1878-F03","DS_MH":"1878-R02","PI_TYP":"1","PI_WIDT":"0","PI_WIDB":"0","PI_HEI":"1.02","PI_LENG":"31.8","PI_MAT":"RCB","PI_THICK":"0","PI_SLOP":"0.01","DES_FLOW":"0","DES_VELO":"0","US_BLE":"99.29","DS_BLE":"98.98","CITY_ID":"10004","KEYIN_DATE":"20160715"}},{"type":"Feature","geometry":{"type":"LineString","coordinates":[[121.0566583173727,24.87820029428813],[121.0551419431675,24.87801297839041]]},"properties":{"name":"2","FID":"542","SSEW_CAT":"2","PI_NUM":"1878-009-F03","US_MH":"1878-009","DS_MH":"1878-F03","PI_TYP":"1","PI_WIDT":"0","PI_WIDB":"0","PI_HEI":"1.45","PI_LENG":"169.3","PI_MAT":"RCB","PI_THICK":"0","PI_SLOP":"0.01","DES_FLOW":"0","DES_VELO":"0","US_BLE":"101.11","DS_BLE":"99.29","CITY_ID":"10004","KEYIN_DATE":"20160508","NOTE":"箱涵轉變，數根私接排水管"}},{"type":"Feature","geometry":{"type":"LineString","coordinates":[[121.0566583173727,24.87820029428813],[121.0566583111967,24.87818675149937]]},"properties":{"name":"2","FID":"543","SSEW_CAT":"2","PI_NUM":"1878-008-F03","US_MH":"1878-008","DS_MH":"1878-F03","PI_TYP":"1","PI_WIDT":"0","PI_WIDB":"0","PI_HEI":"1.8","PI_LENG":"0.3","PI_MAT":"RCB","PI_THICK":"0","PI_SLOP":"0","DES_FLOW":"0","DES_VELO":"0","US_BLE":"99.29","DS_BLE":"99.29","CITY_ID":"10004","KEYIN_DATE":"20160715"}},{"type":"Feature","geometry":{"type":"LineString","coordinates":[[121.0563404230756,24.8993879277645],[121.0563272466205,24.89936365509806]]},"properties":{"name":"1","FID":"544","SSEW_CAT":"1","PI_NUM":"1882-F08-001","US_MH":"1882-F08","DS_MH":"1882-001","PI_TYP":"1","PI_WIDT":"0","PI_WIDB":"0","PI_HEI":"1.84","PI_LENG":"3","PI_MAT":"RCB","PI_THICK":"0","PI_SLOP":"0.01","DES_FLOW":"0","DES_VELO":"0","US_BLE":"90.99","DS_BLE":"90.96","CITY_ID":"10004","KEYIN_DATE":"20160704"}},{"type":"Feature","geometry":{"type":"LineString","coordinates":[[121.0602778037975,24.87767833707693],[121.0603001219918,24.87763805180268]]},"properties":{"name":"1","FID":"545","SSEW_CAT":"1","PI_NUM":"1878-F01-003","US_MH":"1878-F01","DS_MH":"1878-003","PI_TYP":"1","PI_WIDT":"0","PI_WIDB":"0","PI_HEI":"1.72","PI_LENG":"5","PI_MAT":"RCB","PI_THICK":"0","PI_SLOP":"0.01","DES_FLOW":"0","DES_VELO":"0","US_BLE":"102.42","DS_BLE":"102.37","CITY_ID":"10004","KEYIN_DATE":"20160715"}},{"type":"Feature","geometry":{"type":"LineString","coordinates":[[121.0570112078958,24.87707471781577],[121.057032325374,24.87696076068882]]},"properties":{"name":"1","FID":"546","SSEW_CAT":"1","PI_NUM":"1878-F02-007","US_MH":"1878-F02","DS_MH":"1878-007","PI_TYP":"1","PI_WIDT":"0","PI_WIDB":"0","PI_HEI":"1.15","PI_LENG":"12.8","PI_MAT":"RCB","PI_THICK":"0","PI_SLOP":"0.04","DES_FLOW":"0","DES_VELO":"0","US_BLE":"103.02","DS_BLE":"102.48","CITY_ID":"10004","KEYIN_DATE":"20160715","NOTE":"箱涵轉變"}},{"type":"Feature","geometry":{"type":"LineString","coordinates":[[121.0567531873411,24.87814820879435],[121.0568175695595,24.87771834513151]]},"properties":{"name":"1","FID":"547","SSEW_CAT":"1","PI_NUM":"1878-F04-F06","US_MH":"1878-F04","DS_MH":"1878-F06","PI_TYP":"1","PI_WIDT":"0","PI_WIDB":"0","PI_HEI":"1.3","PI_LENG":"48.1","PI_MAT":"RCB","PI_THICK":"0","PI_SLOP":"0.02","DES_FLOW":"0","DES_VELO":"0","US_BLE":"100.32","DS_BLE":"99.58","CITY_ID":"10004","KEYIN_DATE":"20160715","NOTE":"數根私接排水管"}},{"type":"Feature","geometry":{"type":"LineString","coordinates":[[121.0457850933623,24.90536604111756],[121.0460398120884,24.90579215284105]]},"properties":{"name":"1","FID":"548","SSEW_CAT":"1","PI_NUM":"1683-013-007","US_MH":"1683-013","DS_MH":"1683-007","PI_TYP":"1","PI_WIDT":"0","PI_WIDB":"0","PI_HEI":"1","PI_LENG":"53.8","PI_MAT":"RCB","PI_THICK":"0","PI_SLOP":"0","DES_FLOW":"0","DES_VELO":"0","US_BLE":"76.38","DS_BLE":"76.38","CITY_ID":"10004","KEYIN_DATE":"20160703"}},{"type":"Feature","geometry":{"type":"LineString","coordinates":[[121.051336366303,24.89055114947724],[121.0513616890807,24.89046360030239]]},"properties":{"name":"1","FID":"549","SSEW_CAT":"1","PI_NUM":"1780-F02-F01","US_MH":"1780-F02","DS_MH":"1780-F01","PI_TYP":"1","PI_WIDT":"0","PI_WIDB":"0","PI_HEI":"1.15","PI_LENG":"10","PI_MAT":"RCB","PI_THICK":"0","PI_SLOP":"0","DES_FLOW":"0","DES_VELO":"0","US_BLE":"89.63","DS_BLE":"89.62","CITY_ID":"10004","KEYIN_DATE":"20160503"}},{"type":"Feature","geometry":{"type":"LineString","coordinates":[[121.0566583111967,24.87818675149937],[121.0567531873411,24.87814820879435]]},"properties":{"name":"1","FID":"550","SSEW_CAT":"1","PI_NUM":"1878-F06-008","US_MH":"1878-F06","DS_MH":"1878-008","PI_TYP":"1","PI_WIDT":"0","PI_WIDB":"0","PI_HEI":"1.3","PI_LENG":"8.1","PI_MAT":"RCB","PI_THICK":"0","PI_SLOP":"0.01","DES_FLOW":"0","DES_VELO":"0","US_BLE":"99.58","DS_BLE":"99.46","CITY_ID":"10004","KEYIN_DATE":"20160715"}},{"type":"Feature","geometry":{"type":"LineString","coordinates":[[121.0566583173727,24.87820029428813],[121.0579023518843,24.87835718422301]]},"properties":{"name":"1","FID":"551","SSEW_CAT":"1","PI_NUM":"1878-F07-F03","US_MH":"1878-F07","DS_MH":"1878-F03","PI_TYP":"1","PI_WIDT":"0","PI_WIDB":"0","PI_HEI":"1.62","PI_LENG":"120.6","PI_MAT":"RCB","PI_THICK":"0","PI_SLOP":"0.01","DES_FLOW":"0","DES_VELO":"0","US_BLE":"100.59","DS_BLE":"99.29","CITY_ID":"10004","KEYIN_DATE":"20160715","NOTE":"箱涵轉變，數根私接排水管"}},{"type":"Feature","geometry":{"type":"LineString","coordinates":[[121.0560070187108,24.9036829555135],[121.0559750533853,24.90357121277827]]},"properties":{"name":"1","FID":"552","SSEW_CAT":"1","PI_NUM":"1882-F09-003","US_MH":"1882-F09","DS_MH":"1882-003","PI_TYP":"1","PI_WIDT":"0","PI_WIDB":"0","PI_HEI":"1.99","PI_LENG":"12.1","PI_MAT":"RCB","PI_THICK":"0","PI_SLOP":"0","DES_FLOW":"0","DES_VELO":"0","US_BLE":"88.42","DS_BLE":"88.36","CITY_ID":"10004","KEYIN_DATE":"20160423","NOTE":"此縱走帶為1882-F06-003"}},{"type":"Feature","geometry":{"type":"LineString","coordinates":[[121.0563272466205,24.89936365509806],[121.0563320569652,24.89936258791878]]},"properties":{"name":"1","FID":"553","SSEW_CAT":"1","PI_NUM":"1882-F11-F08","US_MH":"1882-F11","DS_MH":"1882-F08","PI_TYP":"1","PI_WIDT":"0","PI_WIDB":"0","PI_HEI":"2.08","PI_LENG":"0.5","PI_MAT":"RCB","PI_THICK":"0","PI_SLOP":"0","DES_FLOW":"0","DES_VELO":"0","US_BLE":"90.99","DS_BLE":"90.99","CITY_ID":"10004","KEYIN_DATE":"20160423"}},{"type":"Feature","geometry":{"type":"LineString","coordinates":[[121.0514317003407,24.90391878416709],[121.05183283736,24.90418448038838]]},"properties":{"name":"2","FID":"554","SSEW_CAT":"2","PI_NUM":"1783-F02-F01","US_MH":"1783-F02","DS_MH":"1783-F01","PI_TYP":"1","PI_WIDT":"0","PI_WIDB":"0","PI_HEI":"0.97","PI_LENG":"53.1","PI_MAT":"RCB","PI_THICK":"0","PI_SLOP":"0.01","DES_FLOW":"0","DES_VELO":"0","US_BLE":"83.19","DS_BLE":"82.48","CITY_ID":"10004","KEYIN_DATE":"20160503"}},{"type":"Feature","geometry":{"type":"LineString","coordinates":[[121.050457302776,24.90111735712095],[121.0506967211852,24.90095268639798]]},"properties":{"name":"1","FID":"555","SSEW_CAT":"1","PI_NUM":"1782-F07-033","US_MH":"1782-F07","DS_MH":"1782-033","PI_TYP":"5","PI_WIDT":"0","PI_WIDB":"0","PI_HEI":"1.5","PI_LENG":"26","PI_MAT":"RCP","PI_THICK":"0","PI_SLOP":"0.01","DES_FLOW":"0","DES_VELO":"0","US_BLE":"82.23","DS_BLE":"82.05","CITY_ID":"10004","KEYIN_DATE":"20160505","NOTE":"此縱走帶為1782-034-033"}},{"type":"Feature","geometry":{"type":"LineString","coordinates":[[121.0425468277039,24.89931672248651],[121.0425387235121,24.89955637737974]]},"properties":{"name":"1","FID":"556","SSEW_CAT":"1","PI_NUM":"1682-F01-F02","US_MH":"1682-F01","DS_MH":"1682-F02","PI_TYP":"1","PI_WIDT":"0","PI_WIDB":"0","PI_HEI":"1.83","PI_LENG":"26.6","PI_MAT":"RCB","PI_THICK":"0","PI_SLOP":"0.02","DES_FLOW":"0","DES_VELO":"0","US_BLE":"69.98","DS_BLE":"69.54","CITY_ID":"10004","KEYIN_DATE":"20160425","NOTE":"坡道跌降，無法縱走，此縱走帶為1682-023-R02"}},{"type":"Feature","geometry":{"type":"LineString","coordinates":[[121.0421541728386,24.89911780058416],[121.0425468277039,24.89931672248651]]},"properties":{"name":"1","FID":"557","SSEW_CAT":"1","PI_NUM":"1682-F02-R02","US_MH":"1682-F02","DS_MH":"1682-R02","PI_TYP":"1","PI_WIDT":"0","PI_WIDB":"0","PI_HEI":"1.83","PI_LENG":"45.4","PI_MAT":"RCB","PI_THICK":"0","PI_SLOP":"0.02","DES_FLOW":"0","DES_VELO":"0","US_BLE":"69.54","DS_BLE":"68.78","CITY_ID":"10004","KEYIN_DATE":"20160425","NOTE":"坡道跌降，無法縱走，此縱走帶為1682-023-R02"}},{"type":"Feature","geometry":{"type":"LineString","coordinates":[[121.0489876542288,24.89512625175719],[121.0510635352462,24.89108262521744]]},"properties":{"name":"1","FID":"558","SSEW_CAT":"1","PI_NUM":"1780-F03-1781-F01","US_MH":"1780-F03","DS_MH":"1781-F01","PI_TYP":"1","PI_WIDT":"0","PI_WIDB":"0","PI_HEI":"2.1","PI_LENG":"508.8","PI_MAT":"RCB","PI_THICK":"0","PI_SLOP":"0.01","DES_FLOW":"0","DES_VELO":"0","US_BLE":"88.78","DS_BLE":"82.18","CITY_ID":"10004","KEYIN_DATE":"20160503","NOTE":"箱涵轉變，數根私接排水管，此縱走帶為1780-F01-1781-F01"}},{"type":"Feature","geometry":{"type":"LineString","coordinates":[[121.0501207961347,24.90344293197549],[121.0501453618171,24.90345750474378]]},"properties":{"name":"1","FID":"559","SSEW_CAT":"1","PI_NUM":"1782-F08-F05","US_MH":"1782-F08","DS_MH":"1782-F05","PI_TYP":"1","PI_WIDT":"0","PI_WIDB":"0","PI_HEI":"1.5","PI_LENG":"2.8","PI_MAT":"RCB","PI_THICK":"0","PI_SLOP":"0","DES_FLOW":"0","DES_VELO":"0","US_BLE":"81","DS_BLE":"81","CITY_ID":"10004","KEYIN_DATE":"20160504"}},{"type":"Feature","geometry":{"type":"LineString","coordinates":[[121.0668460186973,24.82814346956351],[121.0669061716732,24.82827719214109]]},"properties":{"name":"1","FID":"560","SSEW_CAT":"1","PI_NUM":"1969-003-F02","US_MH":"1969-003","DS_MH":"1969-F02","PI_TYP":"1","PI_WIDT":"0","PI_WIDB":"0","PI_HEI":"1.21","PI_LENG":"16.1","PI_MAT":"RCB","PI_THICK":"0","PI_SLOP":"0.02","DES_FLOW":"0","DES_VELO":"0","US_BLE":"46.34","DS_BLE":"46","CITY_ID":"10004","KEYIN_DATE":"20160307","NOTE":"以內插法求得數值"}},{"type":"Feature","geometry":{"type":"LineString","coordinates":[[121.0668460186973,24.82814346956351],[121.0669721984128,24.8281663637657]]},"properties":{"name":"1","FID":"561","SSEW_CAT":"1","PI_NUM":"1969-F01-F02","US_MH":"1969-F01","DS_MH":"1969-F02","PI_TYP":"1","PI_WIDT":"0","PI_WIDB":"0","PI_HEI":"2.63","PI_LENG":"12","PI_MAT":"RCB","PI_THICK":"0","PI_SLOP":"0.03","DES_FLOW":"0","DES_VELO":"0","US_BLE":"44.7","DS_BLE":"44.4","CITY_ID":"10004","KEYIN_DATE":"20160307","NOTE":"跌降，以內插法求得數值"}},{"type":"Feature","geometry":{"type":"LineString","coordinates":[[121.0666499551574,24.8281600884327],[121.0668460186973,24.82814346956351]]},"properties":{"name":"1","FID":"562","SSEW_CAT":"1","PI_NUM":"1969-F02-F04","US_MH":"1969-F02","DS_MH":"1969-F04","PI_TYP":"1","PI_WIDT":"0","PI_WIDB":"0","PI_HEI":"2.62","PI_LENG":"19.8","PI_MAT":"RCB","PI_THICK":"0","PI_SLOP":"0.02","DES_FLOW":"0","DES_VELO":"0","US_BLE":"44.4","DS_BLE":"44.08","CITY_ID":"10004","KEYIN_DATE":"20160307","NOTE":"以內插法求得數值"}},{"type":"Feature","geometry":{"type":"LineString","coordinates":[[121.0669061716732,24.82827719214109],[121.066932224802,24.82828542358009]]},"properties":{"name":"1","FID":"563","SSEW_CAT":"1","PI_NUM":"1969-F03-003","US_MH":"1969-F03","DS_MH":"1969-003","PI_TYP":"1","PI_WIDT":"0","PI_WIDB":"0","PI_HEI":"1.18","PI_LENG":"2.8","PI_MAT":"RCB","PI_THICK":"0","PI_SLOP":"0.01","DES_FLOW":"0","DES_VELO":"0","US_BLE":"46.4","DS_BLE":"46.37","CITY_ID":"10004","KEYIN_DATE":"20160307","NOTE":"以內插法求得數值"}},{"type":"Feature","geometry":{"type":"LineString","coordinates":[[121.0729803431477,24.82680122842182],[121.0730163650007,24.82698899642664]]},"properties":{"name":"1","FID":"564","SSEW_CAT":"1","PI_NUM":"2068-008-009","US_MH":"2068-008","DS_MH":"2068-009","PI_TYP":"1","PI_WIDT":"0","PI_WIDB":"0","PI_HEI":"1.5","PI_LENG":"20.1","PI_MAT":"RCB","PI_THICK":"0","PI_SLOP":"0","DES_FLOW":"0","DES_VELO":"0","US_BLE":"47.39","DS_BLE":"47.34","CITY_ID":"10004","KEYIN_DATE":"20160308"}},{"type":"Feature","geometry":{"type":"LineString","coordinates":[[121.072907106405,24.82638129938555],[121.0729803431477,24.82680122842182]]},"properties":{"name":"1","FID":"565","SSEW_CAT":"1","PI_NUM":"2068-009-010","US_MH":"2068-009","DS_MH":"2068-010","PI_TYP":"1","PI_WIDT":"0","PI_WIDB":"0","PI_HEI":"1.5","PI_LENG":"46.4","PI_MAT":"RCB","PI_THICK":"0","PI_SLOP":"0","DES_FLOW":"0","DES_VELO":"0","US_BLE":"47.34","DS_BLE":"47.23","CITY_ID":"10004","KEYIN_DATE":"20160308"}},{"type":"Feature","geometry":{"type":"LineString","coordinates":[[121.0723880860388,24.82646093992858],[121.072907106405,24.82638129938555]]},"properties":{"name":"1","FID":"566","SSEW_CAT":"1","PI_NUM":"2068-010-011","US_MH":"2068-010","DS_MH":"2068-011","PI_TYP":"1","PI_WIDT":"0","PI_WIDB":"0","PI_HEI":"1.4","PI_LENG":"55.7","PI_MAT":"RCB","PI_THICK":"0","PI_SLOP":"0.01","DES_FLOW":"0","DES_VELO":"0","US_BLE":"47.33","DS_BLE":"47.01","CITY_ID":"10004","KEYIN_DATE":"20160308"}},{"type":"Feature","geometry":{"type":"LineString","coordinates":[[121.0719137819047,24.82657557003525],[121.0723880860388,24.82646093992858]]},"properties":{"name":"1","FID":"567","SSEW_CAT":"1","PI_NUM":"2068-011-012","US_MH":"2068-011","DS_MH":"2068-012","PI_TYP":"1","PI_WIDT":"0","PI_WIDB":"0","PI_HEI":"1.5","PI_LENG":"48.6","PI_MAT":"RCB","PI_THICK":"0","PI_SLOP":"0","DES_FLOW":"0","DES_VELO":"0","US_BLE":"47","DS_BLE":"46.81","CITY_ID":"10004","KEYIN_DATE":"20160308"}},{"type":"Feature","geometry":{"type":"LineString","coordinates":[[121.0714400309658,24.82669030671593],[121.0719137819047,24.82657557003525]]},"properties":{"name":"1","FID":"568","SSEW_CAT":"1","PI_NUM":"2068-012-013","US_MH":"2068-012","DS_MH":"2068-013","PI_TYP":"1","PI_WIDT":"0","PI_WIDB":"0","PI_HEI":"1.52","PI_LENG":"48.3","PI_MAT":"RCB","PI_THICK":"0","PI_SLOP":"0","DES_FLOW":"0","DES_VELO":"0","US_BLE":"46.8","DS_BLE":"46.65","CITY_ID":"10004","KEYIN_DATE":"20160308"}},{"type":"Feature","geometry":{"type":"LineString","coordinates":[[121.0708579356468,24.82683149286879],[121.0714400309658,24.82669030671593]]},"properties":{"name":"1","FID":"569","SSEW_CAT":"1","PI_NUM":"2068-013-014","US_MH":"2068-013","DS_MH":"2068-014","PI_TYP":"1","PI_WIDT":"0","PI_WIDB":"0","PI_HEI":"1.5","PI_LENG":"60","PI_MAT":"RCB","PI_THICK":"0","PI_SLOP":"0","DES_FLOW":"0","DES_VELO":"0","US_BLE":"46.66","DS_BLE":"46.44","CITY_ID":"10004","KEYIN_DATE":"20160308"}},{"type":"Feature","geometry":{"type":"LineString","coordinates":[[121.0704745423821,24.82692242942847],[121.0708579356468,24.82683149286879]]},"properties":{"name":"1","FID":"570","SSEW_CAT":"1","PI_NUM":"2068-014-015","US_MH":"2068-014","DS_MH":"2068-015","PI_TYP":"1","PI_WIDT":"0","PI_WIDB":"0","PI_HEI":"1.5","PI_LENG":"38.8","PI_MAT":"RCB","PI_THICK":"0","PI_SLOP":"0.01","DES_FLOW":"0","DES_VELO":"0","US_BLE":"46.44","DS_BLE":"46.23","CITY_ID":"10004","KEYIN_DATE":"20160308"}},{"type":"Feature","geometry":{"type":"LineString","coordinates":[[121.0700029856403,24.82703821686588],[121.0704745423821,24.82692242942847]]},"properties":{"name":"1","FID":"571","SSEW_CAT":"1","PI_NUM":"2068-015-016","US_MH":"2068-015","DS_MH":"2068-016","PI_TYP":"1","PI_WIDT":"0","PI_WIDB":"0","PI_HEI":"1.5","PI_LENG":"47.9","PI_MAT":"RCB","PI_THICK":"0","PI_SLOP":"0.01","DES_FLOW":"0","DES_VELO":"0","US_BLE":"46.22","DS_BLE":"45.97","CITY_ID":"10004","KEYIN_DATE":"20160308"}},{"type":"Feature","geometry":{"type":"LineString","coordinates":[[121.0686032661765,24.82723770221647],[121.0700029856403,24.82703821686588]]},"properties":{"name":"1","FID":"572","SSEW_CAT":"1","PI_NUM":"2068-016-1968-R04","US_MH":"2068-016","DS_MH":"1968-R04","PI_TYP":"1","PI_WIDT":"0","PI_WIDB":"0","PI_HEI":"1.52","PI_LENG":"143.2","PI_MAT":"RCB","PI_THICK":"0","PI_SLOP":"0","DES_FLOW":"0","DES_VELO":"0","US_BLE":"45.97","DS_BLE":"45.76","CITY_ID":"10004","KEYIN_DATE":"20160308","NOTE":"數根私接排水管"}},{"type":"Feature","geometry":{"type":"LineString","coordinates":[[121.0699296736623,24.82732996483356],[121.0704417305661,24.827523189039]]},"properties":{"name":"1","FID":"573","SSEW_CAT":"1","PI_NUM":"2068-018-019","US_MH":"2068-018","DS_MH":"2068-019","PI_TYP":"1","PI_WIDT":"0","PI_WIDB":"0","PI_HEI":"1.51","PI_LENG":"55.5","PI_MAT":"RCB","PI_THICK":"0","PI_SLOP":"0.05","DES_FLOW":"0","DES_VELO":"0","US_BLE":"49.94","DS_BLE":"46.92","CITY_ID":"10004","KEYIN_DATE":"20160308","NOTE":"箱涵轉變，數根私接排水管"}},{"type":"Feature","geometry":{"type":"LineString","coordinates":[[121.0696034763312,24.8272018117803],[121.0699296736623,24.82732996483356]]},"properties":{"name":"1","FID":"574","SSEW_CAT":"1","PI_NUM":"2068-019-1968-005","US_MH":"2068-019","DS_MH":"1968-005","PI_TYP":"1","PI_WIDT":"0","PI_WIDB":"0","PI_HEI":"1.5","PI_LENG":"34.9","PI_MAT":"RCB","PI_THICK":"0","PI_SLOP":"0.02","DES_FLOW":"0","DES_VELO":"0","US_BLE":"46.92","DS_BLE":"46.14","CITY_ID":"10004","KEYIN_DATE":"20160308","NOTE":"數根私接排水管"}},{"type":"Feature","geometry":{"type":"LineString","coordinates":[[121.0692271696648,24.82719534143924],[121.0696034763312,24.8272018117803]]},"properties":{"name":"1","FID":"575","SSEW_CAT":"1","PI_NUM":"1968-005-002","US_MH":"1968-005","DS_MH":"1968-002","PI_TYP":"1","PI_WIDT":"0","PI_WIDB":"0","PI_HEI":"1.53","PI_LENG":"35.7","PI_MAT":"RCB","PI_THICK":"0","PI_SLOP":"0.01","DES_FLOW":"0","DES_VELO":"0","US_BLE":"46.12","DS_BLE":"45.92","CITY_ID":"10004","KEYIN_DATE":"20160308"}},{"type":"Feature","geometry":{"type":"LineString","coordinates":[[121.0686204173518,24.82724943151013],[121.0692271696648,24.82719534143924]]},"properties":{"name":"1","FID":"576","SSEW_CAT":"1","PI_NUM":"1968-002-R03","US_MH":"1968-002","DS_MH":"1968-R03","PI_TYP":"1","PI_WIDT":"0","PI_WIDB":"0","PI_HEI":"1.52","PI_LENG":"63.1","PI_MAT":"RCB","PI_THICK":"0","PI_SLOP":"0.01","DES_FLOW":"0","DES_VELO":"0","US_BLE":"45.92","DS_BLE":"45.53","CITY_ID":"10004","KEYIN_DATE":"20160308","NOTE":"箱涵轉變，數根私接排水管"}},{"type":"Feature","geometry":{"type":"LineString","coordinates":[[121.0704417305661,24.827523189039],[121.0708130110884,24.82796197452011]]},"properties":{"name":"1","FID":"577","SSEW_CAT":"1","PI_NUM":"2069-F01-2068-018","US_MH":"2069-F01","DS_MH":"2068-018","PI_TYP":"1","PI_WIDT":"0","PI_WIDB":"0","PI_HEI":"1.43","PI_LENG":"61.5","PI_MAT":"RCB","PI_THICK":"0","PI_SLOP":"0.01","DES_FLOW":"0","DES_VELO":"0","US_BLE":"50.3","DS_BLE":"49.94","CITY_ID":"10004","KEYIN_DATE":"20160308","NOTE":"明溝入水，梯形W*H=(2.42、3.24)*1.43m，數根私接排水管，箱涵轉變，以內插法求得數值"}},{"type":"Feature","geometry":{"type":"LineString","coordinates":[[121.0838129785111,24.82751673414615],[121.0844690374158,24.82739683551785]]},"properties":{"name":"1","FID":"578","SSEW_CAT":"1","PI_NUM":"2168-006-007","US_MH":"2168-006","DS_MH":"2168-007","PI_TYP":"5","PI_WIDT":"0","PI_WIDB":"0","PI_HEI":"1.2","PI_LENG":"69.6","PI_MAT":"RCP","PI_THICK":"0","PI_SLOP":"-0.01","DES_FLOW":"0","DES_VELO":"0","US_BLE":"60.63","DS_BLE":"60.97","CITY_ID":"10004","KEYIN_DATE":"20160308"}},{"type":"Feature","geometry":{"type":"LineString","coordinates":[[121.0830819807823,24.82765561352722],[121.0838129785111,24.82751673414615]]},"properties":{"name":"1","FID":"579","SSEW_CAT":"1","PI_NUM":"2168-007-008","US_MH":"2168-007","DS_MH":"2168-008","PI_TYP":"5","PI_WIDT":"0","PI_WIDB":"0","PI_HEI":"1.2","PI_LENG":"75.8","PI_MAT":"RCP","PI_THICK":"0","PI_SLOP":"0.01","DES_FLOW":"0","DES_VELO":"0","US_BLE":"60.96","DS_BLE":"60.3","CITY_ID":"10004","KEYIN_DATE":"20160308"}},{"type":"Feature","geometry":{"type":"LineString","coordinates":[[121.0827199924311,24.8277906742064],[121.0830819807823,24.82765561352722]]},"properties":{"name":"1","FID":"580","SSEW_CAT":"1","PI_NUM":"2168-008-009","US_MH":"2168-008","DS_MH":"2168-009","PI_TYP":"5","PI_WIDT":"0","PI_WIDB":"0","PI_HEI":"1.2","PI_LENG":"39.1","PI_MAT":"RCP","PI_THICK":"0","PI_SLOP":"0.02","DES_FLOW":"0","DES_VELO":"0","US_BLE":"60.28","DS_BLE":"59.59","CITY_ID":"10004","KEYIN_DATE":"20160308"}},{"type":"Feature","geometry":{"type":"LineString","coordinates":[[121.0819318275713,24.82810732533189],[121.0827199924311,24.8277906742064]]},"properties":{"name":"1","FID":"581","SSEW_CAT":"1","PI_NUM":"2168-009-2169-004","US_MH":"2168-009","DS_MH":"2169-004","PI_TYP":"5","PI_WIDT":"0","PI_WIDB":"0","PI_HEI":"1.2","PI_LENG":"85.1","PI_MAT":"RCP","PI_THICK":"0","PI_SLOP":"0","DES_FLOW":"0","DES_VELO":"0","US_BLE":"59.57","DS_BLE":"59.71","CITY_ID":"10004","KEYIN_DATE":"20160308"}},{"type":"Feature","geometry":{"type":"LineString","coordinates":[[121.0810386730746,24.82746738744784],[121.0811133605621,24.82759577857941]]},"properties":{"name":"1","FID":"582","SSEW_CAT":"1","PI_NUM":"2168-010-F09","US_MH":"2168-010","DS_MH":"2168-F09","PI_TYP":"1","PI_WIDT":"0","PI_WIDB":"0","PI_HEI":"1.8","PI_LENG":"16.1","PI_MAT":"RCB","PI_THICK":"0","PI_SLOP":"0.01","DES_FLOW":"0","DES_VELO":"0","US_BLE":"56.88","DS_BLE":"56.66","CITY_ID":"10004","KEYIN_DATE":"20160308","NOTE":"箱涵轉變，數根私接排水管，以內插法求得數值"}},{"type":"Feature","geometry":{"type":"LineString","coordinates":[[121.0805338765861,24.82627241076988],[121.0807674382804,24.82700115356977]]},"properties":{"name":"1","FID":"583","SSEW_CAT":"1","PI_NUM":"2168-011-012","US_MH":"2168-011","DS_MH":"2168-012","PI_TYP":"1","PI_WIDT":"0","PI_WIDB":"0","PI_HEI":"1.56","PI_LENG":"83.9","PI_MAT":"RCB","PI_THICK":"0","PI_SLOP":"0.01","DES_FLOW":"0","DES_VELO":"0","US_BLE":"55.89","DS_BLE":"54.94","CITY_ID":"10004","KEYIN_DATE":"20160308","NOTE":"箱涵轉變"}},{"type":"Feature","geometry":{"type":"LineString","coordinates":[[121.0804799279785,24.82605490503338],[121.0805338765861,24.82627241076988]]},"properties":{"name":"1","FID":"584","SSEW_CAT":"1","PI_NUM":"2168-012-F10","US_MH":"2168-012","DS_MH":"2168-F10","PI_TYP":"1","PI_WIDT":"0","PI_WIDB":"0","PI_HEI":"1.69","PI_LENG":"24.7","PI_MAT":"RCB","PI_THICK":"0","PI_SLOP":"0.03","DES_FLOW":"0","DES_VELO":"0","US_BLE":"54.94","DS_BLE":"54.21","CITY_ID":"10004","KEYIN_DATE":"20160308","NOTE":"箱涵轉變，以內插法求得數值"}},{"type":"Feature","geometry":{"type":"LineString","coordinates":[[121.0801981604173,24.82494037789884],[121.0803268316448,24.82543771183282]]},"properties":{"name":"1","FID":"585","SSEW_CAT":"1","PI_NUM":"2168-013-014","US_MH":"2168-013","DS_MH":"2168-014","PI_TYP":"1","PI_WIDT":"0","PI_WIDB":"0","PI_HEI":"2.01","PI_LENG":"55","PI_MAT":"RCB","PI_THICK":"0","PI_SLOP":"0.02","DES_FLOW":"0","DES_VELO":"0","US_BLE":"51.93","DS_BLE":"51.05","CITY_ID":"10004","KEYIN_DATE":"20160308","NOTE":"箱涵轉變"}},{"type":"Feature","geometry":{"type":"LineString","coordinates":[[121.0801155147511,24.82461680145505],[121.0801981604173,24.82494037789884]]},"properties":{"name":"1","FID":"586","SSEW_CAT":"1","PI_NUM":"2168-014-F01","US_MH":"2168-014","DS_MH":"2168-F01","PI_TYP":"1","PI_WIDT":"0","PI_WIDB":"0","PI_HEI":"1.57","PI_LENG":"36.3","PI_MAT":"RCB","PI_THICK":"0","PI_SLOP":"0.01","DES_FLOW":"0","DES_VELO":"0","US_BLE":"51.05","DS_BLE":"50.85","CITY_ID":"10004","KEYIN_DATE":"20160308","NOTE":"以內插法求得數值"}},{"type":"Feature","geometry":{"type":"LineString","coordinates":[[121.0794500989479,24.82463012153807],[121.0800988527616,24.82455155173771]]},"properties":{"name":"1","FID":"587","SSEW_CAT":"1","PI_NUM":"2168-015-016","US_MH":"2168-015","DS_MH":"2168-016","PI_TYP":"1","PI_WIDT":"0","PI_WIDB":"0","PI_HEI":"1.51","PI_LENG":"64.7","PI_MAT":"RCB","PI_THICK":"0","PI_SLOP":"0","DES_FLOW":"0","DES_VELO":"0","US_BLE":"50.8","DS_BLE":"50.51","CITY_ID":"10004","KEYIN_DATE":"20160308","NOTE":"以內插法求得數值"}},{"type":"Feature","geometry":{"type":"LineString","coordinates":[[121.0786176072104,24.8247296954512],[121.0794500989479,24.82463012153807]]},"properties":{"name":"1","FID":"588","SSEW_CAT":"1","PI_NUM":"2168-016-017","US_MH":"2168-016","DS_MH":"2168-017","PI_TYP":"1","PI_WIDT":"0","PI_WIDB":"0","PI_HEI":"1.52","PI_LENG":"86.6","PI_MAT":"RCB","PI_THICK":"0","PI_SLOP":"0","DES_FLOW":"0","DES_VELO":"0","US_BLE":"50.51","DS_BLE":"50.12","CITY_ID":"10004","KEYIN_DATE":"20160308","NOTE":"以內插法求得數值"}},{"type":"Feature","geometry":{"type":"LineString","coordinates":[[121.0800988527616,24.82455155173771],[121.0801155147511,24.82461680145505]]},"properties":{"name":"1","FID":"589","SSEW_CAT":"1","PI_NUM":"2168-F01-015","US_MH":"2168-F01","DS_MH":"2168-015","PI_TYP":"1","PI_WIDT":"0","PI_WIDB":"0","PI_HEI":"1.55","PI_LENG":"3.8","PI_MAT":"RCB","PI_THICK":"0","PI_SLOP":"0.01","DES_FLOW":"0","DES_VELO":"0","US_BLE":"50.85","DS_BLE":"50.8","CITY_ID":"10004","KEYIN_DATE":"20160308","NOTE":"數根私接排水管，以內插法求得數值"}},{"type":"Feature","geometry":{"type":"LineString","coordinates":[[121.0800988527616,24.82455155173771],[121.0802140994183,24.82454340034463]]},"properties":{"name":"1","FID":"590","SSEW_CAT":"1","PI_NUM":"2168-F02-015","US_MH":"2168-F02","DS_MH":"2168-015","PI_TYP":"1","PI_WIDT":"0","PI_WIDB":"0","PI_HEI":"1.52","PI_LENG":"11.7","PI_MAT":"RCB","PI_THICK":"0","PI_SLOP":"0","DES_FLOW":"0","DES_VELO":"0","US_BLE":"50.85","DS_BLE":"50.8","CITY_ID":"10004","KEYIN_DATE":"20160308"}},{"type":"Feature","geometry":{"type":"LineString","coordinates":[[121.0819163068404,24.82810978961107],[121.0819318275713,24.82810732533189]]},"properties":{"name":"2","FID":"591","SSEW_CAT":"2","PI_NUM":"2169-004-005","US_MH":"2169-004","DS_MH":"2169-005","PI_TYP":"1","PI_WIDT":"0","PI_WIDB":"0","PI_HEI":"1.73","PI_LENG":"0.5","PI_MAT":"RCB","PI_THICK":"0","PI_SLOP":"-0.04","DES_FLOW":"0","DES_VELO":"0","US_BLE":"59.38","DS_BLE":"59.4","CITY_ID":"10004","KEYIN_DATE":"20160308"}},{"type":"Feature","geometry":{"type":"LineString","coordinates":[[121.0816616486586,24.82820242676418],[121.0819163068404,24.82810978961107]]},"properties":{"name":"2","FID":"592","SSEW_CAT":"2","PI_NUM":"2169-005-006","US_MH":"2169-005","DS_MH":"2169-006","PI_TYP":"1","PI_WIDT":"0","PI_WIDB":"0","PI_HEI":"1.73","PI_LENG":"21.3","PI_MAT":"RCB","PI_THICK":"0","PI_SLOP":"0.01","DES_FLOW":"0","DES_VELO":"0","US_BLE":"59.4","DS_BLE":"59.2","CITY_ID":"10004","KEYIN_DATE":"20160308","NOTE":"箱涵轉變"}},{"type":"Feature","geometry":{"type":"LineString","coordinates":[[121.0815470942948,24.8282454653492],[121.0816616486586,24.82820242676418]]},"properties":{"name":"1","FID":"593","SSEW_CAT":"1","PI_NUM":"2169-006-F02","US_MH":"2169-006","DS_MH":"2169-F02","PI_TYP":"5","PI_WIDT":"0","PI_WIDB":"0","PI_HEI":"1.5","PI_LENG":"12.3","PI_MAT":"RCP","PI_THICK":"0","PI_SLOP":"0.02","DES_FLOW":"0","DES_VELO":"0","US_BLE":"58.84","DS_BLE":"58.58","CITY_ID":"10004","KEYIN_DATE":"20160308","NOTE":"以內插法求得數值"}},{"type":"Feature","geometry":{"type":"LineString","coordinates":[[121.0687807770326,24.82682440928608],[121.0692343164499,24.82663306475949]]},"properties":{"name":"1","FID":"594","SSEW_CAT":"1","PI_NUM":"1968-004-R05","US_MH":"1968-004","DS_MH":"1968-R05","PI_TYP":"1","PI_WIDT":"0","PI_WIDB":"0","PI_HEI":"1.76","PI_LENG":"54.1","PI_MAT":"RCB","PI_THICK":"0","PI_SLOP":"0","DES_FLOW":"0","DES_VELO":"0","US_BLE":"45.64","DS_BLE":"45.48","CITY_ID":"10004","KEYIN_DATE":"20160309","NOTE":"以內插法求得數值"}},{"type":"Feature","geometry":{"type":"LineString","coordinates":[[121.0745876271909,24.82716501867096],[121.0745866554408,24.82785503790933]]},"properties":{"name":"1","FID":"595","SSEW_CAT":"1","PI_NUM":"2068-025-026","US_MH":"2068-025","DS_MH":"2068-026","PI_TYP":"1","PI_WIDT":"0","PI_WIDB":"0","PI_HEI":"1.63","PI_LENG":"75.2","PI_MAT":"RCB","PI_THICK":"0","PI_SLOP":"0.01","DES_FLOW":"0","DES_VELO":"0","US_BLE":"51.61","DS_BLE":"50.82","CITY_ID":"10004","KEYIN_DATE":"20160309"}},{"type":"Feature","geometry":{"type":"LineString","coordinates":[[121.0745896463208,24.82700141966657],[121.0745876271909,24.82716501867096]]},"properties":{"name":"1","FID":"596","SSEW_CAT":"1","PI_NUM":"2068-026-F04","US_MH":"2068-026","DS_MH":"2068-F04","PI_TYP":"1","PI_WIDT":"0","PI_WIDB":"0","PI_HEI":"1.64","PI_LENG":"18.6","PI_MAT":"RCB","PI_THICK":"0","PI_SLOP":"0.03","DES_FLOW":"0","DES_VELO":"0","US_BLE":"50.82","DS_BLE":"50.2","CITY_ID":"10004","KEYIN_DATE":"20160309","NOTE":"以內插法求得數值"}},{"type":"Feature","geometry":{"type":"LineString","coordinates":[[121.0744014832685,24.82561545361239],[121.074572731573,24.82632803993004]]},"properties":{"name":"1","FID":"597","SSEW_CAT":"1","PI_NUM":"2068-027-028","US_MH":"2068-027","DS_MH":"2068-028","PI_TYP":"1","PI_WIDT":"0","PI_WIDB":"0","PI_HEI":"1.5","PI_LENG":"80.9","PI_MAT":"RCB","PI_THICK":"0","PI_SLOP":"0.01","DES_FLOW":"0","DES_VELO":"0","US_BLE":"48","DS_BLE":"47.38","CITY_ID":"10004","KEYIN_DATE":"20160309"}},{"type":"Feature","geometry":{"type":"LineString","coordinates":[[121.074368092686,24.82544665366684],[121.0744014832685,24.82561545361239]]},"properties":{"name":"1","FID":"598","SSEW_CAT":"1","PI_NUM":"2068-028-F02","US_MH":"2068-028","DS_MH":"2068-F02","PI_TYP":"1","PI_WIDT":"0","PI_WIDB":"0","PI_HEI":"1.56","PI_LENG":"20.6","PI_MAT":"RCB","PI_THICK":"0","PI_SLOP":"0.01","DES_FLOW":"0","DES_VELO":"0","US_BLE":"47.38","DS_BLE":"47.2","CITY_ID":"10004","KEYIN_DATE":"20160309","NOTE":"以內插法求得數值"}},{"type":"Feature","geometry":{"type":"LineString","coordinates":[[121.0776838739165,24.82638937617865],[121.0776210400538,24.82686020448822]]},"properties":{"name":"1","FID":"599","SSEW_CAT":"1","PI_NUM":"2068-030-F11","US_MH":"2068-030","DS_MH":"2068-F11","PI_TYP":"1","PI_WIDT":"0","PI_WIDB":"0","PI_HEI":"1.48","PI_LENG":"52.5","PI_MAT":"RCB","PI_THICK":"0","PI_SLOP":"0.03","DES_FLOW":"0","DES_VELO":"0","US_BLE":"53.44","DS_BLE":"51.77","CITY_ID":"10004","KEYIN_DATE":"20160309","NOTE":"箱涵轉變，以內插法求得數值"}},{"type":"Feature","geometry":{"type":"LineString","coordinates":[[121.077707100896,24.82583153281319],[121.0776916450752,24.82609631321519]]},"properties":{"name":"1","FID":"600","SSEW_CAT":"1","PI_NUM":"2068-031-F05","US_MH":"2068-031","DS_MH":"2068-F05","PI_TYP":"1","PI_WIDT":"0","PI_WIDB":"0","PI_HEI":"1.48","PI_LENG":"28.6","PI_MAT":"RCB","PI_THICK":"0","PI_SLOP":"0.01","DES_FLOW":"0","DES_VELO":"0","US_BLE":"50.74","DS_BLE":"50.4","CITY_ID":"10004","KEYIN_DATE":"20160312","NOTE":"以內插法求得數值"}},{"type":"Feature","geometry":{"type":"LineString","coordinates":[[121.0776780164062,24.82532531497159],[121.077707100896,24.82583153281319]]},"properties":{"name":"1","FID":"601","SSEW_CAT":"1","PI_NUM":"2068-F05-032","US_MH":"2068-F05","DS_MH":"2068-032","PI_TYP":"1","PI_WIDT":"0","PI_WIDB":"0","PI_HEI":"1.46","PI_LENG":"55.1","PI_MAT":"RCB","PI_THICK":"0","PI_SLOP":"0.01","DES_FLOW":"0","DES_VELO":"0","US_BLE":"50.4","DS_BLE":"49.83","CITY_ID":"10004","KEYIN_DATE":"20160312","NOTE":"以內插法求得數值"}},{"type":"Feature","geometry":{"type":"LineString","coordinates":[[121.0776975323174,24.82482917483609],[121.0776780164062,24.82532531497159]]},"properties":{"name":"1","FID":"602","SSEW_CAT":"1","PI_NUM":"2068-032-F01","US_MH":"2068-032","DS_MH":"2068-F01","PI_TYP":"1","PI_WIDT":"0","PI_WIDB":"0","PI_HEI":"1.49","PI_LENG":"54","PI_MAT":"RCB","PI_THICK":"0","PI_SLOP":"0","DES_FLOW":"0","DES_VELO":"0","US_BLE":"49.83","DS_BLE":"49.7","CITY_ID":"10004","KEYIN_DATE":"20160309","NOTE":"箱涵轉變，數根私接排水管，以內插法求得數值"}},{"type":"Feature","geometry":{"type":"LineString","coordinates":[[121.0765034548394,24.82499713541834],[121.077118846314,24.82485886246138]]},"properties":{"name":"1","FID":"603","SSEW_CAT":"1","PI_NUM":"2068-033-034","US_MH":"2068-033","DS_MH":"2068-034","PI_TYP":"1","PI_WIDT":"0","PI_WIDB":"0","PI_HEI":"1.84","PI_LENG":"64.6","PI_MAT":"RCB","PI_THICK":"0","PI_SLOP":"0","DES_FLOW":"0","DES_VELO":"0","US_BLE":"49.45","DS_BLE":"49.15","CITY_ID":"10004","KEYIN_DATE":"20160309","NOTE":"以內插法求得數值"}},{"type":"Feature","geometry":{"type":"LineString","coordinates":[[121.0764740040836,24.8250042604971],[121.0765034548394,24.82499713541834]]},"properties":{"name":"1","FID":"604","SSEW_CAT":"1","PI_NUM":"2068-034-F13","US_MH":"2068-034","DS_MH":"2068-F13","PI_TYP":"1","PI_WIDT":"0","PI_WIDB":"0","PI_HEI":"1.49","PI_LENG":"3.5","PI_MAT":"RCB","PI_THICK":"0","PI_SLOP":"0.01","DES_FLOW":"0","DES_VELO":"0","US_BLE":"49.15","DS_BLE":"48.45","CITY_ID":"10004","KEYIN_DATE":"20160309","NOTE":"以內插法求得數值"}},{"type":"Feature","geometry":{"type":"LineString","coordinates":[[121.0758559409944,24.82515377726342],[121.0764740040836,24.8250042604971]]},"properties":{"name":"1","FID":"605","SSEW_CAT":"1","PI_NUM":"2068-F13-035","US_MH":"2068-F13","DS_MH":"2068-035","PI_TYP":"1","PI_WIDT":"0","PI_WIDB":"0","PI_HEI":"1.49","PI_LENG":"75.3","PI_MAT":"RCB","PI_THICK":"0","PI_SLOP":"0.01","DES_FLOW":"0","DES_VELO":"0","US_BLE":"49.15","DS_BLE":"48.45","CITY_ID":"10004","KEYIN_DATE":"20160309","NOTE":"以內插法求得數值"}},{"type":"Feature","geometry":{"type":"LineString","coordinates":[[121.0752097496822,24.8253079598629],[121.0758559409944,24.82515377726342]]},"properties":{"name":"1","FID":"606","SSEW_CAT":"1","PI_NUM":"2068-035-036","US_MH":"2068-035","DS_MH":"2068-036","PI_TYP":"1","PI_WIDT":"0","PI_WIDB":"0","PI_HEI":"1.53","PI_LENG":"77.4","PI_MAT":"RCB","PI_THICK":"0","PI_SLOP":"0.01","DES_FLOW":"0","DES_VELO":"0","US_BLE":"48.45","DS_BLE":"47.75","CITY_ID":"10004","KEYIN_DATE":"20160309","NOTE":"以內插法求得數值"}},{"type":"Feature","geometry":{"type":"LineString","coordinates":[[121.074368092686,24.82544665366684],[121.0752097496822,24.8253079598629]]},"properties":{"name":"1","FID":"607","SSEW_CAT":"1","PI_NUM":"2068-036-F02","US_MH":"2068-036","DS_MH":"2068-F02","PI_TYP":"1","PI_WIDT":"0","PI_WIDB":"0","PI_HEI":"1.76","PI_LENG":"70.2","PI_MAT":"RCB","PI_THICK":"0","PI_SLOP":"0.01","DES_FLOW":"0","DES_VELO":"0","US_BLE":"47.75","DS_BLE":"47.2","CITY_ID":"10004","KEYIN_DATE":"20160309","NOTE":"以內插法求得數值"}},{"type":"Feature","geometry":{"type":"LineString","coordinates":[[121.0733898654197,24.82559179303847],[121.0742412776555,24.82546754563891]]},"properties":{"name":"1","FID":"608","SSEW_CAT":"1","PI_NUM":"2068-037-038","US_MH":"2068-037","DS_MH":"2068-038","PI_TYP":"1","PI_WIDT":"0","PI_WIDB":"0","PI_HEI":"2.22","PI_LENG":"83","PI_MAT":"RCB","PI_THICK":"0","PI_SLOP":"0","DES_FLOW":"0","DES_VELO":"0","US_BLE":"47.19","DS_BLE":"46.95","CITY_ID":"10004","KEYIN_DATE":"20160309","NOTE":"箱涵轉變，以內插法求得數值"}},{"type":"Feature","geometry":{"type":"LineString","coordinates":[[121.0725595017765,24.82569576522505],[121.0733898654197,24.82559179303847]]},"properties":{"name":"1","FID":"609","SSEW_CAT":"1","PI_NUM":"2068-038-039","US_MH":"2068-038","DS_MH":"2068-039","PI_TYP":"1","PI_WIDT":"0","PI_WIDB":"0","PI_HEI":"1.8","PI_LENG":"121.7","PI_MAT":"RCB","PI_THICK":"0","PI_SLOP":"0","DES_FLOW":"0","DES_VELO":"0","US_BLE":"46.95","DS_BLE":"46.58","CITY_ID":"10004","KEYIN_DATE":"20160309","NOTE":"數根私接排水管，以內插法求得數值"}},{"type":"Feature","geometry":{"type":"LineString","coordinates":[[121.0720071352158,24.82579314374616],[121.0725595017765,24.82569576522505]]},"properties":{"name":"1","FID":"610","SSEW_CAT":"1","PI_NUM":"2068-039-040","US_MH":"2068-039","DS_MH":"2068-040","PI_TYP":"1","PI_WIDT":"0","PI_WIDB":"0","PI_HEI":"1.76","PI_LENG":"74.6","PI_MAT":"RCB","PI_THICK":"0","PI_SLOP":"0","DES_FLOW":"0","DES_VELO":"0","US_BLE":"46.58","DS_BLE":"46.36","CITY_ID":"10004","KEYIN_DATE":"20160309","NOTE":"以內插法求得數值"}},{"type":"Feature","geometry":{"type":"LineString","coordinates":[[121.07104316273,24.82603288954281],[121.0720071352158,24.82579314374616]]},"properties":{"name":"1","FID":"611","SSEW_CAT":"1","PI_NUM":"2068-040-041","US_MH":"2068-040","DS_MH":"2068-041","PI_TYP":"1","PI_WIDT":"0","PI_WIDB":"0","PI_HEI":"1.82","PI_LENG":"79.2","PI_MAT":"RCB","PI_THICK":"0","PI_SLOP":"0","DES_FLOW":"0","DES_VELO":"0","US_BLE":"46.36","DS_BLE":"46.12","CITY_ID":"10004","KEYIN_DATE":"20160309","NOTE":"以內插法求得數值"}},{"type":"Feature","geometry":{"type":"LineString","coordinates":[[121.0700606016419,24.82633264183425],[121.07104316273,24.82603288954281]]},"properties":{"name":"1","FID":"612","SSEW_CAT":"1","PI_NUM":"2068-041-042","US_MH":"2068-041","DS_MH":"2068-042","PI_TYP":"1","PI_WIDT":"0","PI_WIDB":"0","PI_HEI":"1.76","PI_LENG":"79.2","PI_MAT":"RCB","PI_THICK":"0","PI_SLOP":"0","DES_FLOW":"0","DES_VELO":"0","US_BLE":"46.12","DS_BLE":"45.88","CITY_ID":"10004","KEYIN_DATE":"20160309","NOTE":"以內插法求得數值"}},{"type":"Feature","geometry":{"type":"LineString","coordinates":[[121.0692343164499,24.82663306475949],[121.0700606016419,24.82633264183425]]},"properties":{"name":"1","FID":"613","SSEW_CAT":"1","PI_NUM":"2068-042-1968-004","US_MH":"2068-042","DS_MH":"1968-004","PI_TYP":"1","PI_WIDT":"0","PI_WIDB":"0","PI_HEI":"1.76","PI_LENG":"80","PI_MAT":"RCB","PI_THICK":"0","PI_SLOP":"0","DES_FLOW":"0","DES_VELO":"0","US_BLE":"45.88","DS_BLE":"45.64","CITY_ID":"10004","KEYIN_DATE":"20160309","NOTE":"數根私接排水管，以內插法求得數值"}},{"type":"Feature","geometry":{"type":"LineString","coordinates":[[121.077118846314,24.82485886246138],[121.0776975323174,24.82482917483609]]},"properties":{"name":"1","FID":"614","SSEW_CAT":"1","PI_NUM":"2068-F01-033","US_MH":"2068-F01","DS_MH":"2068-033","PI_TYP":"1","PI_WIDT":"0","PI_WIDB":"0","PI_HEI":"1.82","PI_LENG":"54.1","PI_MAT":"RCB","PI_THICK":"0","PI_SLOP":"0","DES_FLOW":"0","DES_VELO":"0","US_BLE":"49.7","DS_BLE":"49.45","CITY_ID":"10004","KEYIN_DATE":"20160309","NOTE":"以內插法求得數值"}},{"type":"Feature","geometry":{"type":"LineString","coordinates":[[121.0742412776555,24.82546754563891],[121.074368092686,24.82544665366684]]},"properties":{"name":"1","FID":"615","SSEW_CAT":"1","PI_NUM":"2068-F02-037","US_MH":"2068-F02","DS_MH":"2068-037","PI_TYP":"1","PI_WIDT":"0","PI_WIDB":"0","PI_HEI":"2.21","PI_LENG":"3.5","PI_MAT":"RCB","PI_THICK":"0","PI_SLOP":"0","DES_FLOW":"0","DES_VELO":"0","US_BLE":"47.2","DS_BLE":"47.19","CITY_ID":"10004","KEYIN_DATE":"20160309","NOTE":"以內插法求得數值"}},{"type":"Feature","geometry":{"type":"LineString","coordinates":[[121.0745866554408,24.82785503790933],[121.0745866749084,24.82788754080956]]},"properties":{"name":"1","FID":"616","SSEW_CAT":"1","PI_NUM":"2069-F02-2068-025","US_MH":"2069-F02","DS_MH":"2068-025","PI_TYP":"1","PI_WIDT":"0","PI_WIDB":"0","PI_HEI":"1.62","PI_LENG":"3.6","PI_MAT":"RCB","PI_THICK":"0","PI_SLOP":"0.01","DES_FLOW":"0","DES_VELO":"0","US_BLE":"51.65","DS_BLE":"51.61","CITY_ID":"10004","KEYIN_DATE":"20160309","NOTE":"以內插法求得數值"}},{"type":"Feature","geometry":{"type":"LineString","coordinates":[[121.0746216681262,24.82658525803937],[121.0745896463208,24.82700141966657]]},"properties":{"name":"1","FID":"617","SSEW_CAT":"1","PI_NUM":"2068-F04-F12","US_MH":"2068-F04","DS_MH":"2068-F12","PI_TYP":"1","PI_WIDT":"0","PI_WIDB":"0","PI_HEI":"1.9","PI_LENG":"46.2","PI_MAT":"RCB","PI_THICK":"0","PI_SLOP":"0.03","DES_FLOW":"0","DES_VELO":"0","US_BLE":"50.2","DS_BLE":"48.81","CITY_ID":"10004","KEYIN_DATE":"20160309","NOTE":"箱涵轉變，數根私接排水管，以內插法求得數值"}},{"type":"Feature","geometry":{"type":"LineString","coordinates":[[121.0779372362957,24.82481217565983],[121.0786176072104,24.8247296954512]]},"properties":{"name":"1","FID":"618","SSEW_CAT":"1","PI_NUM":"2168-017-018","US_MH":"2168-017","DS_MH":"2168-018","PI_TYP":"1","PI_WIDT":"0","PI_WIDB":"0","PI_HEI":"1.55","PI_LENG":"74.1","PI_MAT":"RCB","PI_THICK":"0","PI_SLOP":"0","DES_FLOW":"0","DES_VELO":"0","US_BLE":"50.12","DS_BLE":"49.79","CITY_ID":"10004","KEYIN_DATE":"20160309","NOTE":"箱涵轉變，以內插法求得數值"}},{"type":"Feature","geometry":{"type":"LineString","coordinates":[[121.0776975323174,24.82482917483609],[121.0779372362957,24.82481217565983]]},"properties":{"name":"1","FID":"619","SSEW_CAT":"1","PI_NUM":"2168-018-2068-F01","US_MH":"2168-018","DS_MH":"2068-F01","PI_TYP":"1","PI_WIDT":"0","PI_WIDB":"0","PI_HEI":"1.55","PI_LENG":"20.1","PI_MAT":"RCB","PI_THICK":"0","PI_SLOP":"0","DES_FLOW":"0","DES_VELO":"0","US_BLE":"49.79","DS_BLE":"49.7","CITY_ID":"10004","KEYIN_DATE":"20160309","NOTE":"以內插法求得數值"}},{"type":"Feature","geometry":{"type":"LineString","coordinates":[[121.0826049955791,24.82649435925686],[121.0827553016592,24.8268984408131]]},"properties":{"name":"1","FID":"620","SSEW_CAT":"1","PI_NUM":"2168-019-020","US_MH":"2168-019","DS_MH":"2168-020","PI_TYP":"1","PI_WIDT":"0","PI_WIDB":"0","PI_HEI":"1.52","PI_LENG":"45.8","PI_MAT":"RCB","PI_THICK":"0","PI_SLOP":"0.02","DES_FLOW":"0","DES_VELO":"0","US_BLE":"57.54","DS_BLE":"56.82","CITY_ID":"10004","KEYIN_DATE":"20160309"}},{"type":"Feature","geometry":{"type":"LineString","coordinates":[[121.0824836142675,24.82608527779261],[121.0826049955791,24.82649435925686]]},"properties":{"name":"1","FID":"621","SSEW_CAT":"1","PI_NUM":"2168-020-021","US_MH":"2168-020","DS_MH":"2168-021","PI_TYP":"1","PI_WIDT":"0","PI_WIDB":"0","PI_HEI":"1.51","PI_LENG":"45.7","PI_MAT":"RCB","PI_THICK":"0","PI_SLOP":"0.01","DES_FLOW":"0","DES_VELO":"0","US_BLE":"56.81","DS_BLE":"56.15","CITY_ID":"10004","KEYIN_DATE":"20160309"}},{"type":"Feature","geometry":{"type":"LineString","coordinates":[[121.0823616541903,24.82562258477103],[121.0824836142675,24.82608527779261]]},"properties":{"name":"1","FID":"622","SSEW_CAT":"1","PI_NUM":"2168-021-022","US_MH":"2168-021","DS_MH":"2168-022","PI_TYP":"1","PI_WIDT":"0","PI_WIDB":"0","PI_HEI":"1.5","PI_LENG":"51.2","PI_MAT":"RCB","PI_THICK":"0","PI_SLOP":"0.02","DES_FLOW":"0","DES_VELO":"0","US_BLE":"55.07","DS_BLE":"53.91","CITY_ID":"10004","KEYIN_DATE":"20160309"}},{"type":"Feature","geometry":{"type":"LineString","coordinates":[[121.0823126969722,24.82507329437504],[121.0823616541903,24.82562258477103]]},"properties":{"name":"1","FID":"623","SSEW_CAT":"1","PI_NUM":"2168-022-023","US_MH":"2168-022","DS_MH":"2168-023","PI_TYP":"1","PI_WIDT":"0","PI_WIDB":"0","PI_HEI":"1.41","PI_LENG":"58.8","PI_MAT":"RCB","PI_THICK":"0","PI_SLOP":"0.01","DES_FLOW":"0","DES_VELO":"0","US_BLE":"53.91","DS_BLE":"53.04","CITY_ID":"10004","KEYIN_DATE":"20160309"}},{"type":"Feature","geometry":{"type":"LineString","coordinates":[[121.0822638199208,24.82452488867941],[121.0823126969722,24.82507329437504]]},"properties":{"name":"1","FID":"624","SSEW_CAT":"1","PI_NUM":"2168-023-F03","US_MH":"2168-023","DS_MH":"2168-F03","PI_TYP":"1","PI_WIDT":"0","PI_WIDB":"0","PI_HEI":"1.52","PI_LENG":"59.2","PI_MAT":"RCB","PI_THICK":"0","PI_SLOP":"0.01","DES_FLOW":"0","DES_VELO":"0","US_BLE":"53.06","DS_BLE":"52.65","CITY_ID":"10004","KEYIN_DATE":"20160309","NOTE":"以內插法求得數值"}},{"type":"Feature","geometry":{"type":"LineString","coordinates":[[121.0814107979325,24.82446465631784],[121.0822638199208,24.82452488867941]]},"properties":{"name":"1","FID":"625","SSEW_CAT":"1","PI_NUM":"2168-F03-F08","US_MH":"2168-F03","DS_MH":"2168-F08","PI_TYP":"1","PI_WIDT":"0","PI_WIDB":"0","PI_HEI":"1.52","PI_LENG":"86.5","PI_MAT":"RCB","PI_THICK":"0","PI_SLOP":"0.01","DES_FLOW":"0","DES_VELO":"0","US_BLE":"52.65","DS_BLE":"51.94","CITY_ID":"10004","KEYIN_DATE":"20160309","NOTE":"以內插法求得數值"}},{"type":"Feature","geometry":{"type":"LineString","coordinates":[[121.0716443413335,24.8267063430472],[121.0717024985982,24.82690572958762]]},"properties":{"name":"1","FID":"626","SSEW_CAT":"1","PI_NUM":"2068-044-F07","US_MH":"2068-044","DS_MH":"2068-F07","PI_TYP":"1","PI_WIDT":"0","PI_WIDB":"0","PI_HEI":"1.19","PI_LENG":"21.7","PI_MAT":"RCB","PI_THICK":"0","PI_SLOP":"0.01","DES_FLOW":"0","DES_VELO":"0","US_BLE":"48.67","DS_BLE":"48.4","CITY_ID":"10004","KEYIN_DATE":"20160312","NOTE":"箱涵轉變，以內插法求得數值"}},{"type":"Feature","geometry":{"type":"LineString","coordinates":[[121.0717024985982,24.82690572958762],[121.0720954583076,24.82688456722243]]},"properties":{"name":"1","FID":"627","SSEW_CAT":"1","PI_NUM":"2068-043-044","US_MH":"2068-043","DS_MH":"2068-044","PI_TYP":"1","PI_WIDT":"0","PI_WIDB":"0","PI_HEI":"1.22","PI_LENG":"47.3","PI_MAT":"RCB","PI_THICK":"0","PI_SLOP":"0.01","DES_FLOW":"0","DES_VELO":"0","US_BLE":"49.18","DS_BLE":"48.64","CITY_ID":"10004","KEYIN_DATE":"20160312","NOTE":"數根私接排水管"}},{"type":"Feature","geometry":{"type":"LineString","coordinates":[[121.0768155213393,24.82676916992251],[121.0769177128985,24.82706769275787]]},"properties":{"name":"1","FID":"628","SSEW_CAT":"1","PI_NUM":"2068-045-046","US_MH":"2068-045","DS_MH":"2068-046","PI_TYP":"1","PI_WIDT":"0","PI_WIDB":"0","PI_HEI":"1.22","PI_LENG":"33.4","PI_MAT":"RCB","PI_THICK":"0","PI_SLOP":"0.04","DES_FLOW":"0","DES_VELO":"0","US_BLE":"53.44","DS_BLE":"52.07","CITY_ID":"10004","KEYIN_DATE":"20160312"}},{"type":"Feature","geometry":{"type":"LineString","coordinates":[[121.0766921106632,24.82640788212023],[121.0768155213393,24.82676916992251]]},"properties":{"name":"1","FID":"629","SSEW_CAT":"1","PI_NUM":"2068-046-047","US_MH":"2068-046","DS_MH":"2068-047","PI_TYP":"1","PI_WIDT":"0","PI_WIDB":"0","PI_HEI":"1.2","PI_LENG":"41","PI_MAT":"RCB","PI_THICK":"0","PI_SLOP":"0.02","DES_FLOW":"0","DES_VELO":"0","US_BLE":"51.29","DS_BLE":"50.52","CITY_ID":"10004","KEYIN_DATE":"20160312"}},{"type":"Feature","geometry":{"type":"LineString","coordinates":[[121.0765462075,24.82597172260389],[121.0766921106632,24.82640788212023]]},"properties":{"name":"1","FID":"630","SSEW_CAT":"1","PI_NUM":"2068-047-048","US_MH":"2068-047","DS_MH":"2068-048","PI_TYP":"1","PI_WIDT":"0","PI_WIDB":"0","PI_HEI":"1.22","PI_LENG":"49.5","PI_MAT":"RCB","PI_THICK":"0","PI_SLOP":"0.01","DES_FLOW":"0","DES_VELO":"0","US_BLE":"50.52","DS_BLE":"49.88","CITY_ID":"10004","KEYIN_DATE":"20160312"}},{"type":"Feature","geometry":{"type":"LineString","coordinates":[[121.0765306721049,24.82551538958425],[121.0765462075,24.82597172260389]]},"properties":{"name":"1","FID":"631","SSEW_CAT":"1","PI_NUM":"2068-048-049","US_MH":"2068-048","DS_MH":"2068-049","PI_TYP":"1","PI_WIDT":"0","PI_WIDB":"0","PI_HEI":"1.18","PI_LENG":"49","PI_MAT":"RCB","PI_THICK":"0","PI_SLOP":"0.01","DES_FLOW":"0","DES_VELO":"0","US_BLE":"49.91","DS_BLE":"49.56","CITY_ID":"10004","KEYIN_DATE":"20160312"}},{"type":"Feature","geometry":{"type":"LineString","coordinates":[[121.0765157896631,24.82507500068936],[121.0765306721049,24.82551538958425]]},"properties":{"name":"1","FID":"632","SSEW_CAT":"1","PI_NUM":"2068-049-050","US_MH":"2068-049","DS_MH":"2068-050","PI_TYP":"1","PI_WIDT":"0","PI_WIDB":"0","PI_HEI":"1.2","PI_LENG":"47.6","PI_MAT":"RCB","PI_THICK":"0","PI_SLOP":"0","DES_FLOW":"0","DES_VELO":"0","US_BLE":"49.37","DS_BLE":"49.36","CITY_ID":"10004","KEYIN_DATE":"20160312"}},{"type":"Feature","geometry":{"type":"LineString","coordinates":[[121.0765081940262,24.82504623949063],[121.0765157896631,24.82507500068936]]},"properties":{"name":"1","FID":"633","SSEW_CAT":"1","PI_NUM":"2068-050-F08","US_MH":"2068-050","DS_MH":"2068-F08","PI_TYP":"1","PI_WIDT":"0","PI_WIDB":"0","PI_HEI":"1.23","PI_LENG":"2.3","PI_MAT":"RCB","PI_THICK":"0","PI_SLOP":"0.02","DES_FLOW":"0","DES_VELO":"0","US_BLE":"49.34","DS_BLE":"49.3","CITY_ID":"10004","KEYIN_DATE":"20160312","NOTE":"以內插法求得數值"}},{"type":"Feature","geometry":{"type":"LineString","coordinates":[[121.0765034548394,24.82499713541834],[121.0765081940262,24.82504623949063]]},"properties":{"name":"1","FID":"634","SSEW_CAT":"1","PI_NUM":"2068-F08-034","US_MH":"2068-F08","DS_MH":"2068-034","PI_TYP":"5","PI_WIDT":"0","PI_WIDB":"0","PI_HEI":"0.6","PI_LENG":"5.5","PI_MAT":"RCP","PI_THICK":"0","PI_SLOP":"0.02","DES_FLOW":"0","DES_VELO":"0","US_BLE":"49.3","DS_BLE":"49.2","CITY_ID":"10004","KEYIN_DATE":"20160312","NOTE":"下游2支Φ0.6m涵管，以內插法求得數值"}},{"type":"Feature","geometry":{"type":"LineString","coordinates":[[121.0720954583076,24.82688456722243],[121.0724286414026,24.8268588372411]]},"properties":{"name":"1","FID":"635","SSEW_CAT":"1","PI_NUM":"2068-F06-043","US_MH":"2068-F06","DS_MH":"2068-043","PI_TYP":"1","PI_WIDT":"0","PI_WIDB":"0","PI_HEI":"1.21","PI_LENG":"33.9","PI_MAT":"RCB","PI_THICK":"0","PI_SLOP":"0.01","DES_FLOW":"0","DES_VELO":"0","US_BLE":"49.6","DS_BLE":"49.18","CITY_ID":"10004","KEYIN_DATE":"20160312","NOTE":"明溝入水，數根私接排水管，以內插法求得數值"}},{"type":"Feature","geometry":{"type":"LineString","coordinates":[[121.0745896463208,24.82700141966657],[121.0749528741309,24.82700807266954]]},"properties":{"name":"1","FID":"636","SSEW_CAT":"1","PI_NUM":"2068-F09-F04","US_MH":"2068-F09","DS_MH":"2068-F04","PI_TYP":"1","PI_WIDT":"0","PI_WIDB":"0","PI_HEI":"0.95","PI_LENG":"37.1","PI_MAT":"RCB","PI_THICK":"0","PI_SLOP":"0","DES_FLOW":"0","DES_VELO":"0","US_BLE":"50.3","DS_BLE":"50.2","CITY_ID":"10004","KEYIN_DATE":"20160312","NOTE":"以內插法求得數值"}},{"type":"Feature","geometry":{"type":"LineString","coordinates":[[121.0838458306751,24.82513206736704],[121.0837524508034,24.82544001260303]]},"properties":{"name":"1","FID":"637","SSEW_CAT":"1","PI_NUM":"2168-024-025","US_MH":"2168-024","DS_MH":"2168-025","PI_TYP":"1","PI_WIDT":"0","PI_WIDB":"0","PI_HEI":"1.22","PI_LENG":"33.8","PI_MAT":"RCB","PI_THICK":"0","PI_SLOP":"0.01","DES_FLOW":"0","DES_VELO":"0","US_BLE":"55.38","DS_BLE":"55.04","CITY_ID":"10004","KEYIN_DATE":"20160312"}},{"type":"Feature","geometry":{"type":"LineString","coordinates":[[121.0839270391309,24.82486415262531],[121.0838458306751,24.82513206736704]]},"properties":{"name":"1","FID":"638","SSEW_CAT":"1","PI_NUM":"2168-025-026","US_MH":"2168-025","DS_MH":"2168-026","PI_TYP":"1","PI_WIDT":"0","PI_WIDB":"0","PI_HEI":"1.2","PI_LENG":"30","PI_MAT":"RCB","PI_THICK":"0","PI_SLOP":"0.02","DES_FLOW":"0","DES_VELO":"0","US_BLE":"55.04","DS_BLE":"54.44","CITY_ID":"10004","KEYIN_DATE":"20160312"}},{"type":"Feature","geometry":{"type":"LineString","coordinates":[[121.0830030070547,24.82460234275077],[121.0839270391309,24.82486415262531]]},"properties":{"name":"1","FID":"639","SSEW_CAT":"1","PI_NUM":"2168-026-F07","US_MH":"2168-026","DS_MH":"2168-F07","PI_TYP":"1","PI_WIDT":"0","PI_WIDB":"0","PI_HEI":"1.21","PI_LENG":"97.8","PI_MAT":"RCB","PI_THICK":"0","PI_SLOP":"0.01","DES_FLOW":"0","DES_VELO":"0","US_BLE":"54.45","DS_BLE":"53.43","CITY_ID":"10004","KEYIN_DATE":"20160312","NOTE":"以內插法求得數值"}},{"type":"Feature","geometry":{"type":"LineString","coordinates":[[121.0795407677901,24.82652092152921],[121.0795975793778,24.82653006434159]]},"properties":{"name":"1","FID":"640","SSEW_CAT":"1","PI_NUM":"2168-031-032","US_MH":"2168-031","DS_MH":"2168-032","PI_TYP":"5","PI_WIDT":"0","PI_WIDB":"0","PI_HEI":"1.2","PI_LENG":"2.8","PI_MAT":"RCP","PI_THICK":"0","PI_SLOP":"0.21","DES_FLOW":"0","DES_VELO":"0","US_BLE":"54.14","DS_BLE":"53.56","CITY_ID":"10004","KEYIN_DATE":"20160312","NOTE":"涵管轉變"}},{"type":"Feature","geometry":{"type":"LineString","coordinates":[[121.0795334041892,24.82633003402804],[121.0795407677901,24.82652092152921]]},"properties":{"name":"1","FID":"641","SSEW_CAT":"1","PI_NUM":"2168-032-033","US_MH":"2168-032","DS_MH":"2168-033","PI_TYP":"1","PI_WIDT":"0","PI_WIDB":"0","PI_HEI":"1.52","PI_LENG":"20.8","PI_MAT":"RCB","PI_THICK":"0","PI_SLOP":"-0.01","DES_FLOW":"0","DES_VELO":"0","US_BLE":"53.31","DS_BLE":"53.63","CITY_ID":"10004","KEYIN_DATE":"20160312"}},{"type":"Feature","geometry":{"type":"LineString","coordinates":[[121.0791762226415,24.82633874657387],[121.0795334041892,24.82633003402804]]},"properties":{"name":"1","FID":"642","SSEW_CAT":"1","PI_NUM":"2168-033-034","US_MH":"2168-033","DS_MH":"2168-034","PI_TYP":"1","PI_WIDT":"0","PI_WIDB":"0","PI_HEI":"1.52","PI_LENG":"37.9","PI_MAT":"RCB","PI_THICK":"0","PI_SLOP":"0.01","DES_FLOW":"0","DES_VELO":"0","US_BLE":"52.69","DS_BLE":"52.42","CITY_ID":"10004","KEYIN_DATE":"20160312"}},{"type":"Feature","geometry":{"type":"LineString","coordinates":[[121.0786791674976,24.82640034013948],[121.0791762226415,24.82633874657387]]},"properties":{"name":"1","FID":"643","SSEW_CAT":"1","PI_NUM":"2168-034-035","US_MH":"2168-034","DS_MH":"2168-035","PI_TYP":"1","PI_WIDT":"0","PI_WIDB":"0","PI_HEI":"1.49","PI_LENG":"49.2","PI_MAT":"RCB","PI_THICK":"0","PI_SLOP":"0.01","DES_FLOW":"0","DES_VELO":"0","US_BLE":"52.42","DS_BLE":"51.93","CITY_ID":"10004","KEYIN_DATE":"20160312"}},{"type":"Feature","geometry":{"type":"LineString","coordinates":[[121.0785410521559,24.82596275196763],[121.0786791674976,24.82640034013948]]},"properties":{"name":"1","FID":"644","SSEW_CAT":"1","PI_NUM":"2168-035-036","US_MH":"2168-035","DS_MH":"2168-036","PI_TYP":"1","PI_WIDT":"0","PI_WIDB":"0","PI_HEI":"1.51","PI_LENG":"54.5","PI_MAT":"RCB","PI_THICK":"0","PI_SLOP":"0","DES_FLOW":"0","DES_VELO":"0","US_BLE":"51.91","DS_BLE":"51.68","CITY_ID":"10004","KEYIN_DATE":"20160312"}},{"type":"Feature","geometry":{"type":"LineString","coordinates":[[121.0781886742485,24.82586843441265],[121.0785410521559,24.82596275196763]]},"properties":{"name":"1","FID":"645","SSEW_CAT":"1","PI_NUM":"2168-036-037","US_MH":"2168-036","DS_MH":"2168-037","PI_TYP":"1","PI_WIDT":"0","PI_WIDB":"0","PI_HEI":"1.5","PI_LENG":"43.4","PI_MAT":"RCB","PI_THICK":"0","PI_SLOP":"0.01","DES_FLOW":"0","DES_VELO":"0","US_BLE":"51.68","DS_BLE":"51.35","CITY_ID":"10004","KEYIN_DATE":"20160312"}},{"type":"Feature","geometry":{"type":"LineString","coordinates":[[121.077707100896,24.82583153281319],[121.0781886742485,24.82586843441265]]},"properties":{"name":"1","FID":"646","SSEW_CAT":"1","PI_NUM":"2168-037-2068-F05","US_MH":"2168-037","DS_MH":"2068-F05","PI_TYP":"1","PI_WIDT":"0","PI_WIDB":"0","PI_HEI":"1.51","PI_LENG":"47.4","PI_MAT":"RCB","PI_THICK":"0","PI_SLOP":"0.02","DES_FLOW":"0","DES_VELO":"0","US_BLE":"51.35","DS_BLE":"50.4","CITY_ID":"10004","KEYIN_DATE":"20160312","NOTE":"以內插法求得數值"}},{"type":"Feature","geometry":{"type":"LineString","coordinates":[[121.0779130286451,24.82740594805245],[121.0780484156369,24.82781634404532]]},"properties":{"name":"1","FID":"647","SSEW_CAT":"1","PI_NUM":"2168-038-039","US_MH":"2168-038","DS_MH":"2168-039","PI_TYP":"1","PI_WIDT":"0","PI_WIDB":"0","PI_HEI":"1.51","PI_LENG":"48.9","PI_MAT":"RCB","PI_THICK":"0","PI_SLOP":"0.03","DES_FLOW":"0","DES_VELO":"0","US_BLE":"57.58","DS_BLE":"56.14","CITY_ID":"10004","KEYIN_DATE":"20160312","NOTE":"數根私接排水管"}},{"type":"Feature","geometry":{"type":"LineString","coordinates":[[121.0778503944843,24.8272461295565],[121.0779130286451,24.82740594805245]]},"properties":{"name":"1","FID":"648","SSEW_CAT":"1","PI_NUM":"2168-039-F05","US_MH":"2168-039","DS_MH":"2168-F05","PI_TYP":"1","PI_WIDT":"0","PI_WIDB":"0","PI_HEI":"1.45","PI_LENG":"18","PI_MAT":"RCB","PI_THICK":"0","PI_SLOP":"0.01","DES_FLOW":"0","DES_VELO":"0","US_BLE":"56.14","DS_BLE":"55.9","CITY_ID":"10004","KEYIN_DATE":"20160312","NOTE":"箱涵轉變，數根私接排水管，以內插法求得數值"}},{"type":"Feature","geometry":{"type":"LineString","coordinates":[[121.0795975793778,24.82653006434159],[121.0796260705764,24.82673009557171]]},"properties":{"name":"1","FID":"649","SSEW_CAT":"1","PI_NUM":"2168-F04-031","US_MH":"2168-F04","DS_MH":"2168-031","PI_TYP":"1","PI_WIDT":"0","PI_WIDB":"0","PI_HEI":"1.07","PI_LENG":"23","PI_MAT":"RCB","PI_THICK":"0","PI_SLOP":"0.01","DES_FLOW":"0","DES_VELO":"0","US_BLE":"55","DS_BLE":"54.86","CITY_ID":"10004","KEYIN_DATE":"20160312","NOTE":"箱涵轉變，數根私接排水管，以內插法求得數值"}},{"type":"Feature","geometry":{"type":"LineString","coordinates":[[121.0776210400538,24.82686020448822],[121.0778503944843,24.8272461295565]]},"properties":{"name":"1","FID":"650","SSEW_CAT":"1","PI_NUM":"2168-F05-2068-030","US_MH":"2168-F05","DS_MH":"2068-030","PI_TYP":"1","PI_WIDT":"0","PI_WIDB":"0","PI_HEI":"1.52","PI_LENG":"53.8","PI_MAT":"RCB","PI_THICK":"0","PI_SLOP":"0.05","DES_FLOW":"0","DES_VELO":"0","US_BLE":"55.9","DS_BLE":"53.44","CITY_ID":"10004","KEYIN_DATE":"20160312","NOTE":"箱涵轉變，數根私接排水管，以內插法求得數值"}},{"type":"Feature","geometry":{"type":"LineString","coordinates":[[121.0780689599095,24.82841001697614],[121.0781143086703,24.82891221734059]]},"properties":{"name":"1","FID":"651","SSEW_CAT":"1","PI_NUM":"2169-007-008","US_MH":"2169-007","DS_MH":"2169-008","PI_TYP":"1","PI_WIDT":"0","PI_WIDB":"0","PI_HEI":"1.53","PI_LENG":"56.2","PI_MAT":"RCB","PI_THICK":"0","PI_SLOP":"0.07","DES_FLOW":"0","DES_VELO":"0","US_BLE":"64.66","DS_BLE":"60.86","CITY_ID":"10004","KEYIN_DATE":"20160312","NOTE":"箱涵轉變，數根私接排水管"}},{"type":"Feature","geometry":{"type":"LineString","coordinates":[[121.0780484156369,24.82781634404532],[121.0780689599095,24.82841001697614]]},"properties":{"name":"1","FID":"652","SSEW_CAT":"1","PI_NUM":"2169-008-2168-038","US_MH":"2169-008","DS_MH":"2168-038","PI_TYP":"1","PI_WIDT":"0","PI_WIDB":"0","PI_HEI":"1.56","PI_LENG":"66.2","PI_MAT":"RCB","PI_THICK":"0","PI_SLOP":"0.05","DES_FLOW":"0","DES_VELO":"0","US_BLE":"60.86","DS_BLE":"57.58","CITY_ID":"10004","KEYIN_DATE":"20160312","NOTE":"箱涵轉變，數根私接排水管"}},{"type":"Feature","geometry":{"type":"LineString","coordinates":[[121.0799617320052,24.83062867586119],[121.0805510031825,24.83126100127421]]},"properties":{"name":"1","FID":"653","SSEW_CAT":"1","PI_NUM":"2169-F01-F04","US_MH":"2169-F01","DS_MH":"2169-F04","PI_TYP":"1","PI_WIDT":"0","PI_WIDB":"0","PI_HEI":"1.76","PI_LENG":"92","PI_MAT":"RCB","PI_THICK":"0","PI_SLOP":"0.07","DES_FLOW":"0","DES_VELO":"0","US_BLE":"92","DS_BLE":"86","CITY_ID":"10004","KEYIN_DATE":"20160312","NOTE":"數根私接排水管，以內插法求得數值"}},{"type":"Feature","geometry":{"type":"LineString","coordinates":[[121.0778795371721,24.82643560007868],[121.0778503944843,24.8272461295565]]},"properties":{"name":"1","FID":"654","SSEW_CAT":"1","PI_NUM":"2168-F05-F06","US_MH":"2168-F05","DS_MH":"2168-F06","PI_TYP":"1","PI_WIDT":"0","PI_WIDB":"0","PI_HEI":"1.43","PI_LENG":"99.6","PI_MAT":"RCB","PI_THICK":"0","PI_SLOP":"0.02","DES_FLOW":"0","DES_VELO":"0","US_BLE":"55.9","DS_BLE":"54","CITY_ID":"10004","KEYIN_DATE":"20160312","NOTE":"梯形W*H=(1.98、1.20)*1.43m，數根私接排水管，箱涵轉變，以內插法求得數值"}},{"type":"Feature","geometry":{"type":"LineString","coordinates":[[121.0749528741309,24.82700807266954],[121.075260702358,24.82703364048908]]},"properties":{"name":"1","FID":"655","SSEW_CAT":"1","PI_NUM":"2068-F10-F09","US_MH":"2068-F10","DS_MH":"2068-F09","PI_TYP":"1","PI_WIDT":"0","PI_WIDB":"0","PI_HEI":"0.95","PI_LENG":"31.2","PI_MAT":"RCB","PI_THICK":"0","PI_SLOP":"0","DES_FLOW":"0","DES_VELO":"0","US_BLE":"50.4","DS_BLE":"50.3","CITY_ID":"10004","KEYIN_DATE":"20160419","NOTE":"以內插法求得數值"}},{"type":"Feature","geometry":{"type":"LineString","coordinates":[[121.0822638199208,24.82452488867941],[121.0830030070547,24.82460234275077]]},"properties":{"name":"1","FID":"656","SSEW_CAT":"1","PI_NUM":"2168-F07-F03","US_MH":"2168-F07","DS_MH":"2168-F03","PI_TYP":"1","PI_WIDT":"0","PI_WIDB":"0","PI_HEI":"1.21","PI_LENG":"75","PI_MAT":"RCB","PI_THICK":"0","PI_SLOP":"0.01","DES_FLOW":"0","DES_VELO":"0","US_BLE":"53.43","DS_BLE":"52.65","CITY_ID":"10004","KEYIN_DATE":"20160309","NOTE":"以內插法求得數值"}},{"type":"Feature","geometry":{"type":"LineString","coordinates":[[121.0801155147511,24.82461680145505],[121.0814107979325,24.82446465631784]]},"properties":{"name":"1","FID":"657","SSEW_CAT":"1","PI_NUM":"2168-F08-F01","US_MH":"2168-F08","DS_MH":"2168-F01","PI_TYP":"1","PI_WIDT":"0","PI_WIDB":"0","PI_HEI":"1.52","PI_LENG":"132.9","PI_MAT":"RCB","PI_THICK":"0","PI_SLOP":"0.01","DES_FLOW":"0","DES_VELO":"0","US_BLE":"51.94","DS_BLE":"50.85","CITY_ID":"10004","KEYIN_DATE":"20160309","NOTE":"以內插法求得數值"}},{"type":"Feature","geometry":{"type":"LineString","coordinates":[[121.0815226926953,24.82820750442868],[121.0815470942948,24.8282454653492]]},"properties":{"name":"1","FID":"658","SSEW_CAT":"1","PI_NUM":"2169-F02-F03","US_MH":"2169-F02","DS_MH":"2169-F03","PI_TYP":"1","PI_WIDT":"0","PI_WIDB":"0","PI_HEI":"1.13","PI_LENG":"4.7","PI_MAT":"RCB","PI_THICK":"0","PI_SLOP":"0.02","DES_FLOW":"0","DES_VELO":"0","US_BLE":"58.58","DS_BLE":"58.47","CITY_ID":"10004","KEYIN_DATE":"20160308","NOTE":"箱涵轉變，以內插法求得數值"}},{"type":"Feature","geometry":{"type":"LineString","coordinates":[[121.0811133605621,24.82759577857941],[121.0815226926953,24.82820750442868]]},"properties":{"name":"1","FID":"659","SSEW_CAT":"1","PI_NUM":"2169-F03-2168-010","US_MH":"2169-F03","DS_MH":"2168-010","PI_TYP":"1","PI_WIDT":"0","PI_WIDB":"0","PI_HEI":"1.45","PI_LENG":"74.1","PI_MAT":"RCB","PI_THICK":"0","PI_SLOP":"0.02","DES_FLOW":"0","DES_VELO":"0","US_BLE":"58.47","DS_BLE":"56.88","CITY_ID":"10004","KEYIN_DATE":"20160308","NOTE":"箱涵轉變，以內插法求得數值"}},{"type":"Feature","geometry":{"type":"LineString","coordinates":[[121.0807674382804,24.82700115356977],[121.0810386730746,24.82746738744784]]},"properties":{"name":"1","FID":"660","SSEW_CAT":"1","PI_NUM":"2168-F09-011","US_MH":"2168-F09","DS_MH":"2168-011","PI_TYP":"1","PI_WIDT":"0","PI_WIDB":"0","PI_HEI":"1.23","PI_LENG":"58.6","PI_MAT":"RCB","PI_THICK":"0","PI_SLOP":"0.01","DES_FLOW":"0","DES_VELO":"0","US_BLE":"56.66","DS_BLE":"55.89","CITY_ID":"10004","KEYIN_DATE":"20160308","NOTE":"箱涵轉變，數根私接排水管，以內插法求得數值"}},{"type":"Feature","geometry":{"type":"LineString","coordinates":[[121.0803268316448,24.82543771183282],[121.0804799279785,24.82605490503338]]},"properties":{"name":"1","FID":"661","SSEW_CAT":"1","PI_NUM":"2168-F10-013","US_MH":"2168-F10","DS_MH":"2168-013","PI_TYP":"1","PI_WIDT":"0","PI_WIDB":"0","PI_HEI":"2.09","PI_LENG":"69.8","PI_MAT":"RCB","PI_THICK":"0","PI_SLOP":"0.03","DES_FLOW":"0","DES_VELO":"0","US_BLE":"54.21","DS_BLE":"52.15","CITY_ID":"10004","KEYIN_DATE":"20160308","NOTE":"箱涵轉變，以內插法求得數值"}},{"type":"Feature","geometry":{"type":"LineString","coordinates":[[121.0794752020085,24.83048180550812],[121.0799617320052,24.83062867586119]]},"properties":{"name":"1","FID":"662","SSEW_CAT":"1","PI_NUM":"2169-F04-F05","US_MH":"2169-F04","DS_MH":"2169-F05","PI_TYP":"1","PI_WIDT":"0","PI_WIDB":"0","PI_HEI":"1.82","PI_LENG":"51.8","PI_MAT":"RCB","PI_THICK":"0","PI_SLOP":"0.07","DES_FLOW":"0","DES_VELO":"0","US_BLE":"86","DS_BLE":"82.3","CITY_ID":"10004","KEYIN_DATE":"20160312","NOTE":"數根私接排水管，以內插法求得數值"}},{"type":"Feature","geometry":{"type":"LineString","coordinates":[[121.0791275964172,24.82982301168928],[121.0794752020085,24.83048180550812]]},"properties":{"name":"1","FID":"663","SSEW_CAT":"1","PI_NUM":"2169-F05-F06","US_MH":"2169-F05","DS_MH":"2169-F06","PI_TYP":"1","PI_WIDT":"0","PI_WIDB":"0","PI_HEI":"2.87","PI_LENG":"81","PI_MAT":"RCB","PI_THICK":"0","PI_SLOP":"0.08","DES_FLOW":"0","DES_VELO":"0","US_BLE":"82.3","DS_BLE":"75.6","CITY_ID":"10004","KEYIN_DATE":"20160312","NOTE":"數根私接排水管，以內插法求得數值"}},{"type":"Feature","geometry":{"type":"LineString","coordinates":[[121.0781143086703,24.82891221734059],[121.0791275964172,24.82982301168928]]},"properties":{"name":"1","FID":"664","SSEW_CAT":"1","PI_NUM":"2169-F06-007","US_MH":"2169-F06","DS_MH":"2169-007","PI_TYP":"1","PI_WIDT":"0","PI_WIDB":"0","PI_HEI":"1.82","PI_LENG":"150.4","PI_MAT":"RCB","PI_THICK":"0","PI_SLOP":"0.07","DES_FLOW":"0","DES_VELO":"0","US_BLE":"75.6","DS_BLE":"64.66","CITY_ID":"10004","KEYIN_DATE":"20160312","NOTE":"數根私接排水管，以內插法求得數值"}},{"type":"Feature","geometry":{"type":"LineString","coordinates":[[121.0776916450752,24.82609631321519],[121.0776838739165,24.82638937617865]]},"properties":{"name":"1","FID":"665","SSEW_CAT":"1","PI_NUM":"2068-F11-031","US_MH":"2068-F11","DS_MH":"2068-031","PI_TYP":"1","PI_WIDT":"0","PI_WIDB":"0","PI_HEI":"1.51","PI_LENG":"32.2","PI_MAT":"RCB","PI_THICK":"0","PI_SLOP":"0.03","DES_FLOW":"0","DES_VELO":"0","US_BLE":"51.77","DS_BLE":"50.74","CITY_ID":"10004","KEYIN_DATE":"20160312","NOTE":"箱涵轉變，以內插法求得數值"}},{"type":"Feature","geometry":{"type":"LineString","coordinates":[[121.074572731573,24.82632803993004],[121.0746216681262,24.82658525803937]]},"properties":{"name":"1","FID":"666","SSEW_CAT":"1","PI_NUM":"2068-F12-027","US_MH":"2068-F12","DS_MH":"2068-027","PI_TYP":"1","PI_WIDT":"0","PI_WIDB":"0","PI_HEI":"1.7","PI_LENG":"26.9","PI_MAT":"RCB","PI_THICK":"0","PI_SLOP":"0.03","DES_FLOW":"0","DES_VELO":"0","US_BLE":"48.81","DS_BLE":"48","CITY_ID":"10004","KEYIN_DATE":"20160329","NOTE":"箱涵轉變，以內插法求得數值"}},{"type":"Feature","geometry":{"type":"LineString","coordinates":[[121.0764740040836,24.8250042604971],[121.0765081940262,24.82504623949063]]},"properties":{"name":"1","FID":"667","SSEW_CAT":"1","PI_NUM":"2068-F08-F13","US_MH":"2068-F08","DS_MH":"2068-F13","PI_TYP":"1","PI_WIDT":"0","PI_WIDB":"0","PI_HEI":"0.6","PI_LENG":"5.5","PI_MAT":"RCP","PI_THICK":"0","PI_SLOP":"0.02","DES_FLOW":"0","DES_VELO":"0","US_BLE":"49.3","DS_BLE":"49.2","CITY_ID":"10004","KEYIN_DATE":"20160329","NOTE":"以內插法求得數值"}},{"type":"Feature","geometry":{"type":"LineString","coordinates":[[120.9935388216166,24.87054673563821],[120.9937470196879,24.87025595329604]]},"properties":{"name":"1","FID":"668","SSEW_CAT":"1","PI_NUM":"1076-010-012","US_MH":"1076-010","DS_MH":"1076-012","PI_TYP":"5","PI_WIDT":"0","PI_WIDB":"0","PI_HEI":"1.65","PI_LENG":"25.8","PI_MAT":"RCP","PI_THICK":"0","PI_SLOP":"0.02","DES_FLOW":"0","DES_VELO":"0","US_BLE":"52.97","DS_BLE":"52.55","CITY_ID":"10004","KEYIN_DATE":"20160402"}},{"type":"Feature","geometry":{"type":"LineString","coordinates":[[120.992999295436,24.87154691994086],[120.9931231037813,24.87115782277023]]},"properties":{"name":"1","FID":"669","SSEW_CAT":"1","PI_NUM":"1076-011-1077-016","US_MH":"1076-011","DS_MH":"1077-016","PI_TYP":"5","PI_WIDT":"0","PI_WIDB":"0","PI_HEI":"1.65","PI_LENG":"41.3","PI_MAT":"RCP","PI_THICK":"0","PI_SLOP":"0.02","DES_FLOW":"0","DES_VELO":"0","US_BLE":"52.1","DS_BLE":"51.42","CITY_ID":"10004","KEYIN_DATE":"20160402"}},{"type":"Feature","geometry":{"type":"LineString","coordinates":[[120.9934006857035,24.87073543509873],[120.9935388216166,24.87054673563821]]},"properties":{"name":"1","FID":"670","SSEW_CAT":"1","PI_NUM":"1076-012-013","US_MH":"1076-012","DS_MH":"1076-013","PI_TYP":"5","PI_WIDT":"0","PI_WIDB":"0","PI_HEI":"1.65","PI_LENG":"31.6","PI_MAT":"RCP","PI_THICK":"0","PI_SLOP":"0.01","DES_FLOW":"0","DES_VELO":"0","US_BLE":"52.7","DS_BLE":"52.55","CITY_ID":"10004","KEYIN_DATE":"20160402"}},{"type":"Feature","geometry":{"type":"LineString","coordinates":[[120.9931839515394,24.87109251311051],[120.9934006857035,24.87073543509873]]},"properties":{"name":"1","FID":"671","SSEW_CAT":"1","PI_NUM":"1076-013-014","US_MH":"1076-013","DS_MH":"1076-014","PI_TYP":"5","PI_WIDT":"0","PI_WIDB":"0","PI_HEI":"1.65","PI_LENG":"31.5","PI_MAT":"RCP","PI_THICK":"0","PI_SLOP":"0.01","DES_FLOW":"0","DES_VELO":"0","US_BLE":"52.35","DS_BLE":"52","CITY_ID":"10004","KEYIN_DATE":"20160402"}},{"type":"Feature","geometry":{"type":"LineString","coordinates":[[120.9931231037813,24.87115782277023],[120.9931839515394,24.87109251311051]]},"properties":{"name":"1","FID":"672","SSEW_CAT":"1","PI_NUM":"1076-014-011","US_MH":"1076-014","DS_MH":"1076-011","PI_TYP":"5","PI_WIDT":"0","PI_WIDB":"0","PI_HEI":"1.65","PI_LENG":"16.8","PI_MAT":"RCP","PI_THICK":"0","PI_SLOP":"-0.01","DES_FLOW":"0","DES_VELO":"0","US_BLE":"51.96","DS_BLE":"52.08","CITY_ID":"10004","KEYIN_DATE":"20160402"}},{"type":"Feature","geometry":{"type":"LineString","coordinates":[[120.9929586979811,24.87559160276373],[120.9933736310806,24.87532796149029]]},"properties":{"name":"1","FID":"673","SSEW_CAT":"1","PI_NUM":"1077-001-023","US_MH":"1077-001","DS_MH":"1077-023","PI_TYP":"1","PI_WIDT":"0","PI_WIDB":"0","PI_HEI":"1.8","PI_LENG":"59.2","PI_MAT":"RCB","PI_THICK":"0","PI_SLOP":"0","DES_FLOW":"0","DES_VELO":"0","US_BLE":"51.55","DS_BLE":"51.64","CITY_ID":"10004","KEYIN_DATE":"20160402"}},{"type":"Feature","geometry":{"type":"LineString","coordinates":[[120.9933736310806,24.87532796149029],[120.993838605341,24.87537803559247]]},"properties":{"name":"1","FID":"674","SSEW_CAT":"1","PI_NUM":"1077-004-001","US_MH":"1077-004","DS_MH":"1077-001","PI_TYP":"1","PI_WIDT":"0","PI_WIDB":"0","PI_HEI":"1.8","PI_LENG":"47.2","PI_MAT":"RCB","PI_THICK":"0","PI_SLOP":"0","DES_FLOW":"0","DES_VELO":"0","US_BLE":"51.72","DS_BLE":"51.55","CITY_ID":"10004","KEYIN_DATE":"20160402"}},{"type":"Feature","geometry":{"type":"LineString","coordinates":[[120.993838605341,24.87537803559247],[120.9942311336605,24.87544658687307]]},"properties":{"name":"1","FID":"675","SSEW_CAT":"1","PI_NUM":"1077-005-004","US_MH":"1077-005","DS_MH":"1077-004","PI_TYP":"1","PI_WIDT":"0","PI_WIDB":"0","PI_HEI":"1.42","PI_LENG":"46.1","PI_MAT":"RCB","PI_THICK":"0","PI_SLOP":"0.01","DES_FLOW":"0","DES_VELO":"0","US_BLE":"52.04","DS_BLE":"51.72","CITY_ID":"10004","KEYIN_DATE":"20160402","NOTE":"箱涵轉變"}},{"type":"Feature","geometry":{"type":"LineString","coordinates":[[120.9952130793643,24.8756308849229],[120.9955625378769,24.87569586504348]]},"properties":{"name":"1","FID":"676","SSEW_CAT":"1","PI_NUM":"1077-006-F03","US_MH":"1077-006","DS_MH":"1077-F03","PI_TYP":"1","PI_WIDT":"0","PI_WIDB":"0","PI_HEI":"1.41","PI_LENG":"35.1","PI_MAT":"RCB","PI_THICK":"0","PI_SLOP":"0.01","DES_FLOW":"0","DES_VELO":"0","US_BLE":"52.57","DS_BLE":"52.36","CITY_ID":"10004","KEYIN_DATE":"20160402"}},{"type":"Feature","geometry":{"type":"LineString","coordinates":[[120.9959318698318,24.87576062820363],[120.9967019971644,24.87589617451143]]},"properties":{"name":"1","FID":"677","SSEW_CAT":"1","PI_NUM":"1077-007-021","US_MH":"1077-007","DS_MH":"1077-021","PI_TYP":"1","PI_WIDT":"0","PI_WIDB":"0","PI_HEI":"1.41","PI_LENG":"59.1","PI_MAT":"RCB","PI_THICK":"0","PI_SLOP":"0.01","DES_FLOW":"0","DES_VELO":"0","US_BLE":"53.25","DS_BLE":"52.75","CITY_ID":"10004","KEYIN_DATE":"20160402"}},{"type":"Feature","geometry":{"type":"LineString","coordinates":[[120.9977147657289,24.87573434796218],[120.9984082129839,24.87511665178115]]},"properties":{"name":"1","FID":"678","SSEW_CAT":"1","PI_NUM":"1077-010-020","US_MH":"1077-010","DS_MH":"1077-020","PI_TYP":"1","PI_WIDT":"0","PI_WIDB":"0","PI_HEI":"1.2","PI_LENG":"97.4","PI_MAT":"RCB","PI_THICK":"0","PI_SLOP":"0.01","DES_FLOW":"0","DES_VELO":"0","US_BLE":"54.37","DS_BLE":"53.86","CITY_ID":"10004","KEYIN_DATE":"20160402","NOTE":"箱涵轉變"}},{"type":"Feature","geometry":{"type":"LineString","coordinates":[[120.9933535547119,24.8726539422779],[120.9931119353972,24.87232014721303]]},"properties":{"name":"1","FID":"679","SSEW_CAT":"1","PI_NUM":"1077-011-R01","US_MH":"1077-011","DS_MH":"1077-R01","PI_TYP":"5","PI_WIDT":"0","PI_WIDB":"0","PI_HEI":"1.65","PI_LENG":"43.3","PI_MAT":"RCP","PI_THICK":"0","PI_SLOP":"0.02","DES_FLOW":"0","DES_VELO":"0","US_BLE":"50.44","DS_BLE":"49.58","CITY_ID":"10004","KEYIN_DATE":"20160402"}},{"type":"Feature","geometry":{"type":"LineString","coordinates":[[120.9930120828255,24.87205773716011],[120.992999295436,24.87154691994086]]},"properties":{"name":"1","FID":"680","SSEW_CAT":"1","PI_NUM":"1077-016-018","US_MH":"1077-016","DS_MH":"1077-018","PI_TYP":"5","PI_WIDT":"0","PI_WIDB":"0","PI_HEI":"1.65","PI_LENG":"53.6","PI_MAT":"RCP","PI_THICK":"0","PI_SLOP":"0.01","DES_FLOW":"0","DES_VELO":"0","US_BLE":"51.45","DS_BLE":"51.18","CITY_ID":"10004","KEYIN_DATE":"20160402"}},{"type":"Feature","geometry":{"type":"LineString","coordinates":[[120.9931119353972,24.87232014721303],[120.9930190257341,24.87213857901048]]},"properties":{"name":"1","FID":"681","SSEW_CAT":"1","PI_NUM":"1077-017-011","US_MH":"1077-017","DS_MH":"1077-011","PI_TYP":"5","PI_WIDT":"0","PI_WIDB":"0","PI_HEI":"1.65","PI_LENG":"20.6","PI_MAT":"RCP","PI_THICK":"0","PI_SLOP":"0.02","DES_FLOW":"0","DES_VELO":"0","US_BLE":"50.85","DS_BLE":"50.44","CITY_ID":"10004","KEYIN_DATE":"20160402"}},{"type":"Feature","geometry":{"type":"LineString","coordinates":[[120.9930190257341,24.87213857901048],[120.9930120828255,24.87205773716011]]},"properties":{"name":"1","FID":"682","SSEW_CAT":"1","PI_NUM":"1077-018-017","US_MH":"1077-018","DS_MH":"1077-017","PI_TYP":"5","PI_WIDT":"0","PI_WIDB":"0","PI_HEI":"1.65","PI_LENG":"4.1","PI_MAT":"RCP","PI_THICK":"0","PI_SLOP":"0.07","DES_FLOW":"0","DES_VELO":"0","US_BLE":"51.15","DS_BLE":"50.85","CITY_ID":"10004","KEYIN_DATE":"20160402"}},{"type":"Feature","geometry":{"type":"LineString","coordinates":[[120.9984604790726,24.87506964075259],[120.9984969784018,24.87510340784171]]},"properties":{"name":"1","FID":"683","SSEW_CAT":"1","PI_NUM":"1077-019-F01","US_MH":"1077-019","DS_MH":"1077-F01","PI_TYP":"1","PI_WIDT":"0","PI_WIDB":"0","PI_HEI":"1.22","PI_LENG":"7.8","PI_MAT":"RCB","PI_THICK":"0","PI_SLOP":"0.02","DES_FLOW":"0","DES_VELO":"0","US_BLE":"54.6","DS_BLE":"54.42","CITY_ID":"10004","KEYIN_DATE":"20160402"}},{"type":"Feature","geometry":{"type":"LineString","coordinates":[[120.9972179750247,24.8758977108392],[120.9977147657289,24.87573434796218]]},"properties":{"name":"1","FID":"684","SSEW_CAT":"1","PI_NUM":"1077-020-F08","US_MH":"1077-020","DS_MH":"1077-F08","PI_TYP":"1","PI_WIDT":"0","PI_WIDB":"0","PI_HEI":"1.3","PI_LENG":"53.4","PI_MAT":"RCB","PI_THICK":"0","PI_SLOP":"0.01","DES_FLOW":"0","DES_VELO":"0","US_BLE":"53.86","DS_BLE":"53.56","CITY_ID":"10004","KEYIN_DATE":"20160402","NOTE":"此縱走帶為1077-020-F02"}},{"type":"Feature","geometry":{"type":"LineString","coordinates":[[120.9955625378769,24.87569586504348],[120.9959318698318,24.87576062820363]]},"properties":{"name":"1","FID":"685","SSEW_CAT":"1","PI_NUM":"1077-021-006","US_MH":"1077-021","DS_MH":"1077-006","PI_TYP":"1","PI_WIDT":"0","PI_WIDB":"0","PI_HEI":"1.41","PI_LENG":"56.9","PI_MAT":"RCB","PI_THICK":"0","PI_SLOP":"0","DES_FLOW":"0","DES_VELO":"0","US_BLE":"52.75","DS_BLE":"52.57","CITY_ID":"10004","KEYIN_DATE":"20160402"}},{"type":"Feature","geometry":{"type":"LineString","coordinates":[[120.9942311336605,24.87544658687307],[120.9949249025464,24.8755774264881]]},"properties":{"name":"1","FID":"686","SSEW_CAT":"1","PI_NUM":"1077-022-005","US_MH":"1077-022","DS_MH":"1077-005","PI_TYP":"1","PI_WIDT":"0","PI_WIDB":"0","PI_HEI":"1.41","PI_LENG":"64.8","PI_MAT":"RCB","PI_THICK":"0","PI_SLOP":"0","DES_FLOW":"0","DES_VELO":"0","US_BLE":"52.14","DS_BLE":"52.04","CITY_ID":"10004","KEYIN_DATE":"20160402"}},{"type":"Feature","geometry":{"type":"LineString","coordinates":[[120.9926602050591,24.8754478902502],[120.9929586979811,24.87559160276373]]},"properties":{"name":"1","FID":"687","SSEW_CAT":"1","PI_NUM":"1077-023-024","US_MH":"1077-023","DS_MH":"1077-024","PI_TYP":"1","PI_WIDT":"0","PI_WIDB":"0","PI_HEI":"1.82","PI_LENG":"35.7","PI_MAT":"RCB","PI_THICK":"0","PI_SLOP":"0","DES_FLOW":"0","DES_VELO":"0","US_BLE":"51.64","DS_BLE":"51.57","CITY_ID":"10004","KEYIN_DATE":"20160402","NOTE":"數根私接排水管"}},{"type":"Feature","geometry":{"type":"LineString","coordinates":[[120.9922997621835,24.87523936714001],[120.9926602050591,24.8754478902502]]},"properties":{"name":"1","FID":"688","SSEW_CAT":"1","PI_NUM":"1077-024-R03","US_MH":"1077-024","DS_MH":"1077-R03","PI_TYP":"1","PI_WIDT":"0","PI_WIDB":"0","PI_HEI":"1.8","PI_LENG":"34.8","PI_MAT":"RCB","PI_THICK":"0","PI_SLOP":"0.01","DES_FLOW":"0","DES_VELO":"0","US_BLE":"51.57","DS_BLE":"51.04","CITY_ID":"10004","KEYIN_DATE":"20160402","NOTE":"數根私接排水管"}},{"type":"Feature","geometry":{"type":"LineString","coordinates":[[120.9984082129839,24.87511665178115],[120.9984604790726,24.87506964075259]]},"properties":{"name":"1","FID":"689","SSEW_CAT":"1","PI_NUM":"1077-F01-010","US_MH":"1077-F01","DS_MH":"1077-010","PI_TYP":"1","PI_WIDT":"0","PI_WIDB":"0","PI_HEI":"1.22","PI_LENG":"3.3","PI_MAT":"RCB","PI_THICK":"0","PI_SLOP":"0.02","DES_FLOW":"0","DES_VELO":"0","US_BLE":"54.42","DS_BLE":"54.37","CITY_ID":"10004","KEYIN_DATE":"20160402"}},{"type":"Feature","geometry":{"type":"LineString","coordinates":[[120.9967019971644,24.87589617451143],[120.9967332813293,24.87590068946569]]},"properties":{"name":"1","FID":"690","SSEW_CAT":"1","PI_NUM":"1077-F02-007","US_MH":"1077-F02","DS_MH":"1077-007","PI_TYP":"1","PI_WIDT":"0","PI_WIDB":"0","PI_HEI":"1.38","PI_LENG":"2.7","PI_MAT":"RCB","PI_THICK":"0","PI_SLOP":"0.01","DES_FLOW":"0","DES_VELO":"0","US_BLE":"53.28","DS_BLE":"53.25","CITY_ID":"10004","KEYIN_DATE":"20160402"}},{"type":"Feature","geometry":{"type":"LineString","coordinates":[[120.9949249025464,24.8755774264881],[120.9952130793643,24.8756308849229]]},"properties":{"name":"1","FID":"691","SSEW_CAT":"1","PI_NUM":"1077-F03-022","US_MH":"1077-F03","DS_MH":"1077-022","PI_TYP":"1","PI_WIDT":"0","PI_WIDB":"0","PI_HEI":"1.42","PI_LENG":"28.8","PI_MAT":"RCB","PI_THICK":"0","PI_SLOP":"0.01","DES_FLOW":"0","DES_VELO":"0","US_BLE":"52.36","DS_BLE":"52.14","CITY_ID":"10004","KEYIN_DATE":"20160402"}},{"type":"Feature","geometry":{"type":"LineString","coordinates":[[120.9952130793643,24.8756308849229],[120.9952001020327,24.87569424675304]]},"properties":{"name":"1","FID":"692","SSEW_CAT":"1","PI_NUM":"1077-F04-F03","US_MH":"1077-F04","DS_MH":"1077-F03","PI_TYP":"1","PI_WIDT":"0","PI_WIDB":"0","PI_HEI":"1.21","PI_LENG":"6.7","PI_MAT":"RCB","PI_THICK":"0","PI_SLOP":"0.01","DES_FLOW":"0","DES_VELO":"0","US_BLE":"52.4","DS_BLE":"52.36","CITY_ID":"10004","KEYIN_DATE":"20160402"}},{"type":"Feature","geometry":{"type":"LineString","coordinates":[[120.9942311336605,24.87544658687307],[120.994253812086,24.8753476079335]]},"properties":{"name":"1","FID":"693","SSEW_CAT":"1","PI_NUM":"1077-F05-005","US_MH":"1077-F05","DS_MH":"1077-005","PI_TYP":"1","PI_WIDT":"0","PI_WIDB":"0","PI_HEI":"1.22","PI_LENG":"10.7","PI_MAT":"RCB","PI_THICK":"0","PI_SLOP":"0.01","DES_FLOW":"0","DES_VELO":"0","US_BLE":"52.1","DS_BLE":"52.04","CITY_ID":"10004","KEYIN_DATE":"20160402"}},{"type":"Feature","geometry":{"type":"LineString","coordinates":[[120.9942311336605,24.87544658687307],[120.9942082566615,24.87555841340327]]},"properties":{"name":"1","FID":"694","SSEW_CAT":"1","PI_NUM":"1077-F06-005","US_MH":"1077-F06","DS_MH":"1077-005","PI_TYP":"1","PI_WIDT":"0","PI_WIDB":"0","PI_HEI":"1.21","PI_LENG":"12.1","PI_MAT":"RCB","PI_THICK":"0","PI_SLOP":"0","DES_FLOW":"0","DES_VELO":"0","US_BLE":"52.1","DS_BLE":"52.04","CITY_ID":"10004","KEYIN_DATE":"20160402"}},{"type":"Feature","geometry":{"type":"LineString","coordinates":[[120.9988864773246,24.87546756813618],[120.99946997786,24.87600442599119]]},"properties":{"name":"1","FID":"695","SSEW_CAT":"1","PI_NUM":"1177-002-003","US_MH":"1177-002","DS_MH":"1177-003","PI_TYP":"1","PI_WIDT":"0","PI_WIDB":"0","PI_HEI":"1.23","PI_LENG":"84.7","PI_MAT":"RCB","PI_THICK":"0","PI_SLOP":"0","DES_FLOW":"0","DES_VELO":"0","US_BLE":"55.62","DS_BLE":"55.48","CITY_ID":"10004","KEYIN_DATE":"20160402"}},{"type":"Feature","geometry":{"type":"LineString","coordinates":[[120.9984969784018,24.87510340784171],[120.9988864773246,24.87546756813618]]},"properties":{"name":"2","FID":"696","SSEW_CAT":"2","PI_NUM":"1177-003-1077-019","US_MH":"1177-003","DS_MH":"1077-019","PI_TYP":"1","PI_WIDT":"0","PI_WIDB":"0","PI_HEI":"1.2","PI_LENG":"50.3","PI_MAT":"RCB","PI_THICK":"0","PI_SLOP":"0.02","DES_FLOW":"0","DES_VELO":"0","US_BLE":"55.48","DS_BLE":"54.6","CITY_ID":"10004","KEYIN_DATE":"20160402"}},{"type":"Feature","geometry":{"type":"LineString","coordinates":[[120.99946997786,24.87600442599119],[120.9998246945841,24.8763230618059]]},"properties":{"name":"1","FID":"697","SSEW_CAT":"1","PI_NUM":"1177-F01-002","US_MH":"1177-F01","DS_MH":"1177-002","PI_TYP":"1","PI_WIDT":"0","PI_WIDB":"0","PI_HEI":"1.22","PI_LENG":"49.8","PI_MAT":"RCB","PI_THICK":"0","PI_SLOP":"0","DES_FLOW":"0","DES_VELO":"0","US_BLE":"5.82","DS_BLE":"55.62","CITY_ID":"10004","KEYIN_DATE":"20160402"}},{"type":"Feature","geometry":{"type":"LineString","coordinates":[[120.9888311977045,24.90358802194185],[120.9893316278404,24.90292448188525]]},"properties":{"name":"1","FID":"698","SSEW_CAT":"1","PI_NUM":"0982-013-F06","US_MH":"0982-013","DS_MH":"0982-F06","PI_TYP":"1","PI_WIDT":"0","PI_WIDB":"0","PI_HEI":"1.39","PI_LENG":"89.2","PI_MAT":"RCB","PI_THICK":"0","PI_SLOP":"0.02","DES_FLOW":"0","DES_VELO":"0","US_BLE":"10.91","DS_BLE":"9.27","CITY_ID":"10004","KEYIN_DATE":"20160411","NOTE":"此縱走帶為0982-013-0983-007"}},{"type":"Feature","geometry":{"type":"LineString","coordinates":[[120.9893316278404,24.90292448188525],[120.9897629887559,24.90235830774968]]},"properties":{"name":"1","FID":"699","SSEW_CAT":"1","PI_NUM":"0982-014-013","US_MH":"0982-014","DS_MH":"0982-013","PI_TYP":"1","PI_WIDT":"0","PI_WIDB":"0","PI_HEI":"1.33","PI_LENG":"70.5","PI_MAT":"RCB","PI_THICK":"0","PI_SLOP":"0.01","DES_FLOW":"0","DES_VELO":"0","US_BLE":"11.97","DS_BLE":"10.91","CITY_ID":"10004","KEYIN_DATE":"20160411","NOTE":"箱涵轉變"}},{"type":"Feature","geometry":{"type":"LineString","coordinates":[[120.9898599957856,24.90240513618021],[120.9901187684067,24.90251671872836]]},"properties":{"name":"1","FID":"700","SSEW_CAT":"1","PI_NUM":"0982-015-019","US_MH":"0982-015","DS_MH":"0982-019","PI_TYP":"5","PI_WIDT":"0","PI_WIDB":"0","PI_HEI":"1.2","PI_LENG":"31.8","PI_MAT":"RCP","PI_THICK":"0","PI_SLOP":"0.02","DES_FLOW":"0","DES_VELO":"0","US_BLE":"12.92","DS_BLE":"12.31","CITY_ID":"10004","KEYIN_DATE":"20160411"}},{"type":"Feature","geometry":{"type":"LineString","coordinates":[[120.9897629887559,24.90235830774968],[120.9898599957856,24.90240513618021]]},"properties":{"name":"1","FID":"701","SSEW_CAT":"1","PI_NUM":"0982-019-014","US_MH":"0982-019","DS_MH":"0982-014","PI_TYP":"5","PI_WIDT":"0","PI_WIDB":"0","PI_HEI":"1.2","PI_LENG":"9.2","PI_MAT":"RCP","PI_THICK":"0","PI_SLOP":"0.01","DES_FLOW":"0","DES_VELO":"0","US_BLE":"12.09","DS_BLE":"11.97","CITY_ID":"10004","KEYIN_DATE":"20160411"}},{"type":"Feature","geometry":{"type":"LineString","coordinates":[[120.9866536126821,24.90327849954349],[120.9866111089727,24.90269832431763]]},"properties":{"name":"1","FID":"702","SSEW_CAT":"1","PI_NUM":"0982-020-021","US_MH":"0982-020","DS_MH":"0982-021","PI_TYP":"5","PI_WIDT":"0","PI_WIDB":"0","PI_HEI":"1.2","PI_LENG":"63.5","PI_MAT":"RCP","PI_THICK":"0","PI_SLOP":"0.01","DES_FLOW":"0","DES_VELO":"0","US_BLE":"8.43","DS_BLE":"7.97","CITY_ID":"10004","KEYIN_DATE":"20160411"}},{"type":"Feature","geometry":{"type":"LineString","coordinates":[[120.9866970177751,24.90394951052114],[120.9866536126821,24.90327849954349]]},"properties":{"name":"1","FID":"703","SSEW_CAT":"1","PI_NUM":"0982-021-0983-F01","US_MH":"0982-021","DS_MH":"0983-F01","PI_TYP":"5","PI_WIDT":"0","PI_WIDB":"0","PI_HEI":"1.2","PI_LENG":"74.5","PI_MAT":"RCP","PI_THICK":"0","PI_SLOP":"0","DES_FLOW":"0","DES_VELO":"0","US_BLE":"7.98","DS_BLE":"7.8","CITY_ID":"10004","KEYIN_DATE":"20160411","NOTE":"箱涵轉變"}},{"type":"Feature","geometry":{"type":"LineString","coordinates":[[120.9849697333473,24.90414439818526],[120.9846728779831,24.90412720480571]]},"properties":{"name":"1","FID":"704","SSEW_CAT":"1","PI_NUM":"0983-002-F02","US_MH":"0983-002","DS_MH":"0983-F02","PI_TYP":"1","PI_WIDT":"0","PI_WIDB":"0","PI_HEI":"1.51","PI_LENG":"25.8","PI_MAT":"RCB","PI_THICK":"0","PI_SLOP":"0","DES_FLOW":"0","DES_VELO":"0","US_BLE":"5.17","DS_BLE":"5.14","CITY_ID":"10004","KEYIN_DATE":"20160411","NOTE":"數根私接排水管"}},{"type":"Feature","geometry":{"type":"LineString","coordinates":[[120.9851615888125,24.90415368063101],[120.985886549282,24.90405150322879]]},"properties":{"name":"1","FID":"705","SSEW_CAT":"1","PI_NUM":"0983-003-020","US_MH":"0983-003","DS_MH":"0983-020","PI_TYP":"1","PI_WIDT":"0","PI_WIDB":"0","PI_HEI":"1.9","PI_LENG":"80.1","PI_MAT":"RCB","PI_THICK":"0","PI_SLOP":"0","DES_FLOW":"0","DES_VELO":"0","US_BLE":"5.79","DS_BLE":"5.5","CITY_ID":"10004","KEYIN_DATE":"20160411","NOTE":"箱涵轉變"}},{"type":"Feature","geometry":{"type":"LineString","coordinates":[[120.9866970177751,24.90394951052114],[120.9867972386308,24.90393618433134]]},"properties":{"name":"1","FID":"706","SSEW_CAT":"1","PI_NUM":"0983-004-F01","US_MH":"0983-004","DS_MH":"0983-F01","PI_TYP":"1","PI_WIDT":"0","PI_WIDB":"0","PI_HEI":"1.92","PI_LENG":"4.6","PI_MAT":"RCB","PI_THICK":"0","PI_SLOP":"0.03","DES_FLOW":"0","DES_VELO":"0","US_BLE":"7.93","DS_BLE":"7.8","CITY_ID":"10004","KEYIN_DATE":"20160411"}},{"type":"Feature","geometry":{"type":"LineString","coordinates":[[120.9867972386308,24.90393618433134],[120.9873337895723,24.90388919237116]]},"properties":{"name":"1","FID":"707","SSEW_CAT":"1","PI_NUM":"0983-005-004","US_MH":"0983-005","DS_MH":"0983-004","PI_TYP":"1","PI_WIDT":"0","PI_WIDB":"0","PI_HEI":"1.52","PI_LENG":"57.1","PI_MAT":"RCB","PI_THICK":"0","PI_SLOP":"0.01","DES_FLOW":"0","DES_VELO":"0","US_BLE":"8.91","DS_BLE":"8.24","CITY_ID":"10004","KEYIN_DATE":"20160411","NOTE":"箱涵轉變"}},{"type":"Feature","geometry":{"type":"LineString","coordinates":[[120.9873337895723,24.90388919237116],[120.9879402087583,24.90384013661888]]},"properties":{"name":"1","FID":"708","SSEW_CAT":"1","PI_NUM":"0983-006-005","US_MH":"0983-006","DS_MH":"0983-005","PI_TYP":"1","PI_WIDT":"0","PI_WIDB":"0","PI_HEI":"1.42","PI_LENG":"61.5","PI_MAT":"RCB","PI_THICK":"0","PI_SLOP":"0","DES_FLOW":"0","DES_VELO":"0","US_BLE":"8.81","DS_BLE":"8.91","CITY_ID":"10004","KEYIN_DATE":"20160411"}},{"type":"Feature","geometry":{"type":"LineString","coordinates":[[120.9879402087583,24.90384013661888],[120.9886316170266,24.90373551448904]]},"properties":{"name":"1","FID":"709","SSEW_CAT":"1","PI_NUM":"0983-007-006","US_MH":"0983-007","DS_MH":"0983-006","PI_TYP":"1","PI_WIDT":"0","PI_WIDB":"0","PI_HEI":"1.57","PI_LENG":"77.8","PI_MAT":"RCB","PI_THICK":"0","PI_SLOP":"0","DES_FLOW":"0","DES_VELO":"0","US_BLE":"8.81","DS_BLE":"8.81","CITY_ID":"10004","KEYIN_DATE":"20160411","NOTE":"箱涵轉變"}},{"type":"Feature","geometry":{"type":"LineString","coordinates":[[120.9849915015543,24.90414567339515],[120.9851615888125,24.90415368063101]]},"properties":{"name":"1","FID":"710","SSEW_CAT":"1","PI_NUM":"0983-020-021","US_MH":"0983-020","DS_MH":"0983-021","PI_TYP":"1","PI_WIDT":"0","PI_WIDB":"0","PI_HEI":"1.94","PI_LENG":"11.7","PI_MAT":"RCB","PI_THICK":"0","PI_SLOP":"0","DES_FLOW":"0","DES_VELO":"0","US_BLE":"5.5","DS_BLE":"5.5","CITY_ID":"10004","KEYIN_DATE":"20160411","NOTE":"箱涵轉變"}},{"type":"Feature","geometry":{"type":"LineString","coordinates":[[120.9849697333473,24.90414439818526],[120.9849915015543,24.90414567339515]]},"properties":{"name":"1","FID":"711","SSEW_CAT":"1","PI_NUM":"0983-021-F02","US_MH":"0983-021","DS_MH":"0983-F02","PI_TYP":"1","PI_WIDT":"0","PI_WIDB":"0","PI_HEI":"1.57","PI_LENG":"1.2","PI_MAT":"RCB","PI_THICK":"0","PI_SLOP":"0.3","DES_FLOW":"0","DES_VELO":"0","US_BLE":"5.5","DS_BLE":"5.14","CITY_ID":"10004","KEYIN_DATE":"20160411"}},{"type":"Feature","geometry":{"type":"LineString","coordinates":[[120.9849697333473,24.90414439818526],[120.9849996301828,24.90405238273531]]},"properties":{"name":"1","FID":"712","SSEW_CAT":"1","PI_NUM":"0983-022-F02","US_MH":"0983-022","DS_MH":"0983-F02","PI_TYP":"1","PI_WIDT":"0","PI_WIDB":"0","PI_HEI":"1.56","PI_LENG":"9.5","PI_MAT":"RCB","PI_THICK":"0","PI_SLOP":"0.02","DES_FLOW":"0","DES_VELO":"0","US_BLE":"5.34","DS_BLE":"5.14","CITY_ID":"10004","KEYIN_DATE":"20160411"}},{"type":"Feature","geometry":{"type":"LineString","coordinates":[[120.9846086944062,24.9048222390796],[120.9847797937462,24.90449555140388]]},"properties":{"name":"1","FID":"713","SSEW_CAT":"1","PI_NUM":"0983-023-024","US_MH":"0983-023","DS_MH":"0983-024","PI_TYP":"1","PI_WIDT":"0","PI_WIDB":"0","PI_HEI":"1.53","PI_LENG":"61.1","PI_MAT":"RCB","PI_THICK":"0","PI_SLOP":"0","DES_FLOW":"0","DES_VELO":"0","US_BLE":"5.1","DS_BLE":"5.05","CITY_ID":"10004","KEYIN_DATE":"20160411"}},{"type":"Feature","geometry":{"type":"LineString","coordinates":[[120.9843397071975,24.90532794237426],[120.9846086944062,24.9048222390796]]},"properties":{"name":"1","FID":"714","SSEW_CAT":"1","PI_NUM":"0983-024-025","US_MH":"0983-024","DS_MH":"0983-025","PI_TYP":"1","PI_WIDT":"0","PI_WIDB":"0","PI_HEI":"1.57","PI_LENG":"61.2","PI_MAT":"RCB","PI_THICK":"0","PI_SLOP":"0.01","DES_FLOW":"0","DES_VELO":"0","US_BLE":"5.05","DS_BLE":"4.75","CITY_ID":"10004","KEYIN_DATE":"20160411"}},{"type":"Feature","geometry":{"type":"LineString","coordinates":[[120.9838239295857,24.90627057072901],[120.9840974736016,24.90577294942024]]},"properties":{"name":"1","FID":"715","SSEW_CAT":"1","PI_NUM":"0983-026-027","US_MH":"0983-026","DS_MH":"0983-027","PI_TYP":"1","PI_WIDT":"0","PI_WIDB":"0","PI_HEI":"1.59","PI_LENG":"61.8","PI_MAT":"RCB","PI_THICK":"0","PI_SLOP":"0","DES_FLOW":"0","DES_VELO":"0","US_BLE":"4.13","DS_BLE":"4.1","CITY_ID":"10004","KEYIN_DATE":"20160411"}},{"type":"Feature","geometry":{"type":"LineString","coordinates":[[120.9840974736016,24.90577294942024],[120.9843397071975,24.90532794237426]]},"properties":{"name":"1","FID":"716","SSEW_CAT":"1","PI_NUM":"0983-025-026","US_MH":"0983-025","DS_MH":"0983-026","PI_TYP":"1","PI_WIDT":"0","PI_WIDB":"0","PI_HEI":"1.57","PI_LENG":"56.1","PI_MAT":"RCB","PI_THICK":"0","PI_SLOP":"0.01","DES_FLOW":"0","DES_VELO":"0","US_BLE":"4.75","DS_BLE":"4.13","CITY_ID":"10004","KEYIN_DATE":"20160411"}},{"type":"Feature","geometry":{"type":"LineString","coordinates":[[120.9834837253174,24.90688216889068],[120.9838239295857,24.90627057072901]]},"properties":{"name":"1","FID":"717","SSEW_CAT":"1","PI_NUM":"0983-027-028","US_MH":"0983-027","DS_MH":"0983-028","PI_TYP":"1","PI_WIDT":"0","PI_WIDB":"0","PI_HEI":"1.5","PI_LENG":"75.7","PI_MAT":"RCB","PI_THICK":"0","PI_SLOP":"0","DES_FLOW":"0","DES_VELO":"0","US_BLE":"4.1","DS_BLE":"3.99","CITY_ID":"10004","KEYIN_DATE":"20160411"}},{"type":"Feature","geometry":{"type":"LineString","coordinates":[[120.9831002649736,24.90758045293497],[120.9834837253174,24.90688216889068]]},"properties":{"name":"1","FID":"718","SSEW_CAT":"1","PI_NUM":"0983-028-029","US_MH":"0983-028","DS_MH":"0983-029","PI_TYP":"1","PI_WIDT":"0","PI_WIDB":"0","PI_HEI":"1.49","PI_LENG":"86.6","PI_MAT":"RCB","PI_THICK":"0","PI_SLOP":"0.01","DES_FLOW":"0","DES_VELO":"0","US_BLE":"3.99","DS_BLE":"3.54","CITY_ID":"10004","KEYIN_DATE":"20160411","NOTE":"箱涵轉變"}},{"type":"Feature","geometry":{"type":"LineString","coordinates":[[120.9828074350526,24.90796078090514],[120.9831002649736,24.90758045293497]]},"properties":{"name":"1","FID":"719","SSEW_CAT":"1","PI_NUM":"0983-029-R01","US_MH":"0983-029","DS_MH":"0983-R01","PI_TYP":"1","PI_WIDT":"0","PI_WIDB":"0","PI_HEI":"1.6","PI_LENG":"79.6","PI_MAT":"RCB","PI_THICK":"0","PI_SLOP":"0.01","DES_FLOW":"0","DES_VELO":"0","US_BLE":"3.54","DS_BLE":"3.16","CITY_ID":"10004","KEYIN_DATE":"20160411","NOTE":"箱涵轉變"}},{"type":"Feature","geometry":{"type":"LineString","coordinates":[[120.985886549282,24.90405150322879],[120.9866970177751,24.90394951052114]]},"properties":{"name":"1","FID":"720","SSEW_CAT":"1","PI_NUM":"0983-F01-003","US_MH":"0983-F01","DS_MH":"0983-003","PI_TYP":"1","PI_WIDT":"0","PI_WIDB":"0","PI_HEI":"1.71","PI_LENG":"82.3","PI_MAT":"RCB","PI_THICK":"0","PI_SLOP":"0.01","DES_FLOW":"0","DES_VELO":"0","US_BLE":"7.3","DS_BLE":"6.13","CITY_ID":"10004","KEYIN_DATE":"20160411","NOTE":"箱涵轉變"}},{"type":"Feature","geometry":{"type":"LineString","coordinates":[[120.9847797937462,24.90449555140388],[120.9849697333473,24.90414439818526]]},"properties":{"name":"1","FID":"721","SSEW_CAT":"1","PI_NUM":"0983-F02-023","US_MH":"0983-F02","DS_MH":"0983-023","PI_TYP":"1","PI_WIDT":"0","PI_WIDB":"0","PI_HEI":"1.53","PI_LENG":"22.9","PI_MAT":"RCB","PI_THICK":"0","PI_SLOP":"0","DES_FLOW":"0","DES_VELO":"0","US_BLE":"5.14","DS_BLE":"5.1","CITY_ID":"10004","KEYIN_DATE":"20160411","NOTE":"箱涵轉變"}},{"type":"Feature","geometry":{"type":"LineString","coordinates":[[120.9846728779831,24.90412720480571],[120.9845323392432,24.90412468037792]]},"properties":{"name":"1","FID":"722","SSEW_CAT":"1","PI_NUM":"0983-F03-002","US_MH":"0983-F03","DS_MH":"0983-002","PI_TYP":"1","PI_WIDT":"0","PI_WIDB":"0","PI_HEI":"1.51","PI_LENG":"13.7","PI_MAT":"RCB","PI_THICK":"0","PI_SLOP":"0","DES_FLOW":"0","DES_VELO":"0","US_BLE":"5.23","DS_BLE":"5.17","CITY_ID":"10004","KEYIN_DATE":"20160411"}},{"type":"Feature","geometry":{"type":"LineString","coordinates":[[120.9889252475654,24.86998025793942],[120.9886333503508,24.86944294756699]]},"properties":{"name":"1","FID":"723","SSEW_CAT":"1","PI_NUM":"0976-005-006","US_MH":"0976-005","DS_MH":"0976-006","PI_TYP":"5","PI_WIDT":"0","PI_WIDB":"0","PI_HEI":"1.5","PI_LENG":"67.3","PI_MAT":"RCP","PI_THICK":"0","PI_SLOP":"0.01","DES_FLOW":"0","DES_VELO":"0","US_BLE":"55.89","DS_BLE":"55.14","CITY_ID":"10004","KEYIN_DATE":"20160412"}},{"type":"Feature","geometry":{"type":"LineString","coordinates":[[120.9893470266333,24.87112660615749],[120.9889252475654,24.86998025793942]]},"properties":{"name":"1","FID":"724","SSEW_CAT":"1","PI_NUM":"0976-006-007","US_MH":"0976-006","DS_MH":"0976-007","PI_TYP":"5","PI_WIDT":"0","PI_WIDB":"0","PI_HEI":"1.5","PI_LENG":"141.6","PI_MAT":"RCP","PI_THICK":"0","PI_SLOP":"0","DES_FLOW":"0","DES_VELO":"0","US_BLE":"55.11","DS_BLE":"54.83","CITY_ID":"10004","KEYIN_DATE":"20160412"}},{"type":"Feature","geometry":{"type":"LineString","coordinates":[[120.9896310572322,24.8722083714094],[120.9893470266333,24.87112660615749]]},"properties":{"name":"1","FID":"725","SSEW_CAT":"1","PI_NUM":"0976-007-0977-001","US_MH":"0976-007","DS_MH":"0977-001","PI_TYP":"5","PI_WIDT":"0","PI_WIDB":"0","PI_HEI":"1.5","PI_LENG":"124.7","PI_MAT":"RCP","PI_THICK":"0","PI_SLOP":"0.01","DES_FLOW":"0","DES_VELO":"0","US_BLE":"54.84","DS_BLE":"54.09","CITY_ID":"10004","KEYIN_DATE":"20160412"}},{"type":"Feature","geometry":{"type":"LineString","coordinates":[[120.9885594074399,24.86929939715007],[120.9885152080048,24.86921359553272]]},"properties":{"name":"1","FID":"726","SSEW_CAT":"1","PI_NUM":"0976-F01-F03","US_MH":"0976-F01","DS_MH":"0976-F03","PI_TYP":"1","PI_WIDT":"0","PI_WIDB":"0","PI_HEI":"1.54","PI_LENG":"10.5","PI_MAT":"RCB","PI_THICK":"0","PI_SLOP":"0.01","DES_FLOW":"0","DES_VELO":"0","US_BLE":"56.85","DS_BLE":"56.75","CITY_ID":"10004","KEYIN_DATE":"20160412","NOTE":"明溝入水，箱涵轉變，此縱走帶為0976-F01-005"}},{"type":"Feature","geometry":{"type":"LineString","coordinates":[[120.9908948060518,24.87215096008902],[120.9896310572322,24.8722083714094]]},"properties":{"name":"1","FID":"727","SSEW_CAT":"1","PI_NUM":"0977-001-1077-026","US_MH":"0977-001","DS_MH":"1077-026","PI_TYP":"5","PI_WIDT":"0","PI_WIDB":"0","PI_HEI":"1.5","PI_LENG":"127.6","PI_MAT":"RCP","PI_THICK":"0","PI_SLOP":"0","DES_FLOW":"0","DES_VELO":"0","US_BLE":"54.04","DS_BLE":"53.61","CITY_ID":"10004","KEYIN_DATE":"20160412"}},{"type":"Feature","geometry":{"type":"LineString","coordinates":[[120.9836414257129,24.90160653664442],[120.9839749354913,24.90189506957793]]},"properties":{"name":"1","FID":"728","SSEW_CAT":"1","PI_NUM":"0982-001-023","US_MH":"0982-001","DS_MH":"0982-023","PI_TYP":"1","PI_WIDT":"0","PI_WIDB":"0","PI_HEI":"1.53","PI_LENG":"58.7","PI_MAT":"RCB","PI_THICK":"0","PI_SLOP":"0","DES_FLOW":"0","DES_VELO":"0","US_BLE":"6.43","DS_BLE":"6.32","CITY_ID":"10004","KEYIN_DATE":"20160412","NOTE":"數根私接排水管"}},{"type":"Feature","geometry":{"type":"LineString","coordinates":[[120.9843566020044,24.90221302166887],[120.984498499133,24.90233892989676]]},"properties":{"name":"1","FID":"729","SSEW_CAT":"1","PI_NUM":"0982-002-024","US_MH":"0982-002","DS_MH":"0982-024","PI_TYP":"1","PI_WIDT":"0","PI_WIDB":"0","PI_HEI":"1.51","PI_LENG":"11.5","PI_MAT":"RCB","PI_THICK":"0","PI_SLOP":"0.01","DES_FLOW":"0","DES_VELO":"0","US_BLE":"6.58","DS_BLE":"6.49","CITY_ID":"10004","KEYIN_DATE":"20160412","NOTE":"箱涵轉變"}},{"type":"Feature","geometry":{"type":"LineString","coordinates":[[120.9847923328129,24.90201803303945],[120.9850704759707,24.90160707471538]]},"properties":{"name":"1","FID":"730","SSEW_CAT":"1","PI_NUM":"0982-005-025","US_MH":"0982-005","DS_MH":"0982-025","PI_TYP":"1","PI_WIDT":"0","PI_WIDB":"0","PI_HEI":"1.51","PI_LENG":"54","PI_MAT":"RCB","PI_THICK":"0","PI_SLOP":"0.01","DES_FLOW":"0","DES_VELO":"0","US_BLE":"7.27","DS_BLE":"6.97","CITY_ID":"10004","KEYIN_DATE":"20160412","NOTE":"箱涵轉變"}},{"type":"Feature","geometry":{"type":"LineString","coordinates":[[120.985675893584,24.90071255394725],[120.9859714161816,24.9002766497823]]},"properties":{"name":"1","FID":"731","SSEW_CAT":"1","PI_NUM":"0982-006-027","US_MH":"0982-006","DS_MH":"0982-027","PI_TYP":"1","PI_WIDT":"0","PI_WIDB":"0","PI_HEI":"1.51","PI_LENG":"57.2","PI_MAT":"RCB","PI_THICK":"0","PI_SLOP":"0.03","DES_FLOW":"0","DES_VELO":"0","US_BLE":"10.87","DS_BLE":"9.14","CITY_ID":"10004","KEYIN_DATE":"20160412","NOTE":"跌降、數根私接排水管"}},{"type":"Feature","geometry":{"type":"LineString","coordinates":[[120.9863838917273,24.89966098918103],[120.9867094471199,24.89927292827495]]},"properties":{"name":"1","FID":"732","SSEW_CAT":"1","PI_NUM":"0982-009-F01","US_MH":"0982-009","DS_MH":"0982-F01","PI_TYP":"1","PI_WIDT":"0","PI_WIDB":"0","PI_HEI":"1.5","PI_LENG":"44.6","PI_MAT":"RCB","PI_THICK":"0","PI_SLOP":"0.01","DES_FLOW":"0","DES_VELO":"0","US_BLE":"11.68","DS_BLE":"11.2","CITY_ID":"10004","KEYIN_DATE":"20160412"}},{"type":"Feature","geometry":{"type":"LineString","coordinates":[[120.986952842275,24.899150694775],[120.9870533728681,24.89916729792371]]},"properties":{"name":"1","FID":"733","SSEW_CAT":"1","PI_NUM":"0982-010-029","US_MH":"0982-010","DS_MH":"0982-029","PI_TYP":"1","PI_WIDT":"0","PI_WIDB":"0","PI_HEI":"1.19","PI_LENG":"7.2","PI_MAT":"RCB","PI_THICK":"0","PI_SLOP":"0.07","DES_FLOW":"0","DES_VELO":"0","US_BLE":"12.78","DS_BLE":"12.25","CITY_ID":"10004","KEYIN_DATE":"20160412","NOTE":"箱涵轉變，數根私接排水管"}},{"type":"Feature","geometry":{"type":"LineString","coordinates":[[120.982756461977,24.90091153123738],[120.9831458107944,24.90117908122519]]},"properties":{"name":"1","FID":"734","SSEW_CAT":"1","PI_NUM":"0982-022-0882-R01","US_MH":"0982-022","DS_MH":"0882-R01","PI_TYP":"1","PI_WIDT":"0","PI_WIDB":"0","PI_HEI":"1.52","PI_LENG":"40.1","PI_MAT":"RCB","PI_THICK":"0","PI_SLOP":"0.05","DES_FLOW":"0","DES_VELO":"0","US_BLE":"7.61","DS_BLE":"5.68","CITY_ID":"10004","KEYIN_DATE":"20160412"}},{"type":"Feature","geometry":{"type":"LineString","coordinates":[[120.9831458107944,24.90117908122519],[120.9836414257129,24.90160653664442]]},"properties":{"name":"1","FID":"735","SSEW_CAT":"1","PI_NUM":"0982-023-022","US_MH":"0982-023","DS_MH":"0982-022","PI_TYP":"1","PI_WIDT":"0","PI_WIDB":"0","PI_HEI":"1.5","PI_LENG":"59.2","PI_MAT":"RCB","PI_THICK":"0","PI_SLOP":"-0.02","DES_FLOW":"0","DES_VELO":"0","US_BLE":"6.32","DS_BLE":"7.61","CITY_ID":"10004","KEYIN_DATE":"20160412"}},{"type":"Feature","geometry":{"type":"LineString","coordinates":[[120.9839749354913,24.90189506957793],[120.9843566020044,24.90221302166887]]},"properties":{"name":"1","FID":"736","SSEW_CAT":"1","PI_NUM":"0982-024-001","US_MH":"0982-024","DS_MH":"0982-001","PI_TYP":"1","PI_WIDT":"0","PI_WIDB":"0","PI_HEI":"1.53","PI_LENG":"51.7","PI_MAT":"RCB","PI_THICK":"0","PI_SLOP":"0","DES_FLOW":"0","DES_VELO":"0","US_BLE":"6.49","DS_BLE":"6.43","CITY_ID":"10004","KEYIN_DATE":"20160412","NOTE":"數根私接排水管"}},{"type":"Feature","geometry":{"type":"LineString","coordinates":[[120.984498499133,24.90233892989676],[120.9847923328129,24.90201803303945]]},"properties":{"name":"1","FID":"737","SSEW_CAT":"1","PI_NUM":"0982-025-002","US_MH":"0982-025","DS_MH":"0982-002","PI_TYP":"1","PI_WIDT":"0","PI_WIDB":"0","PI_HEI":"1.51","PI_LENG":"50.3","PI_MAT":"RCB","PI_THICK":"0","PI_SLOP":"0.01","DES_FLOW":"0","DES_VELO":"0","US_BLE":"6.97","DS_BLE":"6.58","CITY_ID":"10004","KEYIN_DATE":"20160412"}},{"type":"Feature","geometry":{"type":"LineString","coordinates":[[120.9850704759707,24.90160707471538],[120.9854191201829,24.90109140115778]]},"properties":{"name":"1","FID":"738","SSEW_CAT":"1","PI_NUM":"0982-026-005","US_MH":"0982-026","DS_MH":"0982-005","PI_TYP":"1","PI_WIDT":"0","PI_WIDB":"0","PI_HEI":"1.51","PI_LENG":"67.8","PI_MAT":"RCB","PI_THICK":"0","PI_SLOP":"0.02","DES_FLOW":"0","DES_VELO":"0","US_BLE":"8.72","DS_BLE":"7.27","CITY_ID":"10004","KEYIN_DATE":"20160412","NOTE":"跌降、數根私接排水管"}},{"type":"Feature","geometry":{"type":"LineString","coordinates":[[120.9854191201829,24.90109140115778],[120.985675893584,24.90071255394725]]},"properties":{"name":"1","FID":"739","SSEW_CAT":"1","PI_NUM":"0982-027-026","US_MH":"0982-027","DS_MH":"0982-026","PI_TYP":"1","PI_WIDT":"0","PI_WIDB":"0","PI_HEI":"1.52","PI_LENG":"50.7","PI_MAT":"RCB","PI_THICK":"0","PI_SLOP":"0.01","DES_FLOW":"0","DES_VELO":"0","US_BLE":"9.14","DS_BLE":"8.72","CITY_ID":"10004","KEYIN_DATE":"20160412","NOTE":"箱涵轉變"}},{"type":"Feature","geometry":{"type":"LineString","coordinates":[[120.9859714161816,24.9002766497823],[120.9863523088343,24.89971151883293]]},"properties":{"name":"1","FID":"740","SSEW_CAT":"1","PI_NUM":"0982-028-006","US_MH":"0982-028","DS_MH":"0982-006","PI_TYP":"1","PI_WIDT":"0","PI_WIDB":"0","PI_HEI":"1.51","PI_LENG":"56.6","PI_MAT":"RCB","PI_THICK":"0","PI_SLOP":"0.01","DES_FLOW":"0","DES_VELO":"0","US_BLE":"11.25","DS_BLE":"10.87","CITY_ID":"10004","KEYIN_DATE":"20160412"}},{"type":"Feature","geometry":{"type":"LineString","coordinates":[[120.9867094471199,24.89927292827495],[120.986952842275,24.899150694775]]},"properties":{"name":"1","FID":"741","SSEW_CAT":"1","PI_NUM":"0982-029-009","US_MH":"0982-029","DS_MH":"0982-009","PI_TYP":"1","PI_WIDT":"0","PI_WIDB":"0","PI_HEI":"1.23","PI_LENG":"31.8","PI_MAT":"RCB","PI_THICK":"0","PI_SLOP":"0.02","DES_FLOW":"0","DES_VELO":"0","US_BLE":"12.25","DS_BLE":"11.68","CITY_ID":"10004","KEYIN_DATE":"20160412","NOTE":"箱涵轉變"}},{"type":"Feature","geometry":{"type":"LineString","coordinates":[[120.9863523088343,24.89971151883293],[120.9863838917273,24.89966098918103]]},"properties":{"name":"1","FID":"742","SSEW_CAT":"1","PI_NUM":"0982-F01-028","US_MH":"0982-F01","DS_MH":"0982-028","PI_TYP":"1","PI_WIDT":"0","PI_WIDB":"0","PI_HEI":"1.51","PI_LENG":"6.5","PI_MAT":"RCB","PI_THICK":"0","PI_SLOP":"-0.02","DES_FLOW":"0","DES_VELO":"0","US_BLE":"11.1","DS_BLE":"11.25","CITY_ID":"10004","KEYIN_DATE":"20160412"}},{"type":"Feature","geometry":{"type":"LineString","coordinates":[[120.9916002521178,24.87211717150783],[120.9908948060518,24.87215096008902]]},"properties":{"name":"1","FID":"743","SSEW_CAT":"1","PI_NUM":"1077-026-027","US_MH":"1077-026","DS_MH":"1077-027","PI_TYP":"5","PI_WIDT":"0","PI_WIDB":"0","PI_HEI":"1.5","PI_LENG":"66.1","PI_MAT":"RCP","PI_THICK":"0","PI_SLOP":"0","DES_FLOW":"0","DES_VELO":"0","US_BLE":"53.51","DS_BLE":"53.46","CITY_ID":"10004","KEYIN_DATE":"20160412"}},{"type":"Feature","geometry":{"type":"LineString","coordinates":[[120.9930120828255,24.87205773716011],[120.9916002521178,24.87211717150783]]},"properties":{"name":"1","FID":"744","SSEW_CAT":"1","PI_NUM":"1077-027-018","US_MH":"1077-027","DS_MH":"1077-018","PI_TYP":"1","PI_WIDT":"0","PI_WIDB":"0","PI_HEI":"1.01","PI_LENG":"142.8","PI_MAT":"RCB","PI_THICK":"0","PI_SLOP":"0.02","DES_FLOW":"0","DES_VELO":"0","US_BLE":"53.51","DS_BLE":"51.18","CITY_ID":"10004","KEYIN_DATE":"20160412"}},{"type":"Feature","geometry":{"type":"LineString","coordinates":[[120.9905904127732,24.86759852551161],[120.9905821900429,24.86758410641012]]},"properties":{"name":"1","FID":"745","SSEW_CAT":"1","PI_NUM":"0976-001-F02","US_MH":"0976-001","DS_MH":"0976-F02","PI_TYP":"1","PI_WIDT":"0","PI_WIDB":"0","PI_HEI":"1.53","PI_LENG":"1.8","PI_MAT":"RCB","PI_THICK":"0","PI_SLOP":"0.01","DES_FLOW":"0","DES_VELO":"0","US_BLE":"57.54","DS_BLE":"57.52","CITY_ID":"10004","KEYIN_DATE":"20160416"}},{"type":"Feature","geometry":{"type":"LineString","coordinates":[[120.9896756077916,24.86856599978914],[120.9892589790778,24.86903874095313]]},"properties":{"name":"1","FID":"746","SSEW_CAT":"1","PI_NUM":"0976-010-011","US_MH":"0976-010","DS_MH":"0976-011","PI_TYP":"5","PI_WIDT":"0","PI_WIDB":"0","PI_HEI":"1.35","PI_LENG":"65.8","PI_MAT":"RCP","PI_THICK":"0","PI_SLOP":"0","DES_FLOW":"0","DES_VELO":"0","US_BLE":"58.1","DS_BLE":"58.01","CITY_ID":"10004","KEYIN_DATE":"20160416"}},{"type":"Feature","geometry":{"type":"LineString","coordinates":[[120.9900965364453,24.86811581101616],[120.9896756077916,24.86856599978914]]},"properties":{"name":"1","FID":"747","SSEW_CAT":"1","PI_NUM":"0976-011-012","US_MH":"0976-011","DS_MH":"0976-012","PI_TYP":"5","PI_WIDT":"0","PI_WIDB":"0","PI_HEI":"1.35","PI_LENG":"67.7","PI_MAT":"RCP","PI_THICK":"0","PI_SLOP":"0","DES_FLOW":"0","DES_VELO":"0","US_BLE":"58.02","DS_BLE":"57.9","CITY_ID":"10004","KEYIN_DATE":"20160416"}},{"type":"Feature","geometry":{"type":"LineString","coordinates":[[120.9905904127732,24.86759852551161],[120.9900965364453,24.86811581101616]]},"properties":{"name":"1","FID":"748","SSEW_CAT":"1","PI_NUM":"0976-012-F02","US_MH":"0976-012","DS_MH":"0976-F02","PI_TYP":"5","PI_WIDT":"0","PI_WIDB":"0","PI_HEI":"1.35","PI_LENG":"68.9","PI_MAT":"RCP","PI_THICK":"0","PI_SLOP":"0.01","DES_FLOW":"0","DES_VELO":"0","US_BLE":"57.91","DS_BLE":"57.52","CITY_ID":"10004","KEYIN_DATE":"20160416"}},{"type":"Feature","geometry":{"type":"LineString","coordinates":[[120.9908381444423,24.86803296730582],[120.9905904127732,24.86759852551161]]},"properties":{"name":"1","FID":"749","SSEW_CAT":"1","PI_NUM":"0976-F02-1076-016","US_MH":"0976-F02","DS_MH":"1076-016","PI_TYP":"1","PI_WIDT":"0","PI_WIDB":"0","PI_HEI":"1.53","PI_LENG":"55.8","PI_MAT":"RCB","PI_THICK":"0","PI_SLOP":"0","DES_FLOW":"0","DES_VELO":"0","US_BLE":"57.52","DS_BLE":"57.41","CITY_ID":"10004","KEYIN_DATE":"20160416"}},{"type":"Feature","geometry":{"type":"LineString","coordinates":[[120.9919809425632,24.86911538366634],[120.9911566942017,24.86849604238104]]},"properties":{"name":"1","FID":"750","SSEW_CAT":"1","PI_NUM":"1076-005-017","US_MH":"1076-005","DS_MH":"1076-017","PI_TYP":"5","PI_WIDT":"0","PI_WIDB":"0","PI_HEI":"1.2","PI_LENG":"106.6","PI_MAT":"RCP","PI_THICK":"0","PI_SLOP":"0.01","DES_FLOW":"0","DES_VELO":"0","US_BLE":"55.78","DS_BLE":"55.07","CITY_ID":"10004","KEYIN_DATE":"20160416"}},{"type":"Feature","geometry":{"type":"LineString","coordinates":[[120.9911566942017,24.86849604238104],[120.9908381444423,24.86803296730582]]},"properties":{"name":"1","FID":"751","SSEW_CAT":"1","PI_NUM":"1076-016-005","US_MH":"1076-016","DS_MH":"1076-005","PI_TYP":"1","PI_WIDT":"0","PI_WIDB":"0","PI_HEI":"1.53","PI_LENG":"61.1","PI_MAT":"RCB","PI_THICK":"0","PI_SLOP":"0.03","DES_FLOW":"0","DES_VELO":"0","US_BLE":"57.41","DS_BLE":"55.52","CITY_ID":"10004","KEYIN_DATE":"20160416","NOTE":"箱涵轉變，數根私接排水管"}},{"type":"Feature","geometry":{"type":"LineString","coordinates":[[120.991536611517,24.86957610364516],[120.9919809425632,24.86911538366634]]},"properties":{"name":"1","FID":"752","SSEW_CAT":"1","PI_NUM":"1076-017-018","US_MH":"1076-017","DS_MH":"1076-018","PI_TYP":"5","PI_WIDT":"0","PI_WIDB":"0","PI_HEI":"1.2","PI_LENG":"66.5","PI_MAT":"RCP","PI_THICK":"0","PI_SLOP":"0","DES_FLOW":"0","DES_VELO":"0","US_BLE":"55.07","DS_BLE":"54.96","CITY_ID":"10004","KEYIN_DATE":"20160416"}},{"type":"Feature","geometry":{"type":"LineString","coordinates":[[120.9908485550561,24.87032239830931],[120.991536611517,24.86957610364516]]},"properties":{"name":"1","FID":"753","SSEW_CAT":"1","PI_NUM":"1076-018-019","US_MH":"1076-018","DS_MH":"1076-019","PI_TYP":"5","PI_WIDT":"0","PI_WIDB":"0","PI_HEI":"1.2","PI_LENG":"107","PI_MAT":"RCP","PI_THICK":"0","PI_SLOP":"0","DES_FLOW":"0","DES_VELO":"0","US_BLE":"54.91","DS_BLE":"54.72","CITY_ID":"10004","KEYIN_DATE":"20160416"}},{"type":"Feature","geometry":{"type":"LineString","coordinates":[[120.9908729127503,24.87136816645302],[120.9908485550561,24.87032239830931]]},"properties":{"name":"1","FID":"754","SSEW_CAT":"1","PI_NUM":"1076-019-1077-028","US_MH":"1076-019","DS_MH":"1077-028","PI_TYP":"5","PI_WIDT":"0","PI_WIDB":"0","PI_HEI":"1.2","PI_LENG":"116.6","PI_MAT":"RCP","PI_THICK":"0","PI_SLOP":"0.01","DES_FLOW":"0","DES_VELO":"0","US_BLE":"54.64","DS_BLE":"54.06","CITY_ID":"10004","KEYIN_DATE":"20160416"}},{"type":"Feature","geometry":{"type":"LineString","coordinates":[[120.9908948060518,24.87215096008902],[120.9908729127503,24.87136816645302]]},"properties":{"name":"1","FID":"755","SSEW_CAT":"1","PI_NUM":"1077-028-026","US_MH":"1077-028","DS_MH":"1077-026","PI_TYP":"5","PI_WIDT":"0","PI_WIDB":"0","PI_HEI":"1.2","PI_LENG":"83.3","PI_MAT":"RCP","PI_THICK":"0","PI_SLOP":"0.01","DES_FLOW":"0","DES_VELO":"0","US_BLE":"54.08","DS_BLE":"53.61","CITY_ID":"10004","KEYIN_DATE":"20160416"}},{"type":"Feature","geometry":{"type":"LineString","coordinates":[[120.9897705819542,24.87002521716759],[120.9889252475654,24.86998025793942]]},"properties":{"name":"1","FID":"756","SSEW_CAT":"1","PI_NUM":"0976-006-013","US_MH":"0976-006","DS_MH":"0976-013","PI_TYP":"5","PI_WIDT":"0","PI_WIDB":"0","PI_HEI":"1.2","PI_LENG":"84.1","PI_MAT":"RCP","PI_THICK":"0","PI_SLOP":"-0.01","DES_FLOW":"0","DES_VELO":"0","US_BLE":"55.11","DS_BLE":"55.55","CITY_ID":"10004","KEYIN_DATE":"20160412"}},{"type":"Feature","geometry":{"type":"LineString","coordinates":[[120.9908485550561,24.87032239830931],[120.9897705819542,24.87002521716759]]},"properties":{"name":"1","FID":"757","SSEW_CAT":"1","PI_NUM":"0976-013-1076-019","US_MH":"0976-013","DS_MH":"1076-019","PI_TYP":"5","PI_WIDT":"0","PI_WIDB":"0","PI_HEI":"1.2","PI_LENG":"111.3","PI_MAT":"RCP","PI_THICK":"0","PI_SLOP":"0.01","DES_FLOW":"0","DES_VELO":"0","US_BLE":"55.33","DS_BLE":"54.72","CITY_ID":"10004","KEYIN_DATE":"20160417"}},{"type":"Feature","geometry":{"type":"LineString","coordinates":[[120.9930237870054,24.86806589512058],[120.9935534069765,24.867725651205]]},"properties":{"name":"1","FID":"758","SSEW_CAT":"1","PI_NUM":"1076-002-F01","US_MH":"1076-002","DS_MH":"1076-F01","PI_TYP":"5","PI_WIDT":"0","PI_WIDB":"0","PI_HEI":"1.5","PI_LENG":"81.7","PI_MAT":"RCP","PI_THICK":"0","PI_SLOP":"0","DES_FLOW":"0","DES_VELO":"0","US_BLE":"55.41","DS_BLE":"55.28","CITY_ID":"10004","KEYIN_DATE":"20160417","NOTE":"此縱走帶為1076-002-017"}},{"type":"Feature","geometry":{"type":"LineString","coordinates":[[120.9908485550561,24.87032239830931],[120.9911441460179,24.87043481242139]]},"properties":{"name":"1","FID":"759","SSEW_CAT":"1","PI_NUM":"1076-021-019","US_MH":"1076-021","DS_MH":"1076-019","PI_TYP":"5","PI_WIDT":"0","PI_WIDB":"0","PI_HEI":"1.2","PI_LENG":"36.5","PI_MAT":"RCP","PI_THICK":"0","PI_SLOP":"0","DES_FLOW":"0","DES_VELO":"0","US_BLE":"54.67","DS_BLE":"54.72","CITY_ID":"10004","KEYIN_DATE":"20160417"}},{"type":"Feature","geometry":{"type":"LineString","coordinates":[[120.9919809425632,24.86911538366634],[120.99242398762,24.8694035707433]]},"properties":{"name":"1","FID":"760","SSEW_CAT":"1","PI_NUM":"1076-023-017","US_MH":"1076-023","DS_MH":"1076-017","PI_TYP":"5","PI_WIDT":"0","PI_WIDB":"0","PI_HEI":"1.2","PI_LENG":"50.2","PI_MAT":"RCP","PI_THICK":"0","PI_SLOP":"0.01","DES_FLOW":"0","DES_VELO":"0","US_BLE":"55.37","DS_BLE":"55.07","CITY_ID":"10004","KEYIN_DATE":"20160417"}},{"type":"Feature","geometry":{"type":"LineString","coordinates":[[120.99242398762,24.8694035707433],[120.9925973170835,24.86951598476863]]},"properties":{"name":"1","FID":"761","SSEW_CAT":"1","PI_NUM":"1076-024-023","US_MH":"1076-024","DS_MH":"1076-023","PI_TYP":"1","PI_WIDT":"0","PI_WIDB":"0","PI_HEI":"1","PI_LENG":"23.1","PI_MAT":"RCB","PI_THICK":"0","PI_SLOP":"0.01","DES_FLOW":"0","DES_VELO":"0","US_BLE":"55.48","DS_BLE":"55.37","CITY_ID":"10004","KEYIN_DATE":"20160417"}},{"type":"Feature","geometry":{"type":"LineString","coordinates":[[120.9863838917273,24.89966098918103],[120.9864576834805,24.89969935801091]]},"properties":{"name":"1","FID":"762","SSEW_CAT":"1","PI_NUM":"0982-035-F01","US_MH":"0982-035","DS_MH":"0982-F01","PI_TYP":"5","PI_WIDT":"0","PI_WIDB":"0","PI_HEI":"1.2","PI_LENG":"7.2","PI_MAT":"RCP","PI_THICK":"0","PI_SLOP":"0.01","DES_FLOW":"0","DES_VELO":"0","US_BLE":"11.15","DS_BLE":"11.1","CITY_ID":"10004","KEYIN_DATE":"20160419"}},{"type":"Feature","geometry":{"type":"LineString","coordinates":[[120.9864576834805,24.89969935801091],[120.9869671227829,24.90003225723348]]},"properties":{"name":"1","FID":"763","SSEW_CAT":"1","PI_NUM":"0982-F02-035","US_MH":"0982-F02","DS_MH":"0982-035","PI_TYP":"1","PI_WIDT":"0","PI_WIDB":"0","PI_HEI":"1.35","PI_LENG":"62.7","PI_MAT":"RCB","PI_THICK":"0","PI_SLOP":"0","DES_FLOW":"0","DES_VELO":"0","US_BLE":"11.94","DS_BLE":"11.79","CITY_ID":"10004","KEYIN_DATE":"20160419","NOTE":"數根私接排水管"}},{"type":"Feature","geometry":{"type":"LineString","coordinates":[[120.9954336211053,24.86921015729383],[120.9951928011018,24.86896434770019]]},"properties":{"name":"1","FID":"764","SSEW_CAT":"1","PI_NUM":"1076-001-R02","US_MH":"1076-001","DS_MH":"1076-R02","PI_TYP":"1","PI_WIDT":"0","PI_WIDB":"0","PI_HEI":"1.64","PI_LENG":"67.1","PI_MAT":"RCB","PI_THICK":"0","PI_SLOP":"0","DES_FLOW":"0","DES_VELO":"0","US_BLE":"53.25","DS_BLE":"53.22","CITY_ID":"10004","KEYIN_DATE":"20160419"}},{"type":"Feature","geometry":{"type":"LineString","coordinates":[[120.9935551016022,24.87130643372886],[120.9931231037813,24.87115782277023]]},"properties":{"name":"2","FID":"765","SSEW_CAT":"2","PI_NUM":"1076-011-1077-029","US_MH":"1076-011","DS_MH":"1077-029","PI_TYP":"1","PI_WIDT":"0","PI_WIDB":"0","PI_HEI":"1.15","PI_LENG":"44.6","PI_MAT":"RCB","PI_THICK":"0","PI_SLOP":"0.02","DES_FLOW":"0","DES_VELO":"0","US_BLE":"52.1","DS_BLE":"51.16","CITY_ID":"10004","KEYIN_DATE":"20160402","NOTE":"箱涵轉變"}},{"type":"Feature","geometry":{"type":"LineString","coordinates":[[120.9951928011018,24.86896434770019],[120.9943429776229,24.86829716285841]]},"properties":{"name":"1","FID":"766","SSEW_CAT":"1","PI_NUM":"1076-026-001","US_MH":"1076-026","DS_MH":"1076-001","PI_TYP":"1","PI_WIDT":"0","PI_WIDB":"0","PI_HEI":"1.65","PI_LENG":"111.5","PI_MAT":"RCB","PI_THICK":"0","PI_SLOP":"0","DES_FLOW":"0","DES_VELO":"0","US_BLE":"53.51","DS_BLE":"53.25","CITY_ID":"10004","KEYIN_DATE":"20160419","NOTE":"箱涵轉變"}},{"type":"Feature","geometry":{"type":"LineString","coordinates":[[120.9943429776229,24.86829716285841],[120.9937886651809,24.86785982532104]]},"properties":{"name":"1","FID":"767","SSEW_CAT":"1","PI_NUM":"1076-027-026","US_MH":"1076-027","DS_MH":"1076-026","PI_TYP":"5","PI_WIDT":"0","PI_WIDB":"0","PI_HEI":"1.2","PI_LENG":"73.1","PI_MAT":"RCP","PI_THICK":"0","PI_SLOP":"0.03","DES_FLOW":"0","DES_VELO":"0","US_BLE":"55.51","DS_BLE":"53.61","CITY_ID":"10004","KEYIN_DATE":"20160419","NOTE":"箱涵轉變"}},{"type":"Feature","geometry":{"type":"LineString","coordinates":[[120.9937886651809,24.86785982532104],[120.9934091002365,24.8675161827082]]},"properties":{"name":"1","FID":"768","SSEW_CAT":"1","PI_NUM":"1076-028-027","US_MH":"1076-028","DS_MH":"1076-027","PI_TYP":"5","PI_WIDT":"0","PI_WIDB":"0","PI_HEI":"1.2","PI_LENG":"53.6","PI_MAT":"RCP","PI_THICK":"0","PI_SLOP":"0.01","DES_FLOW":"0","DES_VELO":"0","US_BLE":"56.24","DS_BLE":"55.55","CITY_ID":"10004","KEYIN_DATE":"20160419"}},{"type":"Feature","geometry":{"type":"LineString","coordinates":[[120.9936840927045,24.87132770144861],[120.9935551016022,24.87130643372886]]},"properties":{"name":"1","FID":"769","SSEW_CAT":"1","PI_NUM":"1077-029-R04","US_MH":"1077-029","DS_MH":"1077-R04","PI_TYP":"1","PI_WIDT":"0","PI_WIDB":"0","PI_HEI":"1.52","PI_LENG":"19","PI_MAT":"RCB","PI_THICK":"0","PI_SLOP":"0.01","DES_FLOW":"0","DES_VELO":"0","US_BLE":"51.14","DS_BLE":"51.04","CITY_ID":"10004","KEYIN_DATE":"20160419","NOTE":"箱涵轉變"}},{"type":"Feature","geometry":{"type":"LineString","coordinates":[[120.9984604790726,24.87506964075259],[120.9988651762068,24.87470560484678]]},"properties":{"name":"1","FID":"770","SSEW_CAT":"1","PI_NUM":"1177-004-1077-F01","US_MH":"1177-004","DS_MH":"1077-F01","PI_TYP":"1","PI_WIDT":"0","PI_WIDB":"0","PI_HEI":"1.31","PI_LENG":"58.2","PI_MAT":"RCB","PI_THICK":"0","PI_SLOP":"0.02","DES_FLOW":"0","DES_VELO":"0","US_BLE":"55.4","DS_BLE":"54.42","CITY_ID":"10004","KEYIN_DATE":"20160419"}},{"type":"Feature","geometry":{"type":"LineString","coordinates":[[120.9988651762068,24.87470560484678],[120.9993149314063,24.87431408517945]]},"properties":{"name":"1","FID":"771","SSEW_CAT":"1","PI_NUM":"1177-005-004","US_MH":"1177-005","DS_MH":"1177-004","PI_TYP":"1","PI_WIDT":"0","PI_WIDB":"0","PI_HEI":"1.22","PI_LENG":"65.9","PI_MAT":"RCB","PI_THICK":"0","PI_SLOP":"0.01","DES_FLOW":"0","DES_VELO":"0","US_BLE":"56.07","DS_BLE":"55.4","CITY_ID":"10004","KEYIN_DATE":"20160419","NOTE":"箱涵轉變"}},{"type":"Feature","geometry":{"type":"LineString","coordinates":[[120.9931231037813,24.87115782277023],[120.9923661213125,24.8708833093801]]},"properties":{"name":"1","FID":"772","SSEW_CAT":"1","PI_NUM":"1076-020-011","US_MH":"1076-020","DS_MH":"1076-011","PI_TYP":"1","PI_WIDT":"0","PI_WIDB":"0","PI_HEI":"1","PI_LENG":"82.3","PI_MAT":"RCB","PI_THICK":"0","PI_SLOP":"0.02","DES_FLOW":"0","DES_VELO":"0","US_BLE":"53.71","DS_BLE":"52.08","CITY_ID":"10004","KEYIN_DATE":"20160417"}},{"type":"Feature","geometry":{"type":"LineString","coordinates":[[120.9911441460179,24.87043481242139],[120.9923661213125,24.8708833093801]]},"properties":{"name":"1","FID":"773","SSEW_CAT":"1","PI_NUM":"1076-020-021","US_MH":"1076-020","DS_MH":"1076-021","PI_TYP":"1","PI_WIDT":"0","PI_WIDB":"0","PI_HEI":"1","PI_LENG":"133.1","PI_MAT":"RCB","PI_THICK":"0","PI_SLOP":"-0.01","DES_FLOW":"0","DES_VELO":"0","US_BLE":"53.71","DS_BLE":"54.98","CITY_ID":"10004","KEYIN_DATE":"20160417"}},{"type":"Feature","geometry":{"type":"LineString","coordinates":[[120.9936787162932,24.87021058200759],[120.9925973170835,24.86951598476863]]},"properties":{"name":"1","FID":"774","SSEW_CAT":"1","PI_NUM":"1076-024-009","US_MH":"1076-024","DS_MH":"1076-009","PI_TYP":"1","PI_WIDT":"0","PI_WIDB":"0","PI_HEI":"1","PI_LENG":"133.6","PI_MAT":"RCB","PI_THICK":"0","PI_SLOP":"0.01","DES_FLOW":"0","DES_VELO":"0","US_BLE":"55.48","DS_BLE":"53.63","CITY_ID":"10004","KEYIN_DATE":"20160417"}},{"type":"Feature","geometry":{"type":"LineString","coordinates":[[120.9869671227829,24.90003225723348],[120.9871750207464,24.900112014993]]},"properties":{"name":"1","FID":"775","SSEW_CAT":"1","PI_NUM":"0982-036-F02","US_MH":"0982-036","DS_MH":"0982-F02","PI_TYP":"1","PI_WIDT":"0","PI_WIDB":"0","PI_HEI":"0.93","PI_LENG":"22.8","PI_MAT":"RCB","PI_THICK":"0","PI_SLOP":"0","DES_FLOW":"0","DES_VELO":"0","US_BLE":"12","DS_BLE":"11.94","CITY_ID":"10004","KEYIN_DATE":"20160417","NOTE":"梯形W*H=(1.22、1.6)*0.93m"}},{"type":"Feature","geometry":{"type":"LineString","coordinates":[[120.9885916201635,24.86919335940069],[120.9887878182392,24.8687382093783]]},"properties":{"name":"2","FID":"776","SSEW_CAT":"2","PI_NUM":"0976-003-004","US_MH":"0976-003","DS_MH":"0976-004","PI_TYP":"5","PI_WIDT":"0","PI_WIDB":"0","PI_HEI":"0.8","PI_LENG":"54.2","PI_MAT":"RCP","PI_THICK":"0","PI_SLOP":"0","DES_FLOW":"0","DES_VELO":"0","US_BLE":"58.3","DS_BLE":"58.1","CITY_ID":"10004","KEYIN_DATE":"20160412"}},{"type":"Feature","geometry":{"type":"LineString","coordinates":[[120.9885594074399,24.86929939715007],[120.9885916201635,24.86919335940069]]},"properties":{"name":"2","FID":"777","SSEW_CAT":"2","PI_NUM":"0976-004-F03","US_MH":"0976-004","DS_MH":"0976-F03","PI_TYP":"5","PI_WIDT":"0","PI_WIDB":"0","PI_HEI":"0.8","PI_LENG":"12.2","PI_MAT":"RCP","PI_THICK":"0","PI_SLOP":"0.01","DES_FLOW":"0","DES_VELO":"0","US_BLE":"58.1","DS_BLE":"58","CITY_ID":"10004","KEYIN_DATE":"20160412"}},{"type":"Feature","geometry":{"type":"LineString","coordinates":[[120.9905821900429,24.86758410641012],[120.9903545925191,24.867233883721]]},"properties":{"name":"2","FID":"778","SSEW_CAT":"2","PI_NUM":"0976-009-001","US_MH":"0976-009","DS_MH":"0976-001","PI_TYP":"5","PI_WIDT":"0","PI_WIDB":"0","PI_HEI":"1","PI_LENG":"45.1","PI_MAT":"RCP","PI_THICK":"0","PI_SLOP":"0","DES_FLOW":"0","DES_VELO":"0","US_BLE":"58.24","DS_BLE":"58.05","CITY_ID":"10004","KEYIN_DATE":"20160412"}},{"type":"Feature","geometry":{"type":"LineString","coordinates":[[120.9901275176323,24.86679866599112],[120.9904967762609,24.86614518584627]]},"properties":{"name":"2","FID":"779","SSEW_CAT":"2","PI_NUM":"0976-008-F04","US_MH":"0976-008","DS_MH":"0976-F04","PI_TYP":"5","PI_WIDT":"0","PI_WIDB":"0","PI_HEI":"1","PI_LENG":"81.4","PI_MAT":"RCP","PI_THICK":"0","PI_SLOP":"0.01","DES_FLOW":"0","DES_VELO":"0","US_BLE":"59.54","DS_BLE":"58.82","CITY_ID":"10004","KEYIN_DATE":"20160412"}},{"type":"Feature","geometry":{"type":"LineString","coordinates":[[120.9846927154973,24.9025261649414],[120.9851447735569,24.90255319682702]]},"properties":{"name":"2","FID":"780","SSEW_CAT":"2","PI_NUM":"0982-003-F05","US_MH":"0982-003","DS_MH":"0982-F05","PI_TYP":"1","PI_WIDT":"0","PI_WIDB":"0","PI_HEI":"1.05","PI_LENG":"45.8","PI_MAT":"RCB","PI_THICK":"0","PI_SLOP":"0","DES_FLOW":"0","DES_VELO":"0","US_BLE":"6.8","DS_BLE":"6.68","CITY_ID":"10004","KEYIN_DATE":"20160411"}},{"type":"Feature","geometry":{"type":"LineString","coordinates":[[120.9851447735569,24.90255319682702],[120.9855383283165,24.90291923284398]]},"properties":{"name":"2","FID":"781","SSEW_CAT":"2","PI_NUM":"0982-004-003","US_MH":"0982-004","DS_MH":"0982-003","PI_TYP":"1","PI_WIDT":"0","PI_WIDB":"0","PI_HEI":"1.02","PI_LENG":"56.8","PI_MAT":"RCB","PI_THICK":"0","PI_SLOP":"0","DES_FLOW":"0","DES_VELO":"0","US_BLE":"6.96","DS_BLE":"6.8","CITY_ID":"10004","KEYIN_DATE":"20160411"}},{"type":"Feature","geometry":{"type":"LineString","coordinates":[[120.987141658551,24.89937601749959],[120.9880633636298,24.89973251234901]]},"properties":{"name":"2","FID":"782","SSEW_CAT":"2","PI_NUM":"0982-033-F04","US_MH":"0982-033","DS_MH":"0982-F04","PI_TYP":"5","PI_WIDT":"0","PI_WIDB":"0","PI_HEI":"1","PI_LENG":"101.1","PI_MAT":"RCP","PI_THICK":"0","PI_SLOP":"0","DES_FLOW":"0","DES_VELO":"0","US_BLE":"12.95","DS_BLE":"12.81","CITY_ID":"10004","KEYIN_DATE":"20160414"}},{"type":"Feature","geometry":{"type":"LineString","coordinates":[[120.9880633636298,24.89973251234901],[120.9886417828124,24.89995711445354]]},"properties":{"name":"2","FID":"783","SSEW_CAT":"2","PI_NUM":"0982-032-033","US_MH":"0982-032","DS_MH":"0982-033","PI_TYP":"5","PI_WIDT":"0","PI_WIDB":"0","PI_HEI":"1","PI_LENG":"63.5","PI_MAT":"RCP","PI_THICK":"0","PI_SLOP":"0","DES_FLOW":"0","DES_VELO":"0","US_BLE":"13.03","DS_BLE":"12.89","CITY_ID":"10004","KEYIN_DATE":"20160414"}},{"type":"Feature","geometry":{"type":"LineString","coordinates":[[120.9886417828124,24.89995711445354],[120.989274606619,24.90020240253194]]},"properties":{"name":"2","FID":"784","SSEW_CAT":"2","PI_NUM":"0982-031-032","US_MH":"0982-031","DS_MH":"0982-032","PI_TYP":"5","PI_WIDT":"0","PI_WIDB":"0","PI_HEI":"1","PI_LENG":"69.5","PI_MAT":"RCP","PI_THICK":"0","PI_SLOP":"0.04","DES_FLOW":"0","DES_VELO":"0","US_BLE":"16.24","DS_BLE":"13.59","CITY_ID":"10004","KEYIN_DATE":"20160414"}},{"type":"Feature","geometry":{"type":"LineString","coordinates":[[120.989274606619,24.90020240253194],[120.9899971045688,24.9004802687976]]},"properties":{"name":"2","FID":"785","SSEW_CAT":"2","PI_NUM":"0982-030-031","US_MH":"0982-030","DS_MH":"0982-031","PI_TYP":"5","PI_WIDT":"0","PI_WIDB":"0","PI_HEI":"1","PI_LENG":"79.2","PI_MAT":"RCP","PI_THICK":"0","PI_SLOP":"0.01","DES_FLOW":"0","DES_VELO":"0","US_BLE":"17.04","DS_BLE":"16.51","CITY_ID":"10004","KEYIN_DATE":"20160414"}},{"type":"Feature","geometry":{"type":"LineString","coordinates":[[120.9916120585894,24.86449489768092],[120.9912143086458,24.86502686385551]]},"properties":{"name":"2","FID":"786","SSEW_CAT":"2","PI_NUM":"1075-003-002","US_MH":"1075-003","DS_MH":"1075-002","PI_TYP":"5","PI_WIDT":"0","PI_WIDB":"0","PI_HEI":"1","PI_LENG":"71.3","PI_MAT":"RCP","PI_THICK":"0","PI_SLOP":"0","DES_FLOW":"0","DES_VELO":"0","US_BLE":"60.7","DS_BLE":"60.5","CITY_ID":"10004","KEYIN_DATE":"20160419"}},{"type":"Feature","geometry":{"type":"LineString","coordinates":[[120.9920891559211,24.86529023029865],[120.9916120585894,24.86449489768092]]},"properties":{"name":"2","FID":"787","SSEW_CAT":"2","PI_NUM":"1075-002-001","US_MH":"1075-002","DS_MH":"1075-001","PI_TYP":"5","PI_WIDT":"0","PI_WIDB":"0","PI_HEI":"1.1","PI_LENG":"100.4","PI_MAT":"RCP","PI_THICK":"0","PI_SLOP":"0.01","DES_FLOW":"0","DES_VELO":"0","US_BLE":"60.5","DS_BLE":"59.2","CITY_ID":"10004","KEYIN_DATE":"20160419"}},{"type":"Feature","geometry":{"type":"LineString","coordinates":[[120.9927559756021,24.86648277242357],[120.9920891559211,24.86529023029865]]},"properties":{"name":"1","FID":"788","SSEW_CAT":"1","PI_NUM":"1075-001-1076-003","US_MH":"1075-001","DS_MH":"1076-003","PI_TYP":"5","PI_WIDT":"0","PI_WIDB":"0","PI_HEI":"1.2","PI_LENG":"148.3","PI_MAT":"RCP","PI_THICK":"0","PI_SLOP":"0.01","DES_FLOW":"0","DES_VELO":"0","US_BLE":"59.2","DS_BLE":"57.43","CITY_ID":"10004","KEYIN_DATE":"20160419","NOTE":"人孔埋沒，無法縱走"}},{"type":"Feature","geometry":{"type":"LineString","coordinates":[[120.9937470196879,24.87025595329604],[120.9936787162932,24.87021058200759]]},"properties":{"name":"1","FID":"789","SSEW_CAT":"1","PI_NUM":"1076-009-010","US_MH":"1076-009","DS_MH":"1076-010","PI_TYP":"1","PI_WIDT":"0","PI_WIDB":"0","PI_HEI":"1","PI_LENG":"8.5","PI_MAT":"RCB","PI_THICK":"0","PI_SLOP":"0.09","DES_FLOW":"0","DES_VELO":"0","US_BLE":"53.63","DS_BLE":"52.89","CITY_ID":"10004","KEYIN_DATE":"20160402"}},{"type":"Feature","geometry":{"type":"LineString","coordinates":[[120.9964575021401,24.87105607912403],[120.9970816052251,24.87208871363253]]},"properties":{"name":"2","FID":"790","SSEW_CAT":"2","PI_NUM":"1077-015-1076-R01","US_MH":"1077-015","DS_MH":"1076-R01","PI_TYP":"5","PI_WIDT":"0","PI_WIDB":"0","PI_HEI":"0.9","PI_LENG":"131.3","PI_MAT":"RCP","PI_THICK":"0","PI_SLOP":"0","DES_FLOW":"0","DES_VELO":"0","US_BLE":"52.5","DS_BLE":"51.94","CITY_ID":"10004","KEYIN_DATE":"20160401"}},{"type":"Feature","geometry":{"type":"LineString","coordinates":[[120.9970816052251,24.87208871363253],[120.9981614807735,24.87328564397291]]},"properties":{"name":"2","FID":"791","SSEW_CAT":"2","PI_NUM":"1077-025-015","US_MH":"1077-025","DS_MH":"1077-015","PI_TYP":"5","PI_WIDT":"0","PI_WIDB":"0","PI_HEI":"0.8","PI_LENG":"171.7","PI_MAT":"RCP","PI_THICK":"0","PI_SLOP":"0.02","DES_FLOW":"0","DES_VELO":"0","US_BLE":"55.11","DS_BLE":"52.5","CITY_ID":"10004","KEYIN_DATE":"20160419"}},{"type":"Feature","geometry":{"type":"LineString","coordinates":[[120.9981614807735,24.87328564397291],[120.9982945013908,24.87340207755344]]},"properties":{"name":"2","FID":"792","SSEW_CAT":"2","PI_NUM":"1077-014-025","US_MH":"1077-014","DS_MH":"1077-025","PI_TYP":"5","PI_WIDT":"0","PI_WIDB":"0","PI_HEI":"0.6","PI_LENG":"131.3","PI_MAT":"RCP","PI_THICK":"0","PI_SLOP":"0.01","DES_FLOW":"0","DES_VELO":"0","US_BLE":"55.25","DS_BLE":"55.12","CITY_ID":"10004","KEYIN_DATE":"20160401"}},{"type":"Feature","geometry":{"type":"LineString","coordinates":[[120.9982945013908,24.87340207755344],[120.9992245441697,24.87422946027872]]},"properties":{"name":"2","FID":"793","SSEW_CAT":"2","PI_NUM":"1177-001-1077-014","US_MH":"1177-001","DS_MH":"1077-014","PI_TYP":"5","PI_WIDT":"0","PI_WIDB":"0","PI_HEI":"0.6","PI_LENG":"18.6","PI_MAT":"RCP","PI_THICK":"0","PI_SLOP":"0.04","DES_FLOW":"0","DES_VELO":"0","US_BLE":"56.02","DS_BLE":"55.25","CITY_ID":"10004","KEYIN_DATE":"20160402"}},{"type":"Feature","geometry":{"type":"LineString","coordinates":[[120.9993149314063,24.87431408517945],[120.9992245441697,24.87422946027872]]},"properties":{"name":"2","FID":"794","SSEW_CAT":"2","PI_NUM":"1177-001-005","US_MH":"1177-001","DS_MH":"1177-005","PI_TYP":"5","PI_WIDT":"0","PI_WIDB":"0","PI_HEI":"0.6","PI_LENG":"13.1","PI_MAT":"RCP","PI_THICK":"0","PI_SLOP":"-0.02","DES_FLOW":"0","DES_VELO":"0","US_BLE":"56.02","DS_BLE":"56.23","CITY_ID":"10004","KEYIN_DATE":"20160402"}},{"type":"Feature","geometry":{"type":"LineString","coordinates":[[120.9967019971644,24.87589617451143],[120.9967706622529,24.87551555110686]]},"properties":{"name":"2","FID":"795","SSEW_CAT":"2","PI_NUM":"1077-030-007","US_MH":"1077-030","DS_MH":"1077-007","PI_TYP":"5","PI_WIDT":"0","PI_WIDB":"0","PI_HEI":"0.8","PI_LENG":"42.7","PI_MAT":"RCP","PI_THICK":"0","PI_SLOP":"0.02","DES_FLOW":"0","DES_VELO":"0","US_BLE":"54.05","DS_BLE":"53.25","CITY_ID":"10004","KEYIN_DATE":"20160419"}},{"type":"Feature","geometry":{"type":"LineString","coordinates":[[120.9967706622529,24.87551555110686],[120.996797996444,24.87517504957545]]},"properties":{"name":"2","FID":"796","SSEW_CAT":"2","PI_NUM":"1077-008-030","US_MH":"1077-008","DS_MH":"1077-030","PI_TYP":"5","PI_WIDT":"0","PI_WIDB":"0","PI_HEI":"0.8","PI_LENG":"37.8","PI_MAT":"RCP","PI_THICK":"0","PI_SLOP":"0","DES_FLOW":"0","DES_VELO":"0","US_BLE":"54.11","DS_BLE":"54.07","CITY_ID":"10004","KEYIN_DATE":"20160419"}},{"type":"Feature","geometry":{"type":"LineString","coordinates":[[120.9945140869422,24.87297422349707],[120.9948355997457,24.87302483991028]]},"properties":{"name":"2","FID":"797","SSEW_CAT":"2","PI_NUM":"1077-012-F10","US_MH":"1077-012","DS_MH":"1077-F10","PI_TYP":"5","PI_WIDT":"0","PI_WIDB":"0","PI_HEI":"0.8","PI_LENG":"33","PI_MAT":"RCP","PI_THICK":"0","PI_SLOP":"0.01","DES_FLOW":"0","DES_VELO":"0","US_BLE":"51","DS_BLE":"50.65","CITY_ID":"10004","KEYIN_DATE":"20160401"}},{"type":"Feature","geometry":{"type":"LineString","coordinates":[[120.9951838933822,24.87307516758391],[120.9957132049634,24.87294168777695]]},"properties":{"name":"2","FID":"798","SSEW_CAT":"2","PI_NUM":"1077-013-F09","US_MH":"1077-013","DS_MH":"1077-F09","PI_TYP":"5","PI_WIDT":"0","PI_WIDB":"0","PI_HEI":"0.6","PI_LENG":"55.5","PI_MAT":"RCP","PI_THICK":"0","PI_SLOP":"0.01","DES_FLOW":"0","DES_VELO":"0","US_BLE":"52","DS_BLE":"51.39","CITY_ID":"10004","KEYIN_DATE":"20160401"}},{"type":"Feature","geometry":{"type":"LineString","coordinates":[[120.9930074223268,24.87556064621259],[120.9924744924214,24.8767039034]]},"properties":{"name":"2","FID":"799","SSEW_CAT":"2","PI_NUM":"1078-001-1077-F07","US_MH":"1078-001","DS_MH":"1077-F07","PI_TYP":"5","PI_WIDT":"0","PI_WIDB":"0","PI_HEI":"0.7","PI_LENG":"137.6","PI_MAT":"RCP","PI_THICK":"0","PI_SLOP":"0","DES_FLOW":"0","DES_VELO":"0","US_BLE":"52.94","DS_BLE":"52.5","CITY_ID":"10004","KEYIN_DATE":"20160401"}},{"type":"Feature","geometry":{"type":"LineString","coordinates":[[120.9927131149843,24.87728751952396],[120.9937053199622,24.87720741838007]]},"properties":{"name":"2","FID":"800","SSEW_CAT":"2","PI_NUM":"1078-005-006","US_MH":"1078-005","DS_MH":"1078-006","PI_TYP":"5","PI_WIDT":"0","PI_WIDB":"0","PI_HEI":"0.8","PI_LENG":"100.6","PI_MAT":"RCP","PI_THICK":"0","PI_SLOP":"0","DES_FLOW":"0","DES_VELO":"0","US_BLE":"53.29","DS_BLE":"53.4","CITY_ID":"10004","KEYIN_DATE":"20160401"}},{"type":"Feature","geometry":{"type":"LineString","coordinates":[[120.9998246945841,24.8763230618059],[121.0008203175084,24.87713228698215]]},"properties":{"name":"2","FID":"801","SSEW_CAT":"2","PI_NUM":"1178-001-1177-F01","US_MH":"1178-001","DS_MH":"1177-F01","PI_TYP":"5","PI_WIDT":"0","PI_WIDB":"0","PI_HEI":"0.8","PI_LENG":"186.5","PI_MAT":"RCP","PI_THICK":"0","PI_SLOP":"0","DES_FLOW":"0","DES_VELO":"0","US_BLE":"56.4","DS_BLE":"55.82","CITY_ID":"10004","KEYIN_DATE":"20160401"}},{"type":"Feature","geometry":{"type":"LineString","coordinates":[[120.9934091002365,24.8675161827082],[120.9927559756021,24.86648277242357]]},"properties":{"name":"1","FID":"802","SSEW_CAT":"1","PI_NUM":"1076-003-028","US_MH":"1076-003","DS_MH":"1076-028","PI_TYP":"5","PI_WIDT":"0","PI_WIDB":"0","PI_HEI":"1.2","PI_LENG":"132.1","PI_MAT":"RCP","PI_THICK":"0","PI_SLOP":"0.01","DES_FLOW":"0","DES_VELO":"0","US_BLE":"57.43","DS_BLE":"56.24","CITY_ID":"10004","KEYIN_DATE":"20160419","NOTE":"人孔埋沒，無法縱走"}},{"type":"Feature","geometry":{"type":"LineString","coordinates":[[120.9967332813293,24.87590068946569],[120.9972179750247,24.8758977108392]]},"properties":{"name":"1","FID":"803","SSEW_CAT":"1","PI_NUM":"1077-F08-F02","US_MH":"1077-F08","DS_MH":"1077-F02","PI_TYP":"1","PI_WIDT":"0","PI_WIDB":"0","PI_HEI":"1.3","PI_LENG":"48.3","PI_MAT":"RCB","PI_THICK":"0","PI_SLOP":"0.01","DES_FLOW":"0","DES_VELO":"0","US_BLE":"53.56","DS_BLE":"53.28","CITY_ID":"10004","KEYIN_DATE":"20160402","NOTE":"此縱走帶為1077-020-F02"}},{"type":"Feature","geometry":{"type":"LineString","coordinates":[[120.9948355997457,24.87302483991028],[120.9951838933822,24.87307516758391]]},"properties":{"name":"2","FID":"804","SSEW_CAT":"2","PI_NUM":"1077-F09-012","US_MH":"1077-F09","DS_MH":"1077-012","PI_TYP":"5","PI_WIDT":"0","PI_WIDB":"0","PI_HEI":"0.6","PI_LENG":"35.9","PI_MAT":"RCP","PI_THICK":"0","PI_SLOP":"0.01","DES_FLOW":"0","DES_VELO":"0","US_BLE":"51.39","DS_BLE":"51","CITY_ID":"10004","KEYIN_DATE":"20160401"}},{"type":"Feature","geometry":{"type":"LineString","coordinates":[[120.9935706293315,24.87264598048704],[120.9945140869422,24.87297422349707]]},"properties":{"name":"2","FID":"805","SSEW_CAT":"2","PI_NUM":"1077-F10-R02","US_MH":"1077-F10","DS_MH":"1077-R02","PI_TYP":"5","PI_WIDT":"0","PI_WIDB":"0","PI_HEI":"0.8","PI_LENG":"102","PI_MAT":"RCP","PI_THICK":"0","PI_SLOP":"0.01","DES_FLOW":"0","DES_VELO":"0","US_BLE":"50.65","DS_BLE":"49.58","CITY_ID":"10004","KEYIN_DATE":"20160401"}},{"type":"Feature","geometry":{"type":"LineString","coordinates":[[120.9886333503508,24.86944294756699],[120.9885594074399,24.86929939715007]]},"properties":{"name":"1","FID":"806","SSEW_CAT":"1","PI_NUM":"0976-F03-005","US_MH":"0976-F03","DS_MH":"0976-005","PI_TYP":"1","PI_WIDT":"0","PI_WIDB":"0","PI_HEI":"2.57","PI_LENG":"13.1","PI_MAT":"RCB","PI_THICK":"0","PI_SLOP":"0.01","DES_FLOW":"0","DES_VELO":"0","US_BLE":"56.75","DS_BLE":"56.65","CITY_ID":"10004","KEYIN_DATE":"20160412","NOTE":"箱涵轉變，此縱走帶為0976-F01-005"}},{"type":"Feature","geometry":{"type":"LineString","coordinates":[[120.9919809425632,24.86911538366634],[120.9930237870054,24.86806589512058]]},"properties":{"name":"1","FID":"807","SSEW_CAT":"1","PI_NUM":"1076-F01-017","US_MH":"1076-F01","DS_MH":"1076-017","PI_TYP":"5","PI_WIDT":"0","PI_WIDB":"0","PI_HEI":"1.2","PI_LENG":"138.8","PI_MAT":"RCP","PI_THICK":"0","PI_SLOP":"0","DES_FLOW":"0","DES_VELO":"0","US_BLE":"55.28","DS_BLE":"55.07","CITY_ID":"10004","KEYIN_DATE":"20160417","NOTE":"此縱走帶為1076-002-017"}},{"type":"Feature","geometry":{"type":"LineString","coordinates":[[120.9903545925191,24.867233883721],[120.9901275176323,24.86679866599112]]},"properties":{"name":"2","FID":"808","SSEW_CAT":"2","PI_NUM":"0976-F04-009","US_MH":"0976-F04","DS_MH":"0976-009","PI_TYP":"5","PI_WIDT":"0","PI_WIDB":"0","PI_HEI":"1","PI_LENG":"53.4","PI_MAT":"RCP","PI_THICK":"0","PI_SLOP":"0.01","DES_FLOW":"0","DES_VELO":"0","US_BLE":"58.82","DS_BLE":"58.34","CITY_ID":"10004","KEYIN_DATE":"20160412"}},{"type":"Feature","geometry":{"type":"LineString","coordinates":[[120.9870533728681,24.89916729792371],[120.987141658551,24.89937601749959]]},"properties":{"name":"2","FID":"809","SSEW_CAT":"2","PI_NUM":"0982-F04-010","US_MH":"0982-F04","DS_MH":"0982-010","PI_TYP":"5","PI_WIDT":"0","PI_WIDB":"0","PI_HEI":"1","PI_LENG":"25.6","PI_MAT":"RCP","PI_THICK":"0","PI_SLOP":"0","DES_FLOW":"0","DES_VELO":"0","US_BLE":"12.81","DS_BLE":"12.78","CITY_ID":"10004","KEYIN_DATE":"20160412"}},{"type":"Feature","geometry":{"type":"LineString","coordinates":[[120.9844488311463,24.90229485661505],[120.9846927154973,24.9025261649414]]},"properties":{"name":"1","FID":"810","SSEW_CAT":"1","PI_NUM":"0982-F05-F03","US_MH":"0982-F05","DS_MH":"0982-F03","PI_TYP":"1","PI_WIDT":"0","PI_WIDB":"0","PI_HEI":"1.05","PI_LENG":"35.5","PI_MAT":"RCB","PI_THICK":"0","PI_SLOP":"0","DES_FLOW":"0","DES_VELO":"0","US_BLE":"6.68","DS_BLE":"6.58","CITY_ID":"10004","KEYIN_DATE":"20160411"}},{"type":"Feature","geometry":{"type":"LineString","coordinates":[[120.9886316170266,24.90373551448904],[120.9888311977045,24.90358802194185]]},"properties":{"name":"1","FID":"811","SSEW_CAT":"1","PI_NUM":"0982-F06-0983-007","US_MH":"0982-F06","DS_MH":"0983-007","PI_TYP":"1","PI_WIDT":"0","PI_WIDB":"0","PI_HEI":"1.39","PI_LENG":"25.3","PI_MAT":"RCB","PI_THICK":"0","PI_SLOP":"0.02","DES_FLOW":"0","DES_VELO":"0","US_BLE":"9.27","DS_BLE":"8.81","CITY_ID":"10004","KEYIN_DATE":"20160411","NOTE":"箱涵轉變，此縱走帶為0982-013-0983-007"}},{"type":"Feature","geometry":{"type":"LineString","coordinates":[[121.131280485705,24.7248660002131],[121.1315332069729,24.72435109774041]]},"properties":{"name":"1","FID":"812","SSEW_CAT":"1","PI_NUM":"2749-001-F01","US_MH":"2749-001","DS_MH":"2749-F01","PI_TYP":"5","PI_WIDT":"0","PI_WIDB":"0","PI_HEI":"1.5","PI_LENG":"62.5","PI_MAT":"RCP","PI_THICK":"0","PI_SLOP":"0.01","DES_FLOW":"0","DES_VELO":"0","US_BLE":"153.22","DS_BLE":"152.61","CITY_ID":"10004","KEYIN_DATE":"20160328","NOTE":"數根私接排水管，以內插法求得數值，此縱走帶為2749-001-2750-F01"}},{"type":"Feature","geometry":{"type":"LineString","coordinates":[[121.1314375266107,24.72543860723937],[121.1326777409769,24.72488127509473]]},"properties":{"name":"1","FID":"813","SSEW_CAT":"1","PI_NUM":"2749-006-2750-F01","US_MH":"2749-006","DS_MH":"2750-F01","PI_TYP":"1","PI_WIDT":"0","PI_WIDB":"0","PI_HEI":"3.41","PI_LENG":"150.4","PI_MAT":"RCB","PI_THICK":"0","PI_SLOP":"0.02","DES_FLOW":"0","DES_VELO":"0","US_BLE":"151.4","DS_BLE":"149","CITY_ID":"10004","KEYIN_DATE":"20160328","NOTE":"數根私接排水管，以內插法求得數值"}},{"type":"Feature","geometry":{"type":"LineString","coordinates":[[121.1312684896405,24.72552960205763],[121.1314375266107,24.72543860723937]]},"properties":{"name":"1","FID":"814","SSEW_CAT":"1","PI_NUM":"2750-F01-R01","US_MH":"2750-F01","DS_MH":"2750-R01","PI_TYP":"1","PI_WIDT":"0","PI_WIDB":"0","PI_HEI":"4.8","PI_LENG":"19.4","PI_MAT":"RCB","PI_THICK":"0","PI_SLOP":"0.01","DES_FLOW":"0","DES_VELO":"0","US_BLE":"149","DS_BLE":"148.73","CITY_ID":"10004","KEYIN_DATE":"20160328","NOTE":"數根私接排水管，以內插法求得數值"}},{"type":"Feature","geometry":{"type":"LineString","coordinates":[[121.1355636887868,24.72091594318099],[121.1361553211881,24.72066765967839]]},"properties":{"name":"1","FID":"815","SSEW_CAT":"1","PI_NUM":"2849-008-009","US_MH":"2849-008","DS_MH":"2849-009","PI_TYP":"5","PI_WIDT":"0","PI_WIDB":"0","PI_HEI":"1.5","PI_LENG":"46.4","PI_MAT":"RCP","PI_THICK":"0","PI_SLOP":"0.01","DES_FLOW":"0","DES_VELO":"0","US_BLE":"163.96","DS_BLE":"163.25","CITY_ID":"10004","KEYIN_DATE":"20160328"}},{"type":"Feature","geometry":{"type":"LineString","coordinates":[[121.1354072075134,24.72103707818052],[121.1355636887868,24.72091594318099]]},"properties":{"name":"1","FID":"816","SSEW_CAT":"1","PI_NUM":"2849-009-010","US_MH":"2849-009","DS_MH":"2849-010","PI_TYP":"5","PI_WIDT":"0","PI_WIDB":"0","PI_HEI":"1.5","PI_LENG":"24.6","PI_MAT":"RCP","PI_THICK":"0","PI_SLOP":"-0.01","DES_FLOW":"0","DES_VELO":"0","US_BLE":"163.34","DS_BLE":"163.59","CITY_ID":"10004","KEYIN_DATE":"20160328"}},{"type":"Feature","geometry":{"type":"LineString","coordinates":[[121.1352585063318,24.72104954555592],[121.1354072075134,24.72103707818052]]},"properties":{"name":"1","FID":"817","SSEW_CAT":"1","PI_NUM":"2849-010-011","US_MH":"2849-010","DS_MH":"2849-011","PI_TYP":"5","PI_WIDT":"0","PI_WIDB":"0","PI_HEI":"1.5","PI_LENG":"19.6","PI_MAT":"RCP","PI_THICK":"0","PI_SLOP":"0","DES_FLOW":"0","DES_VELO":"0","US_BLE":"163.56","DS_BLE":"163.54","CITY_ID":"10004","KEYIN_DATE":"20160328"}},{"type":"Feature","geometry":{"type":"LineString","coordinates":[[121.13525355956,24.72108201723393],[121.1352585063318,24.72104954555592]]},"properties":{"name":"2","FID":"818","SSEW_CAT":"2","PI_NUM":"2849-011-F02","US_MH":"2849-011","DS_MH":"2849-F02","PI_TYP":"1","PI_WIDT":"0","PI_WIDB":"0","PI_HEI":"0.91","PI_LENG":"3.6","PI_MAT":"RCB","PI_THICK":"0","PI_SLOP":"0.01","DES_FLOW":"0","DES_VELO":"0","US_BLE":"163.59","DS_BLE":"163.55","CITY_ID":"10004","KEYIN_DATE":"20160328","NOTE":"以內插法求得數值"}},{"type":"Feature","geometry":{"type":"LineString","coordinates":[[121.1342141213081,24.72204327086228],[121.1345521103306,24.72181366608342]]},"properties":{"name":"1","FID":"819","SSEW_CAT":"1","PI_NUM":"2849-012-013","US_MH":"2849-012","DS_MH":"2849-013","PI_TYP":"5","PI_WIDT":"0","PI_WIDB":"0","PI_HEI":"1.5","PI_LENG":"38.7","PI_MAT":"RCP","PI_THICK":"0","PI_SLOP":"0.03","DES_FLOW":"0","DES_VELO":"0","US_BLE":"160.55","DS_BLE":"159.22","CITY_ID":"10004","KEYIN_DATE":"20160328"}},{"type":"Feature","geometry":{"type":"LineString","coordinates":[[121.1341723120295,24.72233200102355],[121.1342141213081,24.72204327086228]]},"properties":{"name":"1","FID":"820","SSEW_CAT":"1","PI_NUM":"2849-013-014","US_MH":"2849-013","DS_MH":"2849-014","PI_TYP":"5","PI_WIDT":"0","PI_WIDB":"0","PI_HEI":"1.5","PI_LENG":"29.3","PI_MAT":"RCP","PI_THICK":"0","PI_SLOP":"0.05","DES_FLOW":"0","DES_VELO":"0","US_BLE":"159.35","DS_BLE":"157.96","CITY_ID":"10004","KEYIN_DATE":"20160328"}},{"type":"Feature","geometry":{"type":"LineString","coordinates":[[121.133726147359,24.72238171424938],[121.1341723120295,24.72233200102355]]},"properties":{"name":"1","FID":"821","SSEW_CAT":"1","PI_NUM":"2849-014-004","US_MH":"2849-014","DS_MH":"2849-004","PI_TYP":"5","PI_WIDT":"0","PI_WIDB":"0","PI_HEI":"1.5","PI_LENG":"40.6","PI_MAT":"RCP","PI_THICK":"0","PI_SLOP":"0.01","DES_FLOW":"0","DES_VELO":"0","US_BLE":"158.22","DS_BLE":"158.01","CITY_ID":"10004","KEYIN_DATE":"20160328","NOTE":"箱涵轉變"}},{"type":"Feature","geometry":{"type":"LineString","coordinates":[[121.1326777409769,24.72488127509473],[121.1338496629812,24.72411488896303]]},"properties":{"name":"1","FID":"822","SSEW_CAT":"1","PI_NUM":"2849-F01-2749-006","US_MH":"2849-F01","DS_MH":"2749-006","PI_TYP":"1","PI_WIDT":"0","PI_WIDB":"0","PI_HEI":"3.5","PI_LENG":"143.8","PI_MAT":"RCB","PI_THICK":"0","PI_SLOP":"0.01","DES_FLOW":"0","DES_VELO":"0","US_BLE":"152.8","DS_BLE":"151.4","CITY_ID":"10004","KEYIN_DATE":"20160328","NOTE":"明溝入水，數根私接排水管，以內插法求得數值"}},{"type":"Feature","geometry":{"type":"LineString","coordinates":[[121.1359636700255,24.71908628436466],[121.1368163009877,24.71875511265775]]},"properties":{"name":"1","FID":"823","SSEW_CAT":"1","PI_NUM":"2848-001-011","US_MH":"2848-001","DS_MH":"2848-011","PI_TYP":"1","PI_WIDT":"0","PI_WIDB":"0","PI_HEI":"1.52","PI_LENG":"99.1","PI_MAT":"RCB","PI_THICK":"0","PI_SLOP":"0.01","DES_FLOW":"0","DES_VELO":"0","US_BLE":"164.41","DS_BLE":"163.66","CITY_ID":"10004","KEYIN_DATE":"20160329","NOTE":"數根私接排水管"}},{"type":"Feature","geometry":{"type":"LineString","coordinates":[[121.1387760916559,24.71773498268191],[121.139422908025,24.71734576931577]]},"properties":{"name":"1","FID":"824","SSEW_CAT":"1","PI_NUM":"2848-002-009","US_MH":"2848-002","DS_MH":"2848-009","PI_TYP":"1","PI_WIDT":"0","PI_WIDB":"0","PI_HEI":"1.51","PI_LENG":"105.9","PI_MAT":"RCB","PI_THICK":"0","PI_SLOP":"0.02","DES_FLOW":"0","DES_VELO":"0","US_BLE":"166.98","DS_BLE":"164.98","CITY_ID":"10004","KEYIN_DATE":"20160329","NOTE":"箱涵轉變，數根私接排水管"}},{"type":"Feature","geometry":{"type":"LineString","coordinates":[[121.1400586477137,24.71689275762319],[121.1403531692194,24.71667077341961]]},"properties":{"name":"1","FID":"825","SSEW_CAT":"1","PI_NUM":"2848-003-007","US_MH":"2848-003","DS_MH":"2848-007","PI_TYP":"1","PI_WIDT":"0","PI_WIDB":"0","PI_HEI":"1.52","PI_LENG":"39.1","PI_MAT":"RCB","PI_THICK":"0","PI_SLOP":"0.01","DES_FLOW":"0","DES_VELO":"0","US_BLE":"168.53","DS_BLE":"167.93","CITY_ID":"10004","KEYIN_DATE":"20160329","NOTE":"數根私接排水管"}},{"type":"Feature","geometry":{"type":"LineString","coordinates":[[121.1403531692194,24.71667077341961],[121.1406206093686,24.71645994641934]]},"properties":{"name":"1","FID":"826","SSEW_CAT":"1","PI_NUM":"2848-006-003","US_MH":"2848-006","DS_MH":"2848-003","PI_TYP":"1","PI_WIDT":"0","PI_WIDB":"0","PI_HEI":"1.47","PI_LENG":"35.5","PI_MAT":"RCB","PI_THICK":"0","PI_SLOP":"0.03","DES_FLOW":"0","DES_VELO":"0","US_BLE":"169.53","DS_BLE":"168.53","CITY_ID":"10004","KEYIN_DATE":"20160329","NOTE":"箱涵轉變，數根私接排水管"}},{"type":"Feature","geometry":{"type":"LineString","coordinates":[[121.1397358975006,24.71712541238892],[121.1400586477137,24.71689275762319]]},"properties":{"name":"1","FID":"827","SSEW_CAT":"1","PI_NUM":"2848-007-008","US_MH":"2848-007","DS_MH":"2848-008","PI_TYP":"1","PI_WIDT":"0","PI_WIDB":"0","PI_HEI":"1.49","PI_LENG":"41","PI_MAT":"RCB","PI_THICK":"0","PI_SLOP":"0.01","DES_FLOW":"0","DES_VELO":"0","US_BLE":"167.93","DS_BLE":"167.68","CITY_ID":"10004","KEYIN_DATE":"20160329"}},{"type":"Feature","geometry":{"type":"LineString","coordinates":[[121.139422908025,24.71734576931577],[121.1397358975006,24.71712541238892]]},"properties":{"name":"1","FID":"828","SSEW_CAT":"1","PI_NUM":"2848-008-002","US_MH":"2848-008","DS_MH":"2848-002","PI_TYP":"1","PI_WIDT":"0","PI_WIDB":"0","PI_HEI":"1.49","PI_LENG":"37.8","PI_MAT":"RCB","PI_THICK":"0","PI_SLOP":"0.02","DES_FLOW":"0","DES_VELO":"0","US_BLE":"167.68","DS_BLE":"166.98","CITY_ID":"10004","KEYIN_DATE":"20160329"}},{"type":"Feature","geometry":{"type":"LineString","coordinates":[[121.1378957295961,24.71826561708892],[121.1387760916559,24.71773498268191]]},"properties":{"name":"1","FID":"829","SSEW_CAT":"1","PI_NUM":"2848-009-010","US_MH":"2848-009","DS_MH":"2848-010","PI_TYP":"1","PI_WIDT":"0","PI_WIDB":"0","PI_HEI":"1.5","PI_LENG":"92.9","PI_MAT":"RCB","PI_THICK":"0","PI_SLOP":"0","DES_FLOW":"0","DES_VELO":"0","US_BLE":"164.98","DS_BLE":"164.64","CITY_ID":"10004","KEYIN_DATE":"20160329"}},{"type":"Feature","geometry":{"type":"LineString","coordinates":[[121.1368163009877,24.71875511265775],[121.1378957295961,24.71826561708892]]},"properties":{"name":"1","FID":"830","SSEW_CAT":"1","PI_NUM":"2848-010-001","US_MH":"2848-010","DS_MH":"2848-001","PI_TYP":"1","PI_WIDT":"0","PI_WIDB":"0","PI_HEI":"1.52","PI_LENG":"121","PI_MAT":"RCB","PI_THICK":"0","PI_SLOP":"0","DES_FLOW":"0","DES_VELO":"0","US_BLE":"164.64","DS_BLE":"164.41","CITY_ID":"10004","KEYIN_DATE":"20160329","NOTE":"箱涵轉變，數根私接排水管"}},{"type":"Feature","geometry":{"type":"LineString","coordinates":[[121.1351536378322,24.71934513806279],[121.1359636700255,24.71908628436466]]},"properties":{"name":"1","FID":"831","SSEW_CAT":"1","PI_NUM":"2848-011-R01","US_MH":"2848-011","DS_MH":"2848-R01","PI_TYP":"1","PI_WIDT":"0","PI_WIDB":"0","PI_HEI":"1.51","PI_LENG":"101.7","PI_MAT":"RCB","PI_THICK":"0","PI_SLOP":"0.01","DES_FLOW":"0","DES_VELO":"0","US_BLE":"163.66","DS_BLE":"162.81","CITY_ID":"10004","KEYIN_DATE":"20160329","NOTE":"箱涵轉變"}},{"type":"Feature","geometry":{"type":"LineString","coordinates":[[121.1408776358686,24.71874781414549],[121.1406536580044,24.71854057177596]]},"properties":{"name":"1","FID":"832","SSEW_CAT":"1","PI_NUM":"2848-012-013","US_MH":"2848-012","DS_MH":"2848-013","PI_TYP":"1","PI_WIDT":"0","PI_WIDB":"0","PI_HEI":"2.27","PI_LENG":"29.3","PI_MAT":"RCB","PI_THICK":"0","PI_SLOP":"0.01","DES_FLOW":"0","DES_VELO":"0","US_BLE":"170.37","DS_BLE":"169.98","CITY_ID":"10004","KEYIN_DATE":"20160329","NOTE":"數根私接排水管"}},{"type":"Feature","geometry":{"type":"LineString","coordinates":[[121.1412007519381,24.71904790436705],[121.1408776358686,24.71874781414549]]},"properties":{"name":"1","FID":"833","SSEW_CAT":"1","PI_NUM":"2848-013-2948-F05","US_MH":"2848-013","DS_MH":"2948-F05","PI_TYP":"1","PI_WIDT":"0","PI_WIDB":"0","PI_HEI":"1.81","PI_LENG":"57.8","PI_MAT":"RCB","PI_THICK":"0","PI_SLOP":"0","DES_FLOW":"0","DES_VELO":"0","US_BLE":"169.96","DS_BLE":"169.87","CITY_ID":"10004","KEYIN_DATE":"20160329","NOTE":"箱涵轉變，數根私接排水管"}},{"type":"Feature","geometry":{"type":"LineString","coordinates":[[121.1419432196127,24.71550365311536],[121.1419617008521,24.71551910180522]]},"properties":{"name":"1","FID":"834","SSEW_CAT":"1","PI_NUM":"2948-001-F02","US_MH":"2948-001","DS_MH":"2948-F02","PI_TYP":"1","PI_WIDT":"0","PI_WIDB":"0","PI_HEI":"1.25","PI_LENG":"0.5","PI_MAT":"RCB","PI_THICK":"0","PI_SLOP":"0.04","DES_FLOW":"0","DES_VELO":"0","US_BLE":"171.52","DS_BLE":"171.5","CITY_ID":"10004","KEYIN_DATE":"20160329","NOTE":"以內插法求得數值"}},{"type":"Feature","geometry":{"type":"LineString","coordinates":[[121.1406206093686,24.71645994641934],[121.141246442604,24.7159688197511]]},"properties":{"name":"1","FID":"835","SSEW_CAT":"1","PI_NUM":"2948-013-2848-006","US_MH":"2948-013","DS_MH":"2848-006","PI_TYP":"1","PI_WIDT":"0","PI_WIDB":"0","PI_HEI":"1.52","PI_LENG":"82.9","PI_MAT":"RCB","PI_THICK":"0","PI_SLOP":"0.01","DES_FLOW":"0","DES_VELO":"0","US_BLE":"170.49","DS_BLE":"169.53","CITY_ID":"10004","KEYIN_DATE":"20160329"}},{"type":"Feature","geometry":{"type":"LineString","coordinates":[[121.1406536580044,24.71854057177596],[121.1410878078026,24.71830794576795]]},"properties":{"name":"1","FID":"836","SSEW_CAT":"1","PI_NUM":"2948-014-2848-012","US_MH":"2948-014","DS_MH":"2848-012","PI_TYP":"1","PI_WIDT":"0","PI_WIDB":"0","PI_HEI":"2.25","PI_LENG":"26.5","PI_MAT":"RCB","PI_THICK":"0","PI_SLOP":"0","DES_FLOW":"0","DES_VELO":"0","US_BLE":"170.36","DS_BLE":"170.37","CITY_ID":"10004","KEYIN_DATE":"20160329","NOTE":"數根私接排水管"}},{"type":"Feature","geometry":{"type":"LineString","coordinates":[[121.1410878078026,24.71830794576795],[121.1413352185424,24.71816199858826]]},"properties":{"name":"1","FID":"837","SSEW_CAT":"1","PI_NUM":"2948-015-014","US_MH":"2948-015","DS_MH":"2948-014","PI_TYP":"1","PI_WIDT":"0","PI_WIDB":"0","PI_HEI":"2.21","PI_LENG":"28.8","PI_MAT":"RCB","PI_THICK":"0","PI_SLOP":"0.04","DES_FLOW":"0","DES_VELO":"0","US_BLE":"171.59","DS_BLE":"170.36","CITY_ID":"10004","KEYIN_DATE":"20160329","NOTE":"數根私接排水管"}},{"type":"Feature","geometry":{"type":"LineString","coordinates":[[121.1413352185424,24.71816199858826],[121.1419130762181,24.71780824103765]]},"properties":{"name":"1","FID":"838","SSEW_CAT":"1","PI_NUM":"2948-016-015","US_MH":"2948-016","DS_MH":"2948-015","PI_TYP":"1","PI_WIDT":"0","PI_WIDB":"0","PI_HEI":"2.01","PI_LENG":"78.6","PI_MAT":"RCB","PI_THICK":"0","PI_SLOP":"0.01","DES_FLOW":"0","DES_VELO":"0","US_BLE":"172.26","DS_BLE":"171.59","CITY_ID":"10004","KEYIN_DATE":"20160329","NOTE":"數根私接排水管"}},{"type":"Feature","geometry":{"type":"LineString","coordinates":[[121.1419130762181,24.71780824103765],[121.1422042757627,24.71763006365385]]},"properties":{"name":"1","FID":"839","SSEW_CAT":"1","PI_NUM":"2948-017-016","US_MH":"2948-017","DS_MH":"2948-016","PI_TYP":"1","PI_WIDT":"0","PI_WIDB":"0","PI_HEI":"2.03","PI_LENG":"42.1","PI_MAT":"RCB","PI_THICK":"0","PI_SLOP":"0.01","DES_FLOW":"0","DES_VELO":"0","US_BLE":"172.71","DS_BLE":"172.26","CITY_ID":"10004","KEYIN_DATE":"20160329","NOTE":"數根私接排水管"}},{"type":"Feature","geometry":{"type":"LineString","coordinates":[[121.1422042757627,24.71763006365385],[121.142571918705,24.71732908586987]]},"properties":{"name":"1","FID":"840","SSEW_CAT":"1","PI_NUM":"2948-018-017","US_MH":"2948-018","DS_MH":"2948-017","PI_TYP":"1","PI_WIDT":"0","PI_WIDB":"0","PI_HEI":"2.06","PI_LENG":"33.7","PI_MAT":"RCB","PI_THICK":"0","PI_SLOP":"0.05","DES_FLOW":"0","DES_VELO":"0","US_BLE":"174.46","DS_BLE":"172.74","CITY_ID":"10004","KEYIN_DATE":"20160329","NOTE":"數根私接排水管"}},{"type":"Feature","geometry":{"type":"LineString","coordinates":[[121.142571918705,24.71732908586987],[121.1427414228794,24.71723134242012]]},"properties":{"name":"1","FID":"841","SSEW_CAT":"1","PI_NUM":"2948-019-018","US_MH":"2948-019","DS_MH":"2948-018","PI_TYP":"1","PI_WIDT":"0","PI_WIDB":"0","PI_HEI":"2.03","PI_LENG":"41.3","PI_MAT":"RCB","PI_THICK":"0","PI_SLOP":"-0.02","DES_FLOW":"0","DES_VELO":"0","US_BLE":"173.52","DS_BLE":"174.46","CITY_ID":"10004","KEYIN_DATE":"20160329","NOTE":"數根私接排水管"}},{"type":"Feature","geometry":{"type":"LineString","coordinates":[[121.1427414228794,24.71723134242012],[121.14307096909,24.71707731475998]]},"properties":{"name":"1","FID":"842","SSEW_CAT":"1","PI_NUM":"2948-020-019","US_MH":"2948-020","DS_MH":"2948-019","PI_TYP":"1","PI_WIDT":"0","PI_WIDB":"0","PI_HEI":"2.03","PI_LENG":"51","PI_MAT":"RCB","PI_THICK":"0","PI_SLOP":"0.01","DES_FLOW":"0","DES_VELO":"0","US_BLE":"173.92","DS_BLE":"173.52","CITY_ID":"10004","KEYIN_DATE":"20160329","NOTE":"箱涵轉變，數根私接排水管"}},{"type":"Feature","geometry":{"type":"LineString","coordinates":[[121.1419432196127,24.71550365311536],[121.1422683578708,24.71517916934814]]},"properties":{"name":"1","FID":"843","SSEW_CAT":"1","PI_NUM":"2948-F01-F02","US_MH":"2948-F01","DS_MH":"2948-F02","PI_TYP":"1","PI_WIDT":"0","PI_WIDB":"0","PI_HEI":"1.61","PI_LENG":"46.7","PI_MAT":"RCB","PI_THICK":"0","PI_SLOP":"0.01","DES_FLOW":"0","DES_VELO":"0","US_BLE":"172.15","DS_BLE":"171.5","CITY_ID":"10004","KEYIN_DATE":"20160329","NOTE":"箱涵轉變，以內插法求得數值"}},{"type":"Feature","geometry":{"type":"LineString","coordinates":[[121.141246442604,24.7159688197511],[121.1419432196127,24.71550365311536]]},"properties":{"name":"1","FID":"844","SSEW_CAT":"1","PI_NUM":"2948-F02-013","US_MH":"2948-F02","DS_MH":"2948-013","PI_TYP":"1","PI_WIDT":"0","PI_WIDB":"0","PI_HEI":"1.98","PI_LENG":"88.2","PI_MAT":"RCB","PI_THICK":"0","PI_SLOP":"0.01","DES_FLOW":"0","DES_VELO":"0","US_BLE":"171.5","DS_BLE":"170.49","CITY_ID":"10004","KEYIN_DATE":"20160329","NOTE":"箱涵轉變，數根私接排水管，以內插法求得數值"}},{"type":"Feature","geometry":{"type":"LineString","coordinates":[[121.1412111833975,24.71906836261996],[121.1414713302082,24.71938021270634]]},"properties":{"name":"1","FID":"845","SSEW_CAT":"1","PI_NUM":"2948-F03-F04","US_MH":"2948-F03","DS_MH":"2948-F04","PI_TYP":"1","PI_WIDT":"0","PI_WIDB":"0","PI_HEI":"2.06","PI_LENG":"49.5","PI_MAT":"RCB","PI_THICK":"0","PI_SLOP":"0.01","DES_FLOW":"0","DES_VELO":"0","US_BLE":"170.4","DS_BLE":"169.85","CITY_ID":"10004","KEYIN_DATE":"20160329","NOTE":"箱涵轉變，以內插法求得數值"}},{"type":"Feature","geometry":{"type":"LineString","coordinates":[[121.14307096909,24.71707731475998],[121.1431621968927,24.7168053372626]]},"properties":{"name":"1","FID":"846","SSEW_CAT":"1","PI_NUM":"2948-F06-020","US_MH":"2948-F06","DS_MH":"2948-020","PI_TYP":"1","PI_WIDT":"0","PI_WIDB":"0","PI_HEI":"3.42","PI_LENG":"32.4","PI_MAT":"RCB","PI_THICK":"0","PI_SLOP":"0.01","DES_FLOW":"0","DES_VELO":"0","US_BLE":"174.17","DS_BLE":"173.92","CITY_ID":"10004","KEYIN_DATE":"20160329","NOTE":"梯形W*H=(6.32、5.32)*3.42m，以內插法求得數值"}},{"type":"Feature","geometry":{"type":"LineString","coordinates":[[121.1417283121761,24.72011701928509],[121.1417360367429,24.72042664231648]]},"properties":{"name":"1","FID":"847","SSEW_CAT":"1","PI_NUM":"2949-003-004","US_MH":"2949-003","DS_MH":"2949-004","PI_TYP":"1","PI_WIDT":"0","PI_WIDB":"0","PI_HEI":"2.03","PI_LENG":"34.3","PI_MAT":"RCB","PI_THICK":"0","PI_SLOP":"0.02","DES_FLOW":"0","DES_VELO":"0","US_BLE":"172.27","DS_BLE":"171.5","CITY_ID":"10004","KEYIN_DATE":"20160329"}},{"type":"Feature","geometry":{"type":"LineString","coordinates":[[121.1418109770989,24.71979440879548],[121.1417283121761,24.72011701928509]]},"properties":{"name":"1","FID":"848","SSEW_CAT":"1","PI_NUM":"2949-004-005","US_MH":"2949-004","DS_MH":"2949-005","PI_TYP":"1","PI_WIDT":"0","PI_WIDB":"0","PI_HEI":"2.03","PI_LENG":"37","PI_MAT":"RCB","PI_THICK":"0","PI_SLOP":"0.01","DES_FLOW":"0","DES_VELO":"0","US_BLE":"171.5","DS_BLE":"171.04","CITY_ID":"10004","KEYIN_DATE":"20160329","NOTE":"數根私接排水管"}},{"type":"Feature","geometry":{"type":"LineString","coordinates":[[121.1418282243107,24.71961006248102],[121.1418109770989,24.71979440879548]]},"properties":{"name":"1","FID":"849","SSEW_CAT":"1","PI_NUM":"2949-005-F03","US_MH":"2949-005","DS_MH":"2949-F03","PI_TYP":"1","PI_WIDT":"0","PI_WIDB":"0","PI_HEI":"2.01","PI_LENG":"20.5","PI_MAT":"RCB","PI_THICK":"0","PI_SLOP":"0.01","DES_FLOW":"0","DES_VELO":"0","US_BLE":"171.04","DS_BLE":"170.84","CITY_ID":"10004","KEYIN_DATE":"20160329","NOTE":"以內插法求得數值"}},{"type":"Feature","geometry":{"type":"LineString","coordinates":[[121.1421046697469,24.72066728765256],[121.1421511740186,24.72084748356567]]},"properties":{"name":"1","FID":"850","SSEW_CAT":"1","PI_NUM":"2949-F01-F02","US_MH":"2949-F01","DS_MH":"2949-F02","PI_TYP":"1","PI_WIDT":"0","PI_WIDB":"0","PI_HEI":"3.07","PI_LENG":"20.5","PI_MAT":"RCB","PI_THICK":"0","PI_SLOP":"0.01","DES_FLOW":"0","DES_VELO":"0","US_BLE":"173","DS_BLE":"172.78","CITY_ID":"10004","KEYIN_DATE":"20160329","NOTE":"數根私接排水管，以內插法求得數值，此縱走帶為2949-F01-003"}},{"type":"Feature","geometry":{"type":"LineString","coordinates":[[121.1435963001698,24.71603314849323],[121.1436292809854,24.7158841342194]]},"properties":{"name":"1","FID":"851","SSEW_CAT":"1","PI_NUM":"2948-021-022","US_MH":"2948-021","DS_MH":"2948-022","PI_TYP":"1","PI_WIDT":"0","PI_WIDB":"0","PI_HEI":"2.21","PI_LENG":"23.2","PI_MAT":"RCB","PI_THICK":"0","PI_SLOP":"0.01","DES_FLOW":"0","DES_VELO":"0","US_BLE":"175.66","DS_BLE":"175.54","CITY_ID":"10004","KEYIN_DATE":"20160330","NOTE":"數根私接排水管"}},{"type":"Feature","geometry":{"type":"LineString","coordinates":[[121.1436139547464,24.7162841025661],[121.1435963001698,24.71603314849323]]},"properties":{"name":"1","FID":"852","SSEW_CAT":"1","PI_NUM":"2948-022-023","US_MH":"2948-022","DS_MH":"2948-023","PI_TYP":"1","PI_WIDT":"0","PI_WIDB":"0","PI_HEI":"2.23","PI_LENG":"30.6","PI_MAT":"RCB","PI_THICK":"0","PI_SLOP":"0.01","DES_FLOW":"0","DES_VELO":"0","US_BLE":"175.54","DS_BLE":"175.24","CITY_ID":"10004","KEYIN_DATE":"20160330","NOTE":"箱涵轉變，數根私接排水管"}},{"type":"Feature","geometry":{"type":"LineString","coordinates":[[121.1436202711346,24.71644806686529],[121.1436139547464,24.7162841025661]]},"properties":{"name":"1","FID":"853","SSEW_CAT":"1","PI_NUM":"2948-023-F14","US_MH":"2948-023","DS_MH":"2948-F14","PI_TYP":"1","PI_WIDT":"0","PI_WIDB":"0","PI_HEI":"2.51","PI_LENG":"18.2","PI_MAT":"RCB","PI_THICK":"0","PI_SLOP":"0.01","DES_FLOW":"0","DES_VELO":"0","US_BLE":"175.24","DS_BLE":"175.11","CITY_ID":"10004","KEYIN_DATE":"20160330","NOTE":"數根私接排水管，以內插法求得數值，此縱走帶為2948-023-024"}},{"type":"Feature","geometry":{"type":"LineString","coordinates":[[121.1430756448868,24.71667999304508],[121.1431062031432,24.71659866039298]]},"properties":{"name":"1","FID":"854","SSEW_CAT":"1","PI_NUM":"2948-024-F08","US_MH":"2948-024","DS_MH":"2948-F08","PI_TYP":"1","PI_WIDT":"0","PI_WIDB":"0","PI_HEI":"2.06","PI_LENG":"3.5","PI_MAT":"RCB","PI_THICK":"0","PI_SLOP":"0.03","DES_FLOW":"0","DES_VELO":"0","US_BLE":"174.67","DS_BLE":"17.57","CITY_ID":"10004","KEYIN_DATE":"20160330","NOTE":"箱涵轉變，數根私接排水管，以內插法求得數值"}},{"type":"Feature","geometry":{"type":"LineString","coordinates":[[121.1435925169122,24.71426026590755],[121.1443519693979,24.71409422142235]]},"properties":{"name":"1","FID":"855","SSEW_CAT":"1","PI_NUM":"2948-025-026","US_MH":"2948-025","DS_MH":"2948-026","PI_TYP":"1","PI_WIDT":"0","PI_WIDB":"0","PI_HEI":"1.6","PI_LENG":"85.2","PI_MAT":"RCB","PI_THICK":"0","PI_SLOP":"0.03","DES_FLOW":"0","DES_VELO":"0","US_BLE":"176.76","DS_BLE":"173.92","CITY_ID":"10004","KEYIN_DATE":"20160330","NOTE":"箱涵轉變"}},{"type":"Feature","geometry":{"type":"LineString","coordinates":[[121.1429091075242,24.714639790195],[121.1435925169122,24.71426026590755]]},"properties":{"name":"1","FID":"856","SSEW_CAT":"1","PI_NUM":"2948-026-027","US_MH":"2948-026","DS_MH":"2948-027","PI_TYP":"1","PI_WIDT":"0","PI_WIDB":"0","PI_HEI":"1.61","PI_LENG":"79.2","PI_MAT":"RCB","PI_THICK":"0","PI_SLOP":"0.02","DES_FLOW":"0","DES_VELO":"0","US_BLE":"173.92","DS_BLE":"172.4","CITY_ID":"10004","KEYIN_DATE":"20160330","NOTE":"箱涵轉變、跌降"}},{"type":"Feature","geometry":{"type":"LineString","coordinates":[[121.1422683578708,24.71517916934814],[121.1429091075242,24.714639790195]]},"properties":{"name":"1","FID":"857","SSEW_CAT":"1","PI_NUM":"2948-027-F01","US_MH":"2948-027","DS_MH":"2948-F01","PI_TYP":"1","PI_WIDT":"0","PI_WIDB":"0","PI_HEI":"1.6","PI_LENG":"86.1","PI_MAT":"RCB","PI_THICK":"0","PI_SLOP":"0","DES_FLOW":"0","DES_VELO":"0","US_BLE":"172.4","DS_BLE":"172.15","CITY_ID":"10004","KEYIN_DATE":"20160330","NOTE":"以內插法求得數值"}},{"type":"Feature","geometry":{"type":"LineString","coordinates":[[121.1443285831673,24.71625410954592],[121.1443942087104,24.71632597810074]]},"properties":{"name":"1","FID":"858","SSEW_CAT":"1","PI_NUM":"2948-F07-F11","US_MH":"2948-F07","DS_MH":"2948-F11","PI_TYP":"1","PI_WIDT":"0","PI_WIDB":"0","PI_HEI":"2.54","PI_LENG":"10","PI_MAT":"RCB","PI_THICK":"0","PI_SLOP":"0","DES_FLOW":"0","DES_VELO":"0","US_BLE":"175.9","DS_BLE":"175.88","CITY_ID":"10004","KEYIN_DATE":"20160330","NOTE":"箱涵轉變，數根私接排水管，以內插法求得數值，此縱走帶為2948-F07-021"}},{"type":"Feature","geometry":{"type":"LineString","coordinates":[[121.1414713302082,24.71938021270634],[121.1423931417972,24.71920704572856]]},"properties":{"name":"1","FID":"859","SSEW_CAT":"1","PI_NUM":"2948-F09-F03","US_MH":"2948-F09","DS_MH":"2948-F03","PI_TYP":"1","PI_WIDT":"0","PI_WIDB":"0","PI_HEI":"1.55","PI_LENG":"100.8","PI_MAT":"RCB","PI_THICK":"0","PI_SLOP":"0","DES_FLOW":"0","DES_VELO":"0","US_BLE":"170.6","DS_BLE":"170.4","CITY_ID":"10004","KEYIN_DATE":"20160330","NOTE":"箱涵轉變，數根私接排水管，以內插法求得數值"}},{"type":"Feature","geometry":{"type":"LineString","coordinates":[[121.1315332069729,24.72435109774041],[121.1319028134993,24.72369425117142]]},"properties":{"name":"2","FID":"860","SSEW_CAT":"2","PI_NUM":"2749-005-001","US_MH":"2749-005","DS_MH":"2749-001","PI_TYP":"5","PI_WIDT":"0","PI_WIDB":"0","PI_HEI":"1","PI_LENG":"81.8","PI_MAT":"RCP","PI_THICK":"0","PI_SLOP":"0.01","DES_FLOW":"0","DES_VELO":"0","US_BLE":"154.1","DS_BLE":"153.13","CITY_ID":"10004","KEYIN_DATE":"20160326"}},{"type":"Feature","geometry":{"type":"LineString","coordinates":[[121.1330765244323,24.72312877607387],[121.133726147359,24.72238171424938]]},"properties":{"name":"2","FID":"861","SSEW_CAT":"2","PI_NUM":"2849-004-F03","US_MH":"2849-004","DS_MH":"2849-F03","PI_TYP":"5","PI_WIDT":"0","PI_WIDB":"0","PI_HEI":"1","PI_LENG":"105.7","PI_MAT":"RCP","PI_THICK":"0","PI_SLOP":"0.02","DES_FLOW":"0","DES_VELO":"0","US_BLE":"158.24","DS_BLE":"156.4","CITY_ID":"10004","KEYIN_DATE":"20160328","NOTE":"以內插法求得數值"}},{"type":"Feature","geometry":{"type":"LineString","coordinates":[[121.1393704532918,24.71738270032644],[121.1400513834178,24.71802406133081]]},"properties":{"name":"2","FID":"862","SSEW_CAT":"2","PI_NUM":"2848-004-F01","US_MH":"2848-004","DS_MH":"2848-F01","PI_TYP":"5","PI_WIDT":"0","PI_WIDB":"0","PI_HEI":"1","PI_LENG":"99","PI_MAT":"RCP","PI_THICK":"0","PI_SLOP":"0.02","DES_FLOW":"0","DES_VELO":"0","US_BLE":"169.79","DS_BLE":"167.38","CITY_ID":"10004","KEYIN_DATE":"20160326","NOTE":"以內插法求得數值"}},{"type":"Feature","geometry":{"type":"LineString","coordinates":[[121.1400513834178,24.71802406133081],[121.140949829266,24.7171654566276]]},"properties":{"name":"2","FID":"863","SSEW_CAT":"2","PI_NUM":"2948-011-2848-004","US_MH":"2948-011","DS_MH":"2848-004","PI_TYP":"5","PI_WIDT":"0","PI_WIDB":"0","PI_HEI":"1","PI_LENG":"131.6","PI_MAT":"RCP","PI_THICK":"0","PI_SLOP":"0.01","DES_FLOW":"0","DES_VELO":"0","US_BLE":"171.36","DS_BLE":"169.86","CITY_ID":"10004","KEYIN_DATE":"20160328","NOTE":"以內插法求得數值"}},{"type":"Feature","geometry":{"type":"LineString","coordinates":[[121.1419617008521,24.71551910180522],[121.1422696126426,24.71600487060821]]},"properties":{"name":"2","FID":"864","SSEW_CAT":"2","PI_NUM":"2948-003-001","US_MH":"2948-003","DS_MH":"2948-001","PI_TYP":"5","PI_WIDT":"0","PI_WIDB":"0","PI_HEI":"1","PI_LENG":"62.2","PI_MAT":"RCP","PI_THICK":"0","PI_SLOP":"0.02","DES_FLOW":"0","DES_VELO":"0","US_BLE":"172.97","DS_BLE":"171.64","CITY_ID":"10004","KEYIN_DATE":"20160328"}},{"type":"Feature","geometry":{"type":"LineString","coordinates":[[121.1426188586578,24.71615722346303],[121.1431854472588,24.71615943749662]]},"properties":{"name":"2","FID":"865","SSEW_CAT":"2","PI_NUM":"2948-004-F10","US_MH":"2948-004","DS_MH":"2948-F10","PI_TYP":"5","PI_WIDT":"0","PI_WIDB":"0","PI_HEI":"1","PI_LENG":"57.3","PI_MAT":"RCP","PI_THICK":"0","PI_SLOP":"0.01","DES_FLOW":"0","DES_VELO":"0","US_BLE":"174.4","DS_BLE":"173.64","CITY_ID":"10004","KEYIN_DATE":"20160328","NOTE":"以內插法求得數值"}},{"type":"Feature","geometry":{"type":"LineString","coordinates":[[121.1422696126426,24.71600487060821],[121.1426188586578,24.71615722346303]]},"properties":{"name":"2","FID":"866","SSEW_CAT":"2","PI_NUM":"2948-F10-003","US_MH":"2948-F10","DS_MH":"2948-003","PI_TYP":"5","PI_WIDT":"0","PI_WIDB":"0","PI_HEI":"1","PI_LENG":"39.3","PI_MAT":"RCP","PI_THICK":"0","PI_SLOP":"0.01","DES_FLOW":"0","DES_VELO":"0","US_BLE":"173.64","DS_BLE":"173.12","CITY_ID":"10004","KEYIN_DATE":"20160317","NOTE":"以內插法求得數值"}},{"type":"Feature","geometry":{"type":"LineString","coordinates":[[121.1443258428187,24.71602914389012],[121.1443285831673,24.71625410954592]]},"properties":{"name":"1","FID":"867","SSEW_CAT":"1","PI_NUM":"2948-F11-F12","US_MH":"2948-F11","DS_MH":"2948-F12","PI_TYP":"1","PI_WIDT":"0","PI_WIDB":"0","PI_HEI":"2.54","PI_LENG":"25.7","PI_MAT":"RCB","PI_THICK":"0","PI_SLOP":"0","DES_FLOW":"0","DES_VELO":"0","US_BLE":"175.88","DS_BLE":"175.83","CITY_ID":"10004","KEYIN_DATE":"20160330","NOTE":"箱涵轉變，數根私接排水管，以內插法求得數值，此縱走帶為2948-F07-021"}},{"type":"Feature","geometry":{"type":"LineString","coordinates":[[121.14379772588,24.71570132209828],[121.1443258428187,24.71602914389012]]},"properties":{"name":"1","FID":"868","SSEW_CAT":"1","PI_NUM":"2948-F12-F13","US_MH":"2948-F12","DS_MH":"2948-F13","PI_TYP":"1","PI_WIDT":"0","PI_WIDB":"0","PI_HEI":"3.2","PI_LENG":"64.3","PI_MAT":"RCB","PI_THICK":"0","PI_SLOP":"0","DES_FLOW":"0","DES_VELO":"0","US_BLE":"175.83","DS_BLE":"175.7","CITY_ID":"10004","KEYIN_DATE":"20160330","NOTE":"箱涵轉變，數根私接排水管，以內插法求得數值，此縱走帶為2948-F07-021"}},{"type":"Feature","geometry":{"type":"LineString","coordinates":[[121.1436292809854,24.7158841342194],[121.14379772588,24.71570132209828]]},"properties":{"name":"1","FID":"869","SSEW_CAT":"1","PI_NUM":"2948-F13-021","US_MH":"2948-F13","DS_MH":"2948-021","PI_TYP":"1","PI_WIDT":"0","PI_WIDB":"0","PI_HEI":"2.85","PI_LENG":"18.2","PI_MAT":"RCB","PI_THICK":"0","PI_SLOP":"0","DES_FLOW":"0","DES_VELO":"0","US_BLE":"175.7","DS_BLE":"175.66","CITY_ID":"10004","KEYIN_DATE":"20160330","NOTE":"箱涵轉變，數根私接排水管，以內插法求得數值，此縱走帶為2948-F07-021"}},{"type":"Feature","geometry":{"type":"LineString","coordinates":[[121.1431062031432,24.71659866039298],[121.1436202711346,24.71644806686529]]},"properties":{"name":"1","FID":"870","SSEW_CAT":"1","PI_NUM":"2948-F14-024","US_MH":"2948-F14","DS_MH":"2948-024","PI_TYP":"1","PI_WIDT":"0","PI_WIDB":"0","PI_HEI":"2.51","PI_LENG":"62.6","PI_MAT":"RCB","PI_THICK":"0","PI_SLOP":"0.01","DES_FLOW":"0","DES_VELO":"0","US_BLE":"175.11","DS_BLE":"174.67","CITY_ID":"10004","KEYIN_DATE":"20160330","NOTE":"箱涵轉變，數根私接排水管，以內插法求得數值，此縱走帶為2948-023-024"}},{"type":"Feature","geometry":{"type":"LineString","coordinates":[[121.1417360367429,24.72042664231648],[121.1421046697469,24.72066728765256]]},"properties":{"name":"1","FID":"871","SSEW_CAT":"1","PI_NUM":"2949-F02-003","US_MH":"2949-F02","DS_MH":"2949-003","PI_TYP":"1","PI_WIDT":"0","PI_WIDB":"0","PI_HEI":"3.07","PI_LENG":"48.3","PI_MAT":"RCB","PI_THICK":"0","PI_SLOP":"0.01","DES_FLOW":"0","DES_VELO":"0","US_BLE":"172.78","DS_BLE":"172.27","CITY_ID":"10004","KEYIN_DATE":"20160329","NOTE":"箱涵轉變，數根私接排水管，以內插法求得數值，此縱走帶為2949-F01-003"}},{"type":"Feature","geometry":{"type":"LineString","coordinates":[[121.1414713302082,24.71938021270634],[121.1418282243107,24.71961006248102]]},"properties":{"name":"1","FID":"872","SSEW_CAT":"1","PI_NUM":"2949-F03-2948-F03","US_MH":"2949-F03","DS_MH":"2948-F03","PI_TYP":"1","PI_WIDT":"0","PI_WIDB":"0","PI_HEI":"2.01","PI_LENG":"44.5","PI_MAT":"RCB","PI_THICK":"0","PI_SLOP":"0.01","DES_FLOW":"0","DES_VELO":"0","US_BLE":"170.84","DS_BLE":"170.4","CITY_ID":"10004","KEYIN_DATE":"20160329","NOTE":"以內插法求得數值"}},{"type":"Feature","geometry":{"type":"LineString","coordinates":[[121.1319028134993,24.72369425117142],[121.1330765244323,24.72312877607387]]},"properties":{"name":"2","FID":"873","SSEW_CAT":"2","PI_NUM":"2849-F03-2749-005","US_MH":"2849-F03","DS_MH":"2749-005","PI_TYP":"5","PI_WIDT":"0","PI_WIDB":"0","PI_HEI":"1","PI_LENG":"136.8","PI_MAT":"RCP","PI_THICK":"0","PI_SLOP":"0.02","DES_FLOW":"0","DES_VELO":"0","US_BLE":"156.4","DS_BLE":"154.01","CITY_ID":"10004","KEYIN_DATE":"20160328","NOTE":"以內插法求得數值"}},{"type":"Feature","geometry":{"type":"LineString","coordinates":[[121.1314375266107,24.72543860723937],[121.131280485705,24.7248660002131]]},"properties":{"name":"1","FID":"874","SSEW_CAT":"1","PI_NUM":"2749-F01-2750-F01","US_MH":"2749-F01","DS_MH":"2750-F01","PI_TYP":"5","PI_WIDT":"0","PI_WIDB":"0","PI_HEI":"1.5","PI_LENG":"62.2","PI_MAT":"RCP","PI_THICK":"0","PI_SLOP":"0.01","DES_FLOW":"0","DES_VELO":"0","US_BLE":"152.61","DS_BLE":"152","CITY_ID":"10004","KEYIN_DATE":"20160328","NOTE":"箱涵轉變，數根私接排水管，以內插法求得數值，此縱走帶為2749-001-2750-F01"}},{"type":"Feature","geometry":{"type":"LineString","coordinates":[[121.1713881837806,24.79198625047975],[121.1717965003277,24.79189800625462]]},"properties":{"name":"1","FID":"875","SSEW_CAT":"1","PI_NUM":"3262-001-008","US_MH":"3262-001","DS_MH":"3262-008","PI_TYP":"1","PI_WIDT":"0","PI_WIDB":"0","PI_HEI":"1.51","PI_LENG":"45.1","PI_MAT":"RCB","PI_THICK":"0","PI_SLOP":"0.02","DES_FLOW":"0","DES_VELO":"0","US_BLE":"128.95","DS_BLE":"127.85","CITY_ID":"10004","KEYIN_DATE":"20160318","NOTE":"箱涵轉變、跌降"}},{"type":"Feature","geometry":{"type":"LineString","coordinates":[[121.1719893438056,24.7918215111098],[121.1724148051462,24.7918449203503]]},"properties":{"name":"1","FID":"876","SSEW_CAT":"1","PI_NUM":"3262-002-007","US_MH":"3262-002","DS_MH":"3262-007","PI_TYP":"1","PI_WIDT":"0","PI_WIDB":"0","PI_HEI":"1.51","PI_LENG":"33.7","PI_MAT":"RCB","PI_THICK":"0","PI_SLOP":"0.1","DES_FLOW":"0","DES_VELO":"0","US_BLE":"133.18","DS_BLE":"129.87","CITY_ID":"10004","KEYIN_DATE":"20160318","NOTE":"箱涵轉變、跌降"}},{"type":"Feature","geometry":{"type":"LineString","coordinates":[[121.1718623080254,24.79440157230767],[121.1715575780938,24.79472141715789]]},"properties":{"name":"2","FID":"877","SSEW_CAT":"2","PI_NUM":"3262-005-R03","US_MH":"3262-005","DS_MH":"3262-R03","PI_TYP":"1","PI_WIDT":"0","PI_WIDB":"0","PI_HEI":"1.21","PI_LENG":"49.3","PI_MAT":"RCB","PI_THICK":"0","PI_SLOP":"0.01","DES_FLOW":"0","DES_VELO":"0","US_BLE":"128.38","DS_BLE":"128.12","CITY_ID":"10004","KEYIN_DATE":"20160318","NOTE":"箱涵轉變"}},{"type":"Feature","geometry":{"type":"LineString","coordinates":[[121.1715575780938,24.79472141715789],[121.1710520241386,24.79526066040749]]},"properties":{"name":"1","FID":"878","SSEW_CAT":"1","PI_NUM":"3262-006-005","US_MH":"3262-006","DS_MH":"3262-005","PI_TYP":"1","PI_WIDT":"0","PI_WIDB":"0","PI_HEI":"1.21","PI_LENG":"74.7","PI_MAT":"RCB","PI_THICK":"0","PI_SLOP":"0","DES_FLOW":"0","DES_VELO":"0","US_BLE":"128.52","DS_BLE":"128.38","CITY_ID":"10004","KEYIN_DATE":"20160318"}},{"type":"Feature","geometry":{"type":"LineString","coordinates":[[121.1717965003277,24.79189800625462],[121.1719893438056,24.7918215111098]]},"properties":{"name":"1","FID":"879","SSEW_CAT":"1","PI_NUM":"3262-007-001","US_MH":"3262-007","DS_MH":"3262-001","PI_TYP":"1","PI_WIDT":"0","PI_WIDB":"0","PI_HEI":"1.53","PI_LENG":"33.2","PI_MAT":"RCB","PI_THICK":"0","PI_SLOP":"0.03","DES_FLOW":"0","DES_VELO":"0","US_BLE":"129.87","DS_BLE":"128.95","CITY_ID":"10004","KEYIN_DATE":"20160318","NOTE":"箱涵轉變、跌降"}},{"type":"Feature","geometry":{"type":"LineString","coordinates":[[121.1708688483793,24.792175560208],[121.1713881837806,24.79198625047975]]},"properties":{"name":"1","FID":"880","SSEW_CAT":"1","PI_NUM":"3262-008-009","US_MH":"3262-008","DS_MH":"3262-009","PI_TYP":"1","PI_WIDT":"0","PI_WIDB":"0","PI_HEI":"1.52","PI_LENG":"45.2","PI_MAT":"RCB","PI_THICK":"0","PI_SLOP":"0.11","DES_FLOW":"0","DES_VELO":"0","US_BLE":"127.85","DS_BLE":"122.98","CITY_ID":"10004","KEYIN_DATE":"20160318","NOTE":"箱涵轉變、跌降"}},{"type":"Feature","geometry":{"type":"LineString","coordinates":[[121.1703461398596,24.79227873905556],[121.1704272587331,24.79227783413786]]},"properties":{"name":"1","FID":"881","SSEW_CAT":"1","PI_NUM":"3262-010-R01","US_MH":"3262-010","DS_MH":"3262-R01","PI_TYP":"1","PI_WIDT":"0","PI_WIDB":"0","PI_HEI":"1.55","PI_LENG":"7.7","PI_MAT":"RCB","PI_THICK":"0","PI_SLOP":"0.02","DES_FLOW":"0","DES_VELO":"0","US_BLE":"120.11","DS_BLE":"119.96","CITY_ID":"10004","KEYIN_DATE":"20160318","NOTE":"箱涵轉變、跌降"}},{"type":"Feature","geometry":{"type":"LineString","coordinates":[[121.1710520241386,24.79526066040749],[121.1710412444849,24.79527582272508]]},"properties":{"name":"1","FID":"882","SSEW_CAT":"1","PI_NUM":"3262-F01-006","US_MH":"3262-F01","DS_MH":"3262-006","PI_TYP":"1","PI_WIDT":"0","PI_WIDB":"0","PI_HEI":"1.21","PI_LENG":"2","PI_MAT":"RCB","PI_THICK":"0","PI_SLOP":"0.01","DES_FLOW":"0","DES_VELO":"0","US_BLE":"128.53","DS_BLE":"128.52","CITY_ID":"10004","KEYIN_DATE":"20160318","NOTE":"以內插法求得數值"}},{"type":"Feature","geometry":{"type":"LineString","coordinates":[[121.1769399555923,24.79288089949979],[121.1769399671194,24.79288902523084]]},"properties":{"name":"1","FID":"883","SSEW_CAT":"1","PI_NUM":"3362-017-F01","US_MH":"3362-017","DS_MH":"3362-F01","PI_TYP":"1","PI_WIDT":"0","PI_WIDB":"0","PI_HEI":"1.21","PI_LENG":"0.9","PI_MAT":"RCB","PI_THICK":"0","PI_SLOP":"0.01","DES_FLOW":"0","DES_VELO":"0","US_BLE":"144.44","DS_BLE":"144.43","CITY_ID":"10004","KEYIN_DATE":"20160318","NOTE":"箱涵轉變，以內插法求得數值"}},{"type":"Feature","geometry":{"type":"LineString","coordinates":[[121.1769399555923,24.79288089949979],[121.1775354225387,24.79289471236862]]},"properties":{"name":"1","FID":"884","SSEW_CAT":"1","PI_NUM":"3362-018-F01","US_MH":"3362-018","DS_MH":"3362-F01","PI_TYP":"1","PI_WIDT":"0","PI_WIDB":"0","PI_HEI":"1.23","PI_LENG":"59.7","PI_MAT":"RCB","PI_THICK":"0","PI_SLOP":"0.03","DES_FLOW":"0","DES_VELO":"0","US_BLE":"146.07","DS_BLE":"144.43","CITY_ID":"10004","KEYIN_DATE":"20160318","NOTE":"箱涵轉變，以內插法求得數值"}},{"type":"Feature","geometry":{"type":"LineString","coordinates":[[121.1775354225387,24.79289471236862],[121.1776649388325,24.79305610751347]]},"properties":{"name":"1","FID":"885","SSEW_CAT":"1","PI_NUM":"3362-023-018","US_MH":"3362-023","DS_MH":"3362-018","PI_TYP":"1","PI_WIDT":"0","PI_WIDB":"0","PI_HEI":"1.25","PI_LENG":"23.1","PI_MAT":"RCB","PI_THICK":"0","PI_SLOP":"-0.01","DES_FLOW":"0","DES_VELO":"0","US_BLE":"145.96","DS_BLE":"146.07","CITY_ID":"10004","KEYIN_DATE":"20160318","NOTE":"上游Φ0.80m，頂距0.70m，左側Φ0.50m，頂距0.43m接入，中間大轉彎"}},{"type":"Feature","geometry":{"type":"LineString","coordinates":[[121.1769399671194,24.79288902523084],[121.176985761839,24.7933298920357]]},"properties":{"name":"1","FID":"886","SSEW_CAT":"1","PI_NUM":"3362-030-017","US_MH":"3362-030","DS_MH":"3362-017","PI_TYP":"1","PI_WIDT":"0","PI_WIDB":"0","PI_HEI":"1.22","PI_LENG":"51.5","PI_MAT":"RCB","PI_THICK":"0","PI_SLOP":"0.03","DES_FLOW":"0","DES_VELO":"0","US_BLE":"146.08","DS_BLE":"144.44","CITY_ID":"10004","KEYIN_DATE":"20160326"}},{"type":"Feature","geometry":{"type":"LineString","coordinates":[[121.1759977262885,24.79283369834161],[121.1769399555923,24.79288089949979]]},"properties":{"name":"2","FID":"887","SSEW_CAT":"2","PI_NUM":"3362-F01-015","US_MH":"3362-F01","DS_MH":"3362-015","PI_TYP":"5","PI_WIDT":"0","PI_WIDB":"0","PI_HEI":"0.9","PI_LENG":"95.4","PI_MAT":"RCP","PI_THICK":"0","PI_SLOP":"0.01","DES_FLOW":"0","DES_VELO":"0","US_BLE":"144.43","DS_BLE":"143.13","CITY_ID":"10004","KEYIN_DATE":"20160318","NOTE":"上游箱涵□1.21*1.14m，頂距0.11m接入，左側0mΦ0.50m，頂距0.64m，以內插法求得數值"}},{"type":"Feature","geometry":{"type":"LineString","coordinates":[[121.1818029200319,24.79013171187303],[121.182626643012,24.78964225247832]]},"properties":{"name":"2","FID":"888","SSEW_CAT":"2","PI_NUM":"3461-010-3462-002","US_MH":"3461-010","DS_MH":"3462-002","PI_TYP":"1","PI_WIDT":"0","PI_WIDB":"0","PI_HEI":"1.19","PI_LENG":"99.9","PI_MAT":"RCB","PI_THICK":"0","PI_SLOP":"0.01","DES_FLOW":"0","DES_VELO":"0","US_BLE":"150.66","DS_BLE":"149.71","CITY_ID":"10004","KEYIN_DATE":"20160318","NOTE":"數根私接排水管"}},{"type":"Feature","geometry":{"type":"LineString","coordinates":[[121.183131447297,24.78936956769077],[121.183649865461,24.78911535508746]]},"properties":{"name":"2","FID":"889","SSEW_CAT":"2","PI_NUM":"3461-014-021","US_MH":"3461-014","DS_MH":"3461-021","PI_TYP":"1","PI_WIDT":"0","PI_WIDB":"0","PI_HEI":"1.14","PI_LENG":"59.9","PI_MAT":"RCB","PI_THICK":"0","PI_SLOP":"0.01","DES_FLOW":"0","DES_VELO":"0","US_BLE":"151.27","DS_BLE":"150.98","CITY_ID":"10004","KEYIN_DATE":"20160318"}},{"type":"Feature","geometry":{"type":"LineString","coordinates":[[121.1826777144946,24.78961466193643],[121.183131447297,24.78936956769077]]},"properties":{"name":"2","FID":"890","SSEW_CAT":"2","PI_NUM":"3461-021-F01","US_MH":"3461-021","DS_MH":"3461-F01","PI_TYP":"1","PI_WIDT":"0","PI_WIDB":"0","PI_HEI":"1.1","PI_LENG":"52.5","PI_MAT":"RCB","PI_THICK":"0","PI_SLOP":"0.01","DES_FLOW":"0","DES_VELO":"0","US_BLE":"150.98","DS_BLE":"150.7","CITY_ID":"10004","KEYIN_DATE":"20160318","NOTE":"以內插法求得數值，此縱走帶為3461-021-010"}},{"type":"Feature","geometry":{"type":"LineString","coordinates":[[121.1800222220944,24.79079412608817],[121.18037011905,24.79069877147278]]},"properties":{"name":"2","FID":"891","SSEW_CAT":"2","PI_NUM":"3362-031-032","US_MH":"3362-031","DS_MH":"3362-032","PI_TYP":"1","PI_WIDT":"0","PI_WIDB":"0","PI_HEI":"1.11","PI_LENG":"61","PI_MAT":"RCB","PI_THICK":"0","PI_SLOP":"0.01","DES_FLOW":"0","DES_VELO":"0","US_BLE":"141.74","DS_BLE":"141.14","CITY_ID":"10004","KEYIN_DATE":"20160318","NOTE":"箱涵轉變"}},{"type":"Feature","geometry":{"type":"LineString","coordinates":[[121.1799684396044,24.79070515967058],[121.1800222220944,24.79079412608817]]},"properties":{"name":"2","FID":"892","SSEW_CAT":"2","PI_NUM":"3362-032-R01","US_MH":"3362-032","DS_MH":"3362-R01","PI_TYP":"1","PI_WIDT":"0","PI_WIDB":"0","PI_HEI":"1.12","PI_LENG":"3","PI_MAT":"RCB","PI_THICK":"0","PI_SLOP":"0.12","DES_FLOW":"0","DES_VELO":"0","US_BLE":"139.57","DS_BLE":"139.2","CITY_ID":"10004","KEYIN_DATE":"20160318","NOTE":"箱涵轉變"}},{"type":"Feature","geometry":{"type":"LineString","coordinates":[[121.18037011905,24.79069877147278],[121.1813378978549,24.79037725816985]]},"properties":{"name":"2","FID":"893","SSEW_CAT":"2","PI_NUM":"3462-001-3362-031","US_MH":"3462-001","DS_MH":"3362-031","PI_TYP":"1","PI_WIDT":"0","PI_WIDB":"0","PI_HEI":"1.16","PI_LENG":"81.8","PI_MAT":"RCB","PI_THICK":"0","PI_SLOP":"0.07","DES_FLOW":"0","DES_VELO":"0","US_BLE":"147.37","DS_BLE":"141.74","CITY_ID":"10004","KEYIN_DATE":"20160318","NOTE":"箱涵轉變、跌降"}},{"type":"Feature","geometry":{"type":"LineString","coordinates":[[121.1813378978549,24.79037725816985],[121.1818029200319,24.79013171187303]]},"properties":{"name":"2","FID":"894","SSEW_CAT":"2","PI_NUM":"3462-002-001","US_MH":"3462-002","DS_MH":"3462-001","PI_TYP":"1","PI_WIDT":"0","PI_WIDB":"0","PI_HEI":"1.21","PI_LENG":"55.6","PI_MAT":"RCB","PI_THICK":"0","PI_SLOP":"0.04","DES_FLOW":"0","DES_VELO":"0","US_BLE":"149.71","DS_BLE":"147.37","CITY_ID":"10004","KEYIN_DATE":"20160318","NOTE":"箱涵轉變"}},{"type":"Feature","geometry":{"type":"LineString","coordinates":[[121.1722217684425,24.79724625252554],[121.1725992554533,24.7969885747264]]},"properties":{"name":"1","FID":"895","SSEW_CAT":"1","PI_NUM":"3263-009-012","US_MH":"3263-009","DS_MH":"3263-012","PI_TYP":"1","PI_WIDT":"0","PI_WIDB":"0","PI_HEI":"1.15","PI_LENG":"42.3","PI_MAT":"RCB","PI_THICK":"0","PI_SLOP":"0.01","DES_FLOW":"0","DES_VELO":"0","US_BLE":"137.14","DS_BLE":"136.66","CITY_ID":"10004","KEYIN_DATE":"20160326","NOTE":"箱涵轉變"}},{"type":"Feature","geometry":{"type":"LineString","coordinates":[[121.1716430178559,24.79765040562451],[121.1719711610286,24.79742741971377]]},"properties":{"name":"1","FID":"896","SSEW_CAT":"1","PI_NUM":"3263-010-013","US_MH":"3263-010","DS_MH":"3263-013","PI_TYP":"5","PI_WIDT":"0","PI_WIDB":"0","PI_HEI":"1.2","PI_LENG":"41.8","PI_MAT":"RCP","PI_THICK":"0","PI_SLOP":"0.03","DES_FLOW":"0","DES_VELO":"0","US_BLE":"136.15","DS_BLE":"134.88","CITY_ID":"10004","KEYIN_DATE":"20160326"}},{"type":"Feature","geometry":{"type":"LineString","coordinates":[[121.1707714432512,24.79805824052771],[121.171023885459,24.79802997261091]]},"properties":{"name":"1","FID":"897","SSEW_CAT":"1","PI_NUM":"3263-011-R02","US_MH":"3263-011","DS_MH":"3263-R02","PI_TYP":"5","PI_WIDT":"0","PI_WIDB":"0","PI_HEI":"1.2","PI_LENG":"29.8","PI_MAT":"RCP","PI_THICK":"0","PI_SLOP":"0.06","DES_FLOW":"0","DES_VELO":"0","US_BLE":"133.02","DS_BLE":"131.33","CITY_ID":"10004","KEYIN_DATE":"20160326"}},{"type":"Feature","geometry":{"type":"LineString","coordinates":[[121.1719711610286,24.79742741971377],[121.1722217684425,24.79724625252554]]},"properties":{"name":"1","FID":"898","SSEW_CAT":"1","PI_NUM":"3263-012-010","US_MH":"3263-012","DS_MH":"3263-010","PI_TYP":"5","PI_WIDT":"0","PI_WIDB":"0","PI_HEI":"1.2","PI_LENG":"31.6","PI_MAT":"RCP","PI_THICK":"0","PI_SLOP":"0.01","DES_FLOW":"0","DES_VELO":"0","US_BLE":"136.57","DS_BLE":"136.27","CITY_ID":"10004","KEYIN_DATE":"20160326"}},{"type":"Feature","geometry":{"type":"LineString","coordinates":[[121.171391553856,24.79781403025016],[121.1716430178559,24.79765040562451]]},"properties":{"name":"1","FID":"899","SSEW_CAT":"1","PI_NUM":"3263-013-014","US_MH":"3263-013","DS_MH":"3263-014","PI_TYP":"5","PI_WIDT":"0","PI_WIDB":"0","PI_HEI":"1.2","PI_LENG":"31.9","PI_MAT":"RCP","PI_THICK":"0","PI_SLOP":"0.01","DES_FLOW":"0","DES_VELO":"0","US_BLE":"134.23","DS_BLE":"134","CITY_ID":"10004","KEYIN_DATE":"20160326"}},{"type":"Feature","geometry":{"type":"LineString","coordinates":[[121.1712584204983,24.79789737219364],[121.171391553856,24.79781403025016]]},"properties":{"name":"1","FID":"900","SSEW_CAT":"1","PI_NUM":"3263-014-015","US_MH":"3263-014","DS_MH":"3263-015","PI_TYP":"5","PI_WIDT":"0","PI_WIDB":"0","PI_HEI":"1.2","PI_LENG":"17.1","PI_MAT":"RCP","PI_THICK":"0","PI_SLOP":"0","DES_FLOW":"0","DES_VELO":"0","US_BLE":"133.87","DS_BLE":"133.84","CITY_ID":"10004","KEYIN_DATE":"20160326"}},{"type":"Feature","geometry":{"type":"LineString","coordinates":[[121.171023885459,24.79802997261091],[121.1712584204983,24.79789737219364]]},"properties":{"name":"1","FID":"901","SSEW_CAT":"1","PI_NUM":"3263-015-011","US_MH":"3263-015","DS_MH":"3263-011","PI_TYP":"5","PI_WIDT":"0","PI_WIDB":"0","PI_HEI":"1.2","PI_LENG":"29.3","PI_MAT":"RCP","PI_THICK":"0","PI_SLOP":"0.02","DES_FLOW":"0","DES_VELO":"0","US_BLE":"133.84","DS_BLE":"133.24","CITY_ID":"10004","KEYIN_DATE":"20160326"}},{"type":"Feature","geometry":{"type":"LineString","coordinates":[[121.1725992554533,24.7969885747264],[121.1730943462222,24.79663521030446]]},"properties":{"name":"1","FID":"902","SSEW_CAT":"1","PI_NUM":"3363-007-3263-009","US_MH":"3363-007","DS_MH":"3263-009","PI_TYP":"5","PI_WIDT":"0","PI_WIDB":"0","PI_HEI":"1.2","PI_LENG":"66","PI_MAT":"RCP","PI_THICK":"0","PI_SLOP":"0","DES_FLOW":"0","DES_VELO":"0","US_BLE":"137.5","DS_BLE":"137.5","CITY_ID":"10004","KEYIN_DATE":"20160326"}},{"type":"Feature","geometry":{"type":"LineString","coordinates":[[121.1704272587331,24.79227783413786],[121.1708688483793,24.792175560208]]},"properties":{"name":"1","FID":"903","SSEW_CAT":"1","PI_NUM":"3262-009-010","US_MH":"3262-009","DS_MH":"3262-010","PI_TYP":"1","PI_WIDT":"0","PI_WIDB":"0","PI_HEI":"1.52","PI_LENG":"62.1","PI_MAT":"RCB","PI_THICK":"0","PI_SLOP":"0.05","DES_FLOW":"0","DES_VELO":"0","US_BLE":"122.98","DS_BLE":"120.11","CITY_ID":"10004","KEYIN_DATE":"20160318","NOTE":"箱涵轉變、跌降"}},{"type":"Feature","geometry":{"type":"LineString","coordinates":[[121.1719005185357,24.79436119764739],[121.1722873554019,24.79399007443486]]},"properties":{"name":"1","FID":"904","SSEW_CAT":"1","PI_NUM":"3262-004-R02","US_MH":"3262-004","DS_MH":"3262-R02","PI_TYP":"1","PI_WIDT":"0","PI_WIDB":"0","PI_HEI":"1.12","PI_LENG":"56.7","PI_MAT":"RCB","PI_THICK":"0","PI_SLOP":"0.07","DES_FLOW":"0","DES_VELO":"0","US_BLE":"132","DS_BLE":"128.08","CITY_ID":"10004","KEYIN_DATE":"20160318","NOTE":"以內插法求得數值"}},{"type":"Feature","geometry":{"type":"LineString","coordinates":[[121.1722873554019,24.79399007443486],[121.1728526555041,24.79361422991257]]},"properties":{"name":"1","FID":"905","SSEW_CAT":"1","PI_NUM":"3362-010-3262-004","US_MH":"3362-010","DS_MH":"3262-004","PI_TYP":"1","PI_WIDT":"0","PI_WIDB":"0","PI_HEI":"1.1","PI_LENG":"70.7","PI_MAT":"RCB","PI_THICK":"0","PI_SLOP":"0.03","DES_FLOW":"0","DES_VELO":"0","US_BLE":"134.4","DS_BLE":"132","CITY_ID":"10004","KEYIN_DATE":"20160318","NOTE":"以內插法求得數值"}},{"type":"Feature","geometry":{"type":"LineString","coordinates":[[121.1697776406448,24.79710613151471],[121.170411198818,24.79691912427737]]},"properties":{"name":"2","FID":"906","SSEW_CAT":"2","PI_NUM":"3263-008-007","US_MH":"3263-008","DS_MH":"3263-007","PI_TYP":"5","PI_WIDT":"0","PI_WIDB":"0","PI_HEI":"0.5","PI_LENG":"67.3","PI_MAT":"RCP","PI_THICK":"0","PI_SLOP":"0.01","DES_FLOW":"0","DES_VELO":"0","US_BLE":"128.4","DS_BLE":"127.7","CITY_ID":"10004","KEYIN_DATE":"20160317","NOTE":"以內插法求得數值"}},{"type":"Feature","geometry":{"type":"LineString","coordinates":[[121.1692407200345,24.79717477921428],[121.1697776406448,24.79710613151471]]},"properties":{"name":"2","FID":"907","SSEW_CAT":"2","PI_NUM":"3263-007-006","US_MH":"3263-007","DS_MH":"3263-006","PI_TYP":"5","PI_WIDT":"0","PI_WIDB":"0","PI_HEI":"0.5","PI_LENG":"54.8","PI_MAT":"RCP","PI_THICK":"0","PI_SLOP":"0.01","DES_FLOW":"0","DES_VELO":"0","US_BLE":"127.7","DS_BLE":"127","CITY_ID":"10004","KEYIN_DATE":"20160317","NOTE":"以內插法求得數值"}},{"type":"Feature","geometry":{"type":"LineString","coordinates":[[121.1688139077968,24.79718205981423],[121.1692407200345,24.79717477921428]]},"properties":{"name":"2","FID":"908","SSEW_CAT":"2","PI_NUM":"3263-006-005","US_MH":"3263-006","DS_MH":"3263-005","PI_TYP":"5","PI_WIDT":"0","PI_WIDB":"0","PI_HEI":"0.6","PI_LENG":"43.2","PI_MAT":"RCP","PI_THICK":"0","PI_SLOP":"0.01","DES_FLOW":"0","DES_VELO":"0","US_BLE":"127","DS_BLE":"126.5","CITY_ID":"10004","KEYIN_DATE":"20160317","NOTE":"以內插法求得數值"}},{"type":"Feature","geometry":{"type":"LineString","coordinates":[[121.1687017393474,24.79826532961499],[121.1688139077968,24.79718205981423]]},"properties":{"name":"2","FID":"909","SSEW_CAT":"2","PI_NUM":"3263-005-R01","US_MH":"3263-005","DS_MH":"3263-R01","PI_TYP":"5","PI_WIDT":"0","PI_WIDB":"0","PI_HEI":"0.7","PI_LENG":"120.5","PI_MAT":"RCP","PI_THICK":"0","PI_SLOP":"0.08","DES_FLOW":"0","DES_VELO":"0","US_BLE":"126.5","DS_BLE":"116.41","CITY_ID":"10004","KEYIN_DATE":"20160317","NOTE":"以內插法求得數值"}},{"type":"Feature","geometry":{"type":"LineString","coordinates":[[121.1708491449468,24.79550981978613],[121.1707486842604,24.79578974892347]]},"properties":{"name":"1","FID":"910","SSEW_CAT":"1","PI_NUM":"3263-001-F01","US_MH":"3263-001","DS_MH":"3263-F01","PI_TYP":"1","PI_WIDT":"0","PI_WIDB":"0","PI_HEI":"1","PI_LENG":"32.6","PI_MAT":"RCB","PI_THICK":"0","PI_SLOP":"0","DES_FLOW":"0","DES_VELO":"0","US_BLE":"128.61","DS_BLE":"128.57","CITY_ID":"10004","KEYIN_DATE":"20160317","NOTE":"以內插法求得數值"}},{"type":"Feature","geometry":{"type":"LineString","coordinates":[[121.1707486842604,24.79578974892347],[121.1707799853811,24.79614904259513]]},"properties":{"name":"1","FID":"911","SSEW_CAT":"1","PI_NUM":"3263-002-001","US_MH":"3263-002","DS_MH":"3263-001","PI_TYP":"1","PI_WIDT":"0","PI_WIDB":"0","PI_HEI":"1","PI_LENG":"39.9","PI_MAT":"RCB","PI_THICK":"0","PI_SLOP":"0","DES_FLOW":"0","DES_VELO":"0","US_BLE":"128.69","DS_BLE":"128.61","CITY_ID":"10004","KEYIN_DATE":"20160317","NOTE":"以內插法求得數值"}},{"type":"Feature","geometry":{"type":"LineString","coordinates":[[121.1707799853811,24.79614904259513],[121.1710764321016,24.79655712189692]]},"properties":{"name":"2","FID":"912","SSEW_CAT":"2","PI_NUM":"3263-003-002","US_MH":"3263-003","DS_MH":"3263-002","PI_TYP":"1","PI_WIDT":"0","PI_WIDB":"0","PI_HEI":"1","PI_LENG":"54.2","PI_MAT":"RCB","PI_THICK":"0","PI_SLOP":"0","DES_FLOW":"0","DES_VELO":"0","US_BLE":"128.85","DS_BLE":"128.69","CITY_ID":"10004","KEYIN_DATE":"20160317","NOTE":"以內插法求得數值"}},{"type":"Feature","geometry":{"type":"LineString","coordinates":[[121.1720015992855,24.79615431573287],[121.1720436106502,24.79633791825077]]},"properties":{"name":"2","FID":"913","SSEW_CAT":"2","PI_NUM":"3263-004-F02","US_MH":"3263-004","DS_MH":"3263-F02","PI_TYP":"5","PI_WIDT":"0","PI_WIDB":"0","PI_HEI":"1","PI_LENG":"20.8","PI_MAT":"RCP","PI_THICK":"0","PI_SLOP":"0.02","DES_FLOW":"0","DES_VELO":"0","US_BLE":"131","DS_BLE":"130.67","CITY_ID":"10004","KEYIN_DATE":"20160317","NOTE":"以內插法求得數值"}},{"type":"Feature","geometry":{"type":"LineString","coordinates":[[121.1786921566844,24.783960519391],[121.1786855900863,24.78578374754003]]},"properties":{"name":"2","FID":"914","SSEW_CAT":"2","PI_NUM":"3361-001-3360-R01","US_MH":"3361-001","DS_MH":"3360-R01","PI_TYP":"5","PI_WIDT":"0","PI_WIDB":"0","PI_HEI":"1","PI_LENG":"201.9","PI_MAT":"RCP","PI_THICK":"0","PI_SLOP":"0.01","DES_FLOW":"0","DES_VELO":"0","US_BLE":"128.5","DS_BLE":"127.02","CITY_ID":"10004","KEYIN_DATE":"20160317","NOTE":"以內插法求得數值"}},{"type":"Feature","geometry":{"type":"LineString","coordinates":[[121.1786855900863,24.78578374754003],[121.1785119731902,24.78647354205594]]},"properties":{"name":"2","FID":"915","SSEW_CAT":"2","PI_NUM":"3361-002-001","US_MH":"3361-002","DS_MH":"3361-001","PI_TYP":"5","PI_WIDT":"0","PI_WIDB":"0","PI_HEI":"1","PI_LENG":"78.4","PI_MAT":"RCP","PI_THICK":"0","PI_SLOP":"0.01","DES_FLOW":"0","DES_VELO":"0","US_BLE":"129.1","DS_BLE":"128.5","CITY_ID":"10004","KEYIN_DATE":"20160317","NOTE":"以內插法求得數值"}},{"type":"Feature","geometry":{"type":"LineString","coordinates":[[121.1785119731902,24.78647354205594],[121.1788698911762,24.7867877077901]]},"properties":{"name":"2","FID":"916","SSEW_CAT":"2","PI_NUM":"3361-010-002","US_MH":"3361-010","DS_MH":"3361-002","PI_TYP":"5","PI_WIDT":"0","PI_WIDB":"0","PI_HEI":"1","PI_LENG":"50.2","PI_MAT":"RCP","PI_THICK":"0","PI_SLOP":"0.02","DES_FLOW":"0","DES_VELO":"0","US_BLE":"130.29","DS_BLE":"129.1","CITY_ID":"10004","KEYIN_DATE":"20160317","NOTE":"以內插法求得數值"}},{"type":"Feature","geometry":{"type":"LineString","coordinates":[[121.1788698911762,24.7867877077901],[121.1794225718231,24.78712225166054]]},"properties":{"name":"2","FID":"917","SSEW_CAT":"2","PI_NUM":"3361-003-010","US_MH":"3361-003","DS_MH":"3361-010","PI_TYP":"5","PI_WIDT":"0","PI_WIDB":"0","PI_HEI":"1","PI_LENG":"67.1","PI_MAT":"RCP","PI_THICK":"0","PI_SLOP":"0.01","DES_FLOW":"0","DES_VELO":"0","US_BLE":"130.8","DS_BLE":"130.35","CITY_ID":"10004","KEYIN_DATE":"20160317","NOTE":"以內插法求得數值"}},{"type":"Feature","geometry":{"type":"LineString","coordinates":[[121.1794225718231,24.78712225166054],[121.1798083547285,24.78724492098093]]},"properties":{"name":"2","FID":"918","SSEW_CAT":"2","PI_NUM":"3361-009-003","US_MH":"3361-009","DS_MH":"3361-003","PI_TYP":"5","PI_WIDT":"0","PI_WIDB":"0","PI_HEI":"1","PI_LENG":"41.3","PI_MAT":"RCP","PI_THICK":"0","PI_SLOP":"0","DES_FLOW":"0","DES_VELO":"0","US_BLE":"131.1","DS_BLE":"130.8","CITY_ID":"10004","KEYIN_DATE":"20160317","NOTE":"以內插法求得數值"}},{"type":"Feature","geometry":{"type":"LineString","coordinates":[[121.1798083547285,24.78724492098093],[121.1802612609462,24.7873264283102]]},"properties":{"name":"2","FID":"919","SSEW_CAT":"2","PI_NUM":"3361-008-009","US_MH":"3361-008","DS_MH":"3361-009","PI_TYP":"5","PI_WIDT":"0","PI_WIDB":"0","PI_HEI":"1","PI_LENG":"46.7","PI_MAT":"RCP","PI_THICK":"0","PI_SLOP":"0","DES_FLOW":"0","DES_VELO":"0","US_BLE":"131.33","DS_BLE":"131.14","CITY_ID":"10004","KEYIN_DATE":"20160317","NOTE":"以內插法求得數值"}},{"type":"Feature","geometry":{"type":"LineString","coordinates":[[121.1802612609462,24.7873264283102],[121.1805669552599,24.78733862771848]]},"properties":{"name":"2","FID":"920","SSEW_CAT":"2","PI_NUM":"3361-011-008","US_MH":"3361-011","DS_MH":"3361-008","PI_TYP":"5","PI_WIDT":"0","PI_WIDB":"0","PI_HEI":"1","PI_LENG":"30.9","PI_MAT":"RCP","PI_THICK":"0","PI_SLOP":"0.01","DES_FLOW":"0","DES_VELO":"0","US_BLE":"131.63","DS_BLE":"131.33","CITY_ID":"10004","KEYIN_DATE":"20160317","NOTE":"以內插法求得數值"}},{"type":"Feature","geometry":{"type":"LineString","coordinates":[[121.1724148051462,24.7918449203503],[121.1728059895785,24.79192727962289]]},"properties":{"name":"2","FID":"921","SSEW_CAT":"2","PI_NUM":"3362-029-3262-002","US_MH":"3362-029","DS_MH":"3262-002","PI_TYP":"5","PI_WIDT":"0","PI_WIDB":"0","PI_HEI":"1","PI_LENG":"40.6","PI_MAT":"RCP","PI_THICK":"0","PI_SLOP":"0.02","DES_FLOW":"0","DES_VELO":"0","US_BLE":"134.21","DS_BLE":"133.51","CITY_ID":"10004","KEYIN_DATE":"20160317"}},{"type":"Feature","geometry":{"type":"LineString","coordinates":[[121.1728059895785,24.79192727962289],[121.1731568774552,24.79196390945327]]},"properties":{"name":"2","FID":"922","SSEW_CAT":"2","PI_NUM":"3362-028-029","US_MH":"3362-028","DS_MH":"3362-029","PI_TYP":"5","PI_WIDT":"0","PI_WIDB":"0","PI_HEI":"1","PI_LENG":"35.7","PI_MAT":"RCP","PI_THICK":"0","PI_SLOP":"0.01","DES_FLOW":"0","DES_VELO":"0","US_BLE":"135.09","DS_BLE":"134.6","CITY_ID":"10004","KEYIN_DATE":"20160317"}},{"type":"Feature","geometry":{"type":"LineString","coordinates":[[121.1731568774552,24.79196390945327],[121.1735245797098,24.79195840954296]]},"properties":{"name":"2","FID":"923","SSEW_CAT":"2","PI_NUM":"3362-005-028","US_MH":"3362-005","DS_MH":"3362-028","PI_TYP":"5","PI_WIDT":"0","PI_WIDB":"0","PI_HEI":"1","PI_LENG":"37.2","PI_MAT":"RCP","PI_THICK":"0","PI_SLOP":"0.02","DES_FLOW":"0","DES_VELO":"0","US_BLE":"136.16","DS_BLE":"135.47","CITY_ID":"10004","KEYIN_DATE":"20160317"}},{"type":"Feature","geometry":{"type":"LineString","coordinates":[[121.1735245797098,24.79195840954296],[121.1741044808902,24.79170033053294]]},"properties":{"name":"2","FID":"924","SSEW_CAT":"2","PI_NUM":"3362-006-005","US_MH":"3362-006","DS_MH":"3362-005","PI_TYP":"5","PI_WIDT":"0","PI_WIDB":"0","PI_HEI":"1","PI_LENG":"65.2","PI_MAT":"RCP","PI_THICK":"0","PI_SLOP":"0","DES_FLOW":"0","DES_VELO":"0","US_BLE":"136.8","DS_BLE":"136.52","CITY_ID":"10004","KEYIN_DATE":"20160317","NOTE":"以內插法求得數值"}},{"type":"Feature","geometry":{"type":"LineString","coordinates":[[121.1741044808902,24.79170033053294],[121.1743926728933,24.7916581654965]]},"properties":{"name":"2","FID":"925","SSEW_CAT":"2","PI_NUM":"3362-027-006","US_MH":"3362-027","DS_MH":"3362-006","PI_TYP":"5","PI_WIDT":"0","PI_WIDB":"0","PI_HEI":"0.7","PI_LENG":"29.5","PI_MAT":"RCP","PI_THICK":"0","PI_SLOP":"0.01","DES_FLOW":"0","DES_VELO":"0","US_BLE":"137.22","DS_BLE":"136.8","CITY_ID":"10004","KEYIN_DATE":"20160317","NOTE":"以內插法求得數值"}},{"type":"Feature","geometry":{"type":"LineString","coordinates":[[121.1743926728933,24.7916581654965],[121.1747623473997,24.79161392752576]]},"properties":{"name":"2","FID":"926","SSEW_CAT":"2","PI_NUM":"3362-026-027","US_MH":"3362-026","DS_MH":"3362-027","PI_TYP":"5","PI_WIDT":"0","PI_WIDB":"0","PI_HEI":"0.7","PI_LENG":"37.7","PI_MAT":"RCP","PI_THICK":"0","PI_SLOP":"0.04","DES_FLOW":"0","DES_VELO":"0","US_BLE":"138.62","DS_BLE":"137.16","CITY_ID":"10004","KEYIN_DATE":"20160317","NOTE":"以內插法求得數值"}},{"type":"Feature","geometry":{"type":"LineString","coordinates":[[121.1747623473997,24.79161392752576],[121.1750005386474,24.79151868633694]]},"properties":{"name":"2","FID":"927","SSEW_CAT":"2","PI_NUM":"3362-025-026","US_MH":"3362-025","DS_MH":"3362-026","PI_TYP":"5","PI_WIDT":"0","PI_WIDB":"0","PI_HEI":"0.7","PI_LENG":"26.3","PI_MAT":"RCP","PI_THICK":"0","PI_SLOP":"0.02","DES_FLOW":"0","DES_VELO":"0","US_BLE":"139.4","DS_BLE":"138.75","CITY_ID":"10004","KEYIN_DATE":"20160317","NOTE":"以內插法求得數值"}},{"type":"Feature","geometry":{"type":"LineString","coordinates":[[121.1750005386474,24.79151868633694],[121.1752652035475,24.79136564874212]]},"properties":{"name":"2","FID":"928","SSEW_CAT":"2","PI_NUM":"3362-007-025","US_MH":"3362-007","DS_MH":"3362-025","PI_TYP":"5","PI_WIDT":"0","PI_WIDB":"0","PI_HEI":"0.7","PI_LENG":"31.7","PI_MAT":"RCP","PI_THICK":"0","PI_SLOP":"0.02","DES_FLOW":"0","DES_VELO":"0","US_BLE":"139.9","DS_BLE":"139.4","CITY_ID":"10004","KEYIN_DATE":"20160317","NOTE":"以內插法求得數值"}},{"type":"Feature","geometry":{"type":"LineString","coordinates":[[121.1752652035475,24.79136564874212],[121.1756043922329,24.79138952008885]]},"properties":{"name":"2","FID":"929","SSEW_CAT":"2","PI_NUM":"3362-024-007","US_MH":"3362-024","DS_MH":"3362-007","PI_TYP":"5","PI_WIDT":"0","PI_WIDB":"0","PI_HEI":"0.7","PI_LENG":"34.4","PI_MAT":"RCP","PI_THICK":"0","PI_SLOP":"0.03","DES_FLOW":"0","DES_VELO":"0","US_BLE":"140.89","DS_BLE":"139.9","CITY_ID":"10004","KEYIN_DATE":"20160317","NOTE":"以內插法求得數值"}},{"type":"Feature","geometry":{"type":"LineString","coordinates":[[121.1756043922329,24.79138952008885],[121.1761470844015,24.79138702252796]]},"properties":{"name":"2","FID":"930","SSEW_CAT":"2","PI_NUM":"3362-008-024","US_MH":"3362-008","DS_MH":"3362-024","PI_TYP":"5","PI_WIDT":"0","PI_WIDB":"0","PI_HEI":"0.7","PI_LENG":"54.9","PI_MAT":"RCP","PI_THICK":"0","PI_SLOP":"0.02","DES_FLOW":"0","DES_VELO":"0","US_BLE":"142","DS_BLE":"140.97","CITY_ID":"10004","KEYIN_DATE":"20160317","NOTE":"以內插法求得數值"}},{"type":"Feature","geometry":{"type":"LineString","coordinates":[[121.1761470844015,24.79138702252796],[121.176971811464,24.79140246370717]]},"properties":{"name":"2","FID":"931","SSEW_CAT":"2","PI_NUM":"3362-009-008","US_MH":"3362-009","DS_MH":"3362-008","PI_TYP":"5","PI_WIDT":"0","PI_WIDB":"0","PI_HEI":"0.6","PI_LENG":"83.4","PI_MAT":"RCP","PI_THICK":"0","PI_SLOP":"0.01","DES_FLOW":"0","DES_VELO":"0","US_BLE":"143.1","DS_BLE":"142","CITY_ID":"10004","KEYIN_DATE":"20160317","NOTE":"以內插法求得數值"}},{"type":"Feature","geometry":{"type":"LineString","coordinates":[[121.1728526555041,24.79361422991257],[121.1735685431128,24.79323150044256]]},"properties":{"name":"1","FID":"932","SSEW_CAT":"1","PI_NUM":"3362-011-010","US_MH":"3362-011","DS_MH":"3362-010","PI_TYP":"1","PI_WIDT":"0","PI_WIDB":"0","PI_HEI":"1.1","PI_LENG":"83.9","PI_MAT":"RCB","PI_THICK":"0","PI_SLOP":"0.03","DES_FLOW":"0","DES_VELO":"0","US_BLE":"136.6","DS_BLE":"134.4","CITY_ID":"10004","KEYIN_DATE":"20160317","NOTE":"以內插法求得數值"}},{"type":"Feature","geometry":{"type":"LineString","coordinates":[[121.1735685431128,24.79323150044256],[121.1743916611147,24.79289397527814]]},"properties":{"name":"2","FID":"933","SSEW_CAT":"2","PI_NUM":"3362-012-011","US_MH":"3362-012","DS_MH":"3362-011","PI_TYP":"1","PI_WIDT":"0","PI_WIDB":"0","PI_HEI":"1.1","PI_LENG":"91.2","PI_MAT":"RCB","PI_THICK":"0","PI_SLOP":"0.03","DES_FLOW":"0","DES_VELO":"0","US_BLE":"139.5","DS_BLE":"136.6","CITY_ID":"10004","KEYIN_DATE":"20160317","NOTE":"以內插法求得數值"}},{"type":"Feature","geometry":{"type":"LineString","coordinates":[[121.1743916611147,24.79289397527814],[121.1746925638137,24.79370551269215]]},"properties":{"name":"2","FID":"934","SSEW_CAT":"2","PI_NUM":"3362-013-012","US_MH":"3362-013","DS_MH":"3362-012","PI_TYP":"5","PI_WIDT":"0","PI_WIDB":"0","PI_HEI":"0.5","PI_LENG":"94.9","PI_MAT":"RCP","PI_THICK":"0","PI_SLOP":"0.01","DES_FLOW":"0","DES_VELO":"0","US_BLE":"140.5","DS_BLE":"139.5","CITY_ID":"10004","KEYIN_DATE":"20160317","NOTE":"以內插法求得數值"}},{"type":"Feature","geometry":{"type":"LineString","coordinates":[[121.1743916611147,24.79289397527814],[121.1750213890236,24.79277459531937]]},"properties":{"name":"2","FID":"935","SSEW_CAT":"2","PI_NUM":"3362-014-012","US_MH":"3362-014","DS_MH":"3362-012","PI_TYP":"1","PI_WIDT":"0","PI_WIDB":"0","PI_HEI":"1.1","PI_LENG":"65","PI_MAT":"RCB","PI_THICK":"0","PI_SLOP":"0.01","DES_FLOW":"0","DES_VELO":"0","US_BLE":"140.3","DS_BLE":"139.5","CITY_ID":"10004","KEYIN_DATE":"20160317","NOTE":"以內插法求得數值"}},{"type":"Feature","geometry":{"type":"LineString","coordinates":[[121.1750213890236,24.79277459531937],[121.1759977262885,24.79283369834161]]},"properties":{"name":"2","FID":"936","SSEW_CAT":"2","PI_NUM":"3362-015-014","US_MH":"3362-015","DS_MH":"3362-014","PI_TYP":"1","PI_WIDT":"0","PI_WIDB":"0","PI_HEI":"1.1","PI_LENG":"98.9","PI_MAT":"RCB","PI_THICK":"0","PI_SLOP":"0.03","DES_FLOW":"0","DES_VELO":"0","US_BLE":"143.13","DS_BLE":"140.3","CITY_ID":"10004","KEYIN_DATE":"20160318","NOTE":"以內插法求得數值"}},{"type":"Feature","geometry":{"type":"LineString","coordinates":[[121.1759977262885,24.79283369834161],[121.1761080424213,24.79365285128847]]},"properties":{"name":"2","FID":"937","SSEW_CAT":"2","PI_NUM":"3362-016-015","US_MH":"3362-016","DS_MH":"3362-015","PI_TYP":"1","PI_WIDT":"0","PI_WIDB":"0","PI_HEI":"1.08","PI_LENG":"91.4","PI_MAT":"RCB","PI_THICK":"0","PI_SLOP":"0.02","DES_FLOW":"0","DES_VELO":"0","US_BLE":"144.73","DS_BLE":"143.13","CITY_ID":"10004","KEYIN_DATE":"20160317","NOTE":"以內插法求得數值"}},{"type":"Feature","geometry":{"type":"LineString","coordinates":[[121.1776649388325,24.79305610751347],[121.1779103896466,24.79373019852418]]},"properties":{"name":"2","FID":"938","SSEW_CAT":"2","PI_NUM":"3362-019-023","US_MH":"3362-019","DS_MH":"3362-023","PI_TYP":"5","PI_WIDT":"0","PI_WIDB":"0","PI_HEI":"0.8","PI_LENG":"78.7","PI_MAT":"RCP","PI_THICK":"0","PI_SLOP":"0.04","DES_FLOW":"0","DES_VELO":"0","US_BLE":"148.9","DS_BLE":"145.96","CITY_ID":"10004","KEYIN_DATE":"20160317","NOTE":"以內插法求得數值"}},{"type":"Feature","geometry":{"type":"LineString","coordinates":[[121.1779103896466,24.79373019852418],[121.1779544903115,24.79403477118351]]},"properties":{"name":"2","FID":"939","SSEW_CAT":"2","PI_NUM":"3362-020-019","US_MH":"3362-020","DS_MH":"3362-019","PI_TYP":"5","PI_WIDT":"0","PI_WIDB":"0","PI_HEI":"0.5","PI_LENG":"34","PI_MAT":"RCP","PI_THICK":"0","PI_SLOP":"0.01","DES_FLOW":"0","DES_VELO":"0","US_BLE":"149.3","DS_BLE":"148.9","CITY_ID":"10004","KEYIN_DATE":"20160323","NOTE":"以內插法求得數值"}},{"type":"Feature","geometry":{"type":"LineString","coordinates":[[121.1779103896466,24.79373019852418],[121.1791561473549,24.79342928791604]]},"properties":{"name":"2","FID":"940","SSEW_CAT":"2","PI_NUM":"3362-021-019","US_MH":"3362-021","DS_MH":"3362-019","PI_TYP":"5","PI_WIDT":"0","PI_WIDB":"0","PI_HEI":"0.6","PI_LENG":"130.3","PI_MAT":"RCP","PI_THICK":"0","PI_SLOP":"0.01","DES_FLOW":"0","DES_VELO":"0","US_BLE":"150.6","DS_BLE":"148.9","CITY_ID":"10004","KEYIN_DATE":"20160323","NOTE":"以內插法求得數值"}},{"type":"Feature","geometry":{"type":"LineString","coordinates":[[121.179058753516,24.79249000526028],[121.1797525803359,24.79317812835889]]},"properties":{"name":"2","FID":"941","SSEW_CAT":"2","PI_NUM":"3362-004-003","US_MH":"3362-004","DS_MH":"3362-003","PI_TYP":"5","PI_WIDT":"0","PI_WIDB":"0","PI_HEI":"0.5","PI_LENG":"103.6","PI_MAT":"RCP","PI_THICK":"0","PI_SLOP":"0.02","DES_FLOW":"0","DES_VELO":"0","US_BLE":"151.3","DS_BLE":"149.6","CITY_ID":"10004","KEYIN_DATE":"20160323","NOTE":"以內插法求得數值"}},{"type":"Feature","geometry":{"type":"LineString","coordinates":[[121.1787019854986,24.79205837676031],[121.179058753516,24.79249000526028]]},"properties":{"name":"2","FID":"942","SSEW_CAT":"2","PI_NUM":"3362-003-F02","US_MH":"3362-003","DS_MH":"3362-F02","PI_TYP":"1","PI_WIDT":"0","PI_WIDB":"0","PI_HEI":"0.82","PI_LENG":"59.9","PI_MAT":"RCB","PI_THICK":"0","PI_SLOP":"0.03","DES_FLOW":"0","DES_VELO":"0","US_BLE":"149.6","DS_BLE":"148.05","CITY_ID":"10004","KEYIN_DATE":"20160323","NOTE":"以內插法求得數值"}},{"type":"Feature","geometry":{"type":"LineString","coordinates":[[121.1796518368008,24.79094611625268],[121.1782665943084,24.79142031166263]]},"properties":{"name":"2","FID":"943","SSEW_CAT":"2","PI_NUM":"3362-002-R02","US_MH":"3362-002","DS_MH":"3362-R02","PI_TYP":"5","PI_WIDT":"0","PI_WIDB":"0","PI_HEI":"0.8","PI_LENG":"149.6","PI_MAT":"RCP","PI_THICK":"0","PI_SLOP":"0.06","DES_FLOW":"0","DES_VELO":"0","US_BLE":"145.32","DS_BLE":"137.15","CITY_ID":"10004","KEYIN_DATE":"20160323"}},{"type":"Feature","geometry":{"type":"LineString","coordinates":[[121.1805669552599,24.78733862771848],[121.181024668356,24.78729033163001]]},"properties":{"name":"2","FID":"944","SSEW_CAT":"2","PI_NUM":"3461-019-3361-011","US_MH":"3461-019","DS_MH":"3361-011","PI_TYP":"5","PI_WIDT":"0","PI_WIDB":"0","PI_HEI":"1","PI_LENG":"46.6","PI_MAT":"RCP","PI_THICK":"0","PI_SLOP":"0.01","DES_FLOW":"0","DES_VELO":"0","US_BLE":"132.47","DS_BLE":"131.83","CITY_ID":"10004","KEYIN_DATE":"20160317"}},{"type":"Feature","geometry":{"type":"LineString","coordinates":[[121.181024668356,24.78729033163001],[121.1815678539789,24.78724515371308]]},"properties":{"name":"2","FID":"945","SSEW_CAT":"2","PI_NUM":"3461-004-019","US_MH":"3461-004","DS_MH":"3461-019","PI_TYP":"5","PI_WIDT":"0","PI_WIDB":"0","PI_HEI":"1","PI_LENG":"55.2","PI_MAT":"RCP","PI_THICK":"0","PI_SLOP":"0.1","DES_FLOW":"0","DES_VELO":"0","US_BLE":"138.46","DS_BLE":"132.77","CITY_ID":"10004","KEYIN_DATE":"20160317"}},{"type":"Feature","geometry":{"type":"LineString","coordinates":[[121.1815678539789,24.78724515371308],[121.1819580261714,24.78727673153617]]},"properties":{"name":"2","FID":"946","SSEW_CAT":"2","PI_NUM":"3461-018-004","US_MH":"3461-018","DS_MH":"3461-004","PI_TYP":"5","PI_WIDT":"0","PI_WIDB":"0","PI_HEI":"1","PI_LENG":"39.6","PI_MAT":"RCP","PI_THICK":"0","PI_SLOP":"0.07","DES_FLOW":"0","DES_VELO":"0","US_BLE":"141.37","DS_BLE":"138.75","CITY_ID":"10004","KEYIN_DATE":"20160317"}},{"type":"Feature","geometry":{"type":"LineString","coordinates":[[121.1819580261714,24.78727673153617],[121.1825591910157,24.78743108405052]]},"properties":{"name":"2","FID":"947","SSEW_CAT":"2","PI_NUM":"3461-017-018","US_MH":"3461-017","DS_MH":"3461-018","PI_TYP":"5","PI_WIDT":"0","PI_WIDB":"0","PI_HEI":"1","PI_LENG":"63.1","PI_MAT":"RCP","PI_THICK":"0","PI_SLOP":"0.04","DES_FLOW":"0","DES_VELO":"0","US_BLE":"144.05","DS_BLE":"141.36","CITY_ID":"10004","KEYIN_DATE":"20160317"}},{"type":"Feature","geometry":{"type":"LineString","coordinates":[[121.1825591910157,24.78743108405052],[121.1829654873448,24.78761292078683]]},"properties":{"name":"2","FID":"948","SSEW_CAT":"2","PI_NUM":"3461-005-017","US_MH":"3461-005","DS_MH":"3461-017","PI_TYP":"5","PI_WIDT":"0","PI_WIDB":"0","PI_HEI":"1","PI_LENG":"45.8","PI_MAT":"RCP","PI_THICK":"0","PI_SLOP":"0.07","DES_FLOW":"0","DES_VELO":"0","US_BLE":"147.58","DS_BLE":"144.23","CITY_ID":"10004","KEYIN_DATE":"20160317"}},{"type":"Feature","geometry":{"type":"LineString","coordinates":[[121.183649865461,24.78911535508746],[121.1842811498342,24.78878990150021]]},"properties":{"name":"2","FID":"949","SSEW_CAT":"2","PI_NUM":"3461-011-014","US_MH":"3461-011","DS_MH":"3461-014","PI_TYP":"1","PI_WIDT":"0","PI_WIDB":"0","PI_HEI":"1.14","PI_LENG":"73.3","PI_MAT":"RCB","PI_THICK":"0","PI_SLOP":"0.01","DES_FLOW":"0","DES_VELO":"0","US_BLE":"151.95","DS_BLE":"151.27","CITY_ID":"10004","KEYIN_DATE":"20160317","NOTE":"以內插法求得數值"}},{"type":"Feature","geometry":{"type":"LineString","coordinates":[[121.1842811498342,24.78878990150021],[121.1845904042362,24.78925373534308]]},"properties":{"name":"2","FID":"950","SSEW_CAT":"2","PI_NUM":"3461-013-011","US_MH":"3461-013","DS_MH":"3461-011","PI_TYP":"5","PI_WIDT":"0","PI_WIDB":"0","PI_HEI":"0.7","PI_LENG":"60.1","PI_MAT":"RCP","PI_THICK":"0","PI_SLOP":"0.01","DES_FLOW":"0","DES_VELO":"0","US_BLE":"152.43","DS_BLE":"151.95","CITY_ID":"10004","KEYIN_DATE":"20160317","NOTE":"以內插法求得數值"}},{"type":"Feature","geometry":{"type":"LineString","coordinates":[[121.1845904042362,24.78925373534308],[121.1848936845048,24.78968229209316]]},"properties":{"name":"2","FID":"951","SSEW_CAT":"2","PI_NUM":"3461-012-013","US_MH":"3461-012","DS_MH":"3461-013","PI_TYP":"5","PI_WIDT":"0","PI_WIDB":"0","PI_HEI":"0.7","PI_LENG":"56.5","PI_MAT":"RCP","PI_THICK":"0","PI_SLOP":"0.03","DES_FLOW":"0","DES_VELO":"0","US_BLE":"154.37","DS_BLE":"152.44","CITY_ID":"10004","KEYIN_DATE":"20160317"}},{"type":"Feature","geometry":{"type":"LineString","coordinates":[[121.1848936845048,24.78968229209316],[121.1851697051274,24.79010108588148]]},"properties":{"name":"2","FID":"952","SSEW_CAT":"2","PI_NUM":"3462-010-3461-012","US_MH":"3462-010","DS_MH":"3461-012","PI_TYP":"5","PI_WIDT":"0","PI_WIDB":"0","PI_HEI":"0.6","PI_LENG":"54.1","PI_MAT":"RCP","PI_THICK":"0","PI_SLOP":"0.01","DES_FLOW":"0","DES_VELO":"0","US_BLE":"155.08","DS_BLE":"154.53","CITY_ID":"10004","KEYIN_DATE":"20160317"}},{"type":"Feature","geometry":{"type":"LineString","coordinates":[[121.1826777144946,24.78961466193643],[121.1829723747403,24.79005664961378]]},"properties":{"name":"1","FID":"953","SSEW_CAT":"1","PI_NUM":"3462-005-3461-F01","US_MH":"3462-005","DS_MH":"3461-F01","PI_TYP":"1","PI_WIDT":"0","PI_WIDB":"0","PI_HEI":"0.68","PI_LENG":"57.3","PI_MAT":"RCB","PI_THICK":"0","PI_SLOP":"0.03","DES_FLOW":"0","DES_VELO":"0","US_BLE":"152.5","DS_BLE":"150.7","CITY_ID":"10004","KEYIN_DATE":"20160317","NOTE":"以內插法求得數值"}},{"type":"Feature","geometry":{"type":"LineString","coordinates":[[121.1829723747403,24.79005664961378],[121.1832076950406,24.79034966508708]]},"properties":{"name":"2","FID":"954","SSEW_CAT":"2","PI_NUM":"3462-019-005","US_MH":"3462-019","DS_MH":"3462-005","PI_TYP":"1","PI_WIDT":"0","PI_WIDB":"0","PI_HEI":"1.06","PI_LENG":"40.2","PI_MAT":"RCB","PI_THICK":"0","PI_SLOP":"0.03","DES_FLOW":"0","DES_VELO":"0","US_BLE":"153.85","DS_BLE":"152.5","CITY_ID":"10004","KEYIN_DATE":"20160318","NOTE":"以內插法求得數值"}},{"type":"Feature","geometry":{"type":"LineString","coordinates":[[121.1832076950406,24.79034966508708],[121.183489331137,24.79068242149915]]},"properties":{"name":"2","FID":"955","SSEW_CAT":"2","PI_NUM":"3462-018-019","US_MH":"3462-018","DS_MH":"3462-019","PI_TYP":"1","PI_WIDT":"0","PI_WIDB":"0","PI_HEI":"1.06","PI_LENG":"46.6","PI_MAT":"RCB","PI_THICK":"0","PI_SLOP":"0.03","DES_FLOW":"0","DES_VELO":"0","US_BLE":"155","DS_BLE":"153.85","CITY_ID":"10004","KEYIN_DATE":"20160318"}},{"type":"Feature","geometry":{"type":"LineString","coordinates":[[121.183489331137,24.79068242149915],[121.1837763320399,24.79100366832994]]},"properties":{"name":"2","FID":"956","SSEW_CAT":"2","PI_NUM":"3462-006-018","US_MH":"3462-006","DS_MH":"3462-018","PI_TYP":"1","PI_WIDT":"0","PI_WIDB":"0","PI_HEI":"1.05","PI_LENG":"45.9","PI_MAT":"RCB","PI_THICK":"0","PI_SLOP":"0.02","DES_FLOW":"0","DES_VELO":"0","US_BLE":"155.82","DS_BLE":"155","CITY_ID":"10004","KEYIN_DATE":"20160318"}},{"type":"Feature","geometry":{"type":"LineString","coordinates":[[121.1837763320399,24.79100366832994],[121.1840473852487,24.79127381423968]]},"properties":{"name":"2","FID":"957","SSEW_CAT":"2","PI_NUM":"3462-017-006","US_MH":"3462-017","DS_MH":"3462-006","PI_TYP":"1","PI_WIDT":"0","PI_WIDB":"0","PI_HEI":"1.06","PI_LENG":"40.6","PI_MAT":"RCB","PI_THICK":"0","PI_SLOP":"0.02","DES_FLOW":"0","DES_VELO":"0","US_BLE":"156.54","DS_BLE":"155.82","CITY_ID":"10004","KEYIN_DATE":"20160318"}},{"type":"Feature","geometry":{"type":"LineString","coordinates":[[121.1840473852487,24.79127381423968],[121.1843207026342,24.79154270187931]]},"properties":{"name":"2","FID":"958","SSEW_CAT":"2","PI_NUM":"3462-016-017","US_MH":"3462-016","DS_MH":"3462-017","PI_TYP":"1","PI_WIDT":"0","PI_WIDB":"0","PI_HEI":"1.05","PI_LENG":"40.6","PI_MAT":"RCB","PI_THICK":"0","PI_SLOP":"0.03","DES_FLOW":"0","DES_VELO":"0","US_BLE":"157.7","DS_BLE":"156.54","CITY_ID":"10004","KEYIN_DATE":"20160318"}},{"type":"Feature","geometry":{"type":"LineString","coordinates":[[121.1843207026342,24.79154270187931],[121.1847246563038,24.79194171059189]]},"properties":{"name":"2","FID":"959","SSEW_CAT":"2","PI_NUM":"3462-007-016","US_MH":"3462-007","DS_MH":"3462-016","PI_TYP":"1","PI_WIDT":"0","PI_WIDB":"0","PI_HEI":"1.04","PI_LENG":"60.2","PI_MAT":"RCB","PI_THICK":"0","PI_SLOP":"0.03","DES_FLOW":"0","DES_VELO":"0","US_BLE":"159.5","DS_BLE":"157.7","CITY_ID":"10004","KEYIN_DATE":"20160318"}},{"type":"Feature","geometry":{"type":"LineString","coordinates":[[121.1847246563038,24.79194171059189],[121.1851664401812,24.79231890342342]]},"properties":{"name":"2","FID":"960","SSEW_CAT":"2","PI_NUM":"3462-008-007","US_MH":"3462-008","DS_MH":"3462-007","PI_TYP":"1","PI_WIDT":"0","PI_WIDB":"0","PI_HEI":"1.04","PI_LENG":"61.2","PI_MAT":"RCB","PI_THICK":"0","PI_SLOP":"0.03","DES_FLOW":"0","DES_VELO":"0","US_BLE":"161.2","DS_BLE":"159.5","CITY_ID":"10004","KEYIN_DATE":"20160318","NOTE":"以內插法求得數值"}},{"type":"Feature","geometry":{"type":"LineString","coordinates":[[121.1851664401812,24.79231890342342],[121.185681818733,24.79268159398869]]},"properties":{"name":"2","FID":"961","SSEW_CAT":"2","PI_NUM":"3462-009-008","US_MH":"3462-009","DS_MH":"3462-008","PI_TYP":"1","PI_WIDT":"0","PI_WIDB":"0","PI_HEI":"1.04","PI_LENG":"65.8","PI_MAT":"RCB","PI_THICK":"0","PI_SLOP":"0.02","DES_FLOW":"0","DES_VELO":"0","US_BLE":"162.7","DS_BLE":"161.2","CITY_ID":"10004","KEYIN_DATE":"20160318","NOTE":"以內插法求得數值"}},{"type":"Feature","geometry":{"type":"LineString","coordinates":[[121.1851697051274,24.79010108588148],[121.1854803613621,24.79053881434261]]},"properties":{"name":"2","FID":"962","SSEW_CAT":"2","PI_NUM":"3462-013-010","US_MH":"3462-013","DS_MH":"3462-010","PI_TYP":"1","PI_WIDT":"0","PI_WIDB":"0","PI_HEI":"0.6","PI_LENG":"57.8","PI_MAT":"RCB","PI_THICK":"0","PI_SLOP":"0.02","DES_FLOW":"0","DES_VELO":"0","US_BLE":"156.39","DS_BLE":"155.12","CITY_ID":"10004","KEYIN_DATE":"20160318"}},{"type":"Feature","geometry":{"type":"LineString","coordinates":[[121.1854803613621,24.79053881434261],[121.1857204170962,24.79089902888147]]},"properties":{"name":"2","FID":"963","SSEW_CAT":"2","PI_NUM":"3462-011-013","US_MH":"3462-011","DS_MH":"3462-013","PI_TYP":"1","PI_WIDT":"0","PI_WIDB":"0","PI_HEI":"0.6","PI_LENG":"46.7","PI_MAT":"RCB","PI_THICK":"0","PI_SLOP":"0.02","DES_FLOW":"0","DES_VELO":"0","US_BLE":"157.65","DS_BLE":"156.55","CITY_ID":"10004","KEYIN_DATE":"20160318"}},{"type":"Feature","geometry":{"type":"LineString","coordinates":[[121.1857204170962,24.79089902888147],[121.185827069384,24.79138809338514]]},"properties":{"name":"2","FID":"964","SSEW_CAT":"2","PI_NUM":"3462-014-011","US_MH":"3462-014","DS_MH":"3462-011","PI_TYP":"1","PI_WIDT":"0","PI_WIDB":"0","PI_HEI":"0.6","PI_LENG":"55.2","PI_MAT":"RCB","PI_THICK":"0","PI_SLOP":"0.02","DES_FLOW":"0","DES_VELO":"0","US_BLE":"158.86","DS_BLE":"157.66","CITY_ID":"10004","KEYIN_DATE":"20160318"}},{"type":"Feature","geometry":{"type":"LineString","coordinates":[[121.185827069384,24.79138809338514],[121.1856796352247,24.79169980833054]]},"properties":{"name":"2","FID":"965","SSEW_CAT":"2","PI_NUM":"3462-012-014","US_MH":"3462-012","DS_MH":"3462-014","PI_TYP":"1","PI_WIDT":"0","PI_WIDB":"0","PI_HEI":"0.6","PI_LENG":"37.6","PI_MAT":"RCB","PI_THICK":"0","PI_SLOP":"0.02","DES_FLOW":"0","DES_VELO":"0","US_BLE":"159.84","DS_BLE":"159.02","CITY_ID":"10004","KEYIN_DATE":"20160318"}},{"type":"Feature","geometry":{"type":"LineString","coordinates":[[121.182626643012,24.78964225247832],[121.1826777144946,24.78961466193643]]},"properties":{"name":"1","FID":"966","SSEW_CAT":"1","PI_NUM":"3461-F01-010","US_MH":"3461-F01","DS_MH":"3461-010","PI_TYP":"1","PI_WIDT":"0","PI_WIDB":"0","PI_HEI":"1.1","PI_LENG":"6.8","PI_MAT":"RCB","PI_THICK":"0","PI_SLOP":"0.01","DES_FLOW":"0","DES_VELO":"0","US_BLE":"150.7","DS_BLE":"150.66","CITY_ID":"10004","KEYIN_DATE":"20160317","NOTE":"以內插法求得數值，此縱走帶為3461-021-010"}},{"type":"Feature","geometry":{"type":"LineString","coordinates":[[121.1782665943084,24.79142031166263],[121.1787019854986,24.79205837676031]]},"properties":{"name":"2","FID":"967","SSEW_CAT":"2","PI_NUM":"3362-F02-002","US_MH":"3362-F02","DS_MH":"3362-002","PI_TYP":"1","PI_WIDT":"0","PI_WIDB":"0","PI_HEI":"0.82","PI_LENG":"84","PI_MAT":"RCB","PI_THICK":"0","PI_SLOP":"0.03","DES_FLOW":"0","DES_VELO":"0","US_BLE":"148.05","DS_BLE":"145.87","CITY_ID":"10004","KEYIN_DATE":"20160323","NOTE":"以內插法求得數值"}},{"type":"Feature","geometry":{"type":"LineString","coordinates":[[121.1710412444849,24.79527582272508],[121.1708491449468,24.79550981978613]]},"properties":{"name":"1","FID":"968","SSEW_CAT":"1","PI_NUM":"3263-F01-3262-F01","US_MH":"3263-F01","DS_MH":"3262-F01","PI_TYP":"1","PI_WIDT":"0","PI_WIDB":"0","PI_HEI":"1.1","PI_LENG":"33.2","PI_MAT":"RCB","PI_THICK":"0","PI_SLOP":"0","DES_FLOW":"0","DES_VELO":"0","US_BLE":"128.57","DS_BLE":"128.53","CITY_ID":"10004","KEYIN_DATE":"20160317","NOTE":"以內插法求得數值"}},{"type":"Feature","geometry":{"type":"LineString","coordinates":[[121.1714882639014,24.7960436453475],[121.1720015992855,24.79615431573287]]},"properties":{"name":"2","FID":"969","SSEW_CAT":"2","PI_NUM":"3263-F02-F03","US_MH":"3263-F02","DS_MH":"3263-F03","PI_TYP":"5","PI_WIDT":"0","PI_WIDB":"0","PI_HEI":"1","PI_LENG":"53.3","PI_MAT":"RCP","PI_THICK":"0","PI_SLOP":"0.02","DES_FLOW":"0","DES_VELO":"0","US_BLE":"130.67","DS_BLE":"129.84","CITY_ID":"10004","KEYIN_DATE":"20160317","NOTE":"以內插法求得數值"}},{"type":"Feature","geometry":{"type":"LineString","coordinates":[[121.1707799853811,24.79614904259513],[121.1714882639014,24.7960436453475]]},"properties":{"name":"2","FID":"970","SSEW_CAT":"2","PI_NUM":"3263-F03-002","US_MH":"3263-F03","DS_MH":"3263-002","PI_TYP":"5","PI_WIDT":"0","PI_WIDB":"0","PI_HEI":"1","PI_LENG":"73.2","PI_MAT":"RCP","PI_THICK":"0","PI_SLOP":"0.02","DES_FLOW":"0","DES_VELO":"0","US_BLE":"129.84","DS_BLE":"128.69","CITY_ID":"10004","KEYIN_DATE":"20160317","NOTE":"以內插法求得數值"}},{"type":"Feature","geometry":{"type":"LineString","coordinates":[[121.0217948276189,24.82175228300431],[121.0223942466904,24.82150246251586]]},"properties":{"name":"1","FID":"971","SSEW_CAT":"1","PI_NUM":"1367-AL01-TM02","US_MH":"1367-AL01","DS_MH":"1367-TM02","PI_TYP":"1","PI_WIDT":"0","PI_WIDB":"0","PI_HEI":"2.55","PI_LENG":"55.7","PI_MAT":"RCB","PI_THICK":"0","PI_SLOP":"0.01","DES_FLOW":"0","DES_VELO":"0","US_BLE":"27.69","DS_BLE":"27.35","CITY_ID":"10004","KEYIN_DATE":"20160516"}},{"type":"Feature","geometry":{"type":"LineString","coordinates":[[121.0221802173884,24.8210454938376],[121.0220373102989,24.82071753304567]]},"properties":{"name":"1","FID":"972","SSEW_CAT":"1","PI_NUM":"1367-AL03-AL02","US_MH":"1367-AL03","DS_MH":"1367-AL02","PI_TYP":"1","PI_WIDT":"0","PI_WIDB":"0","PI_HEI":"2.5","PI_LENG":"38.5","PI_MAT":"RCB","PI_THICK":"0","PI_SLOP":"0","DES_FLOW":"0","DES_VELO":"0","US_BLE":"27.89","DS_BLE":"27.81","CITY_ID":"10004","KEYIN_DATE":"20160516"}},{"type":"Feature","geometry":{"type":"LineString","coordinates":[[121.021746976266,24.82011121479373],[121.0216400586872,24.81988794399214]]},"properties":{"name":"1","FID":"973","SSEW_CAT":"1","PI_NUM":"1367-AL05-F1","US_MH":"1367-AL05","DS_MH":"1367-F1","PI_TYP":"1","PI_WIDT":"0","PI_WIDB":"0","PI_HEI":"2.52","PI_LENG":"23.5","PI_MAT":"RCB","PI_THICK":"0","PI_SLOP":"0","DES_FLOW":"0","DES_VELO":"0","US_BLE":"28.09","DS_BLE":"0","CITY_ID":"10004","KEYIN_DATE":"20160516"}},{"type":"Feature","geometry":{"type":"LineString","coordinates":[[121.0218612441045,24.82196758641],[121.0217948276189,24.82175228300431]]},"properties":{"name":"1","FID":"974","SSEW_CAT":"1","PI_NUM":"1367-F2-F3","US_MH":"1367-F2","DS_MH":"1367-F3","PI_TYP":"5","PI_WIDT":"0","PI_WIDB":"0","PI_HEI":"0","PI_LENG":"16.9","PI_MAT":"RCP","PI_THICK":"0","PI_SLOP":"0","DES_FLOW":"0","DES_VELO":"0","US_BLE":"0","DS_BLE":"0","CITY_ID":"10004","KEYIN_DATE":"20160516","NOTE":"左側涵管"}},{"type":"Feature","geometry":{"type":"LineString","coordinates":[[121.0214274701603,24.81943575908494],[121.0216157378079,24.81934540084076]]},"properties":{"name":"1","FID":"975","SSEW_CAT":"1","PI_NUM":"1367-AG07-AM03","US_MH":"1367-AG07","DS_MH":"1367-AM03","PI_TYP":"5","PI_WIDT":"0","PI_WIDB":"0","PI_HEI":"0","PI_LENG":"20","PI_MAT":"RCP","PI_THICK":"0","PI_SLOP":"0.01","DES_FLOW":"0","DES_VELO":"0","US_BLE":"28.65","DS_BLE":"28.43","CITY_ID":"10004","KEYIN_DATE":"20160516"}},{"type":"Feature","geometry":{"type":"LineString","coordinates":[[121.0223942466904,24.82150246251586],[121.0221802173884,24.8210454938376]]},"properties":{"name":"1","FID":"976","SSEW_CAT":"1","PI_NUM":"1367-AL02-AL01","US_MH":"1367-AL02","DS_MH":"1367-AL01","PI_TYP":"1","PI_WIDT":"0","PI_WIDB":"0","PI_HEI":"2.5","PI_LENG":"53.3","PI_MAT":"RCB","PI_THICK":"0","PI_SLOP":"0","DES_FLOW":"0","DES_VELO":"0","US_BLE":"27.9","DS_BLE":"27.73","CITY_ID":"10004","KEYIN_DATE":"20160516"}},{"type":"Feature","geometry":{"type":"LineString","coordinates":[[121.0212515293303,24.81895247414115],[121.0208694778226,24.81814949699869]]},"properties":{"name":"1","FID":"977","SSEW_CAT":"1","PI_NUM":"1367-AM01-AM02","US_MH":"1367-AM01","DS_MH":"1367-AM02","PI_TYP":"1","PI_WIDT":"0","PI_WIDB":"0","PI_HEI":"1.52","PI_LENG":"92.4","PI_MAT":"RCB","PI_THICK":"0","PI_SLOP":"0.02","DES_FLOW":"0","DES_VELO":"0","US_BLE":"31.1","DS_BLE":"29.2","CITY_ID":"10004","KEYIN_DATE":"20160516"}},{"type":"Feature","geometry":{"type":"LineString","coordinates":[[121.0214274701603,24.81943575908494],[121.0212515293303,24.81895247414115]]},"properties":{"name":"1","FID":"978","SSEW_CAT":"1","PI_NUM":"1367-AM02-AM03","US_MH":"1367-AM02","DS_MH":"1367-AM03","PI_TYP":"5","PI_WIDT":"0","PI_WIDB":"0","PI_HEI":"0","PI_LENG":"50.8","PI_MAT":"RCP","PI_THICK":"0","PI_SLOP":"0.01","DES_FLOW":"0","DES_VELO":"0","US_BLE":"28.53","DS_BLE":"27.87","CITY_ID":"10004","KEYIN_DATE":"20160516","NOTE":"左側涵管"}},{"type":"Feature","geometry":{"type":"LineString","coordinates":[[121.0214274701603,24.81943575908494],[121.0212515293303,24.81895247414115]]},"properties":{"name":"1","FID":"979","SSEW_CAT":"1","PI_NUM":"1367-AM02-AM03","US_MH":"1367-AM02","DS_MH":"1367-AM03","PI_TYP":"5","PI_WIDT":"0","PI_WIDB":"0","PI_HEI":"0","PI_LENG":"50.8","PI_MAT":"RCP","PI_THICK":"0","PI_SLOP":"0.01","DES_FLOW":"0","DES_VELO":"0","US_BLE":"28.53","DS_BLE":"27.87","CITY_ID":"10004","KEYIN_DATE":"20160516","NOTE":"左側涵管"}},{"type":"Feature","geometry":{"type":"LineString","coordinates":[[121.0216400586872,24.81988794399214],[121.0214274701603,24.81943575908494]]},"properties":{"name":"1","FID":"980","SSEW_CAT":"1","PI_NUM":"1367-AM03-AL05","US_MH":"1367-AM03","DS_MH":"1367-AL05","PI_TYP":"1","PI_WIDT":"0","PI_WIDB":"0","PI_HEI":"2.5","PI_LENG":"53.3","PI_MAT":"RCB","PI_THICK":"0","PI_SLOP":"0","DES_FLOW":"0","DES_VELO":"0","US_BLE":"28.13","DS_BLE":"28.11","CITY_ID":"10004","KEYIN_DATE":"20160516"}},{"type":"Feature","geometry":{"type":"LineString","coordinates":[[121.0220373102989,24.82071753304567],[121.021746976266,24.82011121479373]]},"properties":{"name":"1","FID":"981","SSEW_CAT":"1","PI_NUM":"1367-F1-AL03","US_MH":"1367-F1","DS_MH":"1367-AL03","PI_TYP":"1","PI_WIDT":"0","PI_WIDB":"0","PI_HEI":"2.8","PI_LENG":"69.8","PI_MAT":"RCB","PI_THICK":"0","PI_SLOP":"0","DES_FLOW":"0","DES_VELO":"0","US_BLE":"0","DS_BLE":"27.86","CITY_ID":"10004","KEYIN_DATE":"20160516"}},{"type":"Feature","geometry":{"type":"LineString","coordinates":[[121.0265948625148,24.78070946198726],[121.0273773560392,24.78041240033989]]},"properties":{"name":"1","FID":"982","SSEW_CAT":"1","PI_NUM":"G01-MH01","US_MH":"10004-MH01","DS_MH":"10004-G01","PI_TYP":"1","PI_WIDT":"0","PI_WIDB":"0","PI_HEI":"2.2","PI_LENG":"14.37","PI_MAT":"RC","PI_THICK":"0","PI_SLOP":"0.03","DES_FLOW":"0","DES_VELO":"0","US_BLE":"63.33","DS_BLE":"62.9","CITY_ID":"10004","KEYIN_DATE":"20181026"}},{"type":"Feature","geometry":{"type":"LineString","coordinates":[[121.0273773560392,24.78041240033989],[121.0282029190415,24.78001535768507]]},"properties":{"name":"1","FID":"983","SSEW_CAT":"1","PI_NUM":"MH01-MH02","US_MH":"10004-MH02","DS_MH":"10004-MH01","PI_TYP":"1","PI_WIDT":"0","PI_WIDB":"0","PI_HEI":"2.01","PI_LENG":"94.35","PI_MAT":"RC","PI_THICK":"0","PI_SLOP":"0.01","DES_FLOW":"0","DES_VELO":"0","US_BLE":"66.61","DS_BLE":"65.55","CITY_ID":"10004","KEYIN_DATE":"20181026"}},{"type":"Feature","geometry":{"type":"LineString","coordinates":[[121.0282029190415,24.78001535768507],[121.0290252009503,24.77959065454084]]},"properties":{"name":"1","FID":"984","SSEW_CAT":"1","PI_NUM":"MH02-MH03","US_MH":"10004-MH03","DS_MH":"10004-MH02","PI_TYP":"1","PI_WIDT":"0","PI_WIDB":"0","PI_HEI":"3.12","PI_LENG":"95.53","PI_MAT":"RC","PI_THICK":"0","PI_SLOP":"0.02","DES_FLOW":"0","DES_VELO":"0","US_BLE":"68.8","DS_BLE":"66.61","CITY_ID":"10004","KEYIN_DATE":"20181026"}},{"type":"Feature","geometry":{"type":"LineString","coordinates":[[121.0290252009503,24.77959065454084],[121.0296876241184,24.77924504071459]]},"properties":{"name":"1","FID":"985","SSEW_CAT":"1","PI_NUM":"MH03-MH04","US_MH":"10004-MH04","DS_MH":"10004-MH03","PI_TYP":"1","PI_WIDT":"0","PI_WIDB":"0","PI_HEI":"3.11","PI_LENG":"77.15","PI_MAT":"RC","PI_THICK":"0","PI_SLOP":"0.04","DES_FLOW":"0","DES_VELO":"0","US_BLE":"72.25","DS_BLE":"68.8","CITY_ID":"10004","KEYIN_DATE":"20181026"}},{"type":"Feature","geometry":{"type":"LineString","coordinates":[[121.0296876241184,24.77924504071459],[121.0305416492153,24.77880394042497]]},"properties":{"name":"1","FID":"986","SSEW_CAT":"1","PI_NUM":"MH04-MH05","US_MH":"10004-MH05","DS_MH":"10004-MH04","PI_TYP":"1","PI_WIDT":"0","PI_WIDB":"0","PI_HEI":"3.14","PI_LENG":"99.22","PI_MAT":"RC","PI_THICK":"0","PI_SLOP":"0.02","DES_FLOW":"0","DES_VELO":"0","US_BLE":"74.35","DS_BLE":"72.25","CITY_ID":"10004","KEYIN_DATE":"20181026"}},{"type":"Feature","geometry":{"type":"LineString","coordinates":[[121.0305416492153,24.77880394042497],[121.0312827817146,24.77842101511319]]},"properties":{"name":"1","FID":"987","SSEW_CAT":"1","PI_NUM":"MH05-MH06","US_MH":"10004-MH06","DS_MH":"10004-MH05","PI_TYP":"1","PI_WIDT":"0","PI_WIDB":"0","PI_HEI":"3.12","PI_LENG":"86.11","PI_MAT":"RC","PI_THICK":"0","PI_SLOP":"0.03","DES_FLOW":"0","DES_VELO":"0","US_BLE":"76.87","DS_BLE":"74.35","CITY_ID":"10004","KEYIN_DATE":"20181026"}},{"type":"Feature","geometry":{"type":"LineString","coordinates":[[121.0312827817146,24.77842101511319],[121.0320078306854,24.77804519239508]]},"properties":{"name":"1","FID":"988","SSEW_CAT":"1","PI_NUM":"MH06-MH07","US_MH":"10004-MH07","DS_MH":"10004-MH06","PI_TYP":"1","PI_WIDT":"0","PI_WIDB":"0","PI_HEI":"2.5","PI_LENG":"84.31","PI_MAT":"RC","PI_THICK":"0","PI_SLOP":"0.01","DES_FLOW":"0","DES_VELO":"0","US_BLE":"77.97","DS_BLE":"76.87","CITY_ID":"10004","KEYIN_DATE":"20181026"}},{"type":"Feature","geometry":{"type":"LineString","coordinates":[[121.0320078306854,24.77804519239508],[121.032836145976,24.77761011739875]]},"properties":{"name":"1","FID":"989","SSEW_CAT":"1","PI_NUM":"MH07-MH08","US_MH":"10004-MH08","DS_MH":"10004-MH07","PI_TYP":"1","PI_WIDT":"0","PI_WIDB":"0","PI_HEI":"2.52","PI_LENG":"96.63","PI_MAT":"RC","PI_THICK":"0","PI_SLOP":"0.01","DES_FLOW":"0","DES_VELO":"0","US_BLE":"78.82","DS_BLE":"77.97","CITY_ID":"10004","KEYIN_DATE":"20181026"}},{"type":"Feature","geometry":{"type":"LineString","coordinates":[[121.032836145976,24.77761011739875],[121.0336861461497,24.77741276182055]]},"properties":{"name":"1","FID":"990","SSEW_CAT":"1","PI_NUM":"MH08-MH09","US_MH":"10004-MH09","DS_MH":"10004-MH08","PI_TYP":"1","PI_WIDT":"0","PI_WIDB":"0","PI_HEI":"3.13","PI_LENG":"88.69","PI_MAT":"RC","PI_THICK":"0","PI_SLOP":"0.01","DES_FLOW":"0","DES_VELO":"0","US_BLE":"79.66","DS_BLE":"78.82","CITY_ID":"10004","KEYIN_DATE":"20181026"}},{"type":"Feature","geometry":{"type":"LineString","coordinates":[[121.0336861461497,24.77741276182055],[121.0345981569384,24.77727475860644]]},"properties":{"name":"1","FID":"991","SSEW_CAT":"1","PI_NUM":"MH09-MH10","US_MH":"10004-MH10","DS_MH":"10004-MH09","PI_TYP":"1","PI_WIDT":"0","PI_WIDB":"0","PI_HEI":"3.12","PI_LENG":"93.48","PI_MAT":"RC","PI_THICK":"0","PI_SLOP":"0.01","DES_FLOW":"0","DES_VELO":"0","US_BLE":"80.3","DS_BLE":"79.66","CITY_ID":"10004","KEYIN_DATE":"20181026"}},{"type":"Feature","geometry":{"type":"LineString","coordinates":[[121.0345981569384,24.77727475860644],[121.0354131374624,24.77715334219575]]},"properties":{"name":"1","FID":"992","SSEW_CAT":"1","PI_NUM":"MH10-MH11","US_MH":"10004-MH11","DS_MH":"10004-MH10","PI_TYP":"1","PI_WIDT":"0","PI_WIDB":"0","PI_HEI":"2.52","PI_LENG":"83.5","PI_MAT":"RC","PI_THICK":"0","PI_SLOP":"0.01","DES_FLOW":"0","DES_VELO":"0","US_BLE":"81.17","DS_BLE":"80.3","CITY_ID":"10004","KEYIN_DATE":"20181026"}},{"type":"Feature","geometry":{"type":"LineString","coordinates":[[121.0354131374624,24.77715334219575],[121.0360265364393,24.77705080555463]]},"properties":{"name":"1","FID":"993","SSEW_CAT":"1","PI_NUM":"MH11-MH12","US_MH":"10004-MH12","DS_MH":"10004-MH11","PI_TYP":"1","PI_WIDT":"0","PI_WIDB":"0","PI_HEI":"2.54","PI_LENG":"63.06","PI_MAT":"RC","PI_THICK":"0","PI_SLOP":"0.01","DES_FLOW":"0","DES_VELO":"0","US_BLE":"81.55","DS_BLE":"81.17","CITY_ID":"10004","KEYIN_DATE":"20181026"}},{"type":"Feature","geometry":{"type":"LineString","coordinates":[[121.0360265364393,24.77705080555463],[121.036943636248,24.77691079510846]]},"properties":{"name":"1","FID":"994","SSEW_CAT":"1","PI_NUM":"MH12-MH13","US_MH":"10004-MH13","DS_MH":"10004-MH12","PI_TYP":"1","PI_WIDT":"0","PI_WIDB":"0","PI_HEI":"2.52","PI_LENG":"94.03","PI_MAT":"RC","PI_THICK":"0","PI_SLOP":"0.01","DES_FLOW":"0","DES_VELO":"0","US_BLE":"82.1","DS_BLE":"81.55","CITY_ID":"10004","KEYIN_DATE":"20181026"}},{"type":"Feature","geometry":{"type":"LineString","coordinates":[[121.036943636248,24.77691079510846],[121.0377737703904,24.77691782085756]]},"properties":{"name":"1","FID":"995","SSEW_CAT":"1","PI_NUM":"MH13-MH14","US_MH":"10004-MH14","DS_MH":"10004-MH13","PI_TYP":"1","PI_WIDT":"0","PI_WIDB":"0","PI_HEI":"2.52","PI_LENG":"83.95","PI_MAT":"RC","PI_THICK":"0","PI_SLOP":"0.01","DES_FLOW":"0","DES_VELO":"0","US_BLE":"83.17","DS_BLE":"82.1","CITY_ID":"10004","KEYIN_DATE":"20181026"}},{"type":"Feature","geometry":{"type":"LineString","coordinates":[[121.0499344768744,24.90383799933573],[121.0505151106958,24.90483318384581]]},"properties":{"name":"1","FID":"996","SSEW_CAT":"1","PI_NUM":"10004-(10705D01)-1-2","US_MH":"10004-(10705D01)-1","DS_MH":"10004-(10705D01)-2","PI_TYP":"5","PI_WIDT":"0","PI_WIDB":"0","PI_HEI":"1","PI_LENG":"123.9","PI_MAT":"R.C.P","PI_THICK":"0","PI_SLOP":"0.01","DES_FLOW":"0","DES_VELO":"0","US_BLE":"81.67","DS_BLE":"81.05","CITY_ID":"10004","KEYIN_DATE":"20190430"}},{"type":"Feature","geometry":{"type":"LineString","coordinates":[[121.0483810768044,24.90453490171961],[121.049047166425,24.90482935265689]]},"properties":{"name":"1","FID":"997","SSEW_CAT":"1","PI_NUM":"10004-(10705D01)-3-4","US_MH":"10004-(10705D01)-3","DS_MH":"10004-(10705D01)-4","PI_TYP":"5","PI_WIDT":"0","PI_WIDB":"0","PI_HEI":"1","PI_LENG":"73.7","PI_MAT":"R.C.P","PI_THICK":"0","PI_SLOP":"0.01","DES_FLOW":"0","DES_VELO":"0","US_BLE":"80.18","DS_BLE":"79.6","CITY_ID":"10004","KEYIN_DATE":"20190430"}},{"type":"Feature","geometry":{"type":"LineString","coordinates":[[121.0478091890689,24.90376709235808],[121.0483810768044,24.90453490171961]]},"properties":{"name":"1","FID":"998","SSEW_CAT":"1","PI_NUM":"10004-(10705D01)-4-6","US_MH":"10004-(10705D01)-4","DS_MH":"10004-(10705D01)-6","PI_TYP":"5","PI_WIDT":"0","PI_WIDB":"0","PI_HEI":"1","PI_LENG":"111.3","PI_MAT":"R.C.P","PI_THICK":"0","PI_SLOP":"0.01","DES_FLOW":"0","DES_VELO":"0","US_BLE":"78.83","DS_BLE":"77.37","CITY_ID":"10004","KEYIN_DATE":"20190430"}},{"type":"Feature","geometry":{"type":"LineString","coordinates":[[121.0475114219104,24.90324503606253],[121.047789165679,24.90373283291775]]},"properties":{"name":"1","FID":"999","SSEW_CAT":"1","PI_NUM":"10004-(10705D01)-5-7","US_MH":"10004-(10705D01)-5","DS_MH":"10004-(10705D01)-7","PI_TYP":"5","PI_WIDT":"0","PI_WIDB":"0","PI_HEI":"1","PI_LENG":"58.35","PI_MAT":"R.C.P","PI_THICK":"0","PI_SLOP":"0.01","DES_FLOW":"0","DES_VELO":"0","US_BLE":"77.35","DS_BLE":"77","CITY_ID":"10004","KEYIN_DATE":"20190430"}},{"type":"Feature","geometry":{"type":"LineString","coordinates":[[121.0472870791237,24.90285102422742],[121.0475114219104,24.90324503606253]]},"properties":{"name":"1","FID":"1000","SSEW_CAT":"1","PI_NUM":"10004-(10705D01)-7-8","US_MH":"10004-(10705D01)-7","DS_MH":"10004-(10705D01)-8","PI_TYP":"5","PI_WIDT":"0","PI_WIDB":"0","PI_HEI":"1","PI_LENG":"48.25","PI_MAT":"R.C.P","PI_THICK":"0","PI_SLOP":"0.01","DES_FLOW":"0","DES_VELO":"0","US_BLE":"77","DS_BLE":"76.72","CITY_ID":"10004","KEYIN_DATE":"20190430"}},{"type":"Feature","geometry":{"type":"LineString","coordinates":[[121.0470962043876,24.90277743372567],[121.0472870791237,24.90285102422742]]},"properties":{"name":"1","FID":"1001","SSEW_CAT":"1","PI_NUM":"10004-(10705D01)-8-9","US_MH":"10004-(10705D01)-8","DS_MH":"10004-(10705D01)-9","PI_TYP":"5","PI_WIDT":"0","PI_WIDB":"0","PI_HEI":"1","PI_LENG":"19.3","PI_MAT":"R.C.P","PI_THICK":"0","PI_SLOP":"0.01","DES_FLOW":"0","DES_VELO":"0","US_BLE":"76.36","DS_BLE":"76.26","CITY_ID":"10004","KEYIN_DATE":"20190430"}},{"type":"Feature","geometry":{"type":"LineString","coordinates":[[121.0441450864117,24.9006603114254],[121.0444103062039,24.90111054004059]]},"properties":{"name":"1","FID":"1002","SSEW_CAT":"1","PI_NUM":"10004-(10705D01)-11-12","US_MH":"10004-(10705D01)-11","DS_MH":"10004-(10705D01)-12","PI_TYP":"5","PI_WIDT":"0","PI_WIDB":"0","PI_HEI":"1","PI_LENG":"55","PI_MAT":"R.C.P","PI_THICK":"0","PI_SLOP":"0","DES_FLOW":"0","DES_VELO":"0","US_BLE":"74.37","DS_BLE":"74.27","CITY_ID":"10004","KEYIN_DATE":"20190430"}},{"type":"Feature","geometry":{"type":"LineString","coordinates":[[121.0438043967267,24.90008196115147],[121.0441450864117,24.9006603114254]]},"properties":{"name":"1","FID":"1003","SSEW_CAT":"1","PI_NUM":"10004-(10705D01)-12-13","US_MH":"10004-(10705D01)-12","DS_MH":"10004-(10705D01)-13","PI_TYP":"5","PI_WIDT":"0","PI_WIDB":"0","PI_HEI":"1","PI_LENG":"80","PI_MAT":"R.C.P","PI_THICK":"0","PI_SLOP":"0","DES_FLOW":"0","DES_VELO":"0","US_BLE":"73.27","DS_BLE":"73.15","CITY_ID":"10004","KEYIN_DATE":"20190430"}},{"type":"Feature","geometry":{"type":"LineString","coordinates":[[121.0440734880253,24.8997977513291],[121.0438043967267,24.90008196115147]]},"properties":{"name":"1","FID":"1004","SSEW_CAT":"1","PI_NUM":"10004-(10705D01)-13-14","US_MH":"10004-(10705D01)-13","DS_MH":"10004-(10705D01)-14","PI_TYP":"5","PI_WIDT":"0","PI_WIDB":"0","PI_HEI":"1","PI_LENG":"28.3","PI_MAT":"R.C.P","PI_THICK":"0","PI_SLOP":"0.01","DES_FLOW":"0","DES_VELO":"0","US_BLE":"73.15","DS_BLE":"73.08","CITY_ID":"10004","KEYIN_DATE":"20190430"}},{"type":"Feature","geometry":{"type":"LineString","coordinates":[[121.043817734471,24.89976508208521],[121.0440734880253,24.8997977513291]]},"properties":{"name":"1","FID":"1005","SSEW_CAT":"1","PI_NUM":"10004-(10705D01)-14-15","US_MH":"10004-(10705D01)-14","DS_MH":"10004-(10705D01)-15","PI_TYP":"5","PI_WIDT":"0","PI_WIDB":"0","PI_HEI":"1","PI_LENG":"28.3","PI_MAT":"R.C.P","PI_THICK":"0","PI_SLOP":"0.01","DES_FLOW":"0","DES_VELO":"0","US_BLE":"73.08","DS_BLE":"72.81","CITY_ID":"10004","KEYIN_DATE":"20190430"}},{"type":"Feature","geometry":{"type":"LineString","coordinates":[[120.9933494787135,24.87262700184504],[120.9933473329416,24.87259316279285]]},"properties":{"name":"1","FID":"1006","SSEW_CAT":"1","PI_NUM":"10004-(106-201R-0104-0406-0030)-MH-A2-MH-A3","US_MH":"10004-(106-201R-0104-0406-0030)-MH-A2","DS_MH":"10004-(106-201R-0104-0406-0030)-MH-A3","PI_TYP":"1","PI_WIDT":"0","PI_WIDB":"0","PI_HEI":"2.5","PI_LENG":"2.95","PI_MAT":"RC","PI_THICK":"0","PI_SLOP":"0.03","DES_FLOW":"0","DES_VELO":"0","US_BLE":"49.39","DS_BLE":"49.3","CITY_ID":"10004","KEYIN_DATE":"20200115"}},{"type":"Feature","geometry":{"type":"LineString","coordinates":[[120.9933473329416,24.87259316279285],[120.9929910869586,24.87214759721072]]},"properties":{"name":"1","FID":"1007","SSEW_CAT":"1","PI_NUM":"10004-(106-201R-0104-0406-0030)-MH-A1-MH-A2","US_MH":"10004-(106-201R-0104-0406-0030)-MH-A1","DS_MH":"10004-(106-201R-0104-0406-0030)-MH-A2","PI_TYP":"1","PI_WIDT":"0","PI_WIDB":"0","PI_HEI":"2.2","PI_LENG":"58.2","PI_MAT":"RC","PI_THICK":"0","PI_SLOP":"0","DES_FLOW":"0","DES_VELO":"0","US_BLE":"49.49","DS_BLE":"49.39","CITY_ID":"10004","KEYIN_DATE":"20200115"}},{"type":"Feature","geometry":{"type":"LineString","coordinates":[[120.9929910869586,24.87214759721072],[120.9924833217666,24.87210292639593]]},"properties":{"name":"1","FID":"1008","SSEW_CAT":"1","PI_NUM":"10004-(106-201R-0104-0406-0030)-MH-B0-1-MH-A1","US_MH":"10004-(106-201R-0104-0406-0030)-MH-B0-1","DS_MH":"10004-(106-201R-0104-0406-0030)-MH-A1","PI_TYP":"1","PI_WIDT":"0","PI_WIDB":"0","PI_HEI":"2.2","PI_LENG":"49.25","PI_MAT":"RC","PI_THICK":"0","PI_SLOP":"0","DES_FLOW":"0","DES_VELO":"0","US_BLE":"49.88","DS_BLE":"49.81","CITY_ID":"10004","KEYIN_DATE":"20200115"}},{"type":"Feature","geometry":{"type":"LineString","coordinates":[[120.9924833217666,24.87210292639593],[120.9924486467737,24.87205538939591]]},"properties":{"name":"1","FID":"1009","SSEW_CAT":"1","PI_NUM":"10004-(106-201R-0104-0406-0030)-MH-B0-2-MH-B0-1","US_MH":"10004-(106-201R-0104-0406-0030)-MH-B0-2","DS_MH":"10004-(106-201R-0104-0406-0030)-MH-B0-1","PI_TYP":"1","PI_WIDT":"0","PI_WIDB":"0","PI_HEI":"2.2","PI_LENG":"6.32","PI_MAT":"RC","PI_THICK":"0","PI_SLOP":"0","DES_FLOW":"0","DES_VELO":"0","US_BLE":"49.89","DS_BLE":"49.88","CITY_ID":"10004","KEYIN_DATE":"20200115"}},{"type":"Feature","geometry":{"type":"LineString","coordinates":[[120.9924486467737,24.87205538939591],[120.9922381546892,24.87205852956258]]},"properties":{"name":"1","FID":"1010","SSEW_CAT":"1","PI_NUM":"10004-(106-201R-0104-0406-0030)-MH-B1-MH-B0-2","US_MH":"10004-(106-201R-0104-0406-0030)-MH-B1","DS_MH":"10004-(106-201R-0104-0406-0030)-MH-B0-2","PI_TYP":"1","PI_WIDT":"0","PI_WIDB":"0","PI_HEI":"2.2","PI_LENG":"20.98","PI_MAT":"RC","PI_THICK":"0","PI_SLOP":"0","DES_FLOW":"0","DES_VELO":"0","US_BLE":"50.23","DS_BLE":"49.89","CITY_ID":"10004","KEYIN_DATE":"20200115"}},{"type":"Feature","geometry":{"type":"LineString","coordinates":[[120.9922381546892,24.87205852956258],[120.991434227229,24.87209649575388]]},"properties":{"name":"1","FID":"1011","SSEW_CAT":"1","PI_NUM":"10004-(106-201R-0104-0406-0030)-MH-B2-MH-B1","US_MH":"10004-(106-201R-0104-0406-0030)-MH-B2","DS_MH":"10004-(106-201R-0104-0406-0030)-MH-B1","PI_TYP":"1","PI_WIDT":"0","PI_WIDB":"0","PI_HEI":"2.2","PI_LENG":"81.7","PI_MAT":"RC","PI_THICK":"0","PI_SLOP":"0","DES_FLOW":"0","DES_VELO":"0","US_BLE":"51.31","DS_BLE":"50.23","CITY_ID":"10004","KEYIN_DATE":"20200115"}},{"type":"Feature","geometry":{"type":"LineString","coordinates":[[120.991434227229,24.87209649575388],[120.9908966088648,24.87212883125347]]},"properties":{"name":"1","FID":"1012","SSEW_CAT":"1","PI_NUM":"10004-(106-201R-0104-0406-0030)-MH-B2-2-MH-B2","US_MH":"10004-(106-201R-0104-0406-0030)-MH-B2-2","DS_MH":"10004-(106-201R-0104-0406-0030)-MH-B2","PI_TYP":"1","PI_WIDT":"0","PI_WIDB":"0","PI_HEI":"2.2","PI_LENG":"52.5","PI_MAT":"RC","PI_THICK":"0","PI_SLOP":"0","DES_FLOW":"0","DES_VELO":"0","US_BLE":"51.45","DS_BLE":"51.31","CITY_ID":"10004","KEYIN_DATE":"20200115"}},{"type":"Feature","geometry":{"type":"LineString","coordinates":[[120.9908966088648,24.87212883125347],[120.9908161091714,24.87213261830996]]},"properties":{"name":"1","FID":"1013","SSEW_CAT":"1","PI_NUM":"10004-(106-201R-0104-0406-0030)-MH-B2-3-MH-B2-2","US_MH":"10004-(106-201R-0104-0406-0030)-MH-B2-3","DS_MH":"10004-(106-201R-0104-0406-0030)-MH-B2-2","PI_TYP":"1","PI_WIDT":"0","PI_WIDB":"0","PI_HEI":"2.2","PI_LENG":"10","PI_MAT":"RC","PI_THICK":"0","PI_SLOP":"0","DES_FLOW":"0","DES_VELO":"0","US_BLE":"51.47","DS_BLE":"51.45","CITY_ID":"10004","KEYIN_DATE":"20200115"}},{"type":"Feature","geometry":{"type":"LineString","coordinates":[[120.9908161091714,24.87213261830996],[120.9904229635584,24.87214396957002]]},"properties":{"name":"1","FID":"1014","SSEW_CAT":"1","PI_NUM":"10004-(106-201R-0104-0406-0030)-MH-B3-MH-B2-3","US_MH":"10004-(106-201R-0104-0406-0030)-MH-B3","DS_MH":"10004-(106-201R-0104-0406-0030)-MH-B2-3","PI_TYP":"1","PI_WIDT":"0","PI_WIDB":"0","PI_HEI":"1.8","PI_LENG":"40.8","PI_MAT":"RC","PI_THICK":"0","PI_SLOP":"0","DES_FLOW":"0","DES_VELO":"0","US_BLE":"51.94","DS_BLE":"51.47","CITY_ID":"10004","KEYIN_DATE":"20200115"}},{"type":"Feature","geometry":{"type":"LineString","coordinates":[[120.9904229635584,24.87214396957002],[120.9896418861029,24.87218533133345]]},"properties":{"name":"1","FID":"1015","SSEW_CAT":"1","PI_NUM":"10004-(106-201R-0104-0406-0030)-MH-B4-MH-B3","US_MH":"10004-(106-201R-0104-0406-0030)-MH-B4","DS_MH":"10004-(106-201R-0104-0406-0030)-MH-B3","PI_TYP":"1","PI_WIDT":"0","PI_WIDB":"0","PI_HEI":"1.8","PI_LENG":"78.8","PI_MAT":"RC","PI_THICK":"0","PI_SLOP":"0.01","DES_FLOW":"0","DES_VELO":"0","US_BLE":"53.89","DS_BLE":"51.94","CITY_ID":"10004","KEYIN_DATE":"20200115"}},{"type":"Feature","geometry":{"type":"LineString","coordinates":[[120.9896418861029,24.87218533133345],[120.9893690753467,24.871136683578]]},"properties":{"name":"1","FID":"1016","SSEW_CAT":"1","PI_NUM":"10004-(106-201R-0104-0406-0030)-MH-C1-MH-B4","US_MH":"10004-(106-201R-0104-0406-0030)-MH-C1","DS_MH":"10004-(106-201R-0104-0406-0030)-MH-B4","PI_TYP":"5","PI_WIDT":"0","PI_WIDB":"0","PI_HEI":"1.65","PI_LENG":"113.7","PI_MAT":"RCP","PI_THICK":"0","PI_SLOP":"0","DES_FLOW":"0","DES_VELO":"0","US_BLE":"54.56","DS_BLE":"54.09","CITY_ID":"10004","KEYIN_DATE":"20200115"}},{"type":"Feature","geometry":{"type":"LineString","coordinates":[[120.9893690753467,24.871136683578],[120.9892083417415,24.87060448481615]]},"properties":{"name":"1","FID":"1017","SSEW_CAT":"1","PI_NUM":"10004-(106-201R-0104-0406-0030)-MH-C2-MH-C1","US_MH":"10004-(106-201R-0104-0406-0030)-MH-C2","DS_MH":"10004-(106-201R-0104-0406-0030)-MH-C1","PI_TYP":"5","PI_WIDT":"0","PI_WIDB":"0","PI_HEI":"1.65","PI_LENG":"58.2","PI_MAT":"RCP","PI_THICK":"0","PI_SLOP":"0","DES_FLOW":"0","DES_VELO":"0","US_BLE":"55.22","DS_BLE":"54.98","CITY_ID":"10004","KEYIN_DATE":"20200115"}},{"type":"Feature","geometry":{"type":"LineString","coordinates":[[120.9892083417415,24.87060448481615],[120.9889451517487,24.86995385093439]]},"properties":{"name":"1","FID":"1018","SSEW_CAT":"1","PI_NUM":"10004-(106-201R-0104-0406-0030)-MH-C3-MH-C2","US_MH":"10004-(106-201R-0104-0406-0030)-MH-C3","DS_MH":"10004-(106-201R-0104-0406-0030)-MH-C2","PI_TYP":"5","PI_WIDT":"0","PI_WIDB":"0","PI_HEI":"1.65","PI_LENG":"72.7","PI_MAT":"RCP","PI_THICK":"0","PI_SLOP":"0","DES_FLOW":"0","DES_VELO":"0","US_BLE":"55.5","DS_BLE":"55.21","CITY_ID":"10004","KEYIN_DATE":"20200115"}},{"type":"Feature","geometry":{"type":"LineString","coordinates":[[120.9889451517487,24.86995385093439],[120.9886543333779,24.86941483428673]]},"properties":{"name":"1","FID":"1019","SSEW_CAT":"1","PI_NUM":"10004-(106-201R-0104-0406-0030)-MH-C4-MH-C3","US_MH":"10004-(106-201R-0104-0406-0030)-MH-C4","DS_MH":"10004-(106-201R-0104-0406-0030)-MH-C3","PI_TYP":"5","PI_WIDT":"0","PI_WIDB":"0","PI_HEI":"1.65","PI_LENG":"63","PI_MAT":"RCP","PI_THICK":"0","PI_SLOP":"0","DES_FLOW":"0","DES_VELO":"0","US_BLE":"56.27","DS_BLE":"55.97","CITY_ID":"10004","KEYIN_DATE":"20200115"}},{"type":"Feature","geometry":{"type":"LineString","coordinates":[[120.9886543333779,24.86941483428673],[120.9885357645201,24.86930311509579]]},"properties":{"name":"1","FID":"1020","SSEW_CAT":"1","PI_NUM":"10004-(106-201R-0104-0406-0030)-MH-D0-MH-C4","US_MH":"10004-(106-201R-0104-0406-0030)-MH-D0","DS_MH":"10004-(106-201R-0104-0406-0030)-MH-C4","PI_TYP":"1","PI_WIDT":"0","PI_WIDB":"0","PI_HEI":"1.55","PI_LENG":"14.55","PI_MAT":"RC","PI_THICK":"0","PI_SLOP":"0.01","DES_FLOW":"0","DES_VELO":"0","US_BLE":"57.8","DS_BLE":"56.67","CITY_ID":"10004","KEYIN_DATE":"20200115"}},{"type":"Feature","geometry":{"type":"LineString","coordinates":[[120.9885357645201,24.86930311509579],[120.9881404789983,24.86963742914629]]},"properties":{"name":"1","FID":"1021","SSEW_CAT":"1","PI_NUM":"10004-(106-201R-0104-0406-0030)-MH-D0-1-MH-D0","US_MH":"10004-(106-201R-0104-0406-0030)-MH-D0-1","DS_MH":"10004-(106-201R-0104-0406-0030)-MH-D0","PI_TYP":"1","PI_WIDT":"0","PI_WIDB":"0","PI_HEI":"1.5","PI_LENG":"55","PI_MAT":"RC","PI_THICK":"0","PI_SLOP":"0.01","DES_FLOW":"0","DES_VELO":"0","US_BLE":"58.09","DS_BLE":"57.8","CITY_ID":"10004","KEYIN_DATE":"20200115"}},{"type":"Feature","geometry":{"type":"LineString","coordinates":[[120.9881404789983,24.86963742914629],[120.9878938901202,24.86942193420946]]},"properties":{"name":"1","FID":"1022","SSEW_CAT":"1","PI_NUM":"10004-(106-201R-0104-0406-0030)-MH-D1-MH-D0-1","US_MH":"10004-(106-201R-0104-0406-0030)-MH-D1","DS_MH":"10004-(106-201R-0104-0406-0030)-MH-D0-1","PI_TYP":"1","PI_WIDT":"0","PI_WIDB":"0","PI_HEI":"1.5","PI_LENG":"32.9","PI_MAT":"RC","PI_THICK":"0","PI_SLOP":"0.01","DES_FLOW":"0","DES_VELO":"0","US_BLE":"58.27","DS_BLE":"58.09","CITY_ID":"10004","KEYIN_DATE":"20200115"}},{"type":"Feature","geometry":{"type":"LineString","coordinates":[[120.9878938901202,24.86942193420946],[120.9878285392207,24.86946985239152]]},"properties":{"name":"1","FID":"1023","SSEW_CAT":"1","PI_NUM":"10004-(106-201R-0104-0406-0030)-MH-D1-1-MH-D1","US_MH":"10004-(106-201R-0104-0406-0030)-MH-D1-1","DS_MH":"10004-(106-201R-0104-0406-0030)-MH-D1","PI_TYP":"1","PI_WIDT":"0","PI_WIDB":"0","PI_HEI":"1","PI_LENG":"7.95","PI_MAT":"RC","PI_THICK":"0","PI_SLOP":"0.01","DES_FLOW":"0","DES_VELO":"0","US_BLE":"59.11","DS_BLE":"59.07","CITY_ID":"10004","KEYIN_DATE":"20200115"}},{"type":"Feature","geometry":{"type":"LineString","coordinates":[[120.9878285392207,24.86946985239152],[120.9872801603901,24.86895674179126]]},"properties":{"name":"1","FID":"1024","SSEW_CAT":"1","PI_NUM":"10004-(106-201R-0104-0406-0030)-MH-D2-MH-D1-1","US_MH":"10004-(106-201R-0104-0406-0030)-MH-D2","DS_MH":"10004-(106-201R-0104-0406-0030)-MH-D1-1","PI_TYP":"1","PI_WIDT":"0","PI_WIDB":"0","PI_HEI":"1","PI_LENG":"78.91","PI_MAT":"RC","PI_THICK":"0","PI_SLOP":"0","DES_FLOW":"0","DES_VELO":"0","US_BLE":"59.48","DS_BLE":"59.11","CITY_ID":"10004","KEYIN_DATE":"20200115"}},{"type":"Feature","geometry":{"type":"LineString","coordinates":[[120.9872801603901,24.86895674179126],[120.9868934069788,24.8685993857619]]},"properties":{"name":"1","FID":"1025","SSEW_CAT":"1","PI_NUM":"10004-(106-201R-0104-0406-0030)-MH-E1-MH-D2","US_MH":"10004-(106-201R-0104-0406-0030)-MH-E1","DS_MH":"10004-(106-201R-0104-0406-0030)-MH-D2","PI_TYP":"1","PI_WIDT":"0","PI_WIDB":"0","PI_HEI":"1","PI_LENG":"54.14","PI_MAT":"RC","PI_THICK":"0","PI_SLOP":"0.01","DES_FLOW":"0","DES_VELO":"0","US_BLE":"59.79","DS_BLE":"59.48","CITY_ID":"10004","KEYIN_DATE":"20200115"}},{"type":"Feature","geometry":{"type":"LineString","coordinates":[[120.9868934069788,24.8685993857619],[120.9864175328191,24.86811907897646]]},"properties":{"name":"1","FID":"1026","SSEW_CAT":"1","PI_NUM":"10004-(106-201R-0104-0406-0030)-MH-E2-MH-E1","US_MH":"10004-(106-201R-0104-0406-0030)-MH-E2","DS_MH":"10004-(106-201R-0104-0406-0030)-MH-E1","PI_TYP":"5","PI_WIDT":"0","PI_WIDB":"0","PI_HEI":"1.65","PI_LENG":"70.2","PI_MAT":"RCP","PI_THICK":"0","PI_SLOP":"0.01","DES_FLOW":"0","DES_VELO":"0","US_BLE":"60.18","DS_BLE":"59.79","CITY_ID":"10004","KEYIN_DATE":"20200115"}},{"type":"Feature","geometry":{"type":"LineString","coordinates":[[120.9864175328191,24.86811907897646],[120.9862401358842,24.86798609036516]]},"properties":{"name":"1","FID":"1027","SSEW_CAT":"1","PI_NUM":"10004-(106-201R-0104-0406-0030)-MH-E3-MH-E2","US_MH":"10004-(106-201R-0104-0406-0030)-MH-E3","DS_MH":"10004-(106-201R-0104-0406-0030)-MH-E2","PI_TYP":"5","PI_WIDT":"0","PI_WIDB":"0","PI_HEI":"1.65","PI_LENG":"21.8","PI_MAT":"RCP","PI_THICK":"0","PI_SLOP":"0.01","DES_FLOW":"0","DES_VELO":"0","US_BLE":"60.3","DS_BLE":"60.18","CITY_ID":"10004","KEYIN_DATE":"20200115"}},{"type":"Feature","geometry":{"type":"LineString","coordinates":[[120.9862401358842,24.86798609036516],[120.9859169201178,24.86773908445315]]},"properties":{"name":"1","FID":"1028","SSEW_CAT":"1","PI_NUM":"10004-(106-201R-0104-0406-0030)-MH-E4-MH-E3","US_MH":"10004-(106-201R-0104-0406-0030)-MH-E4","DS_MH":"10004-(106-201R-0104-0406-0030)-MH-E3","PI_TYP":"5","PI_WIDT":"0","PI_WIDB":"0","PI_HEI":"1.65","PI_LENG":"38.7","PI_MAT":"RCP","PI_THICK":"0","PI_SLOP":"0.01","DES_FLOW":"0","DES_VELO":"0","US_BLE":"60.54","DS_BLE":"60.3","CITY_ID":"10004","KEYIN_DATE":"20200115"}},{"type":"Feature","geometry":{"type":"LineString","coordinates":[[120.9859169201178,24.86773908445315],[120.9858444145294,24.86769816024252]]},"properties":{"name":"1","FID":"1029","SSEW_CAT":"1","PI_NUM":"10004-(106-201R-0104-0406-0030)-MH-E5-MH-E4","US_MH":"10004-(106-201R-0104-0406-0030)-MH-E5","DS_MH":"10004-(106-201R-0104-0406-0030)-MH-E4","PI_TYP":"5","PI_WIDT":"0","PI_WIDB":"0","PI_HEI":"1.65","PI_LENG":"7.3","PI_MAT":"RCP","PI_THICK":"0","PI_SLOP":"0.01","DES_FLOW":"0","DES_VELO":"0","US_BLE":"61.1","DS_BLE":"61.06","CITY_ID":"10004","KEYIN_DATE":"20200115"}},{"type":"Feature","geometry":{"type":"LineString","coordinates":[[120.9858444145294,24.86769816024252],[120.9855920402007,24.86751674365285]]},"properties":{"name":"1","FID":"1030","SSEW_CAT":"1","PI_NUM":"10004-(106-201R-0104-0406-0030)-MH-E6-MH-E5","US_MH":"10004-(106-201R-0104-0406-0030)-MH-E6","DS_MH":"10004-(106-201R-0104-0406-0030)-MH-E5","PI_TYP":"5","PI_WIDT":"0","PI_WIDB":"0","PI_HEI":"1.35","PI_LENG":"29","PI_MAT":"RCP","PI_THICK":"0","PI_SLOP":"0.01","DES_FLOW":"0","DES_VELO":"0","US_BLE":"61.6","DS_BLE":"61.43","CITY_ID":"10004","KEYIN_DATE":"20200115"}},{"type":"Feature","geometry":{"type":"LineString","coordinates":[[120.9855920402007,24.86751674365285],[120.9853424063494,24.86734828286102]]},"properties":{"name":"1","FID":"1031","SSEW_CAT":"1","PI_NUM":"10004-(106-201R-0104-0406-0030)-MH-E7-MH-E6","US_MH":"10004-(106-201R-0104-0406-0030)-MH-E7","DS_MH":"10004-(106-201R-0104-0406-0030)-MH-E6","PI_TYP":"5","PI_WIDT":"0","PI_WIDB":"0","PI_HEI":"1.35","PI_LENG":"29","PI_MAT":"RCP","PI_THICK":"0","PI_SLOP":"0.01","DES_FLOW":"0","DES_VELO":"0","US_BLE":"62.24","DS_BLE":"62.08","CITY_ID":"10004","KEYIN_DATE":"20200115"}},{"type":"Feature","geometry":{"type":"LineString","coordinates":[[120.9853424063494,24.86734828286102],[120.9852169209771,24.86726995690846]]},"properties":{"name":"1","FID":"1032","SSEW_CAT":"1","PI_NUM":"10004-(106-201R-0104-0406-0030)-MH-E8-MH-E7","US_MH":"10004-(106-201R-0104-0406-0030)-MH-E8","DS_MH":"10004-(106-201R-0104-0406-0030)-MH-E7","PI_TYP":"5","PI_WIDT":"0","PI_WIDB":"0","PI_HEI":"1.35","PI_LENG":"12.1","PI_MAT":"RCP","PI_THICK":"0","PI_SLOP":"0.01","DES_FLOW":"0","DES_VELO":"0","US_BLE":"62.78","DS_BLE":"62.71","CITY_ID":"10004","KEYIN_DATE":"20200115"}},{"type":"Feature","geometry":{"type":"LineString","coordinates":[[120.9929910869586,24.87214759721072],[120.9930190356338,24.87213852483972]]},"properties":{"name":"2","FID":"1033","SSEW_CAT":"2","PI_NUM":"10004-(106-201R-0104-0406-0030)-A1-1-MH-A1","US_MH":"10004-(106-201R-0104-0406-0030)-A1-1","DS_MH":"10004-(106-201R-0104-0406-0030)-MH-A1","PI_TYP":"1","PI_WIDT":"0","PI_WIDB":"0","PI_HEI":"1.3","PI_LENG":"0.3","PI_MAT":"RC","PI_THICK":"0","PI_SLOP":"0","DES_FLOW":"0","DES_VELO":"0","US_BLE":"51.19","DS_BLE":"51.19","CITY_ID":"10004","KEYIN_DATE":"20200115"}},{"type":"Feature","geometry":{"type":"LineString","coordinates":[[120.9908966088648,24.87212883125347],[120.9909011481487,24.87217365821883]]},"properties":{"name":"2","FID":"1034","SSEW_CAT":"2","PI_NUM":"10004-(106-201R-0104-0406-0030)-B2-1-MH-B2-2","US_MH":"10004-(106-201R-0104-0406-0030)-B2-1","DS_MH":"10004-(106-201R-0104-0406-0030)-MH-B2-2","PI_TYP":"1","PI_WIDT":"0","PI_WIDB":"0","PI_HEI":"1","PI_LENG":"0.3","PI_MAT":"RC","PI_THICK":"0","PI_SLOP":"0","DES_FLOW":"0","DES_VELO":"0","US_BLE":"53.24","DS_BLE":"53.24","CITY_ID":"10004","KEYIN_DATE":"20200115"}},{"type":"Feature","geometry":{"type":"LineString","coordinates":[[120.9889451517487,24.86995385093439],[120.9889264154144,24.86997954477136]]},"properties":{"name":"2","FID":"1035","SSEW_CAT":"2","PI_NUM":"10004-(106-201R-0104-0406-0030)-C3-1-MH-C3","US_MH":"10004-(106-201R-0104-0406-0030)-C3-1","DS_MH":"10004-(106-201R-0104-0406-0030)-MH-C3","PI_TYP":"5","PI_WIDT":"0","PI_WIDB":"0","PI_HEI":"1.5","PI_LENG":"0.3","PI_MAT":"RCP","PI_THICK":"0","PI_SLOP":"0","DES_FLOW":"0","DES_VELO":"0","US_BLE":"55.85","DS_BLE":"55.85","CITY_ID":"10004","KEYIN_DATE":"20200115"}},{"type":"Feature","geometry":{"type":"LineString","coordinates":[[121.0108083160216,24.83144998039618],[121.00971434859,24.83205426653443],[121.0075819110572,24.83288220283366]]},"properties":{"name":"","FID":"1036","PI_NUM":"1278-12-1279-9","US_MH":"1278-12","DS_MH":"1279-9","PI_WIDT":"0","PI_WIDB":"0","PI_HEI":"0","PI_LENG":"363.49","PI_THICK":"0","PI_SLOP":"0","DES_FLOW":"0","DES_VELO":"0","US_BLE":"21.84","DS_BLE":"0","CITY_ID":"10004","KEYIN_DATE":"20040629"}},{"type":"Feature","geometry":{"type":"LineString","coordinates":[[121.01264631938,24.83080227887449],[121.011977547675,24.83090863653558]]},"properties":{"name":"","FID":"1037","PI_NUM":"1378-1-1278-13","US_MH":"1378-1","DS_MH":"1278-13","PI_WIDT":"0","PI_WIDB":"0","PI_HEI":"0","PI_LENG":"68.62","PI_THICK":"0","PI_SLOP":"0","DES_FLOW":"0","DES_VELO":"0","US_BLE":"0","DS_BLE":"0","CITY_ID":"10004","KEYIN_DATE":"20040629"}},{"type":"Feature","geometry":{"type":"LineString","coordinates":[[121.0138184361673,24.830621720756],[121.01264631938,24.83080227887449]]},"properties":{"name":"","FID":"1038","PI_NUM":"1378-2-1378-1","US_MH":"1378-2","DS_MH":"1378-1","PI_WIDT":"0","PI_WIDB":"0","PI_HEI":"0","PI_LENG":"120.15","PI_THICK":"0","PI_SLOP":"0","DES_FLOW":"0","DES_VELO":"0","US_BLE":"23.23","DS_BLE":"0","CITY_ID":"10004","KEYIN_DATE":"20040629"}},{"type":"Feature","geometry":{"type":"LineString","coordinates":[[121.0148618494691,24.83046124587342],[121.0138184361673,24.830621720756]]},"properties":{"name":"","FID":"1039","PI_NUM":"1378-3-1378-2","US_MH":"1378-3","DS_MH":"1378-2","PI_WIDT":"0","PI_WIDB":"0","PI_HEI":"0","PI_LENG":"106.95","PI_THICK":"0","PI_SLOP":"0","DES_FLOW":"0","DES_VELO":"0","US_BLE":"23.92","DS_BLE":"23.23","CITY_ID":"10004","KEYIN_DATE":"20040629"}},{"type":"Feature","geometry":{"type":"LineString","coordinates":[[121.0169154569616,24.8302192601053],[121.0148618494691,24.83046124587342]]},"properties":{"name":"","FID":"1040","PI_NUM":"1378-3-1378-4","US_MH":"1378-3","DS_MH":"1378-4","PI_WIDT":"0","PI_WIDB":"0","PI_HEI":"0","PI_LENG":"209.3","PI_THICK":"0","PI_SLOP":"0","DES_FLOW":"0","DES_VELO":"0","US_BLE":"25.79","DS_BLE":"23.92","CITY_ID":"10004","KEYIN_DATE":"20040629"}},{"type":"Feature","geometry":{"type":"LineString","coordinates":[[121.017503042323,24.82994538247898],[121.0169154569616,24.8302192601053]]},"properties":{"name":"","FID":"1041","PI_NUM":"1378-F1-1378-4","US_MH":"1378-F1","DS_MH":"1378-4","PI_WIDT":"0","PI_WIDB":"0","PI_HEI":"0","PI_LENG":"71.56","PI_THICK":"0","PI_SLOP":"0","DES_FLOW":"0","DES_VELO":"0","US_BLE":"0","DS_BLE":"25.79","CITY_ID":"10004","KEYIN_DATE":"20040629"}},{"type":"Feature","geometry":{"type":"LineString","coordinates":[[121.0177714632282,24.83040142090903],[121.0181487950181,24.83114714591833]]},"properties":{"name":"","FID":"1042","PI_NUM":"1378-7-1378-8","US_MH":"1378-7","DS_MH":"1378-8","PI_WIDT":"0","PI_WIDB":"0","PI_HEI":"0","PI_LENG":"10.49","PI_THICK":"0","PI_SLOP":"0","DES_FLOW":"0","DES_VELO":"0","US_BLE":"0","DS_BLE":"0","CITY_ID":"10004","KEYIN_DATE":"20040629"}},{"type":"Feature","geometry":{"type":"LineString","coordinates":[[121.0573084759569,24.69980176678796],[121.0577076941127,24.69978999383209]]},"properties":{"name":"","FID":"1043","PI_NUM":"1854-26-1854-25","US_MH":"1854-26","DS_MH":"1854-25","PI_WIDT":"0","PI_WIDB":"0","PI_HEI":"0","PI_LENG":"40.42","PI_THICK":"0","PI_SLOP":"0","DES_FLOW":"0","DES_VELO":"0","US_BLE":"0","DS_BLE":"0","CITY_ID":"10004","KEYIN_DATE":"20040629"}},{"type":"Feature","geometry":{"type":"LineString","coordinates":[[121.0579418789363,24.70119448687482],[121.0577209979053,24.70125118219118]]},"properties":{"name":"","FID":"1044","PI_NUM":"1854-28-1854-F1","US_MH":"1854-28","DS_MH":"1854-F1","PI_WIDT":"0","PI_WIDB":"0","PI_HEI":"0","PI_LENG":"23.21","PI_THICK":"0","PI_SLOP":"0","DES_FLOW":"0","DES_VELO":"0","US_BLE":"132.73","DS_BLE":"0","CITY_ID":"10004","KEYIN_DATE":"20040629"}},{"type":"Feature","geometry":{"type":"LineString","coordinates":[[121.0506001753831,24.70569719147087],[121.0504458331291,24.70591272324576]]},"properties":{"name":"","FID":"1045","PI_NUM":"1755-3-1755-F1","US_MH":"1755-3","DS_MH":"1755-F1","PI_WIDT":"0","PI_WIDB":"0","PI_HEI":"0","PI_LENG":"28.53","PI_THICK":"0","PI_SLOP":"0","DES_FLOW":"0","DES_VELO":"0","US_BLE":"111.45","DS_BLE":"0","CITY_ID":"10004","KEYIN_DATE":"20040629"}},{"type":"Feature","geometry":{"type":"LineString","coordinates":[[121.0510911355383,24.70080132687216],[121.0509236908992,24.70071464465584]]},"properties":{"name":"","FID":"1046","PI_NUM":"1754-5-1754-F1","US_MH":"1754-5","DS_MH":"1754-F1","PI_WIDT":"0","PI_WIDB":"0","PI_HEI":"0","PI_LENG":"19.47","PI_THICK":"0","PI_SLOP":"0","DES_FLOW":"0","DES_VELO":"0","US_BLE":"98.92","DS_BLE":"0","CITY_ID":"10004","KEYIN_DATE":"20040629"}},{"type":"Feature","geometry":{"type":"LineString","coordinates":[[121.0582841661297,24.70110038320542],[121.0579418789363,24.70119448687482]]},"properties":{"name":"","FID":"1047","PI_NUM":"1854-29-1854-28","US_MH":"1854-29","DS_MH":"1854-28","PI_WIDT":"0","PI_WIDB":"0","PI_HEI":"0","PI_LENG":"36.17","PI_THICK":"0","PI_SLOP":"0","DES_FLOW":"0","DES_VELO":"0","US_BLE":"133.63","DS_BLE":"132.73","CITY_ID":"10004","KEYIN_DATE":"20040629"}},{"type":"Feature","geometry":{"type":"LineString","coordinates":[[121.0587035192725,24.70098120290406],[121.0582841661297,24.70110038320542]]},"properties":{"name":"","FID":"1048","PI_NUM":"1854-30-1854-29","US_MH":"1854-30","DS_MH":"1854-29","PI_WIDT":"0","PI_WIDB":"0","PI_HEI":"0","PI_LENG":"44.44","PI_THICK":"0","PI_SLOP":"0","DES_FLOW":"0","DES_VELO":"0","US_BLE":"135.73","DS_BLE":"133.63","CITY_ID":"10004","KEYIN_DATE":"20040629"}},{"type":"Feature","geometry":{"type":"LineString","coordinates":[[121.0592244796745,24.70084139584014],[121.0587035192725,24.70098120290406]]},"properties":{"name":"","FID":"1049","PI_NUM":"1854-31-1854-30","US_MH":"1854-31","DS_MH":"1854-30","PI_WIDT":"0","PI_WIDB":"0","PI_HEI":"0","PI_LENG":"54.94","PI_THICK":"0","PI_SLOP":"0","DES_FLOW":"0","DES_VELO":"0","US_BLE":"139.09","DS_BLE":"135.73","CITY_ID":"10004","KEYIN_DATE":"20040629"}},{"type":"Feature","geometry":{"type":"LineString","coordinates":[[121.0594695521741,24.70072038603232],[121.0592244796745,24.70084139584014]]},"properties":{"name":"","FID":"1050","PI_NUM":"1854-32-1854-31","US_MH":"1854-32","DS_MH":"1854-31","PI_WIDT":"0","PI_WIDB":"0","PI_HEI":"0","PI_LENG":"28.19","PI_THICK":"0","PI_SLOP":"0","DES_FLOW":"0","DES_VELO":"0","US_BLE":"144.87","DS_BLE":"139.09","CITY_ID":"10004","KEYIN_DATE":"20040629"}},{"type":"Feature","geometry":{"type":"LineString","coordinates":[[121.0594842732858,24.70037759500522],[121.0594695521741,24.70072038603232]]},"properties":{"name":"","FID":"1051","PI_NUM":"1854-33-1854-32","US_MH":"1854-33","DS_MH":"1854-32","PI_WIDT":"0","PI_WIDB":"0","PI_HEI":"0","PI_LENG":"38","PI_THICK":"0","PI_SLOP":"0","DES_FLOW":"0","DES_VELO":"0","US_BLE":"147.07","DS_BLE":"144.87","CITY_ID":"10004","KEYIN_DATE":"20040629"}},{"type":"Feature","geometry":{"type":"LineString","coordinates":[[121.0594344105286,24.69997589895112],[121.0594842732858,24.70037759500522]]},"properties":{"name":"","FID":"1052","PI_NUM":"1854-34-1854-33","US_MH":"1854-34","DS_MH":"1854-33","PI_WIDT":"0","PI_WIDB":"0","PI_HEI":"0","PI_LENG":"44.78","PI_THICK":"0","PI_SLOP":"0","DES_FLOW":"0","DES_VELO":"0","US_BLE":"147.93","DS_BLE":"147.07","CITY_ID":"10004","KEYIN_DATE":"20040629"}},{"type":"Feature","geometry":{"type":"LineString","coordinates":[[121.0594124174108,24.69973947198755],[121.0594344105286,24.69997589895112]]},"properties":{"name":"","FID":"1053","PI_NUM":"1854-35-1854-34","US_MH":"1854-35","DS_MH":"1854-34","PI_WIDT":"0","PI_WIDB":"0","PI_HEI":"0","PI_LENG":"26.28","PI_THICK":"0","PI_SLOP":"0","DES_FLOW":"0","DES_VELO":"0","US_BLE":"147.97","DS_BLE":"147.93","CITY_ID":"10004","KEYIN_DATE":"20040629"}},{"type":"Feature","geometry":{"type":"LineString","coordinates":[[121.0564274291033,24.69980705739172],[121.0565313433573,24.69977309730239]]},"properties":{"name":"","FID":"1054","PI_NUM":"1854-24-1854-23","US_MH":"1854-24","DS_MH":"1854-23","PI_WIDT":"0","PI_WIDB":"0","PI_HEI":"0","PI_LENG":"11.17","PI_THICK":"0","PI_SLOP":"0","DES_FLOW":"0","DES_VELO":"0","US_BLE":"0","DS_BLE":"132.26","CITY_ID":"10004","KEYIN_DATE":"20040629"}},{"type":"Feature","geometry":{"type":"LineString","coordinates":[[121.0562214960334,24.69989270006577],[121.0564274291033,24.69980705739172]]},"properties":{"name":"","FID":"1055","PI_NUM":"1854-23-1854-22","US_MH":"1854-23","DS_MH":"1854-22","PI_WIDT":"0","PI_WIDB":"0","PI_HEI":"0","PI_LENG":"22.89","PI_THICK":"0","PI_SLOP":"0","DES_FLOW":"0","DES_VELO":"0","US_BLE":"132.26","DS_BLE":"131.95","CITY_ID":"10004","KEYIN_DATE":"20040629"}},{"type":"Feature","geometry":{"type":"LineString","coordinates":[[121.0560076883104,24.69998368138218],[121.0562214960334,24.69989270006577]]},"properties":{"name":"","FID":"1056","PI_NUM":"1854-22-1854-21","US_MH":"1854-22","DS_MH":"1854-21","PI_WIDT":"0","PI_WIDB":"0","PI_HEI":"0","PI_LENG":"23.87","PI_THICK":"0","PI_SLOP":"0","DES_FLOW":"0","DES_VELO":"0","US_BLE":"131.95","DS_BLE":"131.94","CITY_ID":"10004","KEYIN_DATE":"20040629"}},{"type":"Feature","geometry":{"type":"LineString","coordinates":[[121.0557955393319,24.70007176355042],[121.0560076883104,24.69998368138218]]},"properties":{"name":"","FID":"1057","PI_NUM":"1854-21-1854-20","US_MH":"1854-21","DS_MH":"1854-20","PI_WIDT":"0","PI_WIDB":"0","PI_HEI":"0","PI_LENG":"23.58","PI_THICK":"0","PI_SLOP":"0","DES_FLOW":"0","DES_VELO":"0","US_BLE":"131.94","DS_BLE":"131.76","CITY_ID":"10004","KEYIN_DATE":"20040629"}},{"type":"Feature","geometry":{"type":"LineString","coordinates":[[121.0555861095643,24.7001636274541],[121.0557955393319,24.70007176355042]]},"properties":{"name":"","FID":"1058","PI_NUM":"1854-20-1854-19","US_MH":"1854-20","DS_MH":"1854-19","PI_WIDT":"0","PI_WIDB":"0","PI_HEI":"0","PI_LENG":"23.51","PI_THICK":"0","PI_SLOP":"0","DES_FLOW":"0","DES_VELO":"0","US_BLE":"131.76","DS_BLE":"131.46","CITY_ID":"10004","KEYIN_DATE":"20040629"}},{"type":"Feature","geometry":{"type":"LineString","coordinates":[[121.0553669567112,24.70026029794281],[121.0555861095643,24.7001636274541]]},"properties":{"name":"","FID":"1059","PI_NUM":"1854-19-1854-18","US_MH":"1854-19","DS_MH":"1854-18","PI_WIDT":"0","PI_WIDB":"0","PI_HEI":"0","PI_LENG":"24.62","PI_THICK":"0","PI_SLOP":"0","DES_FLOW":"0","DES_VELO":"0","US_BLE":"131.46","DS_BLE":"131.29","CITY_ID":"10004","KEYIN_DATE":"20040629"}},{"type":"Feature","geometry":{"type":"LineString","coordinates":[[121.0551619023275,24.70034722994583],[121.0553669567112,24.70026029794281]]},"properties":{"name":"","FID":"1060","PI_NUM":"1854-18-1854-17","US_MH":"1854-18","DS_MH":"1854-17","PI_WIDT":"0","PI_WIDB":"0","PI_HEI":"0","PI_LENG":"22.87","PI_THICK":"0","PI_SLOP":"0","DES_FLOW":"0","DES_VELO":"0","US_BLE":"131.29","DS_BLE":"131.26","CITY_ID":"10004","KEYIN_DATE":"20040629"}},{"type":"Feature","geometry":{"type":"LineString","coordinates":[[121.0549591527412,24.70043947875314],[121.0551619023275,24.70034722994583]]},"properties":{"name":"","FID":"1061","PI_NUM":"1854-17-1854-16","US_MH":"1854-17","DS_MH":"1854-16","PI_WIDT":"0","PI_WIDB":"0","PI_HEI":"0","PI_LENG":"22.92","PI_THICK":"0","PI_SLOP":"0","DES_FLOW":"0","DES_VELO":"0","US_BLE":"131.26","DS_BLE":"130.68","CITY_ID":"10004","KEYIN_DATE":"20040629"}},{"type":"Feature","geometry":{"type":"LineString","coordinates":[[121.0548009366433,24.70039790507673],[121.0549591527412,24.70043947875314]]},"properties":{"name":"","FID":"1062","PI_NUM":"1854-16-1854-15","US_MH":"1854-16","DS_MH":"1854-15","PI_WIDT":"0","PI_WIDB":"0","PI_HEI":"0","PI_LENG":"16.66","PI_THICK":"0","PI_SLOP":"0","DES_FLOW":"0","DES_VELO":"0","US_BLE":"130.68","DS_BLE":"130.34","CITY_ID":"10004","KEYIN_DATE":"20040629"}},{"type":"Feature","geometry":{"type":"LineString","coordinates":[[121.0546978854079,24.70019248461255],[121.0548009366433,24.70039790507673]]},"properties":{"name":"","FID":"1063","PI_NUM":"1854-15-1854-14","US_MH":"1854-15","DS_MH":"1854-14","PI_WIDT":"0","PI_WIDB":"0","PI_HEI":"0","PI_LENG":"25.03","PI_THICK":"0","PI_SLOP":"0","DES_FLOW":"0","DES_VELO":"0","US_BLE":"130.34","DS_BLE":"130.17","CITY_ID":"10004","KEYIN_DATE":"20040629"}},{"type":"Feature","geometry":{"type":"LineString","coordinates":[[121.0544997174351,24.69982118646595],[121.0546029027174,24.70001815612551]]},"properties":{"name":"","FID":"1064","PI_NUM":"1854-13-1854-12","US_MH":"185413","DS_MH":"1854-12","PI_WIDT":"0","PI_WIDB":"0","PI_HEI":"0","PI_LENG":"24.19","PI_THICK":"0","PI_SLOP":"0","DES_FLOW":"0","DES_VELO":"0","US_BLE":"130.05","DS_BLE":"130.03","CITY_ID":"10004","KEYIN_DATE":"20040629"}},{"type":"Feature","geometry":{"type":"LineString","coordinates":[[121.0544113728071,24.69963797115473],[121.0544997174351,24.69982118646595]]},"properties":{"name":"","FID":"1065","PI_NUM":"1854-12-1854-11","US_MH":"1854-12","DS_MH":"1854-11","PI_WIDT":"0","PI_WIDB":"0","PI_HEI":"0","PI_LENG":"22.17","PI_THICK":"0","PI_SLOP":"0","DES_FLOW":"0","DES_VELO":"0","US_BLE":"130.03","DS_BLE":"129.79","CITY_ID":"10004","KEYIN_DATE":"20040629"}},{"type":"Feature","geometry":{"type":"LineString","coordinates":[[121.0543376097372,24.69941822924218],[121.0544113728071,24.69963797115473]]},"properties":{"name":"","FID":"1066","PI_NUM":"1854-11-1854-10","US_MH":"1854-11","DS_MH":"1854-10","PI_WIDT":"0","PI_WIDB":"0","PI_HEI":"0","PI_LENG":"25.46","PI_THICK":"0","PI_SLOP":"0","DES_FLOW":"0","DES_VELO":"0","US_BLE":"129.79","DS_BLE":"128.75","CITY_ID":"10004","KEYIN_DATE":"20040629"}},{"type":"Feature","geometry":{"type":"LineString","coordinates":[[121.0543097324201,24.69919610515935],[121.0543376097372,24.69941822924218]]},"properties":{"name":"","FID":"1067","PI_NUM":"1854-10-1854-9","US_MH":"1854-10","DS_MH":"1854-9","PI_WIDT":"0","PI_WIDB":"0","PI_HEI":"0","PI_LENG":"24.76","PI_THICK":"0","PI_SLOP":"0","DES_FLOW":"0","DES_VELO":"0","US_BLE":"128.75","DS_BLE":"127.26","CITY_ID":"10004","KEYIN_DATE":"20040629"}},{"type":"Feature","geometry":{"type":"LineString","coordinates":[[121.0542742681084,24.69900370643269],[121.0543097324201,24.69919610515935]]},"properties":{"name":"","FID":"1068","PI_NUM":"1854-9-1854-8","US_MH":"1854-9","DS_MH":"1854-8","PI_WIDT":"0","PI_WIDB":"0","PI_HEI":"0","PI_LENG":"21.61","PI_THICK":"0","PI_SLOP":"0","DES_FLOW":"0","DES_VELO":"0","US_BLE":"127.26","DS_BLE":"124.24","CITY_ID":"10004","KEYIN_DATE":"20040629"}},{"type":"Feature","geometry":{"type":"LineString","coordinates":[[121.054191589831,24.69882633954793],[121.0542742681084,24.69900370643269]]},"properties":{"name":"","FID":"1069","PI_NUM":"1854-8-1854-7","US_MH":"1854-8","DS_MH":"1854-7","PI_WIDT":"0","PI_WIDB":"0","PI_HEI":"0","PI_LENG":"21.35","PI_THICK":"0","PI_SLOP":"0","DES_FLOW":"0","DES_VELO":"0","US_BLE":"124.24","DS_BLE":"122.23","CITY_ID":"10004","KEYIN_DATE":"20040629"}},{"type":"Feature","geometry":{"type":"LineString","coordinates":[[121.0512578489057,24.700887629943],[121.0510911355383,24.70080132687216]]},"properties":{"name":"","FID":"1070","PI_NUM":"1754-4-1754-5","US_MH":"1754-4","DS_MH":"1754-5","PI_WIDT":"0","PI_WIDB":"0","PI_HEI":"0","PI_LENG":"19.39","PI_THICK":"0","PI_SLOP":"0","DES_FLOW":"0","DES_VELO":"0","US_BLE":"100.35","DS_BLE":"98.92","CITY_ID":"10004","KEYIN_DATE":"20040629"}},{"type":"Feature","geometry":{"type":"LineString","coordinates":[[121.051439329888,24.7009307974678],[121.0512578489057,24.700887629943]]},"properties":{"name":"","FID":"1071","PI_NUM":"1754-3-1754-4","US_MH":"1754-3","DS_MH":"1754-4","PI_WIDT":"0","PI_WIDB":"0","PI_HEI":"0","PI_LENG":"18.98","PI_THICK":"0","PI_SLOP":"0","DES_FLOW":"0","DES_VELO":"0","US_BLE":"101.64","DS_BLE":"100.35","CITY_ID":"10004","KEYIN_DATE":"20040629"}},{"type":"Feature","geometry":{"type":"LineString","coordinates":[[121.0515877592895,24.70103949771467],[121.051439329888,24.7009307974678]]},"properties":{"name":"","FID":"1072","PI_NUM":"1754-2-1754-3","US_MH":"1754-2","DS_MH":"1754-3","PI_WIDT":"0","PI_WIDB":"0","PI_HEI":"0","PI_LENG":"19.25","PI_THICK":"0","PI_SLOP":"0","DES_FLOW":"0","DES_VELO":"0","US_BLE":"103.77","DS_BLE":"101.64","CITY_ID":"10004","KEYIN_DATE":"20040629"}},{"type":"Feature","geometry":{"type":"LineString","coordinates":[[121.0516977888656,24.70118583381029],[121.0515877592895,24.70103949771467]]},"properties":{"name":"","FID":"1073","PI_NUM":"1754-1-1754-2","US_MH":"1754-1","DS_MH":"1754-2","PI_WIDT":"0","PI_WIDB":"0","PI_HEI":"0","PI_LENG":"19.66","PI_THICK":"0","PI_SLOP":"0","DES_FLOW":"0","DES_VELO":"0","US_BLE":"104.27","DS_BLE":"103.77","CITY_ID":"10004","KEYIN_DATE":"20040629"}},{"type":"Feature","geometry":{"type":"LineString","coordinates":[[121.0518070779882,24.7013334341014],[121.0516977888656,24.70118583381029]]},"properties":{"name":"","FID":"1074","PI_NUM":"1854-6-1754-1","US_MH":"1854-6","DS_MH":"1754-1","PI_WIDT":"0","PI_WIDB":"0","PI_HEI":"0","PI_LENG":"19.74","PI_THICK":"0","PI_SLOP":"0","DES_FLOW":"0","DES_VELO":"0","US_BLE":"106.17","DS_BLE":"104.27","CITY_ID":"10004","KEYIN_DATE":"20040629"}},{"type":"Feature","geometry":{"type":"LineString","coordinates":[[121.0519347371921,24.70145017674601],[121.0518070779882,24.7013334341014]]},"properties":{"name":"","FID":"1075","PI_NUM":"1854-5-1854-6","US_MH":"1854-5","DS_MH":"1854-6","PI_WIDT":"0","PI_WIDB":"0","PI_HEI":"0","PI_LENG":"18.28","PI_THICK":"0","PI_SLOP":"0","DES_FLOW":"0","DES_VELO":"0","US_BLE":"108.36","DS_BLE":"106.17","CITY_ID":"10004","KEYIN_DATE":"20040629"}},{"type":"Feature","geometry":{"type":"LineString","coordinates":[[121.0520689389717,24.70156620373967],[121.0519347371921,24.70145017674601]]},"properties":{"name":"","FID":"1076","PI_NUM":"1854-4-1854-5","US_MH":"1854-4","DS_MH":"1854-5","PI_WIDT":"0","PI_WIDB":"0","PI_HEI":"0","PI_LENG":"18.7","PI_THICK":"0","PI_SLOP":"0","DES_FLOW":"0","DES_VELO":"0","US_BLE":"110.22","DS_BLE":"108.36","CITY_ID":"10004","KEYIN_DATE":"20040629"}},{"type":"Feature","geometry":{"type":"LineString","coordinates":[[121.0521919123394,24.70170256724045],[121.0520689389717,24.70156620373967]]},"properties":{"name":"","FID":"1077","PI_NUM":"1854-3-1854-4","US_MH":"1854-3","DS_MH":"1854-4","PI_WIDT":"0","PI_WIDB":"0","PI_HEI":"0","PI_LENG":"19.57","PI_THICK":"0","PI_SLOP":"0","DES_FLOW":"0","DES_VELO":"0","US_BLE":"113.38","DS_BLE":"110.22","CITY_ID":"10004","KEYIN_DATE":"20040629"}},{"type":"Feature","geometry":{"type":"LineString","coordinates":[[121.0521798375522,24.70192187954691],[121.0521919123394,24.70170256724045]]},"properties":{"name":"","FID":"1078","PI_NUM":"1854-2-1854-3","US_MH":"1854-2","DS_MH":"1854-3","PI_WIDT":"0","PI_WIDB":"0","PI_HEI":"0","PI_LENG":"24.32","PI_THICK":"0","PI_SLOP":"0","DES_FLOW":"0","DES_VELO":"0","US_BLE":"116.63","DS_BLE":"113.38","CITY_ID":"10004","KEYIN_DATE":"20040629"}},{"type":"Feature","geometry":{"type":"LineString","coordinates":[[121.1782792686911,24.79138230419077],[121.1785405051364,24.79178748557662]]},"properties":{"name":"","FID":"1079","PI_NUM":"3471-3-3371-F2","US_MH":"3471-3","DS_MH":"3371-F2","PI_WIDT":"0","PI_WIDB":"0","PI_HEI":"0","PI_LENG":"52.07","PI_THICK":"0","PI_SLOP":"0","DES_FLOW":"0","DES_VELO":"0","US_BLE":"0","DS_BLE":"0","CITY_ID":"10004","KEYIN_DATE":"20040629"}},{"type":"Feature","geometry":{"type":"LineString","coordinates":[[121.1782792686911,24.79138230419077],[121.1777212309966,24.79140147645403]]},"properties":{"name":"","FID":"1080","PI_NUM":"3371-2-3371-F2","US_MH":"3371-2","DS_MH":"3371-F2","PI_WIDT":"0","PI_WIDB":"0","PI_HEI":"0","PI_LENG":"56.46","PI_THICK":"0","PI_SLOP":"0","DES_FLOW":"0","DES_VELO":"0","US_BLE":"0","DS_BLE":"0","CITY_ID":"10004","KEYIN_DATE":"20040629"}},{"type":"Feature","geometry":{"type":"LineString","coordinates":[[120.9844871100257,24.9041225810699],[120.9847098434259,24.90411259145955]]},"properties":{"name":"","FID":"1081","PI_NUM":"0992-F1-0992-1","US_MH":"0992-F1","DS_MH":"0992-1","PI_WIDT":"0","PI_WIDB":"0","PI_HEI":"0","PI_LENG":"22.53","PI_THICK":"0","PI_SLOP":"0","DES_FLOW":"0","DES_VELO":"0","US_BLE":"0","DS_BLE":"5.21","CITY_ID":"10004","KEYIN_DATE":"20040629"}},{"type":"Feature","geometry":{"type":"LineString","coordinates":[[120.9898440496647,24.90238947064648],[120.9901558221438,24.90249803218133]]},"properties":{"name":"","FID":"1082","PI_NUM":"1091-3-1091-2","US_MH":"1091-3","DS_MH":"1091-2","PI_WIDT":"0","PI_WIDB":"0","PI_HEI":"0","PI_LENG":"33.71","PI_THICK":"0","PI_SLOP":"0","DES_FLOW":"0","DES_VELO":"0","US_BLE":"0","DS_BLE":"13.81","CITY_ID":"10004","KEYIN_DATE":"20040629"}},{"type":"Feature","geometry":{"type":"LineString","coordinates":[[120.9930129340437,24.87557618457659],[120.9927445996931,24.87606456124755]]},"properties":{"name":"","FID":"1083","PI_NUM":"1087-F1-1087-1","US_MH":"1087-F1","DS_MH":"1087-1","PI_WIDT":"0","PI_WIDB":"0","PI_HEI":"0","PI_LENG":"60.51","PI_THICK":"0","PI_SLOP":"0","DES_FLOW":"0","DES_VELO":"0","US_BLE":"0","DS_BLE":"27.16","CITY_ID":"10004","KEYIN_DATE":"20040629"}},{"type":"Feature","geometry":{"type":"LineString","coordinates":[[120.9989214630881,24.87545163303123],[120.9984963949585,24.87506427816936]]},"properties":{"name":"","FID":"1084","PI_NUM":"1186-2-1186-F1","US_MH":"1186-2","DS_MH":"1187-F1","PI_WIDT":"0","PI_WIDB":"0","PI_HEI":"0","PI_LENG":"60.71","PI_THICK":"0","PI_SLOP":"0","DES_FLOW":"0","DES_VELO":"0","US_BLE":"29.87","DS_BLE":"0","CITY_ID":"10004","KEYIN_DATE":"20040629"}},{"type":"Feature","geometry":{"type":"LineString","coordinates":[[120.9968326162047,24.87515923232244],[120.9968088931257,24.87593822271259]]},"properties":{"name":"","FID":"1085","PI_NUM":"1186-3-1187-F1","US_MH":"1186-3","DS_MH":"1187-F1","PI_WIDT":"0","PI_WIDB":"0","PI_HEI":"0","PI_LENG":"86.31","PI_THICK":"0","PI_SLOP":"0","DES_FLOW":"0","DES_VELO":"0","US_BLE":"0","DS_BLE":"0","CITY_ID":"10004","KEYIN_DATE":"20040629"}},{"type":"Feature","geometry":{"type":"LineString","coordinates":[[120.9951279833144,24.87164780819435],[120.9960547467603,24.87057344846473]]},"properties":{"name":"","FID":"1086","PI_NUM":"1086-13-1086-F2","US_MH":"1086-13","DS_MH":"1086-F2","PI_WIDT":"0","PI_WIDB":"0","PI_HEI":"0","PI_LENG":"151.42","PI_THICK":"0","PI_SLOP":"0","DES_FLOW":"0","DES_VELO":"0","US_BLE":"28.5","DS_BLE":"0","CITY_ID":"10004","KEYIN_DATE":"20040629"}},{"type":"Feature","geometry":{"type":"LineString","coordinates":[[120.9915994064992,24.87057176555598],[120.9911748169959,24.87041152060498]]},"properties":{"name":"","FID":"1087","PI_NUM":"1086-5-1086-6","US_MH":"1086-5","DS_MH":"1086-6","PI_WIDT":"0","PI_WIDB":"0","PI_HEI":"0","PI_LENG":"46.43","PI_THICK":"0","PI_SLOP":"0","DES_FLOW":"0","DES_VELO":"0","US_BLE":"0","DS_BLE":"0","CITY_ID":"10004","KEYIN_DATE":"20040629"}},{"type":"Feature","geometry":{"type":"LineString","coordinates":[[120.9923437416108,24.87206599258572],[120.9926873247116,24.8720488465568]]},"properties":{"name":"","FID":"1088","PI_NUM":"1086-8-1086-9","US_MH":"1086-8","DS_MH":"1086-9","PI_WIDT":"0","PI_WIDB":"0","PI_HEI":"0","PI_LENG":"34.77","PI_THICK":"0","PI_SLOP":"0","DES_FLOW":"0","DES_VELO":"0","US_BLE":"0","DS_BLE":"0","CITY_ID":"10004","KEYIN_DATE":"20040629"}},{"type":"Feature","geometry":{"type":"LineString","coordinates":[[120.9944931262564,24.86916420641398],[120.9946517262664,24.86893523031378]]},"properties":{"name":"","FID":"1089","PI_NUM":"1085-11-1085-10","US_MH":"1085-11","DS_MH":"1085-10","PI_WIDT":"0","PI_WIDB":"0","PI_HEI":"0","PI_LENG":"30","PI_THICK":"0","PI_SLOP":"0","DES_FLOW":"0","DES_VELO":"0","US_BLE":"0","DS_BLE":"0","CITY_ID":"10004","KEYIN_DATE":"20040629"}},{"type":"Feature","geometry":{"type":"LineString","coordinates":[[120.9908714863787,24.86801669088546],[120.9911897986508,24.86848056941681]]},"properties":{"name":"","FID":"1090","PI_NUM":"1085-3-1085-4","US_MH":"1085-3","DS_MH":"1085-4","PI_WIDT":"0","PI_WIDB":"0","PI_HEI":"0","PI_LENG":"60.62","PI_THICK":"0","PI_SLOP":"0","DES_FLOW":"0","DES_VELO":"0","US_BLE":"0","DS_BLE":"30.87","CITY_ID":"10004","KEYIN_DATE":"20040629"}},{"type":"Feature","geometry":{"type":"LineString","coordinates":[[120.9934025559023,24.86999437264316],[120.9938423564685,24.87018100231958]]},"properties":{"name":"","FID":"1091","PI_NUM":"1085-9-1086-12","US_MH":"1085-9","DS_MH":"1086-12","PI_WIDT":"0","PI_WIDB":"0","PI_HEI":"0","PI_LENG":"49.01","PI_THICK":"0","PI_SLOP":"0","DES_FLOW":"0","DES_VELO":"0","US_BLE":"0","DS_BLE":"0","CITY_ID":"10004","KEYIN_DATE":"20040629"}},{"type":"Feature","geometry":{"type":"LineString","coordinates":[[120.9909068295729,24.87135198035276],[120.990963887357,24.87211489527792]]},"properties":{"name":"","FID":"1092","PI_NUM":"1086-4-1086-3","US_MH":"1086-4","DS_MH":"1086-3","PI_WIDT":"0","PI_WIDB":"0","PI_HEI":"0","PI_LENG":"84.7","PI_THICK":"0","PI_SLOP":"0","DES_FLOW":"0","DES_VELO":"0","US_BLE":"0","DS_BLE":"0","CITY_ID":"10004","KEYIN_DATE":"20040629"}},{"type":"Feature","geometry":{"type":"LineString","coordinates":[[120.9897948001177,24.87000753191461],[120.9889598273865,24.86996340421552]]},"properties":{"name":"","FID":"1093","PI_NUM":"1085-7-1085-8","US_MH":"1085-7","DS_MH":"1085-8","PI_WIDT":"0","PI_WIDB":"0","PI_HEI":"0","PI_LENG":"84.51","PI_THICK":"0","PI_SLOP":"0","DES_FLOW":"0","DES_VELO":"0","US_BLE":"0","DS_BLE":"30.47","CITY_ID":"10004","KEYIN_DATE":"20040629"}},{"type":"Feature","geometry":{"type":"LineString","coordinates":[[120.9897525937509,24.90237023368579],[120.9898440496647,24.90238947064648]]},"properties":{"name":"","FID":"1094","PI_NUM":"1091-2-1091-1","US_MH":"1091-2","DS_MH":"1091-1","PI_WIDT":"0","PI_WIDB":"0","PI_HEI":"0","PI_LENG":"9.48","PI_THICK":"0","PI_SLOP":"0","DES_FLOW":"0","DES_VELO":"0","US_BLE":"12.93","DS_BLE":"0","CITY_ID":"10004","KEYIN_DATE":"20040629"}},{"type":"Feature","geometry":{"type":"LineString","coordinates":[[120.984573563035,24.90226500328345],[120.9844871100257,24.9041225810699]]},"properties":{"name":"","FID":"1095","PI_NUM":"0991-10-0992-F1","US_MH":"0991-10","DS_MH":"0992-F1","PI_WIDT":"0","PI_WIDB":"0","PI_HEI":"0","PI_LENG":"205.93","PI_THICK":"0","PI_SLOP":"0","DES_FLOW":"0","DES_VELO":"0","US_BLE":"6.16","DS_BLE":"0","CITY_ID":"10004","KEYIN_DATE":"20040629"}},{"type":"Feature","geometry":{"type":"LineString","coordinates":[[120.9848767642532,24.90191602858564],[120.984573563035,24.90226500328345]]},"properties":{"name":"","FID":"1096","PI_NUM":"0991-9-0991-10","US_MH":"0991-9","DS_MH":"0991-10","PI_WIDT":"0","PI_WIDB":"0","PI_HEI":"0","PI_LENG":"49.32","PI_THICK":"0","PI_SLOP":"0","DES_FLOW":"0","DES_VELO":"0","US_BLE":"6.71","DS_BLE":"6.16","CITY_ID":"10004","KEYIN_DATE":"20040629"}},{"type":"Feature","geometry":{"type":"LineString","coordinates":[[120.9851640051412,24.90149621404298],[120.9848767642532,24.90191602858564]]},"properties":{"name":"","FID":"1097","PI_NUM":"0991-8-0991-9","US_MH":"0991-8","DS_MH":"0991-9","PI_WIDT":"0","PI_WIDB":"0","PI_HEI":"0","PI_LENG":"54.81","PI_THICK":"0","PI_SLOP":"0","DES_FLOW":"0","DES_VELO":"0","US_BLE":"0","DS_BLE":"6.71","CITY_ID":"10004","KEYIN_DATE":"20040629"}},{"type":"Feature","geometry":{"type":"LineString","coordinates":[[120.9855145202283,24.90097478025594],[120.9851640051412,24.90149621404298]]},"properties":{"name":"","FID":"1098","PI_NUM":"0991-7-0991-8","US_MH":"0991-7","DS_MH":"0991-8","PI_WIDT":"0","PI_WIDB":"0","PI_HEI":"0","PI_LENG":"67.74","PI_THICK":"0","PI_SLOP":"0","DES_FLOW":"0","DES_VELO":"0","US_BLE":"8.63","DS_BLE":"0","CITY_ID":"10004","KEYIN_DATE":"20040629"}},{"type":"Feature","geometry":{"type":"LineString","coordinates":[[120.9857799660674,24.90058274305904],[120.9855145202283,24.90097478025594]]},"properties":{"name":"","FID":"1099","PI_NUM":"0991-6-0991-7","US_MH":"0991-6","DS_MH":"0991-7","PI_WIDT":"0","PI_WIDB":"0","PI_HEI":"0","PI_LENG":"51.03","PI_THICK":"0","PI_SLOP":"0","DES_FLOW":"0","DES_VELO":"0","US_BLE":"9.16","DS_BLE":"8.63","CITY_ID":"10004","KEYIN_DATE":"20040629"}},{"type":"Feature","geometry":{"type":"LineString","coordinates":[[120.9860807750012,24.90013789192639],[120.9857799660674,24.90058274305904]]},"properties":{"name":"","FID":"1100","PI_NUM":"0991-5-0991-6","US_MH":"0991-5","DS_MH":"0991-6","PI_WIDT":"0","PI_WIDB":"0","PI_HEI":"0","PI_LENG":"57.89","PI_THICK":"0","PI_SLOP":"0","DES_FLOW":"0","DES_VELO":"0","US_BLE":"10.65","DS_BLE":"9.16","CITY_ID":"10004","KEYIN_DATE":"20040629"}},{"type":"Feature","geometry":{"type":"LineString","coordinates":[[120.9863781563813,24.89969662416326],[120.9860807750012,24.90013789192639]]},"properties":{"name":"","FID":"1101","PI_NUM":"0991-4-0991-5","US_MH":"0991-4","DS_MH":"0991-5","PI_WIDT":"0","PI_WIDB":"0","PI_HEI":"0","PI_LENG":"57.37","PI_THICK":"0","PI_SLOP":"0","DES_FLOW":"0","DES_VELO":"0","US_BLE":"0","DS_BLE":"10.65","CITY_ID":"10004","KEYIN_DATE":"20040629"}},{"type":"Feature","geometry":{"type":"LineString","coordinates":[[120.9867393136923,24.89916314431543],[120.9863781563813,24.89969662416326]]},"properties":{"name":"","FID":"1102","PI_NUM":"0991-F1-0991-4","US_MH":"0991-F1","DS_MH":"0991-4","PI_WIDT":"0","PI_WIDB":"0","PI_HEI":"0","PI_LENG":"69.44","PI_THICK":"0","PI_SLOP":"0","DES_FLOW":"0","DES_VELO":"0","US_BLE":"0","DS_BLE":"0","CITY_ID":"10004","KEYIN_DATE":"20040629"}},{"type":"Feature","geometry":{"type":"LineString","coordinates":[[120.9869575622748,24.89926139368379],[120.9867393136923,24.89916314431543]]},"properties":{"name":"","FID":"1103","PI_NUM":"0991-3-0991-F1","US_MH":"0991-3","DS_MH":"0991-F1","PI_WIDT":"0","PI_WIDB":"0","PI_HEI":"0","PI_LENG":"24.59","PI_THICK":"0","PI_SLOP":"0","DES_FLOW":"0","DES_VELO":"0","US_BLE":"0","DS_BLE":"0","CITY_ID":"10004","KEYIN_DATE":"20040629"}},{"type":"Feature","geometry":{"type":"LineString","coordinates":[[120.9875819223959,24.89953865815611],[120.9869575622748,24.89926139368379]]},"properties":{"name":"","FID":"1104","PI_NUM":"0991-2-0991-3","US_MH":"0991-2","DS_MH":"0991-3","PI_WIDT":"0","PI_WIDB":"0","PI_HEI":"0","PI_LENG":"70.15","PI_THICK":"0","PI_SLOP":"0","DES_FLOW":"0","DES_VELO":"0","US_BLE":"12.41","DS_BLE":"0","CITY_ID":"10004","KEYIN_DATE":"20040629"}},{"type":"Feature","geometry":{"type":"LineString","coordinates":[[120.9872083520597,24.90009495398251],[120.9873970687753,24.90014963763193],[120.9875819223959,24.89953865815611]]},"properties":{"name":"","FID":"1105","PI_NUM":"0991-1-0991-2","US_MH":"0991-1","DS_MH":"0991-2","PI_WIDT":"0","PI_WIDB":"0","PI_HEI":"0","PI_LENG":"90.21","PI_THICK":"0","PI_SLOP":"0","DES_FLOW":"0","DES_VELO":"0","US_BLE":"12.6","DS_BLE":"12.41","CITY_ID":"10004","KEYIN_DATE":"20040629"}},{"type":"Feature","geometry":{"type":"LineString","coordinates":[[120.9939341935255,24.87834180857076],[120.9938695311149,24.87782747764016]]},"properties":{"name":"","FID":"1106","PI_NUM":"1087-7-1087-6","US_MH":"1087-7","DS_MH":"1087-6","PI_WIDT":"0","PI_WIDB":"0","PI_HEI":"0","PI_LENG":"57.34","PI_THICK":"0","PI_SLOP":"0","DES_FLOW":"0","DES_VELO":"0","US_BLE":"27.83","DS_BLE":"27.78","CITY_ID":"10004","KEYIN_DATE":"20040629"}},{"type":"Feature","geometry":{"type":"LineString","coordinates":[[120.9938695311149,24.87782747764016],[120.9938252106153,24.87745401966142]]},"properties":{"name":"","FID":"1107","PI_NUM":"1087-6-1087-5","US_MH":"1087-6","DS_MH":"1087-5","PI_WIDT":"0","PI_WIDB":"0","PI_HEI":"0","PI_LENG":"41.61","PI_THICK":"0","PI_SLOP":"0","DES_FLOW":"0","DES_VELO":"0","US_BLE":"27.86","DS_BLE":"27.74","CITY_ID":"10004","KEYIN_DATE":"20040629"}},{"type":"Feature","geometry":{"type":"LineString","coordinates":[[120.9938252106153,24.87745401966142],[120.9938154488731,24.87712103799337]]},"properties":{"name":"","FID":"1108","PI_NUM":"1087-5-1087-3","US_MH":"1087-5","DS_MH":"1087-3","PI_WIDT":"0","PI_WIDB":"0","PI_HEI":"0","PI_LENG":"36.89","PI_THICK":"0","PI_SLOP":"0","DES_FLOW":"0","DES_VELO":"0","US_BLE":"27.74","DS_BLE":"0","CITY_ID":"10004","KEYIN_DATE":"20040629"}},{"type":"Feature","geometry":{"type":"LineString","coordinates":[[120.9938154488731,24.87712103799337],[120.9941292060586,24.8758486505743]]},"properties":{"name":"","FID":"1109","PI_NUM":"1087-3-1087-2","US_MH":"1087-3","DS_MH":"1087-2","PI_WIDT":"0","PI_WIDB":"0","PI_HEI":"0","PI_LENG":"144.45","PI_THICK":"0","PI_SLOP":"0","DES_FLOW":"0","DES_VELO":"0","US_BLE":"0","DS_BLE":"0","CITY_ID":"10004","KEYIN_DATE":"20040629"}},{"type":"Feature","geometry":{"type":"LineString","coordinates":[[120.9941292060586,24.8758486505743],[120.9942508307321,24.87539910657467]]},"properties":{"name":"","FID":"1110","PI_NUM":"1087-2-1086-F1","US_MH":"1087-2","DS_MH":"1086-F1","PI_WIDT":"0","PI_WIDB":"0","PI_HEI":"0","PI_LENG":"51.29","PI_THICK":"0","PI_SLOP":"0","DES_FLOW":"0","DES_VELO":"0","US_BLE":"0","DS_BLE":"0","CITY_ID":"10004","KEYIN_DATE":"20040629"}},{"type":"Feature","geometry":{"type":"LineString","coordinates":[[120.9955969303003,24.87568032795588],[120.9942508307321,24.87539910657467]]},"properties":{"name":"","FID":"1111","PI_NUM":"1087-8-1086-F1","US_MH":"1087-8","DS_MH":"1086-F1","PI_WIDT":"0","PI_WIDB":"0","PI_HEI":"0","PI_LENG":"139.53","PI_THICK":"0","PI_SLOP":"0","DES_FLOW":"0","DES_VELO":"0","US_BLE":"0","DS_BLE":"0","CITY_ID":"10004","KEYIN_DATE":"20040629"}},{"type":"Feature","geometry":{"type":"LineString","coordinates":[[120.9942508307321,24.87539910657467],[120.9945018776151,24.87446697404683]]},"properties":{"name":"","FID":"1112","PI_NUM":"1086-16-1086-F1","US_MH":"1086-16","DS_MH":"1186-F1","PI_WIDT":"0","PI_WIDB":"0","PI_HEI":"0","PI_LENG":"106.31","PI_THICK":"0","PI_SLOP":"0","DES_FLOW":"0","DES_VELO":"0","US_BLE":"0","DS_BLE":"0","CITY_ID":"10004","KEYIN_DATE":"20040629"}},{"type":"Feature","geometry":{"type":"LineString","coordinates":[[120.9945018776151,24.87446697404683],[120.9945917980684,24.87406434981289]]},"properties":{"name":"","FID":"1113","PI_NUM":"1086-15-1086-16","US_MH":"1086-15","DS_MH":"1086-16","PI_WIDT":"0","PI_WIDB":"0","PI_HEI":"0","PI_LENG":"45.51","PI_THICK":"0","PI_SLOP":"0","DES_FLOW":"0","DES_VELO":"0","US_BLE":"0","DS_BLE":"0","CITY_ID":"10004","KEYIN_DATE":"20040629"}},{"type":"Feature","geometry":{"type":"LineString","coordinates":[[120.9945917980684,24.87406434981289],[120.9950483872061,24.87233269239262]]},"properties":{"name":"","FID":"1114","PI_NUM":"1086-14-1086-15","US_MH":"1086-14","DS_MH":"1086-15","PI_WIDT":"0","PI_WIDB":"0","PI_HEI":"0","PI_LENG":"197.27","PI_THICK":"0","PI_SLOP":"0","DES_FLOW":"0","DES_VELO":"0","US_BLE":"0","DS_BLE":"0","CITY_ID":"10004","KEYIN_DATE":"20040629"}},{"type":"Feature","geometry":{"type":"LineString","coordinates":[[120.9950483872061,24.87233269239262],[120.9951279833144,24.87164780819435]]},"properties":{"name":"","FID":"1115","PI_NUM":"1086-F2-1086-14","US_MH":"1086-F2","DS_MH":"1086-14","PI_WIDT":"0","PI_WIDB":"0","PI_HEI":"0","PI_LENG":"76.28","PI_THICK":"0","PI_SLOP":"0","DES_FLOW":"0","DES_VELO":"0","US_BLE":"0","DS_BLE":"0","CITY_ID":"10004","KEYIN_DATE":"20040629"}},{"type":"Feature","geometry":{"type":"LineString","coordinates":[[120.9968088931257,24.87593822271259],[120.9955969303003,24.87568032795588]]},"properties":{"name":"","FID":"1116","PI_NUM":"1187-F1-1087-8","US_MH":"1187-F1","DS_MH":"1087-8","PI_WIDT":"0","PI_WIDB":"0","PI_HEI":"0","PI_LENG":"125.75","PI_THICK":"0","PI_SLOP":"0","DES_FLOW":"0","DES_VELO":"0","US_BLE":"0","DS_BLE":"0","CITY_ID":"10004","KEYIN_DATE":"20040629"}},{"type":"Feature","geometry":{"type":"LineString","coordinates":[[120.9977492667761,24.87571793461281],[120.9968088931257,24.87593822271259]]},"properties":{"name":"","FID":"1117","PI_NUM":"1187-1-1187-F1","US_MH":"1187-1","DS_MH":"1187-F1","PI_WIDT":"0","PI_WIDB":"0","PI_HEI":"0","PI_LENG":"98.1","PI_THICK":"0","PI_SLOP":"0","DES_FLOW":"0","DES_VELO":"0","US_BLE":"0","DS_BLE":"0","CITY_ID":"10004","KEYIN_DATE":"20040629"}},{"type":"Feature","geometry":{"type":"LineString","coordinates":[[120.9984963949585,24.87506427816936],[120.9977492667761,24.87571793461281]]},"properties":{"name":"","FID":"1118","PI_NUM":"1186-F1-1187-1","US_MH":"1186-F1","DS_MH":"1187-1","PI_WIDT":"0","PI_WIDB":"0","PI_HEI":"0","PI_LENG":"104.6","PI_THICK":"0","PI_SLOP":"0","DES_FLOW":"0","DES_VELO":"0","US_BLE":"0","DS_BLE":"0","CITY_ID":"10004","KEYIN_DATE":"20040629"}},{"type":"Feature","geometry":{"type":"LineString","coordinates":[[120.9992591138755,24.87421337160476],[120.9984963949585,24.87506427816936]]},"properties":{"name":"","FID":"1119","PI_NUM":"1186-1-1186-F1","US_MH":"1186-1","DS_MH":"1186-F1","PI_WIDT":"0","PI_WIDB":"0","PI_HEI":"0","PI_LENG":"121.74","PI_THICK":"0","PI_SLOP":"0","DES_FLOW":"0","DES_VELO":"0","US_BLE":"0","DS_BLE":"0","CITY_ID":"10004","KEYIN_DATE":"20040629"}},{"type":"Feature","geometry":{"type":"LineString","coordinates":[[120.9934076179431,24.87531165746288],[120.9930129340437,24.87557618457659]]},"properties":{"name":"","FID":"1120","PI_NUM":"1086-18-1087-F1","US_MH":"1086-18","DS_MH":"1087-F1","PI_WIDT":"0","PI_WIDB":"0","PI_HEI":"0","PI_LENG":"49.49","PI_THICK":"0","PI_SLOP":"0","DES_FLOW":"0","DES_VELO":"0","US_BLE":"0","DS_BLE":"0","CITY_ID":"10004","KEYIN_DATE":"20040629"}},{"type":"Feature","geometry":{"type":"LineString","coordinates":[[120.993872958326,24.87536205650157],[120.9934076179431,24.87531165746288]]},"properties":{"name":"","FID":"1121","PI_NUM":"1086-17-1086-18","US_MH":"1086-17","DS_MH":"1086-18","PI_WIDT":"0","PI_WIDB":"0","PI_HEI":"0","PI_LENG":"47.35","PI_THICK":"0","PI_SLOP":"0","DES_FLOW":"0","DES_VELO":"0","US_BLE":"0","DS_BLE":"0","CITY_ID":"10004","KEYIN_DATE":"20040629"}},{"type":"Feature","geometry":{"type":"LineString","coordinates":[[120.9942508307321,24.87539910657467],[120.993872958326,24.87536205650157]]},"properties":{"name":"","FID":"1122","PI_NUM":"1086-F1-1087-17","US_MH":"1086-F1","DS_MH":"1087-17","PI_WIDT":"0","PI_WIDB":"0","PI_HEI":"0","PI_LENG":"38.4","PI_THICK":"0","PI_SLOP":"0","DES_FLOW":"0","DES_VELO":"0","US_BLE":"0","DS_BLE":"0","CITY_ID":"10004","KEYIN_DATE":"20040629"}},{"type":"Feature","geometry":{"type":"LineString","coordinates":[[120.9926873247116,24.8720488465568],[120.993248018085,24.87098180807729]]},"properties":{"name":"","FID":"1123","PI_NUM":"1086-11-1086-9","US_MH":"1086-11","DS_MH":"1086-9","PI_WIDT":"0","PI_WIDB":"0","PI_HEI":"0","PI_LENG":"131.06","PI_THICK":"0","PI_SLOP":"0","DES_FLOW":"0","DES_VELO":"0","US_BLE":"0","DS_BLE":"0","CITY_ID":"10004","KEYIN_DATE":"20040629"}},{"type":"Feature","geometry":{"type":"LineString","coordinates":[[120.993248018085,24.87098180807729],[120.9938423564685,24.87018100231958]]},"properties":{"name":"","FID":"1124","PI_NUM":"1086-12-1086-11","US_MH":"1086-12","DS_MH":"1086-11","PI_WIDT":"0","PI_WIDB":"0","PI_HEI":"0","PI_LENG":"107.12","PI_THICK":"0","PI_SLOP":"0","DES_FLOW":"0","DES_VELO":"0","US_BLE":"0","DS_BLE":"0","CITY_ID":"10004","KEYIN_DATE":"20040629"}},{"type":"Feature","geometry":{"type":"LineString","coordinates":[[120.9938423564685,24.87018100231958],[120.9944931262564,24.86916420641398]]},"properties":{"name":"","FID":"1125","PI_NUM":"1085-10-1086-12","US_MH":"1085-10","DS_MH":"1086-12","PI_WIDT":"0","PI_WIDB":"0","PI_HEI":"0","PI_LENG":"130.41","PI_THICK":"0","PI_SLOP":"0","DES_FLOW":"0","DES_VELO":"0","US_BLE":"0","DS_BLE":"0","CITY_ID":"10004","KEYIN_DATE":"20040629"}},{"type":"Feature","geometry":{"type":"LineString","coordinates":[[120.9920172529193,24.86910916494681],[120.9934025559023,24.86999437264316]]},"properties":{"name":"","FID":"1126","PI_NUM":"1085-5-1085-9","US_MH":"1085-5","DS_MH":"1085-9","PI_WIDT":"0","PI_WIDB":"0","PI_HEI":"0","PI_LENG":"170.9","PI_THICK":"0","PI_SLOP":"0","DES_FLOW":"0","DES_VELO":"0","US_BLE":"30.06","DS_BLE":"0","CITY_ID":"10004","KEYIN_DATE":"20040629"}},{"type":"Feature","geometry":{"type":"LineString","coordinates":[[120.9911897986508,24.86848056941681],[120.9920172529193,24.86910916494681]]},"properties":{"name":"","FID":"1127","PI_NUM":"1085-4-1085-5","US_MH":"1085-4","DS_MH":"1085-5","PI_WIDT":"0","PI_WIDB":"0","PI_HEI":"0","PI_LENG":"108.8","PI_THICK":"0","PI_SLOP":"0","DES_FLOW":"0","DES_VELO":"0","US_BLE":"30.87","DS_BLE":"30.22","CITY_ID":"10004","KEYIN_DATE":"20040629"}},{"type":"Feature","geometry":{"type":"LineString","coordinates":[[120.9911748169959,24.87041152060498],[120.9897948001177,24.87000753191461]]},"properties":{"name":"","FID":"1128","PI_NUM":"1085-8-1086-5","US_MH":"1085-8","DS_MH":"1086-5","PI_WIDT":"0","PI_WIDB":"0","PI_HEI":"0","PI_LENG":"146.45","PI_THICK":"0","PI_SLOP":"0","DES_FLOW":"0","DES_VELO":"0","US_BLE":"30.47","DS_BLE":"0","CITY_ID":"10004","KEYIN_DATE":"20040629"}},{"type":"Feature","geometry":{"type":"LineString","coordinates":[[120.9889598273865,24.86996340421552],[120.9893804982456,24.87111038425749]]},"properties":{"name":"","FID":"1129","PI_NUM":"1085-7-1086-1","US_MH":"1085-7","DS_MH":"1086-1","PI_WIDT":"0","PI_WIDB":"0","PI_HEI":"0","PI_LENG":"133.96","PI_THICK":"0","PI_SLOP":"0","DES_FLOW":"0","DES_VELO":"0","US_BLE":"0","DS_BLE":"0","CITY_ID":"10004","KEYIN_DATE":"20040629"}},{"type":"Feature","geometry":{"type":"LineString","coordinates":[[120.9893804982456,24.87111038425749],[120.9896656968661,24.87219261901294]]},"properties":{"name":"","FID":"1130","PI_NUM":"1086-1-1086-2","US_MH":"1086-1","DS_MH":"1086-2","PI_WIDT":"0","PI_WIDB":"0","PI_HEI":"0","PI_LENG":"123.28","PI_THICK":"0","PI_SLOP":"0","DES_FLOW":"0","DES_VELO":"0","US_BLE":"0","DS_BLE":"29.42","CITY_ID":"10004","KEYIN_DATE":"20040629"}},{"type":"Feature","geometry":{"type":"LineString","coordinates":[[120.9896656968661,24.87219261901294],[120.990963887357,24.87211489527792]]},"properties":{"name":"","FID":"1131","PI_NUM":"1086-2-1086-3","US_MH":"1086-2","DS_MH":"1086-3","PI_WIDT":"0","PI_WIDB":"0","PI_HEI":"0","PI_LENG":"131.46","PI_THICK":"0","PI_SLOP":"0","DES_FLOW":"0","DES_VELO":"0","US_BLE":"29.42","DS_BLE":"0","CITY_ID":"10004","KEYIN_DATE":"20040629"}},{"type":"Feature","geometry":{"type":"LineString","coordinates":[[120.990963887357,24.87211489527792],[120.9923437416108,24.87206599258572]]},"properties":{"name":"","FID":"1132","PI_NUM":"1086-3-1086-8","US_MH":"1086-3","DS_MH":"1086-8","PI_WIDT":"0","PI_WIDB":"0","PI_HEI":"0","PI_LENG":"139.53","PI_THICK":"0","PI_SLOP":"0","DES_FLOW":"0","DES_VELO":"0","US_BLE":"0","DS_BLE":"0","CITY_ID":"10004","KEYIN_DATE":"20040629"}},{"type":"Feature","geometry":{"type":"LineString","coordinates":[[120.9911748169959,24.87041152060498],[120.9909068295729,24.87135198035276]]},"properties":{"name":"","FID":"1133","PI_NUM":"1086-5-1086-4","US_MH":"1086-5","DS_MH":"1086-4","PI_WIDT":"0","PI_WIDB":"0","PI_HEI":"0","PI_LENG":"107.63","PI_THICK":"0","PI_SLOP":"0","DES_FLOW":"0","DES_VELO":"0","US_BLE":"0","DS_BLE":"0","CITY_ID":"10004","KEYIN_DATE":"20040629"}},{"type":"Feature","geometry":{"type":"LineString","coordinates":[[120.9915705377096,24.86955919510742],[120.9911748169959,24.87041152060498]]},"properties":{"name":"","FID":"1134","PI_NUM":"1085-6-1086-5","US_MH":"1085-6","DS_MH":"1086-5","PI_WIDT":"0","PI_WIDB":"0","PI_HEI":"0","PI_LENG":"102.52","PI_THICK":"0","PI_SLOP":"0","DES_FLOW":"0","DES_VELO":"0","US_BLE":"0","DS_BLE":"0","CITY_ID":"10004","KEYIN_DATE":"20040629"}},{"type":"Feature","geometry":{"type":"LineString","coordinates":[[120.9924002654187,24.87086729449338],[120.9915994064992,24.87057176555598]]},"properties":{"name":"","FID":"1135","PI_NUM":"1086-6-1086-7","US_MH":"1086-6","DS_MH":"1086-7","PI_WIDT":"0","PI_WIDB":"0","PI_HEI":"0","PI_LENG":"87.29","PI_THICK":"0","PI_SLOP":"0","DES_FLOW":"0","DES_VELO":"0","US_BLE":"0","DS_BLE":"0","CITY_ID":"10004","KEYIN_DATE":"20040629"}},{"type":"Feature","geometry":{"type":"LineString","coordinates":[[120.9927487354878,24.87099592335934],[120.9924002654187,24.87086729449338]]},"properties":{"name":"","FID":"1136","PI_NUM":"1086-7-1086-10","US_MH":"1086-7","DS_MH":"1086-10","PI_WIDT":"0","PI_WIDB":"0","PI_HEI":"0","PI_LENG":"37.98","PI_THICK":"0","PI_SLOP":"0","DES_FLOW":"0","DES_VELO":"0","US_BLE":"0","DS_BLE":"0","CITY_ID":"10004","KEYIN_DATE":"20040629"}},{"type":"Feature","geometry":{"type":"LineString","coordinates":[[120.993248018085,24.87098180807729],[120.9927487354878,24.87099592335934]]},"properties":{"name":"","FID":"1137","PI_NUM":"1086-10-1086-11","US_MH":"1086-10","DS_MH":"1086-11","PI_WIDT":"0","PI_WIDB":"0","PI_HEI":"0","PI_LENG":"50.47","PI_THICK":"0","PI_SLOP":"0","DES_FLOW":"0","DES_VELO":"0","US_BLE":"0","DS_BLE":"0","CITY_ID":"10004","KEYIN_DATE":"20040629"}},{"type":"Feature","geometry":{"type":"LineString","coordinates":[[120.9906007778697,24.86754994357428],[120.9908714863787,24.86801669088546]]},"properties":{"name":"","FID":"1138","PI_NUM":"1085-2-1085-3","US_MH":"1085-2","DS_MH":"1085-3","PI_WIDT":"0","PI_WIDB":"0","PI_HEI":"0","PI_LENG":"58.49","PI_THICK":"0","PI_SLOP":"0","DES_FLOW":"0","DES_VELO":"0","US_BLE":"0","DS_BLE":"0","CITY_ID":"10004","KEYIN_DATE":"20040629"}},{"type":"Feature","geometry":{"type":"LineString","coordinates":[[120.9903884687209,24.86721737269907],[120.9906007778697,24.86754994357428]]},"properties":{"name":"","FID":"1139","PI_NUM":"1085-1-1085-2","US_MH":"1085-1","DS_MH":"1085-2","PI_WIDT":"0","PI_WIDB":"0","PI_HEI":"0","PI_LENG":"42.63","PI_THICK":"0","PI_SLOP":"0","DES_FLOW":"0","DES_VELO":"0","US_BLE":"0","DS_BLE":"0","CITY_ID":"10004","KEYIN_DATE":"20040629"}},{"type":"Feature","geometry":{"type":"LineString","coordinates":[[120.9920172529193,24.86910916494681],[120.9915705377096,24.86955919510742]]},"properties":{"name":"","FID":"1140","PI_NUM":"1085-5-1085-6","US_MH":"1085-5","DS_MH":"1086-6","PI_WIDT":"0","PI_WIDB":"0","PI_HEI":"0","PI_LENG":"67.25","PI_THICK":"0","PI_SLOP":"0","DES_FLOW":"0","DES_VELO":"0","US_BLE":"30.22","DS_BLE":"0","CITY_ID":"10004","KEYIN_DATE":"20040629"}},{"type":"Feature","geometry":{"type":"LineString","coordinates":[[121.1394221664791,24.71739881365725],[121.1381050647196,24.71800812443928],[121.1368308507017,24.71832092697172]]},"properties":{"name":"","FID":"1141","PI_NUM":"2957-F1-2857-1","US_MH":"2957-F1","DS_MH":"2857-1","PI_WIDT":"0","PI_WIDB":"0","PI_HEI":"0","PI_LENG":"282.85","PI_THICK":"0","PI_SLOP":"0","DES_FLOW":"0","DES_VELO":"0","US_BLE":"0","DS_BLE":"0","CITY_ID":"10004","KEYIN_DATE":"20040629"}},{"type":"Feature","geometry":{"type":"LineString","coordinates":[[121.1826015824974,24.78741312861388],[121.1819996182689,24.78725991484601]]},"properties":{"name":"","FID":"1142","PI_NUM":"3470-2-3470-3","US_MH":"3470-2","DS_MH":"3470-3","PI_WIDT":"0","PI_WIDB":"0","PI_HEI":"0","PI_LENG":"63.19","PI_THICK":"0","PI_SLOP":"0","DES_FLOW":"0","DES_VELO":"0","US_BLE":"144.53","DS_BLE":"141.74","CITY_ID":"10004","KEYIN_DATE":"20040629"}},{"type":"Feature","geometry":{"type":"LineString","coordinates":[[121.0414662343727,24.902018182834],[121.0418404883144,24.90252031572018]]},"properties":{"name":"","FID":"1143","PI_NUM":"1691-10-1691-11","US_MH":"1691-10","DS_MH":"1691-11","PI_WIDT":"0","PI_WIDB":"0","PI_HEI":"0","PI_LENG":"67.25","PI_THICK":"0","PI_SLOP":"0","DES_FLOW":"0","DES_VELO":"0","US_BLE":"70.19","DS_BLE":"70.13","CITY_ID":"10004","KEYIN_DATE":"20040629"}},{"type":"Feature","geometry":{"type":"LineString","coordinates":[[121.0373843775236,24.90015070480261],[121.0378079652909,24.90120495553352]]},"properties":{"name":"","FID":"1144","PI_NUM":"1691-4-1691-3","US_MH":"1691-4","DS_MH":"1691-3","PI_WIDT":"0","PI_WIDB":"0","PI_HEI":"0","PI_LENG":"124.36","PI_THICK":"0","PI_SLOP":"0","DES_FLOW":"0","DES_VELO":"0","US_BLE":"64.5","DS_BLE":"63.09","CITY_ID":"10004","KEYIN_DATE":"20040629"}},{"type":"Feature","geometry":{"type":"LineString","coordinates":[[121.080240272172,24.824921431385],[121.0803688350809,24.82541931608582]]},"properties":{"name":"","FID":"1145","PI_NUM":"2177-8-2177-7","US_MH":"2177-8","DS_MH":"2177-7","PI_WIDT":"0","PI_WIDB":"0","PI_HEI":"0","PI_LENG":"56.66","PI_THICK":"0","PI_SLOP":"0","DES_FLOW":"0","DES_VELO":"0","US_BLE":"52.29","DS_BLE":"51.19","CITY_ID":"10004","KEYIN_DATE":"20040629"}},{"type":"Feature","geometry":{"type":"LineString","coordinates":[[121.0297936465122,24.81905678646763],[121.0295000910813,24.81898431790731]]},"properties":{"name":"","FID":"1146","PI_NUM":"1576-2-1576-1","US_MH":"1576-2","DS_MH":"1576-1","PI_WIDT":"0","PI_WIDB":"0","PI_HEI":"0","PI_LENG":"189.97","PI_THICK":"0","PI_SLOP":"0","DES_FLOW":"0","DES_VELO":"0","US_BLE":"29.75","DS_BLE":"29.47","CITY_ID":"10004","KEYIN_DATE":"20040629"}},{"type":"Feature","geometry":{"type":"LineString","coordinates":[[121.0919757720709,24.73664467301238],[121.091668759679,24.73700090756472]]},"properties":{"name":"","FID":"1147","PI_NUM":"2361-16-2361-17","US_MH":"2361-16","DS_MH":"2361-17","PI_WIDT":"0","PI_WIDB":"0","PI_HEI":"0","PI_LENG":"50.21","PI_THICK":"0","PI_SLOP":"0","DES_FLOW":"0","DES_VELO":"0","US_BLE":"0","DS_BLE":"0","CITY_ID":"10004","KEYIN_DATE":"18991230"}},{"type":"Feature","geometry":{"type":"LineString","coordinates":[[121.091668759679,24.73700090756472],[121.0906749383121,24.73697512106263]]},"properties":{"name":"","FID":"1148","PI_NUM":"2361-17-2261-2","US_MH":"2361-17","DS_MH":"2261-2","PI_WIDT":"0","PI_WIDB":"0","PI_HEI":"0","PI_LENG":"100.57","PI_THICK":"0","PI_SLOP":"0","DES_FLOW":"0","DES_VELO":"0","US_BLE":"0","DS_BLE":"0","CITY_ID":"10004","KEYIN_DATE":"18991230"}},{"type":"Feature","geometry":{"type":"LineString","coordinates":[[121.0906749383121,24.73697512106263],[121.0903325527427,24.73728116570194]]},"properties":{"name":"","FID":"1149","PI_NUM":"2261-2-2261-F1","US_MH":"2261-2","DS_MH":"2261-F1","PI_WIDT":"0","PI_WIDB":"0","PI_HEI":"0","PI_LENG":"48.46","PI_THICK":"0","PI_SLOP":"0","DES_FLOW":"0","DES_VELO":"0","US_BLE":"0","DS_BLE":"0","CITY_ID":"10004","KEYIN_DATE":"18991230"}},{"type":"Feature","geometry":{"type":"LineString","coordinates":[[121.0907561419711,24.73579094065506],[121.0901810991412,24.73648490805968]]},"properties":{"name":"","FID":"1150","PI_NUM":"2261-1-2261-F1","US_MH":"2261-1","DS_MH":"2261-F1","PI_WIDT":"0","PI_WIDB":"0","PI_HEI":"0","PI_LENG":"96.39","PI_THICK":"0","PI_SLOP":"0","DES_FLOW":"0","DES_VELO":"0","US_BLE":"0","DS_BLE":"0","CITY_ID":"10004","KEYIN_DATE":"18991230"}},{"type":"Feature","geometry":{"type":"LineString","coordinates":[[121.0919777435261,24.7357632274944],[121.0907561419711,24.73579094065506]]},"properties":{"name":"","FID":"1151","PI_NUM":"2361-F1-2261-1","US_MH":"2361-F1","DS_MH":"2261-1","PI_WIDT":"0","PI_WIDB":"0","PI_HEI":"0","PI_LENG":"123.61","PI_THICK":"0","PI_SLOP":"0","DES_FLOW":"0","DES_VELO":"0","US_BLE":"0","DS_BLE":"0","CITY_ID":"10004","KEYIN_DATE":"18991230"}},{"type":"Feature","geometry":{"type":"LineString","coordinates":[[121.021862632741,24.81787360354029],[121.0210024556382,24.81811837484886]]},"properties":{"name":"","FID":"1152","PI_NUM":"1476-28-1476-25","US_MH":"1476-28","DS_MH":"1476-25","PI_WIDT":"0","PI_WIDB":"0","PI_HEI":"0","PI_LENG":"97.52","PI_THICK":"0","PI_SLOP":"0","DES_FLOW":"0","DES_VELO":"0","US_BLE":"0","DS_BLE":"30.69","CITY_ID":"10004","KEYIN_DATE":"20040629"}},{"type":"Feature","geometry":{"type":"LineString","coordinates":[[121.0210024556382,24.81811837484886],[121.0208694778226,24.81814949699869]]},"properties":{"name":"","FID":"1153","PI_NUM":"1476-25-1476-24","US_MH":"1476-25","DS_MH":"1476-24","PI_WIDT":"0","PI_WIDB":"0","PI_HEI":"0","PI_LENG":"67.49","PI_THICK":"0","PI_SLOP":"0","DES_FLOW":"0","DES_VELO":"0","US_BLE":"30.69","DS_BLE":"0","CITY_ID":"10004","KEYIN_DATE":"20040629"}},{"type":"Feature","geometry":{"type":"LineString","coordinates":[[121.0134669712517,24.81970241753637],[121.0141440484239,24.81940304788546]]},"properties":{"name":"","FID":"1154","PI_NUM":"1376-4-1376-F2","US_MH":"1376-4","DS_MH":"1376-F2","PI_WIDT":"0","PI_WIDB":"0","PI_HEI":"0","PI_LENG":"76.05","PI_THICK":"0","PI_SLOP":"0","DES_FLOW":"0","DES_VELO":"0","US_BLE":"0","DS_BLE":"0","CITY_ID":"10004","KEYIN_DATE":"20040629"}},{"type":"Feature","geometry":{"type":"LineString","coordinates":[[121.0141440484239,24.81940304788546],[121.0145500255712,24.82016778558634]]},"properties":{"name":"","FID":"1155","PI_NUM":"1376-F2-1376-3","US_MH":"1376-F2","DS_MH":"1376-3","PI_WIDT":"0","PI_WIDB":"0","PI_HEI":"0","PI_LENG":"94.12","PI_THICK":"0","PI_SLOP":"0","DES_FLOW":"0","DES_VELO":"0","US_BLE":"0","DS_BLE":"26.84","CITY_ID":"10004","KEYIN_DATE":"20040629"}},{"type":"Feature","geometry":{"type":"LineString","coordinates":[[121.0156658532865,24.82229407944272],[121.0154136280291,24.8218053244485]]},"properties":{"name":"","FID":"1156","PI_NUM":"1377-7-1377-8","US_MH":"1377-7","DS_MH":"1377-8","PI_WIDT":"0","PI_WIDB":"0","PI_HEI":"0","PI_LENG":"8.2","PI_THICK":"0","PI_SLOP":"0","DES_FLOW":"0","DES_VELO":"0","US_BLE":"0","DS_BLE":"27.85","CITY_ID":"10004","KEYIN_DATE":"20040629"}},{"type":"Feature","geometry":{"type":"LineString","coordinates":[[121.0143205378181,24.82282708213609],[121.0156658532865,24.82229407944272]]},"properties":{"name":"","FID":"1157","PI_NUM":"1377-7-1377-6","US_MH":"1377-7","DS_MH":"1377-6","PI_WIDT":"0","PI_WIDB":"0","PI_HEI":"0","PI_LENG":"41.47","PI_THICK":"0","PI_SLOP":"0","DES_FLOW":"0","DES_VELO":"0","US_BLE":"0","DS_BLE":"0","CITY_ID":"10004","KEYIN_DATE":"20040629"}},{"type":"Feature","geometry":{"type":"LineString","coordinates":[[121.0141570592421,24.82290441860608],[121.0143205180337,24.82282709116657]]},"properties":{"name":"","FID":"1158","PI_NUM":"1377-5-1377-3","US_MH":"1377-5","DS_MH":"1377-3","PI_WIDT":"0","PI_WIDB":"0","PI_HEI":"0","PI_LENG":"18.61","PI_THICK":"0","PI_SLOP":"0","DES_FLOW":"0","DES_VELO":"0","US_BLE":"25.89","DS_BLE":"0","CITY_ID":"10004","KEYIN_DATE":"20040629"}},{"type":"Feature","geometry":{"type":"LineString","coordinates":[[121.0110716562348,24.82240405218145],[121.0104981144765,24.8227276965319]]},"properties":{"name":"","FID":"1159","PI_NUM":"1277-8-1277-7","US_MH":"1277-8","DS_MH":"4061-59-1","PI_WIDT":"0","PI_WIDB":"0","PI_HEI":"0","PI_LENG":"61.83","PI_THICK":"0","PI_SLOP":"0","DES_FLOW":"0","DES_VELO":"0","US_BLE":"0","DS_BLE":"0","CITY_ID":"10004","KEYIN_DATE":"20040629"}},{"type":"Feature","geometry":{"type":"LineString","coordinates":[[121.0082379858627,24.82443040564515],[121.0074568273299,24.82512150431116],[121.0070501218688,24.82533749704197],[121.0066302538966,24.82548826668267]]},"properties":{"name":"","FID":"1160","PI_NUM":"1277-6-1277-5","US_MH":"1277-6","DS_MH":"1277-5","PI_WIDT":"0","PI_WIDB":"0","PI_HEI":"0","PI_LENG":"260.6","PI_THICK":"0","PI_SLOP":"0","DES_FLOW":"0","DES_VELO":"0","US_BLE":"0","DS_BLE":"0","CITY_ID":"10004","KEYIN_DATE":"20040629"}},{"type":"Feature","geometry":{"type":"LineString","coordinates":[[121.0066302538957,24.82548824862548],[121.0052191986262,24.82609426762031]]},"properties":{"name":"","FID":"1161","PI_NUM":"1277-4-1277-3","US_MH":"1277-4","DS_MH":"1277-3","PI_WIDT":"0","PI_WIDB":"0","PI_HEI":"0","PI_LENG":"155.14","PI_THICK":"0","PI_SLOP":"0","DES_FLOW":"0","DES_VELO":"0","US_BLE":"0","DS_BLE":"0","CITY_ID":"10004","KEYIN_DATE":"20040629"}},{"type":"Feature","geometry":{"type":"LineString","coordinates":[[121.0054531554158,24.82671083993206],[121.00546818848,24.82661143457953]]},"properties":{"name":"","FID":"1162","PI_NUM":"1277-1-1277-2","US_MH":"1277-1","DS_MH":"1277-2","PI_WIDT":"0","PI_WIDB":"0","PI_HEI":"0","PI_LENG":"11.11","PI_THICK":"0","PI_SLOP":"0","DES_FLOW":"0","DES_VELO":"0","US_BLE":"0","DS_BLE":"21.4","CITY_ID":"10004","KEYIN_DATE":"20040629"}},{"type":"Feature","geometry":{"type":"LineString","coordinates":[[121.0055423483836,24.82687181645422],[121.0054531554158,24.82671083993206]]},"properties":{"name":"","FID":"1163","PI_NUM":"1278-11-1277-1","US_MH":"1278-11","DS_MH":"1277-1","PI_WIDT":"0","PI_WIDB":"0","PI_HEI":"0","PI_LENG":"19.98","PI_THICK":"0","PI_SLOP":"0","DES_FLOW":"0","DES_VELO":"0","US_BLE":"0","DS_BLE":"0","CITY_ID":"10004","KEYIN_DATE":"20040629"}},{"type":"Feature","geometry":{"type":"LineString","coordinates":[[121.0056308095575,24.82703418335041],[121.0055423483836,24.82687181645422]]},"properties":{"name":"","FID":"1164","PI_NUM":"1278-10-1278-11","US_MH":"1278-10","DS_MH":"1278-11","PI_WIDT":"0","PI_WIDB":"0","PI_HEI":"0","PI_LENG":"20.08","PI_THICK":"0","PI_SLOP":"0","DES_FLOW":"0","DES_VELO":"0","US_BLE":"0","DS_BLE":"0","CITY_ID":"10004","KEYIN_DATE":"20040629"}},{"type":"Feature","geometry":{"type":"LineString","coordinates":[[121.0057186179528,24.82719511466957],[121.0056308095575,24.82703418335041]]},"properties":{"name":"","FID":"1165","PI_NUM":"1278-9-1278-10","US_MH":"1278-9","DS_MH":"1278-10","PI_WIDT":"0","PI_WIDB":"0","PI_HEI":"0","PI_LENG":"19.91","PI_THICK":"0","PI_SLOP":"0","DES_FLOW":"0","DES_VELO":"0","US_BLE":"0","DS_BLE":"0","CITY_ID":"10004","KEYIN_DATE":"20040629"}},{"type":"Feature","geometry":{"type":"LineString","coordinates":[[121.0062955712613,24.82716653405424],[121.0063884834288,24.82709530355159]]},"properties":{"name":"","FID":"1166","PI_NUM":"1278-14-1278-7","US_MH":"1278-14","DS_MH":"1278-7","PI_WIDT":"0","PI_WIDB":"0","PI_HEI":"0","PI_LENG":"54.86","PI_THICK":"0","PI_SLOP":"0","DES_FLOW":"0","DES_VELO":"0","US_BLE":"0","DS_BLE":"0","CITY_ID":"10004","KEYIN_DATE":"20040629"}},{"type":"Feature","geometry":{"type":"LineString","coordinates":[[121.005833090306,24.82739523801215],[121.0057186179528,24.82719511466957]]},"properties":{"name":"","FID":"1167","PI_NUM":"1278-7-1278-8","US_MH":"1278-7","DS_MH":"1278-8","PI_WIDT":"0","PI_WIDB":"0","PI_HEI":"0","PI_LENG":"16.66","PI_THICK":"0","PI_SLOP":"0","DES_FLOW":"0","DES_VELO":"0","US_BLE":"0","DS_BLE":"0","CITY_ID":"10004","KEYIN_DATE":"20040629"}},{"type":"Feature","geometry":{"type":"LineString","coordinates":[[121.0065631687825,24.82865986052535],[121.005833090306,24.82739523801215]]},"properties":{"name":"","FID":"1168","PI_NUM":"1278-6-1278-7","US_MH":"1278-6","DS_MH":"1278-7","PI_WIDT":"0","PI_WIDB":"0","PI_HEI":"0","PI_LENG":"160.72","PI_THICK":"0","PI_SLOP":"0","DES_FLOW":"0","DES_VELO":"0","US_BLE":"20.71","DS_BLE":"0","CITY_ID":"10004","KEYIN_DATE":"20040629"}},{"type":"Feature","geometry":{"type":"LineString","coordinates":[[121.0066820642122,24.82882466314057],[121.0065631687825,24.82865986052535]]},"properties":{"name":"","FID":"1169","PI_NUM":"1278-5-1278-6","US_MH":"1278-5","DS_MH":"1278-6","PI_WIDT":"0","PI_WIDB":"0","PI_HEI":"0","PI_LENG":"21.85","PI_THICK":"0","PI_SLOP":"0","DES_FLOW":"0","DES_VELO":"0","US_BLE":"20.83","DS_BLE":"20.71","CITY_ID":"10004","KEYIN_DATE":"20040629"}},{"type":"Feature","geometry":{"type":"LineString","coordinates":[[121.007186720593,24.82974365984217],[121.0066820642122,24.82882466314057]]},"properties":{"name":"","FID":"1170","PI_NUM":"1278-5-1278-4","US_MH":"1278-5","DS_MH":"1278-4","PI_WIDT":"0","PI_WIDB":"0","PI_HEI":"0","PI_LENG":"113.85","PI_THICK":"0","PI_SLOP":"0","DES_FLOW":"0","DES_VELO":"0","US_BLE":"20.83","DS_BLE":"20.18","CITY_ID":"10004","KEYIN_DATE":"20040629"}},{"type":"Feature","geometry":{"type":"LineString","coordinates":[[121.01967279527,24.83441258324223],[121.0200158219527,24.83498942801211]]},"properties":{"name":"","FID":"1171","PI_NUM":"1379-21-1379-22","US_MH":"1379-21","DS_MH":"1379-22","PI_WIDT":"0","PI_WIDB":"0","PI_HEI":"0","PI_LENG":"73.05","PI_THICK":"0","PI_SLOP":"0","DES_FLOW":"0","DES_VELO":"0","US_BLE":"0","DS_BLE":"0","CITY_ID":"10004","KEYIN_DATE":"20040629"}},{"type":"Feature","geometry":{"type":"LineString","coordinates":[[121.0202319272107,24.83551952112881],[121.0196173542338,24.83600130493699]]},"properties":{"name":"","FID":"1172","PI_NUM":"1379-10-1379-9","US_MH":"1379-10","DS_MH":"1379-9","PI_WIDT":"0","PI_WIDB":"0","PI_HEI":"0","PI_LENG":"51","PI_THICK":"0","PI_SLOP":"0","DES_FLOW":"0","DES_VELO":"0","US_BLE":"26.9","DS_BLE":"26.61","CITY_ID":"10004","KEYIN_DATE":"20040629"}},{"type":"Feature","geometry":{"type":"LineString","coordinates":[[121.0182659409691,24.83673188834383],[121.0179301511413,24.83691887477592]]},"properties":{"name":"","FID":"1173","PI_NUM":"1379-6-1379-5","US_MH":"1379-6","DS_MH":"1379-5","PI_WIDT":"0","PI_WIDB":"0","PI_HEI":"0","PI_LENG":"44.67","PI_THICK":"0","PI_SLOP":"0","DES_FLOW":"0","DES_VELO":"0","US_BLE":"25.77","DS_BLE":"0","CITY_ID":"10004","KEYIN_DATE":"20040629"}},{"type":"Feature","geometry":{"type":"LineString","coordinates":[[121.0179301511413,24.83691887477592],[121.0175531159549,24.83712854509058]]},"properties":{"name":"","FID":"1174","PI_NUM":"1379-5-1379-4","US_MH":"1379-5","DS_MH":"1379-4","PI_WIDT":"0","PI_WIDB":"0","PI_HEI":"0","PI_LENG":"44.63","PI_THICK":"0","PI_SLOP":"0","DES_FLOW":"0","DES_VELO":"0","US_BLE":"0","DS_BLE":"0","CITY_ID":"10004","KEYIN_DATE":"20040629"}},{"type":"Feature","geometry":{"type":"LineString","coordinates":[[121.0175531159549,24.83712854509058],[121.0168664480624,24.83739527421451]]},"properties":{"name":"","FID":"1175","PI_NUM":"1379-4-1379-3","US_MH":"1379-4","DS_MH":"1379-3","PI_WIDT":"0","PI_WIDB":"0","PI_HEI":"0","PI_LENG":"75.43","PI_THICK":"0","PI_SLOP":"0","DES_FLOW":"0","DES_VELO":"0","US_BLE":"0","DS_BLE":"24.96","CITY_ID":"10004","KEYIN_DATE":"20040629"}},{"type":"Feature","geometry":{"type":"LineString","coordinates":[[121.0171896761454,24.83506320013687],[121.0179678746039,24.83505562393118],[121.0186745581272,24.83522510311824]]},"properties":{"name":"","FID":"1176","PI_NUM":"1379-11-1379-12","US_MH":"1379-11","DS_MH":"1379-12","PI_WIDT":"0","PI_WIDB":"0","PI_HEI":"0","PI_LENG":"152.51","PI_THICK":"0","PI_SLOP":"0","DES_FLOW":"0","DES_VELO":"0","US_BLE":"0","DS_BLE":"25.65","CITY_ID":"10004","KEYIN_DATE":"20040629"}},{"type":"Feature","geometry":{"type":"LineString","coordinates":[[121.016087876194,24.83508663457226],[121.0171896761454,24.83506320013687]]},"properties":{"name":"","FID":"1177","PI_NUM":"1379-12-1379-13","US_MH":"1379-12","DS_MH":"1379-13","PI_WIDT":"0","PI_WIDB":"0","PI_HEI":"0","PI_LENG":"111.39","PI_THICK":"0","PI_SLOP":"0","DES_FLOW":"0","DES_VELO":"0","US_BLE":"25.65","DS_BLE":"24.31","CITY_ID":"10004","KEYIN_DATE":"20040629"}},{"type":"Feature","geometry":{"type":"LineString","coordinates":[[121.0146696083754,24.83513326864808],[121.016087876194,24.83508663457226]]},"properties":{"name":"","FID":"1178","PI_NUM":"1379-13-1379-14","US_MH":"1379-13","DS_MH":"1379-14","PI_WIDT":"0","PI_WIDB":"0","PI_HEI":"0","PI_LENG":"144.16","PI_THICK":"0","PI_SLOP":"0","DES_FLOW":"0","DES_VELO":"0","US_BLE":"24.16","DS_BLE":"23.41","CITY_ID":"10004","KEYIN_DATE":"20040629"}},{"type":"Feature","geometry":{"type":"LineString","coordinates":[[121.0154136280291,24.8218053244485],[121.0148823416284,24.82080050424558]]},"properties":{"name":"","FID":"1179","PI_NUM":"1377-8-1376-F1","US_MH":"1377-8","DS_MH":"1377-F1","PI_WIDT":"0","PI_WIDB":"0","PI_HEI":"0","PI_LENG":"175.21","PI_THICK":"0","PI_SLOP":"0","DES_FLOW":"0","DES_VELO":"0","US_BLE":"27.22","DS_BLE":"0","CITY_ID":"10004","KEYIN_DATE":"20040629"}},{"type":"Feature","geometry":{"type":"LineString","coordinates":[[120.9981905736928,24.83339546958645],[120.9981744658379,24.83482073061693]]},"properties":{"name":"","FID":"1180","PI_NUM":"1179-F1-1179-1","US_MH":"1179-F1","DS_MH":"1179-1","PI_WIDT":"0","PI_WIDB":"0","PI_HEI":"0","PI_LENG":"157.87","PI_THICK":"0","PI_SLOP":"0","DES_FLOW":"0","DES_VELO":"0","US_BLE":"0","DS_BLE":"0","CITY_ID":"10004","KEYIN_DATE":"20040629"}},{"type":"Feature","geometry":{"type":"LineString","coordinates":[[121.0145500255712,24.82016778558634],[121.0148823416284,24.82080050424558]]},"properties":{"name":"","FID":"1181","PI_NUM":"1376-3-1376-F1","US_MH":"1376-3","DS_MH":"1376-F1","PI_WIDT":"0","PI_WIDB":"0","PI_HEI":"0","PI_LENG":"77.71","PI_THICK":"0","PI_SLOP":"0","DES_FLOW":"0","DES_VELO":"0","US_BLE":"26.84","DS_BLE":"0","CITY_ID":"10004","KEYIN_DATE":"20040629"}},{"type":"Feature","geometry":{"type":"LineString","coordinates":[[121.0153577892855,24.81984228697493],[121.0157556967404,24.82032300049087]]},"properties":{"name":"","FID":"1182","PI_NUM":"1376-20-1376-5","US_MH":"1376-20","DS_MH":"1376-5","PI_WIDT":"0","PI_WIDB":"0","PI_HEI":"0","PI_LENG":"44.92","PI_THICK":"0","PI_SLOP":"0","DES_FLOW":"0","DES_VELO":"0","US_BLE":"27.35","DS_BLE":"26.78","CITY_ID":"10004","KEYIN_DATE":"20040629"}},{"type":"Feature","geometry":{"type":"LineString","coordinates":[[120.9997341706336,24.83749483569652],[120.9991783156372,24.83685535742164]]},"properties":{"name":"","FID":"1183","PI_NUM":"1179-4-1179-5","US_MH":"1179-4","DS_MH":"1179-5","PI_WIDT":"0","PI_WIDB":"0","PI_HEI":"0","PI_LENG":"94.49","PI_THICK":"0","PI_SLOP":"0","DES_FLOW":"0","DES_VELO":"0","US_BLE":"0","DS_BLE":"0","CITY_ID":"10004","KEYIN_DATE":"20040629"}},{"type":"Feature","geometry":{"type":"LineString","coordinates":[[121.0194060827526,24.83517859400359],[121.0200158219527,24.83498942801211]]},"properties":{"name":"","FID":"1184","PI_NUM":"1379-20-1379-21","US_MH":"1379-20","DS_MH":"1379-21","PI_WIDT":"0","PI_WIDB":"0","PI_HEI":"0","PI_LENG":"65.09","PI_THICK":"0","PI_SLOP":"0","DES_FLOW":"0","DES_VELO":"0","US_BLE":"0","DS_BLE":"0","CITY_ID":"10004","KEYIN_DATE":"20040629"}},{"type":"Feature","geometry":{"type":"LineString","coordinates":[[121.0089392166581,24.82559993852342],[121.0091530448184,24.82602807954758]]},"properties":{"name":"","FID":"1185","PI_NUM":"1277-10-1277-F1","US_MH":"1277-10","DS_MH":"1277-F1","PI_WIDT":"0","PI_WIDB":"0","PI_HEI":"0","PI_LENG":"51.5","PI_THICK":"0","PI_SLOP":"0","DES_FLOW":"0","DES_VELO":"0","US_BLE":"24.06","DS_BLE":"0","CITY_ID":"10004","KEYIN_DATE":"20040629"}},{"type":"Feature","geometry":{"type":"LineString","coordinates":[[121.0005181552567,24.83314945973829],[120.9981905736928,24.83339546958645]]},"properties":{"name":"","FID":"1186","PI_NUM":"1179-2-1179-F1","US_MH":"1179-2","DS_MH":"1179-F1","PI_WIDT":"0","PI_WIDB":"0","PI_HEI":"0","PI_LENG":"236.83","PI_THICK":"0","PI_SLOP":"0","DES_FLOW":"0","DES_VELO":"0","US_BLE":"0","DS_BLE":"0","CITY_ID":"10004","KEYIN_DATE":"20040629"}},{"type":"Feature","geometry":{"type":"LineString","coordinates":[[121.012411573988,24.83322927273111],[121.0113814745954,24.83353876428808]]},"properties":{"name":"","FID":"1187","PI_NUM":"1379-19-1279-8","US_MH":"1379-19","DS_MH":"1279-8","PI_WIDT":"0","PI_WIDB":"0","PI_HEI":"0","PI_LENG":"109.62","PI_THICK":"0","PI_SLOP":"0","DES_FLOW":"0","DES_VELO":"0","US_BLE":"0","DS_BLE":"20.93","CITY_ID":"10004","KEYIN_DATE":"20040629"}},{"type":"Feature","geometry":{"type":"LineString","coordinates":[[121.0252714986026,24.81930781955205],[121.0263696578164,24.81892256915334]]},"properties":{"name":"","FID":"1188","PI_NUM":"1476-20-1476-22","US_MH":"1476-20","DS_MH":"1476-22","PI_WIDT":"0","PI_WIDB":"0","PI_HEI":"0","PI_LENG":"112.7","PI_THICK":"0","PI_SLOP":"0","DES_FLOW":"0","DES_VELO":"0","US_BLE":"32.13","DS_BLE":"0","CITY_ID":"10004","KEYIN_DATE":"20040629"}},{"type":"Feature","geometry":{"type":"LineString","coordinates":[[121.0173925029129,24.82625097739142],[121.0173631227491,24.82619487713033]]},"properties":{"name":"","FID":"1189","PI_NUM":"1377-9-1377-10","US_MH":"1377-9","DS_MH":"1378-10","PI_WIDT":"0","PI_WIDB":"0","PI_HEI":"0","PI_LENG":"6.89","PI_THICK":"0","PI_SLOP":"0","DES_FLOW":"0","DES_VELO":"0","US_BLE":"26.67","DS_BLE":"0","CITY_ID":"10004","KEYIN_DATE":"20040629"}},{"type":"Feature","geometry":{"type":"LineString","coordinates":[[121.022602059851,24.81975035028823],[121.021746976266,24.82011121479373]]},"properties":{"name":"","FID":"1190","PI_NUM":"1476-13-1476-F1","US_MH":"1476-13","DS_MH":"1476-F1","PI_WIDT":"0","PI_WIDB":"0","PI_HEI":"0","PI_LENG":"83.73","PI_THICK":"0","PI_SLOP":"0","DES_FLOW":"0","DES_VELO":"0","US_BLE":"30.51","DS_BLE":"0","CITY_ID":"10004","KEYIN_DATE":"20040629"}},{"type":"Feature","geometry":{"type":"LineString","coordinates":[[121.00546818848,24.82661143457953],[121.0052191986262,24.82609426762031]]},"properties":{"name":"","FID":"1191","PI_NUM":"1277-2-1277-3","US_MH":"1277-2","DS_MH":"1277-3","PI_WIDT":"0","PI_WIDB":"0","PI_HEI":"0","PI_LENG":"51.02","PI_THICK":"0","PI_SLOP":"0","DES_FLOW":"0","DES_VELO":"0","US_BLE":"21.4","DS_BLE":"0","CITY_ID":"10004","KEYIN_DATE":"20040629"}},{"type":"Feature","geometry":{"type":"LineString","coordinates":[[121.0246226186003,24.82324085752272],[121.0240904606717,24.82341395918473]]},"properties":{"name":"","FID":"1192","PI_NUM":"1477-15-1477-14","US_MH":"1477-15","DS_MH":"1477-14","PI_WIDT":"0","PI_WIDB":"0","PI_HEI":"0","PI_LENG":"57.11","PI_THICK":"0","PI_SLOP":"0","DES_FLOW":"0","DES_VELO":"0","US_BLE":"0","DS_BLE":"0","CITY_ID":"10004","KEYIN_DATE":"20040629"}},{"type":"Feature","geometry":{"type":"LineString","coordinates":[[121.0253372414652,24.82304093531417],[121.0246226186003,24.82324085752272]]},"properties":{"name":"","FID":"1193","PI_NUM":"1477-14-1477-11","US_MH":"1477-14","DS_MH":"1477-11","PI_WIDT":"0","PI_WIDB":"0","PI_HEI":"0","PI_LENG":"79.9","PI_THICK":"0","PI_SLOP":"0","DES_FLOW":"0","DES_VELO":"0","US_BLE":"0","DS_BLE":"30.74","CITY_ID":"10004","KEYIN_DATE":"20040629"}},{"type":"Feature","geometry":{"type":"LineString","coordinates":[[121.0243490048152,24.8206114044957],[121.0239706723175,24.81978145740427]]},"properties":{"name":"","FID":"1194","PI_NUM":"1476-F5-1476-12","US_MH":"1476-F5","DS_MH":"1476-12","PI_WIDT":"0","PI_WIDB":"0","PI_HEI":"0","PI_LENG":"99.56","PI_THICK":"0","PI_SLOP":"0","DES_FLOW":"0","DES_VELO":"0","US_BLE":"0","DS_BLE":"0","CITY_ID":"10004","KEYIN_DATE":"20040629"}},{"type":"Feature","geometry":{"type":"LineString","coordinates":[[121.0239706723175,24.81978145740427],[121.0238010438802,24.81940940683848]]},"properties":{"name":"","FID":"1195","PI_NUM":"1476-45-1476-F5","US_MH":"1476-45","DS_MH":"1476-F5","PI_WIDT":"0","PI_WIDB":"0","PI_HEI":"0","PI_LENG":"44.63","PI_THICK":"0","PI_SLOP":"0","DES_FLOW":"0","DES_VELO":"0","US_BLE":"0","DS_BLE":"0","CITY_ID":"10004","KEYIN_DATE":"20040629"}},{"type":"Feature","geometry":{"type":"LineString","coordinates":[[121.0182541946214,24.81829073040254],[121.018371404209,24.81838977787525]]},"properties":{"name":"","FID":"1196","PI_NUM":"1376-13-1376-F4","US_MH":"1376-13","DS_MH":"1376-F4","PI_WIDT":"0","PI_WIDB":"0","PI_HEI":"0","PI_LENG":"14.5","PI_THICK":"0","PI_SLOP":"0","DES_FLOW":"0","DES_VELO":"0","US_BLE":"29.31","DS_BLE":"0","CITY_ID":"10004","KEYIN_DATE":"20040629"}},{"type":"Feature","geometry":{"type":"LineString","coordinates":[[121.0019686455451,24.83789567382881],[121.0014502359114,24.83813884647087]]},"properties":{"name":"","FID":"1197","PI_NUM":"1180-9-1180-8","US_MH":"1180-9","DS_MH":"1180-8","PI_WIDT":"0","PI_WIDB":"0","PI_HEI":"0","PI_LENG":"58.91","PI_THICK":"0","PI_SLOP":"0","DES_FLOW":"0","DES_VELO":"0","US_BLE":"0","DS_BLE":"0","CITY_ID":"10004","KEYIN_DATE":"20040629"}},{"type":"Feature","geometry":{"type":"LineString","coordinates":[[121.0014502359114,24.83813884647087],[121.001122005034,24.83825297955723]]},"properties":{"name":"","FID":"1198","PI_NUM":"1180-8-1180-7","US_MH":"1180-8","DS_MH":"1180-7","PI_WIDT":"0","PI_WIDB":"0","PI_HEI":"0","PI_LENG":"35.5","PI_THICK":"0","PI_SLOP":"0","DES_FLOW":"0","DES_VELO":"0","US_BLE":"0","DS_BLE":"19.07","CITY_ID":"10004","KEYIN_DATE":"20040629"}},{"type":"Feature","geometry":{"type":"LineString","coordinates":[[121.001122005034,24.83825297955723],[121.0008299663952,24.83847095843253]]},"properties":{"name":"","FID":"1199","PI_NUM":"1180-7-1180-6","US_MH":"1180-7","DS_MH":"1180-6","PI_WIDT":"0","PI_WIDB":"0","PI_HEI":"0","PI_LENG":"184.56","PI_THICK":"0","PI_SLOP":"0","DES_FLOW":"0","DES_VELO":"0","US_BLE":"19.07","DS_BLE":"0","CITY_ID":"10004","KEYIN_DATE":"20040629"}},{"type":"Feature","geometry":{"type":"LineString","coordinates":[[121.0023047856413,24.83327954477412],[121.0015158757205,24.83248046458903],[121.0005181552567,24.83314945973829]]},"properties":{"name":"","FID":"1200","PI_NUM":"1179-3-1179-2","US_MH":"1179-3","DS_MH":"1179-2","PI_WIDT":"0","PI_WIDB":"0","PI_HEI":"0","PI_LENG":"181.16","PI_THICK":"0","PI_SLOP":"0","DES_FLOW":"0","DES_VELO":"0","US_BLE":"0","DS_BLE":"0","CITY_ID":"10004","KEYIN_DATE":"20040629"}},{"type":"Feature","geometry":{"type":"LineString","coordinates":[[120.9982697172149,24.83162603931443],[120.9981905736928,24.83339546958645]]},"properties":{"name":"","FID":"1201","PI_NUM":"1178-1-1179-F1","US_MH":"1178-1","DS_MH":"1179-F1","PI_WIDT":"0","PI_WIDB":"0","PI_HEI":"0","PI_LENG":"196.14","PI_THICK":"0","PI_SLOP":"0","DES_FLOW":"0","DES_VELO":"0","US_BLE":"0","DS_BLE":"0","CITY_ID":"10004","KEYIN_DATE":"20040629"}},{"type":"Feature","geometry":{"type":"LineString","coordinates":[[120.9983208814984,24.83049743940959],[120.9982697172149,24.83162603931443]]},"properties":{"name":"","FID":"1202","PI_NUM":"1178-2-1178-1","US_MH":"1178-2","DS_MH":"1178-1","PI_WIDT":"0","PI_WIDB":"0","PI_HEI":"0","PI_LENG":"334.63","PI_THICK":"0","PI_SLOP":"0","DES_FLOW":"0","DES_VELO":"0","US_BLE":"0","DS_BLE":"0","CITY_ID":"10004","KEYIN_DATE":"20040629"}},{"type":"Feature","geometry":{"type":"LineString","coordinates":[[121.03148727492,24.82075438505363],[121.0310614837822,24.82029801521242]]},"properties":{"name":"","FID":"1203","PI_NUM":"1576-6-1576-5","US_MH":"1576-6","DS_MH":"1576-5","PI_WIDT":"0","PI_WIDB":"0","PI_HEI":"0","PI_LENG":"66.39","PI_THICK":"0","PI_SLOP":"0","DES_FLOW":"0","DES_VELO":"0","US_BLE":"31.21","DS_BLE":"30.86","CITY_ID":"10004","KEYIN_DATE":"20040629"}},{"type":"Feature","geometry":{"type":"LineString","coordinates":[[121.0310614837822,24.82029801521242],[121.0307039744159,24.81992444947251]]},"properties":{"name":"","FID":"1204","PI_NUM":"1576-5-1576-4","US_MH":"1576-5","DS_MH":"1576-4","PI_WIDT":"0","PI_WIDB":"0","PI_HEI":"0","PI_LENG":"54.94","PI_THICK":"0","PI_SLOP":"0","DES_FLOW":"0","DES_VELO":"0","US_BLE":"30.86","DS_BLE":"29.53","CITY_ID":"10004","KEYIN_DATE":"20040629"}},{"type":"Feature","geometry":{"type":"LineString","coordinates":[[121.0307039744159,24.81992444947251],[121.0303618283187,24.81958371675872]]},"properties":{"name":"","FID":"1205","PI_NUM":"1576-4-1576-3","US_MH":"1576-4","DS_MH":"1576-3","PI_WIDT":"0","PI_WIDB":"0","PI_HEI":"0","PI_LENG":"51.19","PI_THICK":"0","PI_SLOP":"0","DES_FLOW":"0","DES_VELO":"0","US_BLE":"29.53","DS_BLE":"29.46","CITY_ID":"10004","KEYIN_DATE":"20040629"}},{"type":"Feature","geometry":{"type":"LineString","coordinates":[[121.0303618283187,24.81958371675872],[121.0297936465122,24.81905678646763]]},"properties":{"name":"","FID":"1206","PI_NUM":"1576-2-1576-3","US_MH":"1576-2","DS_MH":"1576-3","PI_WIDT":"0","PI_WIDB":"0","PI_HEI":"0","PI_LENG":"81.88","PI_THICK":"0","PI_SLOP":"0","DES_FLOW":"0","DES_VELO":"0","US_BLE":"29.75","DS_BLE":"29.46","CITY_ID":"10004","KEYIN_DATE":"20040629"}},{"type":"Feature","geometry":{"type":"LineString","coordinates":[[121.0213479581253,24.81899503026366],[121.021002435855,24.81811838388024]]},"properties":{"name":"","FID":"1207","PI_NUM":"1476-26-1476-27","US_MH":"1476-26","DS_MH":"1476-27","PI_WIDT":"0","PI_WIDB":"0","PI_HEI":"0","PI_LENG":"41.71","PI_THICK":"0","PI_SLOP":"0","DES_FLOW":"0","DES_VELO":"0","US_BLE":"0","DS_BLE":"32.42","CITY_ID":"10004","KEYIN_DATE":"20040629"}},{"type":"Feature","geometry":{"type":"LineString","coordinates":[[121.0282727632565,24.82097347425645],[121.0276289452279,24.82120346270582]]},"properties":{"name":"","FID":"1208","PI_NUM":"1576-9-1476-41","US_MH":"1576-9","DS_MH":"1476-41","PI_WIDT":"0","PI_WIDB":"0","PI_HEI":"0","PI_LENG":"69.89","PI_THICK":"0","PI_SLOP":"0","DES_FLOW":"0","DES_VELO":"0","US_BLE":"0","DS_BLE":"32.53","CITY_ID":"10004","KEYIN_DATE":"20040629"}},{"type":"Feature","geometry":{"type":"LineString","coordinates":[[121.0276289452279,24.82120346270582],[121.0268552282846,24.82144982255256]]},"properties":{"name":"","FID":"1209","PI_NUM":"1476-41-1477-9","US_MH":"1476-41","DS_MH":"1479-9","PI_WIDT":"0","PI_WIDB":"0","PI_HEI":"0","PI_LENG":"77.03","PI_THICK":"0","PI_SLOP":"0","DES_FLOW":"0","DES_VELO":"0","US_BLE":"32.53","DS_BLE":"0","CITY_ID":"10004","KEYIN_DATE":"20040629"}},{"type":"Feature","geometry":{"type":"LineString","coordinates":[[121.0268552282846,24.82144982255256],[121.0262802388989,24.82163624788056]]},"properties":{"name":"","FID":"1210","PI_NUM":"1477-9-1477-8","US_MH":"1477-9","DS_MH":"1477-8","PI_WIDT":"0","PI_WIDB":"0","PI_HEI":"0","PI_LENG":"67.49","PI_THICK":"0","PI_SLOP":"0","DES_FLOW":"0","DES_VELO":"0","US_BLE":"0","DS_BLE":"31.46","CITY_ID":"10004","KEYIN_DATE":"20040629"}},{"type":"Feature","geometry":{"type":"LineString","coordinates":[[121.0253372414652,24.82304093531417],[121.0251941471959,24.82257363030107]]},"properties":{"name":"","FID":"1211","PI_NUM":"1477-10-1477-11","US_MH":"1477-10","DS_MH":"1477-11","PI_WIDT":"0","PI_WIDB":"0","PI_HEI":"0","PI_LENG":"50.12","PI_THICK":"0","PI_SLOP":"0","DES_FLOW":"0","DES_VELO":"0","US_BLE":"0","DS_BLE":"30.94","CITY_ID":"10004","KEYIN_DATE":"20040629"}},{"type":"Feature","geometry":{"type":"LineString","coordinates":[[121.0141570592421,24.82290441860608],[121.0149426985035,24.824530274914]]},"properties":{"name":"","FID":"1212","PI_NUM":"1377-3-1377-2","US_MH":"1377-3","DS_MH":"1377-2","PI_WIDT":"0","PI_WIDB":"0","PI_HEI":"0","PI_LENG":"202.29","PI_THICK":"0","PI_SLOP":"0","DES_FLOW":"0","DES_VELO":"0","US_BLE":"0","DS_BLE":"25.34","CITY_ID":"10004","KEYIN_DATE":"20040629"}},{"type":"Feature","geometry":{"type":"LineString","coordinates":[[121.0171997864323,24.83333670815772],[121.0168360815433,24.83310709487721],[121.0162742175659,24.83291648603042],[121.0144287980584,24.83293703499099]]},"properties":{"name":"","FID":"1213","PI_NUM":"1379-16-1379-17","US_MH":"1379-16","DS_MH":"1379-17","PI_WIDT":"0","PI_WIDB":"0","PI_HEI":"0","PI_LENG":"375.46","PI_THICK":"0","PI_SLOP":"0","DES_FLOW":"0","DES_VELO":"0","US_BLE":"0","DS_BLE":"0","CITY_ID":"10004","KEYIN_DATE":"20040629"}},{"type":"Feature","geometry":{"type":"LineString","coordinates":[[121.0144287980584,24.83293703499099],[121.0135454750225,24.83304527105231]]},"properties":{"name":"","FID":"1214","PI_NUM":"1379-17-1379-18","US_MH":"1379-17","DS_MH":"1379-18","PI_WIDT":"0","PI_WIDB":"0","PI_HEI":"0","PI_LENG":"90.08","PI_THICK":"0","PI_SLOP":"0","DES_FLOW":"0","DES_VELO":"0","US_BLE":"0","DS_BLE":"0","CITY_ID":"10004","KEYIN_DATE":"20040629"}},{"type":"Feature","geometry":{"type":"LineString","coordinates":[[121.0135454750225,24.83304527105231],[121.012411573988,24.83322927273111]]},"properties":{"name":"","FID":"1215","PI_NUM":"1279-18-1379-19","US_MH":"1279-18","DS_MH":"1379-19","PI_WIDT":"0","PI_WIDB":"0","PI_HEI":"0","PI_LENG":"116.41","PI_THICK":"0","PI_SLOP":"0","DES_FLOW":"0","DES_VELO":"0","US_BLE":"0","DS_BLE":"0","CITY_ID":"10004","KEYIN_DATE":"20040629"}},{"type":"Feature","geometry":{"type":"LineString","coordinates":[[121.0178192539409,24.82719322325238],[121.0173925029129,24.82625097739142]]},"properties":{"name":"","FID":"1216","PI_NUM":"1377-10-1377-11","US_MH":"1377-10","DS_MH":"1377-11","PI_WIDT":"0","PI_WIDB":"0","PI_HEI":"0","PI_LENG":"12.62","PI_THICK":"0","PI_SLOP":"0","DES_FLOW":"0","DES_VELO":"0","US_BLE":"0","DS_BLE":"26.22","CITY_ID":"10004","KEYIN_DATE":"20040629"}},{"type":"Feature","geometry":{"type":"LineString","coordinates":[[121.0075819110572,24.83288220283366],[121.006618190912,24.8334267625441]]},"properties":{"name":"","FID":"1217","PI_NUM":"1279-9-1279-F1","US_MH":"1279-9","DS_MH":"1279-F1","PI_WIDT":"0","PI_WIDB":"0","PI_HEI":"0","PI_LENG":"110.6","PI_THICK":"0","PI_SLOP":"0","DES_FLOW":"0","DES_VELO":"0","US_BLE":"0","DS_BLE":"0","CITY_ID":"10004","KEYIN_DATE":"20040629"}},{"type":"Feature","geometry":{"type":"LineString","coordinates":[[121.0142445770621,24.84864138360667],[121.0137813844294,24.85000106573243]]},"properties":{"name":"","FID":"1218","PI_NUM":"1382-1-1382-F1","US_MH":"1382-1","DS_MH":"1382-F1","PI_WIDT":"0","PI_WIDB":"0","PI_HEI":"0","PI_LENG":"157.71","PI_THICK":"0","PI_SLOP":"0","DES_FLOW":"0","DES_VELO":"0","US_BLE":"0","DS_BLE":"0","CITY_ID":"10004","KEYIN_DATE":"20040629"}},{"type":"Feature","geometry":{"type":"LineString","coordinates":[[121.0143847212651,24.84773733983278],[121.0142445770621,24.84864138360667]]},"properties":{"name":"","FID":"1219","PI_NUM":"1381-1-1382-1","US_MH":"1381-1","DS_MH":"1382-1","PI_WIDT":"0","PI_WIDB":"0","PI_HEI":"0","PI_LENG":"101.13","PI_THICK":"0","PI_SLOP":"0","DES_FLOW":"0","DES_VELO":"0","US_BLE":"0","DS_BLE":"0","CITY_ID":"10004","KEYIN_DATE":"20040629"}},{"type":"Feature","geometry":{"type":"LineString","coordinates":[[121.0144300686009,24.84739480065337],[121.0143847212651,24.84773733983278]]},"properties":{"name":"","FID":"1220","PI_NUM":"1381-2-1381-1","US_MH":"1381-2","DS_MH":"1381-1","PI_WIDT":"0","PI_WIDB":"0","PI_HEI":"0","PI_LENG":"38.22","PI_THICK":"0","PI_SLOP":"0","DES_FLOW":"0","DES_VELO":"0","US_BLE":"0","DS_BLE":"0","CITY_ID":"10004","KEYIN_DATE":"20040629"}},{"type":"Feature","geometry":{"type":"LineString","coordinates":[[121.0143212731303,24.84667788866935],[121.0144300686009,24.84739480065337]]},"properties":{"name":"","FID":"1221","PI_NUM":"1381-3-1381-2","US_MH":"1381-3","DS_MH":"1381-2","PI_WIDT":"0","PI_WIDB":"0","PI_HEI":"0","PI_LENG":"80.16","PI_THICK":"0","PI_SLOP":"0","DES_FLOW":"0","DES_VELO":"0","US_BLE":"0","DS_BLE":"0","CITY_ID":"10004","KEYIN_DATE":"20040629"}},{"type":"Feature","geometry":{"type":"LineString","coordinates":[[121.0141632910753,24.84507496253076],[121.0143212731303,24.84667788866935]]},"properties":{"name":"","FID":"1222","PI_NUM":"1381-4-1381-3","US_MH":"1381-4","DS_MH":"1381-3","PI_WIDT":"0","PI_WIDB":"0","PI_HEI":"0","PI_LENG":"151.48","PI_THICK":"0","PI_SLOP":"0","DES_FLOW":"0","DES_VELO":"0","US_BLE":"0","DS_BLE":"0","CITY_ID":"10004","KEYIN_DATE":"20040629"}},{"type":"Feature","geometry":{"type":"LineString","coordinates":[[121.0139301368528,24.84348302164917],[121.0141632910753,24.84507496253076]]},"properties":{"name":"","FID":"1223","PI_NUM":"1381-6-1381-5","US_MH":"1381-6","DS_MH":"1381-5","PI_WIDT":"0","PI_WIDB":"0","PI_HEI":"0","PI_LENG":"177.89","PI_THICK":"0","PI_SLOP":"0","DES_FLOW":"0","DES_VELO":"0","US_BLE":"0","DS_BLE":"0","CITY_ID":"10004","KEYIN_DATE":"20040629"}},{"type":"Feature","geometry":{"type":"LineString","coordinates":[[121.0139234463228,24.84346576867144],[121.0139301368528,24.84348302164917]]},"properties":{"name":"","FID":"1224","PI_NUM":"1381-7-1381-6","US_MH":"1381-7","DS_MH":"1381-6","PI_WIDT":"0","PI_WIDB":"0","PI_HEI":"0","PI_LENG":"2.03","PI_THICK":"0","PI_SLOP":"0","DES_FLOW":"0","DES_VELO":"0","US_BLE":"0","DS_BLE":"0","CITY_ID":"10004","KEYIN_DATE":"20040629"}},{"type":"Feature","geometry":{"type":"LineString","coordinates":[[121.0129230240291,24.84230454932257],[121.0139234463228,24.84346576867144]]},"properties":{"name":"","FID":"1225","PI_NUM":"1380-1-1381-7","US_MH":"1380-1","DS_MH":"1381-7","PI_WIDT":"0","PI_WIDB":"0","PI_HEI":"0","PI_LENG":"151.44","PI_THICK":"0","PI_SLOP":"0","DES_FLOW":"0","DES_VELO":"0","US_BLE":"0","DS_BLE":"0","CITY_ID":"10004","KEYIN_DATE":"20040629"}},{"type":"Feature","geometry":{"type":"LineString","coordinates":[[121.0089946919626,24.83690588385143],[121.0094813970312,24.83764112324111]]},"properties":{"name":"","FID":"1226","PI_NUM":"1279-1-1279-F2","US_MH":"1279-1","DS_MH":"1279-F2","PI_WIDT":"0","PI_WIDB":"0","PI_HEI":"0","PI_LENG":"93.08","PI_THICK":"0","PI_SLOP":"0","DES_FLOW":"0","DES_VELO":"0","US_BLE":"21.3","DS_BLE":"0","CITY_ID":"10004","KEYIN_DATE":"20040629"}},{"type":"Feature","geometry":{"type":"LineString","coordinates":[[121.0075282507132,24.83447278202532],[121.0079871885402,24.83548330757814],[121.0089946919626,24.83690588385143]]},"properties":{"name":"1","FID":"1227","SSEW_CAT":"1","PI_NUM":"1279-F2-1279-F1","US_MH":"FF86","DS_MH":"A-OUT","PI_TYP":"1","PI_WIDT":"0","PI_WIDB":"2.5","PI_HEI":"2","PI_LENG":"137","PI_MAT":"RCP","PI_THICK":"0","PI_SLOP":"0.005","DES_FLOW":"0","DES_VELO":"0","US_BLE":"21.215","DS_BLE":"20.53","CITY_ID":"10004","KEYIN_DATE":"20040629","NOTE":"依現況測量調查成果繪製"}},{"type":"Feature","geometry":{"type":"LineString","coordinates":[[121.1810665286211,24.78727421007729],[121.1816096142733,24.78722835498425]]},"properties":{"name":"","FID":"1228","PI_NUM":"3470-4-3470-5","US_MH":"3470-4","DS_MH":"3470-5","PI_WIDT":"0","PI_WIDB":"0","PI_HEI":"0","PI_LENG":"55.15","PI_THICK":"0","PI_SLOP":"0","DES_FLOW":"0","DES_VELO":"0","US_BLE":"138.82","DS_BLE":"133.12","CITY_ID":"10004","KEYIN_DATE":"20040629"}},{"type":"Feature","geometry":{"type":"LineString","coordinates":[[121.1790152579774,24.79238802502244],[121.1777526847541,24.79311772287317]]},"properties":{"name":"","FID":"1229","PI_NUM":"3371-1-3471-1","US_MH":"3371-1","DS_MH":"3471-1","PI_WIDT":"0","PI_WIDB":"0","PI_HEI":"0","PI_LENG":"151.09","PI_THICK":"0","PI_SLOP":"0","DES_FLOW":"0","DES_VELO":"0","US_BLE":"0","DS_BLE":"0","CITY_ID":"10004","KEYIN_DATE":"20040629"}},{"type":"Feature","geometry":{"type":"LineString","coordinates":[[121.1806090532325,24.78732269560755],[121.1810665286211,24.78727421007729]]},"properties":{"name":"","FID":"1230","PI_NUM":"3470-5-3470-6","US_MH":"3470-5","DS_MH":"3470-6","PI_WIDT":"0","PI_WIDB":"0","PI_HEI":"0","PI_LENG":"46.57","PI_THICK":"0","PI_SLOP":"0","DES_FLOW":"0","DES_VELO":"0","US_BLE":"133.22","DS_BLE":"131.98","CITY_ID":"10004","KEYIN_DATE":"20040629"}},{"type":"Feature","geometry":{"type":"LineString","coordinates":[[121.1803034389606,24.78731111013416],[121.1806090532325,24.78732269560755]]},"properties":{"name":"","FID":"1231","PI_NUM":"3470-6-3470-7","US_MH":"3470-6","DS_MH":"3470-7","PI_WIDT":"0","PI_WIDB":"0","PI_HEI":"0","PI_LENG":"30.93","PI_THICK":"0","PI_SLOP":"0","DES_FLOW":"0","DES_VELO":"0","US_BLE":"131.83","DS_BLE":"0","CITY_ID":"10004","KEYIN_DATE":"20040629"}},{"type":"Feature","geometry":{"type":"LineString","coordinates":[[121.1798502464344,24.78722992830621],[121.1803034389606,24.78731111013416]]},"properties":{"name":"","FID":"1232","PI_NUM":"3470-7-3470-8","US_MH":"3470-7","DS_MH":"3470-8","PI_WIDT":"0","PI_WIDB":"0","PI_HEI":"0","PI_LENG":"46.7","PI_THICK":"0","PI_SLOP":"0","DES_FLOW":"0","DES_VELO":"0","US_BLE":"0","DS_BLE":"131.22","CITY_ID":"10004","KEYIN_DATE":"20040629"}},{"type":"Feature","geometry":{"type":"LineString","coordinates":[[121.1789111807293,24.78677352867197],[121.1798502464344,24.78722992830621]]},"properties":{"name":"","FID":"1233","PI_NUM":"3470-8-3470-9","US_MH":"3470-8","DS_MH":"3470-9","PI_WIDT":"0","PI_WIDB":"0","PI_HEI":"0","PI_LENG":"107.57","PI_THICK":"0","PI_SLOP":"0","DES_FLOW":"0","DES_VELO":"0","US_BLE":"131.27","DS_BLE":"130.75","CITY_ID":"10004","KEYIN_DATE":"20040629"}},{"type":"Feature","geometry":{"type":"LineString","coordinates":[[121.1785551247662,24.78627473471778],[121.1789111807293,24.78677352867197]]},"properties":{"name":"","FID":"1234","PI_NUM":"3470-9-3470-10","US_MH":"3470-9","DS_MH":"3470-10","PI_WIDT":"0","PI_WIDB":"0","PI_HEI":"0","PI_LENG":"65.94","PI_THICK":"0","PI_SLOP":"0","DES_FLOW":"0","DES_VELO":"0","US_BLE":"130.65","DS_BLE":"0","CITY_ID":"10004","KEYIN_DATE":"20040629"}},{"type":"Feature","geometry":{"type":"LineString","coordinates":[[121.1852157533069,24.79229904268259],[121.1850242880122,24.7921461272885]]},"properties":{"name":"","FID":"1235","PI_NUM":"3471-17-3471-16","US_MH":"3471-17","DS_MH":"3471-16","PI_WIDT":"0","PI_WIDB":"0","PI_HEI":"0","PI_LENG":"25.72","PI_THICK":"0","PI_SLOP":"0","DES_FLOW":"0","DES_VELO":"0","US_BLE":"0","DS_BLE":"0","CITY_ID":"10004","KEYIN_DATE":"20040629"}},{"type":"Feature","geometry":{"type":"LineString","coordinates":[[121.1850242880122,24.7921461272885],[121.184774177007,24.79192182265393]]},"properties":{"name":"","FID":"1236","PI_NUM":"3471-16-3471-15","US_MH":"3471-16","DS_MH":"3471-15","PI_WIDT":"0","PI_WIDB":"0","PI_HEI":"0","PI_LENG":"35.45","PI_THICK":"0","PI_SLOP":"0","DES_FLOW":"0","DES_VELO":"0","US_BLE":"0","DS_BLE":"0","CITY_ID":"10004","KEYIN_DATE":"20040629"}},{"type":"Feature","geometry":{"type":"LineString","coordinates":[[121.184774177007,24.79192182265393],[121.1843688991188,24.79152360119405]]},"properties":{"name":"","FID":"1237","PI_NUM":"3471-15-3471-14","US_MH":"3471-15","DS_MH":"3471-14","PI_WIDT":"0","PI_WIDB":"0","PI_HEI":"0","PI_LENG":"60.2","PI_THICK":"0","PI_SLOP":"0","DES_FLOW":"0","DES_VELO":"0","US_BLE":"0","DS_BLE":"0","CITY_ID":"10004","KEYIN_DATE":"20040629"}},{"type":"Feature","geometry":{"type":"LineString","coordinates":[[121.1843688991188,24.79152360119405],[121.1840948394156,24.79125438049665]]},"properties":{"name":"","FID":"1238","PI_NUM":"3471-14-3471-13","US_MH":"3471-14","DS_MH":"3471-13","PI_WIDT":"0","PI_WIDB":"0","PI_HEI":"0","PI_LENG":"40.71","PI_THICK":"0","PI_SLOP":"0","DES_FLOW":"0","DES_VELO":"0","US_BLE":"0","DS_BLE":"0","CITY_ID":"10004","KEYIN_DATE":"20040629"}},{"type":"Feature","geometry":{"type":"LineString","coordinates":[[121.1840948394156,24.79125438049665],[121.1838238269452,24.79098507428266]]},"properties":{"name":"","FID":"1239","PI_NUM":"3471-13-3471-12","US_MH":"3471-13","DS_MH":"3471-12","PI_WIDT":"0","PI_WIDB":"0","PI_HEI":"0","PI_LENG":"40.5","PI_THICK":"0","PI_SLOP":"0","DES_FLOW":"0","DES_VELO":"0","US_BLE":"0","DS_BLE":"0","CITY_ID":"10004","KEYIN_DATE":"20040629"}},{"type":"Feature","geometry":{"type":"LineString","coordinates":[[121.1838238269452,24.79098507428266],[121.1835361838224,24.79066431587469]]},"properties":{"name":"","FID":"1240","PI_NUM":"3471-12-3471-11","US_MH":"3471-12","DS_MH":"3471-11","PI_WIDT":"0","PI_WIDB":"0","PI_HEI":"0","PI_LENG":"45.91","PI_THICK":"0","PI_SLOP":"0","DES_FLOW":"0","DES_VELO":"0","US_BLE":"0","DS_BLE":"0","CITY_ID":"10004","KEYIN_DATE":"20040629"}},{"type":"Feature","geometry":{"type":"LineString","coordinates":[[121.1835361838224,24.79066431587469],[121.1832558114013,24.79033007731184]]},"properties":{"name":"","FID":"1241","PI_NUM":"3471-11-3471-10","US_MH":"3471-11","DS_MH":"3471-10","PI_WIDT":"0","PI_WIDB":"0","PI_HEI":"0","PI_LENG":"46.63","PI_THICK":"0","PI_SLOP":"0","DES_FLOW":"0","DES_VELO":"0","US_BLE":"0","DS_BLE":"0","CITY_ID":"10004","KEYIN_DATE":"20040629"}},{"type":"Feature","geometry":{"type":"LineString","coordinates":[[121.1832558114013,24.79033007731184],[121.1830170429761,24.79003951288212]]},"properties":{"name":"","FID":"1242","PI_NUM":"3471-10-3471-9","US_MH":"3471-10","DS_MH":"3471-9","PI_WIDT":"0","PI_WIDB":"0","PI_HEI":"0","PI_LENG":"40.23","PI_THICK":"0","PI_SLOP":"0","DES_FLOW":"0","DES_VELO":"0","US_BLE":"0","DS_BLE":"0","CITY_ID":"10004","KEYIN_DATE":"20040629"}},{"type":"Feature","geometry":{"type":"LineString","coordinates":[[121.1830170429761,24.79003951288212],[121.182765056738,24.78966399597267]]},"properties":{"name":"","FID":"1243","PI_NUM":"3471-9-3471-8","US_MH":"3471-9","DS_MH":"3471-8","PI_WIDT":"0","PI_WIDB":"0","PI_HEI":"0","PI_LENG":"48.78","PI_THICK":"0","PI_SLOP":"0","DES_FLOW":"0","DES_VELO":"0","US_BLE":"0","DS_BLE":"0","CITY_ID":"10004","KEYIN_DATE":"20040629"}},{"type":"Feature","geometry":{"type":"LineString","coordinates":[[121.182765056738,24.78966399597267],[121.1821677395183,24.78995768433575]]},"properties":{"name":"","FID":"1244","PI_NUM":"3471-8-3471-7","US_MH":"3471-8","DS_MH":"3471-7","PI_WIDT":"0","PI_WIDB":"0","PI_HEI":"0","PI_LENG":"68.6","PI_THICK":"0","PI_SLOP":"0","DES_FLOW":"0","DES_VELO":"0","US_BLE":"0","DS_BLE":"0","CITY_ID":"10004","KEYIN_DATE":"20040629"}},{"type":"Feature","geometry":{"type":"LineString","coordinates":[[121.1821677395183,24.78995768433575],[121.181954270959,24.79007245379629]]},"properties":{"name":"","FID":"1245","PI_NUM":"3471-7-3471-5","US_MH":"3471-7","DS_MH":"3471-5","PI_WIDT":"0","PI_WIDB":"0","PI_HEI":"0","PI_LENG":"25.05","PI_THICK":"0","PI_SLOP":"0","DES_FLOW":"0","DES_VELO":"0","US_BLE":"0","DS_BLE":"0","CITY_ID":"10004","KEYIN_DATE":"20040629"}},{"type":"Feature","geometry":{"type":"LineString","coordinates":[[121.181954270959,24.79007245379629],[121.1818483009785,24.79011487256789]]},"properties":{"name":"","FID":"1246","PI_NUM":"3471-5-3471-4","US_MH":"3471-5","DS_MH":"3471-4","PI_WIDT":"0","PI_WIDB":"0","PI_HEI":"0","PI_LENG":"11.7","PI_THICK":"0","PI_SLOP":"0","DES_FLOW":"0","DES_VELO":"0","US_BLE":"0","DS_BLE":"0","CITY_ID":"10004","KEYIN_DATE":"20040629"}},{"type":"Feature","geometry":{"type":"LineString","coordinates":[[121.1858747193409,24.79136746706036],[121.185727979186,24.79168021948118]]},"properties":{"name":"","FID":"1247","PI_NUM":"3471-18-3471-19","US_MH":"3471-18","DS_MH":"3471-19","PI_WIDT":"0","PI_WIDB":"0","PI_HEI":"0","PI_LENG":"37.68","PI_THICK":"0","PI_SLOP":"0","DES_FLOW":"0","DES_VELO":"0","US_BLE":"160","DS_BLE":"159.18","CITY_ID":"10004","KEYIN_DATE":"20040629"}},{"type":"Feature","geometry":{"type":"LineString","coordinates":[[121.1857677208505,24.79087848427719],[121.1858747193409,24.79136746706036]]},"properties":{"name":"","FID":"1248","PI_NUM":"3471-19-3471-20","US_MH":"3471-19","DS_MH":"3471-20","PI_WIDT":"0","PI_WIDB":"0","PI_HEI":"0","PI_LENG":"55.23","PI_THICK":"0","PI_SLOP":"0","DES_FLOW":"0","DES_VELO":"0","US_BLE":"159.05","DS_BLE":"157.87","CITY_ID":"10004","KEYIN_DATE":"20040629"}},{"type":"Feature","geometry":{"type":"LineString","coordinates":[[121.1855272301773,24.79051848703928],[121.1857677208505,24.79087848427719]]},"properties":{"name":"","FID":"1249","PI_NUM":"3471-20-3471-21","US_MH":"3471-20","DS_MH":"3471-21","PI_WIDT":"0","PI_WIDB":"0","PI_HEI":"0","PI_LENG":"46.7","PI_THICK":"0","PI_SLOP":"0","DES_FLOW":"0","DES_VELO":"0","US_BLE":"157.82","DS_BLE":"156.76","CITY_ID":"10004","KEYIN_DATE":"20040629"}},{"type":"Feature","geometry":{"type":"LineString","coordinates":[[121.1852159909448,24.79008118374061],[121.1855272301773,24.79051848703928]]},"properties":{"name":"","FID":"1250","PI_NUM":"3471-21-3471-22","US_MH":"3471-21","DS_MH":"3471-22","PI_WIDT":"0","PI_WIDB":"0","PI_HEI":"0","PI_LENG":"57.76","PI_THICK":"0","PI_SLOP":"0","DES_FLOW":"0","DES_VELO":"0","US_BLE":"156.58","DS_BLE":"155.34","CITY_ID":"10004","KEYIN_DATE":"20040629"}},{"type":"Feature","geometry":{"type":"LineString","coordinates":[[121.1849393076453,24.7896624359988],[121.1852159909448,24.79008118374061]]},"properties":{"name":"","FID":"1251","PI_NUM":"3471-22-3471-23","US_MH":"3471-22","DS_MH":"3471-23","PI_WIDT":"0","PI_WIDB":"0","PI_HEI":"0","PI_LENG":"54.16","PI_THICK":"0","PI_SLOP":"0","DES_FLOW":"0","DES_VELO":"0","US_BLE":"156.09","DS_BLE":"154.75","CITY_ID":"10004","KEYIN_DATE":"20040629"}},{"type":"Feature","geometry":{"type":"LineString","coordinates":[[121.1846353750224,24.78923421420363],[121.1849393076453,24.7896624359988]]},"properties":{"name":"","FID":"1252","PI_NUM":"3471-23-3471-24","US_MH":"3471-23","DS_MH":"3471-24","PI_WIDT":"0","PI_WIDB":"0","PI_HEI":"0","PI_LENG":"56.52","PI_THICK":"0","PI_SLOP":"0","DES_FLOW":"0","DES_VELO":"0","US_BLE":"154.55","DS_BLE":"0","CITY_ID":"10004","KEYIN_DATE":"20040629"}},{"type":"Feature","geometry":{"type":"LineString","coordinates":[[121.1830086017047,24.78759558732589],[121.1846353750224,24.78923421420363]]},"properties":{"name":"","FID":"1253","PI_NUM":"3471-24-3470-1","US_MH":"3471-24","DS_MH":"3470-1","PI_WIDT":"0","PI_WIDB":"0","PI_HEI":"0","PI_LENG":"244.94","PI_THICK":"0","PI_SLOP":"0","DES_FLOW":"0","DES_VELO":"0","US_BLE":"0","DS_BLE":"0","CITY_ID":"10004","KEYIN_DATE":"20040629"}},{"type":"Feature","geometry":{"type":"LineString","coordinates":[[121.1826015824974,24.78741312861388],[121.1830086017047,24.78759558732589]]},"properties":{"name":"","FID":"1254","PI_NUM":"3470-1-3470-2","US_MH":"3470-1","DS_MH":"3470-2","PI_WIDT":"0","PI_WIDB":"0","PI_HEI":"0","PI_LENG":"45.85","PI_THICK":"0","PI_SLOP":"0","DES_FLOW":"0","DES_VELO":"0","US_BLE":"0","DS_BLE":"144.63","CITY_ID":"10004","KEYIN_DATE":"20040629"}},{"type":"Feature","geometry":{"type":"LineString","coordinates":[[121.1816096142733,24.78722835498425],[121.1819996182689,24.78725991484601]]},"properties":{"name":"","FID":"1255","PI_NUM":"3470-3-3470-4","US_MH":"3470-3","DS_MH":"3470-4","PI_WIDT":"0","PI_WIDB":"0","PI_HEI":"0","PI_LENG":"39.59","PI_THICK":"0","PI_SLOP":"0","DES_FLOW":"0","DES_VELO":"0","US_BLE":"141.89","DS_BLE":"139.14","CITY_ID":"10004","KEYIN_DATE":"20040629"}},{"type":"Feature","geometry":{"type":"LineString","coordinates":[[121.0449325428407,24.90380058750083],[121.0431139064968,24.90463102362095]]},"properties":{"name":"","FID":"1256","PI_NUM":"1692-F1-1792-F1","US_MH":"1692-F1","DS_MH":"1792-F1","PI_WIDT":"0","PI_WIDB":"0","PI_HEI":"0","PI_LENG":"205.45","PI_THICK":"0","PI_SLOP":"0","DES_FLOW":"0","DES_VELO":"0","US_BLE":"0","DS_BLE":"0","CITY_ID":"10004","KEYIN_DATE":"20040629"}},{"type":"Feature","geometry":{"type":"LineString","coordinates":[[121.0512053564532,24.89045927519305],[121.0509296680606,24.8909753761191]]},"properties":{"name":"","FID":"1257","PI_NUM":"1789-3-1789-2","US_MH":"1789-3","DS_MH":"1789-2","PI_WIDT":"0","PI_WIDB":"0","PI_HEI":"0","PI_LENG":"63.59","PI_THICK":"0","PI_SLOP":"0","DES_FLOW":"0","DES_VELO":"0","US_BLE":"0","DS_BLE":"0","CITY_ID":"10004","KEYIN_DATE":"20040629"}},{"type":"Feature","geometry":{"type":"LineString","coordinates":[[121.0509296680606,24.8909753761191],[121.0505776415456,24.89165928825709]]},"properties":{"name":"","FID":"1258","PI_NUM":"1789-2-1789-1","US_MH":"1789-2","DS_MH":"1789-1","PI_WIDT":"0","PI_WIDB":"0","PI_HEI":"0","PI_LENG":"83.68","PI_THICK":"0","PI_SLOP":"0","DES_FLOW":"0","DES_VELO":"0","US_BLE":"0","DS_BLE":"86.11","CITY_ID":"10004","KEYIN_DATE":"20040629"}},{"type":"Feature","geometry":{"type":"LineString","coordinates":[[121.0505776415456,24.89165928825709],[121.0502072066904,24.8923832742324]]},"properties":{"name":"","FID":"1259","PI_NUM":"1789-1-1790-7","US_MH":"1789-1","DS_MH":"1790-7","PI_WIDT":"0","PI_WIDB":"0","PI_HEI":"0","PI_LENG":"88.49","PI_THICK":"0","PI_SLOP":"0","DES_FLOW":"0","DES_VELO":"0","US_BLE":"86.16","DS_BLE":"0","CITY_ID":"10004","KEYIN_DATE":"20040629"}},{"type":"Feature","geometry":{"type":"LineString","coordinates":[[121.0502072066904,24.8923832742324],[121.0497456740202,24.89328218991212]]},"properties":{"name":"","FID":"1260","PI_NUM":"1790-7-1790-6","US_MH":"1790-7","DS_MH":"1790-6","PI_WIDT":"0","PI_WIDB":"0","PI_HEI":"0","PI_LENG":"109.94","PI_THICK":"0","PI_SLOP":"0","DES_FLOW":"0","DES_VELO":"0","US_BLE":"0","DS_BLE":"83.42","CITY_ID":"10004","KEYIN_DATE":"20040629"}},{"type":"Feature","geometry":{"type":"LineString","coordinates":[[121.0497456740202,24.89328218991212],[121.0494061271079,24.89394341531608]]},"properties":{"name":"","FID":"1261","PI_NUM":"1790-6-1790-5","US_MH":"1790-6","DS_MH":"1790-5","PI_WIDT":"0","PI_WIDB":"0","PI_HEI":"0","PI_LENG":"80.87","PI_THICK":"0","PI_SLOP":"0","DES_FLOW":"0","DES_VELO":"0","US_BLE":"83.37","DS_BLE":"0","CITY_ID":"10004","KEYIN_DATE":"20040629"}},{"type":"Feature","geometry":{"type":"LineString","coordinates":[[121.0494061271079,24.89394341531608],[121.0490281953053,24.89464210276182]]},"properties":{"name":"","FID":"1262","PI_NUM":"1790-5-1790-4","US_MH":"1790-5","DS_MH":"1790-4","PI_WIDT":"0","PI_WIDB":"0","PI_HEI":"0","PI_LENG":"86.29","PI_THICK":"0","PI_SLOP":"0","DES_FLOW":"0","DES_VELO":"0","US_BLE":"0","DS_BLE":"0","CITY_ID":"10004","KEYIN_DATE":"20040629"}},{"type":"Feature","geometry":{"type":"LineString","coordinates":[[121.0490281953053,24.89464210276182],[121.0487068870276,24.89523585946184]]},"properties":{"name":"","FID":"1263","PI_NUM":"1790-4-1790-3","US_MH":"1790-4","DS_MH":"1790-3","PI_WIDT":"0","PI_WIDB":"0","PI_HEI":"0","PI_LENG":"73.34","PI_THICK":"0","PI_SLOP":"0","DES_FLOW":"0","DES_VELO":"0","US_BLE":"0","DS_BLE":"80.39","CITY_ID":"10004","KEYIN_DATE":"20040629"}},{"type":"Feature","geometry":{"type":"LineString","coordinates":[[121.0487068870276,24.89523585946184],[121.0483649747574,24.89590056811247]]},"properties":{"name":"","FID":"1264","PI_NUM":"1790-3-1790-2","US_MH":"1790-3","DS_MH":"1790-2","PI_WIDT":"0","PI_WIDB":"0","PI_HEI":"0","PI_LENG":"81.32","PI_THICK":"0","PI_SLOP":"0","DES_FLOW":"0","DES_VELO":"0","US_BLE":"80.52","DS_BLE":"0","CITY_ID":"10004","KEYIN_DATE":"20040629"}},{"type":"Feature","geometry":{"type":"LineString","coordinates":[[121.0483649747574,24.89590056811247],[121.0480753790756,24.89704116967048]]},"properties":{"name":"","FID":"1265","PI_NUM":"1790-2-1790-1","US_MH":"1790-2","DS_MH":"1790-1","PI_WIDT":"0","PI_WIDB":"0","PI_HEI":"0","PI_LENG":"129.68","PI_THICK":"0","PI_SLOP":"0","DES_FLOW":"0","DES_VELO":"0","US_BLE":"0","DS_BLE":"0","CITY_ID":"10004","KEYIN_DATE":"20040629"}},{"type":"Feature","geometry":{"type":"LineString","coordinates":[[121.0480753790756,24.89704116967048],[121.0486157174239,24.89790369532355]]},"properties":{"name":"","FID":"1266","PI_NUM":"1790-1-1791-11","US_MH":"1790-1","DS_MH":"1791-11","PI_WIDT":"0","PI_WIDB":"0","PI_HEI":"0","PI_LENG":"110.03","PI_THICK":"0","PI_SLOP":"0","DES_FLOW":"0","DES_VELO":"0","US_BLE":"0","DS_BLE":"0","CITY_ID":"10004","KEYIN_DATE":"20040629"}},{"type":"Feature","geometry":{"type":"LineString","coordinates":[[121.0486157174239,24.89790369532355],[121.0488808339154,24.89822884251109]]},"properties":{"name":"","FID":"1267","PI_NUM":"1791-11-1791-10","US_MH":"1791-11","DS_MH":"1791-11","PI_WIDT":"0","PI_WIDB":"0","PI_HEI":"0","PI_LENG":"44.88","PI_THICK":"0","PI_SLOP":"0","DES_FLOW":"0","DES_VELO":"0","US_BLE":"0","DS_BLE":"0","CITY_ID":"10004","KEYIN_DATE":"20040629"}},{"type":"Feature","geometry":{"type":"LineString","coordinates":[[121.0488808339154,24.89822884251109],[121.0492049065906,24.89862328160205]]},"properties":{"name":"","FID":"1268","PI_NUM":"1791-10-1791-9","US_MH":"1791-10","DS_MH":"1791-9","PI_WIDT":"0","PI_WIDB":"0","PI_HEI":"0","PI_LENG":"54.59","PI_THICK":"0","PI_SLOP":"0","DES_FLOW":"0","DES_VELO":"0","US_BLE":"0","DS_BLE":"0","CITY_ID":"10004","KEYIN_DATE":"20040629"}},{"type":"Feature","geometry":{"type":"LineString","coordinates":[[121.0492049065906,24.89862328160205],[121.0495188234823,24.89901351605433]]},"properties":{"name":"","FID":"1269","PI_NUM":"1791-9-1791-8","US_MH":"1791-9","DS_MH":"1791-8","PI_WIDT":"0","PI_WIDB":"0","PI_HEI":"0","PI_LENG":"53.61","PI_THICK":"0","PI_SLOP":"0","DES_FLOW":"0","DES_VELO":"0","US_BLE":"0","DS_BLE":"0","CITY_ID":"10004","KEYIN_DATE":"20040629"}},{"type":"Feature","geometry":{"type":"LineString","coordinates":[[121.0495188234823,24.89901351605433],[121.0504100628971,24.90016188684512]]},"properties":{"name":"","FID":"1270","PI_NUM":"1791-8-1791-7","US_MH":"1791-8","DS_MH":"1791-7","PI_WIDT":"0","PI_WIDB":"0","PI_HEI":"0","PI_LENG":"155.84","PI_THICK":"0","PI_SLOP":"0","DES_FLOW":"0","DES_VELO":"0","US_BLE":"0","DS_BLE":"0","CITY_ID":"10004","KEYIN_DATE":"20040629"}},{"type":"Feature","geometry":{"type":"LineString","coordinates":[[121.049975795705,24.90381744657206],[121.0495939394931,24.9031851638694]]},"properties":{"name":"","FID":"1271","PI_NUM":"1792-6-1792-5","US_MH":"1792-6","DS_MH":"1792-5","PI_WIDT":"0","PI_WIDB":"0","PI_HEI":"0","PI_LENG":"79.95","PI_THICK":"0","PI_SLOP":"0","DES_FLOW":"0","DES_VELO":"0","US_BLE":"0","DS_BLE":"0","CITY_ID":"10004","KEYIN_DATE":"20040629"}},{"type":"Feature","geometry":{"type":"LineString","coordinates":[[121.0495939394931,24.9031851638694],[121.0492253300733,24.90257261205884]]},"properties":{"name":"","FID":"1272","PI_NUM":"1792-5-1791-6","US_MH":"1792-5","DS_MH":"1791-6","PI_WIDT":"0","PI_WIDB":"0","PI_HEI":"0","PI_LENG":"77.39","PI_THICK":"0","PI_SLOP":"0","DES_FLOW":"0","DES_VELO":"0","US_BLE":"0","DS_BLE":"85.59","CITY_ID":"10004","KEYIN_DATE":"20040629"}},{"type":"Feature","geometry":{"type":"LineString","coordinates":[[121.0508461536534,24.90092335611963],[121.0489270779675,24.90193810600111]]},"properties":{"name":"","FID":"1273","PI_NUM":"1791-F1-1791-5","US_MH":"1791-F1","DS_MH":"1791-5","PI_WIDT":"0","PI_WIDB":"0","PI_HEI":"0","PI_LENG":"224.09","PI_THICK":"0","PI_SLOP":"0","DES_FLOW":"0","DES_VELO":"0","US_BLE":"0","DS_BLE":"0","CITY_ID":"10004","KEYIN_DATE":"20040629"}},{"type":"Feature","geometry":{"type":"LineString","coordinates":[[121.0489270779675,24.90193810600111],[121.0488046981911,24.90201857195706]]},"properties":{"name":"","FID":"1274","PI_NUM":"1791-5-1791-4","US_MH":"1791-5","DS_MH":"1791-4","PI_WIDT":"0","PI_WIDB":"0","PI_HEI":"0","PI_LENG":"15.24","PI_THICK":"0","PI_SLOP":"0","DES_FLOW":"0","DES_VELO":"0","US_BLE":"0","DS_BLE":"79.16","CITY_ID":"10004","KEYIN_DATE":"20040629"}},{"type":"Feature","geometry":{"type":"LineString","coordinates":[[121.0488046981911,24.90201857195706],[121.0480479439452,24.90234446652824]]},"properties":{"name":"","FID":"1275","PI_NUM":"1791-4-1791-2","US_MH":"1791-4","DS_MH":"1791-2","PI_WIDT":"0","PI_WIDB":"0","PI_HEI":"0","PI_LENG":"84.54","PI_THICK":"0","PI_SLOP":"0","DES_FLOW":"0","DES_VELO":"0","US_BLE":"79.16","DS_BLE":"0","CITY_ID":"10004","KEYIN_DATE":"20040629"}},{"type":"Feature","geometry":{"type":"LineString","coordinates":[[121.0480479439452,24.90234446652824],[121.0475771337699,24.90254893234277]]},"properties":{"name":"","FID":"1276","PI_NUM":"1791-1-1791-2","US_MH":"1791-1","DS_MH":"1791-2","PI_WIDT":"0","PI_WIDB":"0","PI_HEI":"0","PI_LENG":"52.68","PI_THICK":"0","PI_SLOP":"0","DES_FLOW":"0","DES_VELO":"0","US_BLE":"0","DS_BLE":"0","CITY_ID":"10004","KEYIN_DATE":"20040629"}},{"type":"Feature","geometry":{"type":"LineString","coordinates":[[121.0475771337699,24.90254893234277],[121.047138168905,24.90275726886361]]},"properties":{"name":"","FID":"1277","PI_NUM":"1792-4-1791-1","US_MH":"1792-4","DS_MH":"1791-1","PI_WIDT":"0","PI_WIDB":"0","PI_HEI":"0","PI_LENG":"49.99","PI_THICK":"0","PI_SLOP":"0","DES_FLOW":"0","DES_VELO":"0","US_BLE":"0","DS_BLE":"0","CITY_ID":"10004","KEYIN_DATE":"20040629"}},{"type":"Feature","geometry":{"type":"LineString","coordinates":[[121.047138168905,24.90275726886361],[121.0465479666023,24.90305195476802]]},"properties":{"name":"","FID":"1278","PI_NUM":"1792-3-1792-4","US_MH":"1792-3","DS_MH":"1791-4","PI_WIDT":"0","PI_WIDB":"0","PI_HEI":"0","PI_LENG":"67.97","PI_THICK":"0","PI_SLOP":"0","DES_FLOW":"0","DES_VELO":"0","US_BLE":"0","DS_BLE":"0","CITY_ID":"10004","KEYIN_DATE":"20040629"}},{"type":"Feature","geometry":{"type":"LineString","coordinates":[[121.0427219381933,24.89983530576299],[121.0431570822615,24.90068908721338]]},"properties":{"name":"","FID":"1279","PI_NUM":"1691-13-1691-12","US_MH":"1691-13","DS_MH":"1691-12","PI_WIDT":"0","PI_WIDB":"0","PI_HEI":"0","PI_LENG":"104.28","PI_THICK":"0","PI_SLOP":"0","DES_FLOW":"0","DES_VELO":"0","US_BLE":"0","DS_BLE":"0","CITY_ID":"10004","KEYIN_DATE":"20040629"}},{"type":"Feature","geometry":{"type":"LineString","coordinates":[[121.0431570822615,24.90068908721338],[121.0436821881509,24.90160938102522]]},"properties":{"name":"","FID":"1280","PI_NUM":"1691-12-1691-F1","US_MH":"1691-12","DS_MH":"1691-F1","PI_WIDT":"0","PI_WIDB":"0","PI_HEI":"0","PI_LENG":"114.91","PI_THICK":"0","PI_SLOP":"0","DES_FLOW":"0","DES_VELO":"0","US_BLE":"0","DS_BLE":"0","CITY_ID":"10004","KEYIN_DATE":"20040629"}},{"type":"Feature","geometry":{"type":"LineString","coordinates":[[121.0445429283201,24.90120082162622],[121.0452748013819,24.90085466529151]]},"properties":{"name":"","FID":"1281","PI_NUM":"1791-13-1791-12","US_MH":"1791-13","DS_MH":"1791-12","PI_WIDT":"0","PI_WIDB":"0","PI_HEI":"0","PI_LENG":"83.28","PI_THICK":"0","PI_SLOP":"0","DES_FLOW":"0","DES_VELO":"0","US_BLE":"0","DS_BLE":"0","CITY_ID":"10004","KEYIN_DATE":"20040629"}},{"type":"Feature","geometry":{"type":"LineString","coordinates":[[121.0436821881509,24.90160938102522],[121.0445429283201,24.90120082162622]]},"properties":{"name":"","FID":"1282","PI_NUM":"1791-12-1691-F1","US_MH":"1791-12","DS_MH":"1691-F1","PI_WIDT":"0","PI_WIDB":"0","PI_HEI":"0","PI_LENG":"98.02","PI_THICK":"0","PI_SLOP":"0","DES_FLOW":"0","DES_VELO":"0","US_BLE":"0","DS_BLE":"0","CITY_ID":"10004","KEYIN_DATE":"20040629"}},{"type":"Feature","geometry":{"type":"LineString","coordinates":[[121.0431139064968,24.90463102362095],[121.0418404883144,24.90252031572018]]},"properties":{"name":"","FID":"1283","PI_NUM":"1691-11-1692-F1","US_MH":"1691-11","DS_MH":"1691-F1","PI_WIDT":"0","PI_WIDB":"0","PI_HEI":"0","PI_LENG":"266.84","PI_THICK":"0","PI_SLOP":"0","DES_FLOW":"0","DES_VELO":"0","US_BLE":"69.91","DS_BLE":"0","CITY_ID":"10004","KEYIN_DATE":"20040629"}},{"type":"Feature","geometry":{"type":"LineString","coordinates":[[121.0414662343727,24.902018182834],[121.0413331298149,24.90177412524143]]},"properties":{"name":"","FID":"1284","PI_NUM":"1691-9-1691-10","US_MH":"1691-9","DS_MH":"1691-10","PI_WIDT":"0","PI_WIDB":"0","PI_HEI":"0","PI_LENG":"30.19","PI_THICK":"0","PI_SLOP":"0","DES_FLOW":"0","DES_VELO":"0","US_BLE":"70.07","DS_BLE":"70.04","CITY_ID":"10004","KEYIN_DATE":"20040629"}},{"type":"Feature","geometry":{"type":"LineString","coordinates":[[121.0413331298149,24.90177412524143],[121.0404859550847,24.9005697929925]]},"properties":{"name":"","FID":"1285","PI_NUM":"1691-8-1691-9","US_MH":"1691-8","DS_MH":"1691-9","PI_WIDT":"0","PI_WIDB":"0","PI_HEI":"0","PI_LENG":"158.49","PI_THICK":"0","PI_SLOP":"0","DES_FLOW":"0","DES_VELO":"0","US_BLE":"0","DS_BLE":"69.87","CITY_ID":"10004","KEYIN_DATE":"20040629"}},{"type":"Feature","geometry":{"type":"LineString","coordinates":[[121.0404859550847,24.9005697929925],[121.0386894909465,24.89879874195333]]},"properties":{"name":"","FID":"1286","PI_NUM":"1691-7-1691-8","US_MH":"1691-7","DS_MH":"1691-8","PI_WIDT":"0","PI_WIDB":"0","PI_HEI":"0","PI_LENG":"267.24","PI_THICK":"0","PI_SLOP":"0","DES_FLOW":"0","DES_VELO":"0","US_BLE":"0","DS_BLE":"0","CITY_ID":"10004","KEYIN_DATE":"20040629"}},{"type":"Feature","geometry":{"type":"LineString","coordinates":[[121.0386894909465,24.89879874195333],[121.0378595367104,24.89921806702824]]},"properties":{"name":"","FID":"1287","PI_NUM":"1691-7-1691-6","US_MH":"1691-7","DS_MH":"1691-6","PI_WIDT":"0","PI_WIDB":"0","PI_HEI":"0","PI_LENG":"95.85","PI_THICK":"0","PI_SLOP":"0","DES_FLOW":"0","DES_VELO":"0","US_BLE":"0","DS_BLE":"0","CITY_ID":"10004","KEYIN_DATE":"20040629"}},{"type":"Feature","geometry":{"type":"LineString","coordinates":[[121.0378595367104,24.89921806702824],[121.0371515522658,24.89957722731673]]},"properties":{"name":"","FID":"1288","PI_NUM":"1691-6-1691-5","US_MH":"1691-6","DS_MH":"1691-5","PI_WIDT":"0","PI_WIDB":"0","PI_HEI":"0","PI_LENG":"81.84","PI_THICK":"0","PI_SLOP":"0","DES_FLOW":"0","DES_VELO":"0","US_BLE":"0","DS_BLE":"64.63","CITY_ID":"10004","KEYIN_DATE":"20040629"}},{"type":"Feature","geometry":{"type":"LineString","coordinates":[[121.0371515522658,24.89957722731673],[121.0373843775236,24.90015070480261]]},"properties":{"name":"","FID":"1289","PI_NUM":"1691-5-1691-4","US_MH":"1691-5","DS_MH":"1691-4","PI_WIDT":"0","PI_WIDB":"0","PI_HEI":"0","PI_LENG":"67.73","PI_THICK":"0","PI_SLOP":"0","DES_FLOW":"0","DES_VELO":"0","US_BLE":"64.63","DS_BLE":"64.5","CITY_ID":"10004","KEYIN_DATE":"20040629"}},{"type":"Feature","geometry":{"type":"LineString","coordinates":[[121.0842731883407,24.74564377941557],[121.0849213972598,24.74500796573694]]},"properties":{"name":"","FID":"1290","PI_NUM":"2262-5-2263-8","US_MH":"2262-5","DS_MH":"2263-8","PI_WIDT":"0","PI_WIDB":"0","PI_HEI":"0","PI_LENG":"96.22","PI_THICK":"0","PI_SLOP":"0","DES_FLOW":"0","DES_VELO":"0","US_BLE":"104.09","DS_BLE":"103.5","CITY_ID":"10004","KEYIN_DATE":"20040629"}},{"type":"Feature","geometry":{"type":"LineString","coordinates":[[121.0838490701156,24.74605299859102],[121.0842731883407,24.74564377941557]]},"properties":{"name":"","FID":"1291","PI_NUM":"2263-8-2263-9","US_MH":"2263-8","DS_MH":"2263-9","PI_WIDT":"0","PI_WIDB":"0","PI_HEI":"0","PI_LENG":"62.41","PI_THICK":"0","PI_SLOP":"0","DES_FLOW":"0","DES_VELO":"0","US_BLE":"103.3","DS_BLE":"103.07","CITY_ID":"10004","KEYIN_DATE":"20040629"}},{"type":"Feature","geometry":{"type":"LineString","coordinates":[[121.0835595663423,24.74632945603554],[121.0838490701156,24.74605299859102]]},"properties":{"name":"","FID":"1292","PI_NUM":"2263-9-2263-10","US_MH":"2263-9","DS_MH":"2263-10","PI_WIDT":"0","PI_WIDB":"0","PI_HEI":"0","PI_LENG":"42.37","PI_THICK":"0","PI_SLOP":"0","DES_FLOW":"0","DES_VELO":"0","US_BLE":"103.12","DS_BLE":"102.36","CITY_ID":"10004","KEYIN_DATE":"20040629"}},{"type":"Feature","geometry":{"type":"LineString","coordinates":[[121.0828876447066,24.74687508934738],[121.0835595663423,24.74632945603554]]},"properties":{"name":"","FID":"1293","PI_NUM":"2263-10-2163-4","US_MH":"2263-10","DS_MH":"2163-4","PI_WIDT":"0","PI_WIDB":"0","PI_HEI":"0","PI_LENG":"90.95","PI_THICK":"0","PI_SLOP":"0","DES_FLOW":"0","DES_VELO":"0","US_BLE":"101.51","DS_BLE":"0","CITY_ID":"10004","KEYIN_DATE":"20040629"}},{"type":"Feature","geometry":{"type":"LineString","coordinates":[[121.0823599658665,24.74728709718786],[121.0828876447066,24.74687508934738]]},"properties":{"name":"","FID":"1294","PI_NUM":"2163-4-2163-3","US_MH":"2262-4","DS_MH":"2163-3","PI_WIDT":"0","PI_WIDB":"0","PI_HEI":"0","PI_LENG":"70.22","PI_THICK":"0","PI_SLOP":"0","DES_FLOW":"0","DES_VELO":"0","US_BLE":"0","DS_BLE":"100.81","CITY_ID":"10004","KEYIN_DATE":"20040629"}},{"type":"Feature","geometry":{"type":"LineString","coordinates":[[121.0819490875035,24.74759597693345],[121.0823599658665,24.74728709718786]]},"properties":{"name":"","FID":"1295","PI_NUM":"2163-3-2163-2","US_MH":"2163-3","DS_MH":"2163-2","PI_WIDT":"0","PI_WIDB":"0","PI_HEI":"0","PI_LENG":"53.83","PI_THICK":"0","PI_SLOP":"0","DES_FLOW":"0","DES_VELO":"0","US_BLE":"101.04","DS_BLE":"100.69","CITY_ID":"10004","KEYIN_DATE":"20040629"}},{"type":"Feature","geometry":{"type":"LineString","coordinates":[[121.0864877462856,24.7453098379996],[121.0887113042259,24.74365980134295]]},"properties":{"name":"","FID":"1296","PI_NUM":"2262-2-2262-3","US_MH":"2262-2","DS_MH":"2262-3","PI_WIDT":"0","PI_WIDB":"0","PI_HEI":"0","PI_LENG":"289.8","PI_THICK":"0","PI_SLOP":"0","DES_FLOW":"0","DES_VELO":"0","US_BLE":"105.8","DS_BLE":"104.95","CITY_ID":"10004","KEYIN_DATE":"20040629"}},{"type":"Feature","geometry":{"type":"LineString","coordinates":[[121.0857042419605,24.74588328443471],[121.0862147846781,24.74550636913008]]},"properties":{"name":"","FID":"1297","PI_NUM":"2262-1-2263-7","US_MH":"2262-1","DS_MH":"2263-7","PI_WIDT":"0","PI_WIDB":"0","PI_HEI":"0","PI_LENG":"66.4","PI_THICK":"0","PI_SLOP":"0","DES_FLOW":"0","DES_VELO":"0","US_BLE":"104.37","DS_BLE":"104.3","CITY_ID":"10004","KEYIN_DATE":"20040629"}},{"type":"Feature","geometry":{"type":"LineString","coordinates":[[121.0853172841232,24.7461656876662],[121.0857042419605,24.74588328443471]]},"properties":{"name":"","FID":"1298","PI_NUM":"2263-7-2263-6","US_MH":"2263-7","DS_MH":"2263-6","PI_WIDT":"0","PI_WIDB":"0","PI_HEI":"0","PI_LENG":"50.1","PI_THICK":"0","PI_SLOP":"0","DES_FLOW":"0","DES_VELO":"0","US_BLE":"104.15","DS_BLE":"104.23","CITY_ID":"10004","KEYIN_DATE":"20040629"}},{"type":"Feature","geometry":{"type":"LineString","coordinates":[[121.0848966001318,24.74647579996901],[121.0853172841232,24.7461656876662]]},"properties":{"name":"","FID":"1299","PI_NUM":"2263-6-2263-5","US_MH":"2263-6","DS_MH":"2263-5","PI_WIDT":"0","PI_WIDB":"0","PI_HEI":"0","PI_LENG":"54.68","PI_THICK":"0","PI_SLOP":"0","DES_FLOW":"0","DES_VELO":"0","US_BLE":"104.21","DS_BLE":"0","CITY_ID":"10004","KEYIN_DATE":"20040629"}},{"type":"Feature","geometry":{"type":"LineString","coordinates":[[121.0841430224514,24.74702619809056],[121.0845513596851,24.7467277509126]]},"properties":{"name":"","FID":"1300","PI_NUM":"2263-4-2263-3","US_MH":"2263-4","DS_MH":"2263-3","PI_WIDT":"0","PI_WIDB":"0","PI_HEI":"0","PI_LENG":"52.9","PI_THICK":"0","PI_SLOP":"0","DES_FLOW":"0","DES_VELO":"0","US_BLE":"103.23","DS_BLE":"0","CITY_ID":"10004","KEYIN_DATE":"20040629"}},{"type":"Feature","geometry":{"type":"LineString","coordinates":[[121.0837610164039,24.74730220218905],[121.0841430224514,24.74702619809056]]},"properties":{"name":"","FID":"1301","PI_NUM":"2263-3-2263-2","US_MH":"2263-3","DS_MH":"2263-2","PI_WIDT":"0","PI_WIDB":"0","PI_HEI":"0","PI_LENG":"49.27","PI_THICK":"0","PI_SLOP":"0","DES_FLOW":"0","DES_VELO":"0","US_BLE":"0","DS_BLE":"0","CITY_ID":"10004","KEYIN_DATE":"20040629"}},{"type":"Feature","geometry":{"type":"LineString","coordinates":[[121.0834038085654,24.74756921699983],[121.0837610164039,24.74730220218905]]},"properties":{"name":"","FID":"1302","PI_NUM":"2263-2-2263-1","US_MH":"2263-2","DS_MH":"2263-1","PI_WIDT":"0","PI_WIDB":"0","PI_HEI":"0","PI_LENG":"46.69","PI_THICK":"0","PI_SLOP":"0","DES_FLOW":"0","DES_VELO":"0","US_BLE":"0","DS_BLE":"100.2","CITY_ID":"10004","KEYIN_DATE":"20040629"}},{"type":"Feature","geometry":{"type":"LineString","coordinates":[[121.0830180282597,24.74785393396926],[121.0834038085654,24.74756921699983]]},"properties":{"name":"","FID":"1303","PI_NUM":"2163-1-2263-1","US_MH":"2163-1","DS_MH":"2263-1","PI_WIDT":"0","PI_WIDB":"0","PI_HEI":"0","PI_LENG":"50.17","PI_THICK":"0","PI_SLOP":"0","DES_FLOW":"0","DES_VELO":"0","US_BLE":"100.76","DS_BLE":"100.2","CITY_ID":"10004","KEYIN_DATE":"20040629"}},{"type":"Feature","geometry":{"type":"LineString","coordinates":[[121.0820624351858,24.7485383918651],[121.0830180282597,24.74785393396926]]},"properties":{"name":"","FID":"1304","PI_NUM":"2163-F2-2163-1","US_MH":"2163-F2","DS_MH":"2163-1","PI_WIDT":"0","PI_WIDB":"0","PI_HEI":"0","PI_LENG":"122.84","PI_THICK":"0","PI_SLOP":"0","DES_FLOW":"0","DES_VELO":"0","US_BLE":"0","DS_BLE":"100.76","CITY_ID":"10004","KEYIN_DATE":"20040629"}},{"type":"Feature","geometry":{"type":"LineString","coordinates":[[121.0862147846781,24.74550636913008],[121.0864877462856,24.7453098379996]]},"properties":{"name":"","FID":"1305","PI_NUM":"2262-2-2262-1","US_MH":"2262-2","DS_MH":"2262-1","PI_WIDT":"0","PI_WIDB":"0","PI_HEI":"0","PI_LENG":"35.16","PI_THICK":"0","PI_SLOP":"0","DES_FLOW":"0","DES_VELO":"0","US_BLE":"106.2","DS_BLE":"105.05","CITY_ID":"10004","KEYIN_DATE":"20040629"}},{"type":"Feature","geometry":{"type":"LineString","coordinates":[[121.0845513596851,24.7467277509126],[121.0848966001318,24.74647579996901]]},"properties":{"name":"","FID":"1306","PI_NUM":"2263-5-2263-4","US_MH":"2263-5","DS_MH":"2263-4","PI_WIDT":"0","PI_WIDB":"0","PI_HEI":"0","PI_LENG":"44.7","PI_THICK":"0","PI_SLOP":"0","DES_FLOW":"0","DES_VELO":"0","US_BLE":"0","DS_BLE":"103.23","CITY_ID":"10004","KEYIN_DATE":"20040629"}},{"type":"Feature","geometry":{"type":"LineString","coordinates":[[121.0849213972598,24.74500796573694],[121.0850783998036,24.74485396471576]]},"properties":{"name":"","FID":"1307","PI_NUM":"2262-F1-2262-5","US_MH":"2262-F1","DS_MH":"2262-5","PI_WIDT":"0","PI_WIDB":"0","PI_HEI":"0","PI_LENG":"23.31","PI_THICK":"0","PI_SLOP":"0","DES_FLOW":"0","DES_VELO":"0","US_BLE":"0","DS_BLE":"104.09","CITY_ID":"10004","KEYIN_DATE":"20040629"}},{"type":"Feature","geometry":{"type":"LineString","coordinates":[[121.0815291848938,24.74791164099322],[121.0819490875035,24.74759597693345]]},"properties":{"name":"","FID":"1308","PI_NUM":"2163-2-2163-F1","US_MH":"2163-2","DS_MH":"2163-F1","PI_WIDT":"0","PI_WIDB":"0","PI_HEI":"0","PI_LENG":"55.01","PI_THICK":"0","PI_SLOP":"0","DES_FLOW":"0","DES_VELO":"0","US_BLE":"100.69","DS_BLE":"0","CITY_ID":"10004","KEYIN_DATE":"20040629"}},{"type":"Feature","geometry":{"type":"LineString","coordinates":[[121.0887113042259,24.74365980134295],[121.0892229801824,24.74308149923556]]},"properties":{"name":"","FID":"1309","PI_NUM":"2262-3-2262-4","US_MH":"2262-3","DS_MH":"2262-4","PI_WIDT":"0","PI_WIDB":"0","PI_HEI":"0","PI_LENG":"82.35","PI_THICK":"0","PI_SLOP":"0","DES_FLOW":"0","DES_VELO":"0","US_BLE":"104.95","DS_BLE":"0","CITY_ID":"10004","KEYIN_DATE":"20040629"}},{"type":"Feature","geometry":{"type":"LineString","coordinates":[[121.0996590399329,24.72891125231026],[121.0996005108389,24.72844157298786]]},"properties":{"name":"","FID":"1310","PI_NUM":"2459-2-2459-1","US_MH":"2459-2","DS_MH":"2459-1","PI_WIDT":"0","PI_WIDB":"0","PI_HEI":"0","PI_LENG":"52.36","PI_THICK":"0","PI_SLOP":"0","DES_FLOW":"0","DES_VELO":"0","US_BLE":"126.74","DS_BLE":"0","CITY_ID":"10004","KEYIN_DATE":"20040629"}},{"type":"Feature","geometry":{"type":"LineString","coordinates":[[121.0996005108389,24.72844157298786],[121.09948265649,24.72748137646425]]},"properties":{"name":"","FID":"1311","PI_NUM":"2459-3-2459-2","US_MH":"2459-3","DS_MH":"2459-2","PI_WIDT":"0","PI_WIDB":"0","PI_HEI":"0","PI_LENG":"107.02","PI_THICK":"0","PI_SLOP":"0","DES_FLOW":"0","DES_VELO":"0","US_BLE":"0","DS_BLE":"126.84","CITY_ID":"10004","KEYIN_DATE":"20040629"}},{"type":"Feature","geometry":{"type":"LineString","coordinates":[[121.09948265649,24.72748137646425],[121.0994616975864,24.72703082194816]]},"properties":{"name":"","FID":"1312","PI_NUM":"2459-4-2459-3","US_MH":"2459-4","DS_MH":"2459-3","PI_WIDT":"0","PI_WIDB":"0","PI_HEI":"0","PI_LENG":"49.95","PI_THICK":"0","PI_SLOP":"0","DES_FLOW":"0","DES_VELO":"0","US_BLE":"127.75","DS_BLE":"0","CITY_ID":"10004","KEYIN_DATE":"20040629"}},{"type":"Feature","geometry":{"type":"LineString","coordinates":[[121.0994616975864,24.72703082194816],[121.099441776956,24.72649343766357]]},"properties":{"name":"","FID":"1313","PI_NUM":"2459-5-2459-4","US_MH":"2459-5","DS_MH":"2459-4","PI_WIDT":"0","PI_WIDB":"0","PI_HEI":"0","PI_LENG":"59.55","PI_THICK":"0","PI_SLOP":"0","DES_FLOW":"0","DES_VELO":"0","US_BLE":"128.51","DS_BLE":"127.8","CITY_ID":"10004","KEYIN_DATE":"20040629"}},{"type":"Feature","geometry":{"type":"LineString","coordinates":[[121.0997147442948,24.72935866868128],[121.0996590399329,24.72891125231026]]},"properties":{"name":"","FID":"1314","PI_NUM":"2459-1-2460-4","US_MH":"2459-1","DS_MH":"2460-4","PI_WIDT":"0","PI_WIDB":"0","PI_HEI":"0","PI_LENG":"49.87","PI_THICK":"0","PI_SLOP":"0","DES_FLOW":"0","DES_VELO":"0","US_BLE":"0","DS_BLE":"0","CITY_ID":"10004","KEYIN_DATE":"20040629"}},{"type":"Feature","geometry":{"type":"LineString","coordinates":[[121.0997705605256,24.72978471399574],[121.0997147442948,24.72935866868128]]},"properties":{"name":"","FID":"1315","PI_NUM":"2460-4-2460-3","US_MH":"2460-4","DS_MH":"2460-3","PI_WIDT":"0","PI_WIDB":"0","PI_HEI":"0","PI_LENG":"47.52","PI_THICK":"0","PI_SLOP":"0","DES_FLOW":"0","DES_VELO":"0","US_BLE":"0","DS_BLE":"0","CITY_ID":"10004","KEYIN_DATE":"20040629"}},{"type":"Feature","geometry":{"type":"LineString","coordinates":[[121.0998300265742,24.73027485157449],[121.0997705605256,24.72978471399574]]},"properties":{"name":"","FID":"1316","PI_NUM":"2460-3-2460-F2","US_MH":"2460-3","DS_MH":"2460-F2","PI_WIDT":"0","PI_WIDB":"0","PI_HEI":"0","PI_LENG":"54.62","PI_THICK":"0","PI_SLOP":"0","DES_FLOW":"0","DES_VELO":"0","US_BLE":"0","DS_BLE":"0","CITY_ID":"10004","KEYIN_DATE":"20040629"}},{"type":"Feature","geometry":{"type":"LineString","coordinates":[[121.099689633103,24.73028587873025],[121.0952862980546,24.7306309201632]]},"properties":{"name":"","FID":"1317","PI_NUM":"2460-2-2360-9","US_MH":"2460-2","DS_MH":"2360-9","PI_WIDT":"0","PI_WIDB":"0","PI_HEI":"0","PI_LENG":"447.07","PI_THICK":"0","PI_SLOP":"0","DES_FLOW":"0","DES_VELO":"0","US_BLE":"122.7","DS_BLE":"0","CITY_ID":"10004","KEYIN_DATE":"20040629"}},{"type":"Feature","geometry":{"type":"LineString","coordinates":[[121.0952862980546,24.7306309201632],[121.0938772662956,24.73066643397697],[121.0932399320992,24.7303468544769]]},"properties":{"name":"","FID":"1318","PI_NUM":"2360-9-2360-8","US_MH":"2360-9","DS_MH":"2360-8","PI_WIDT":"0","PI_WIDB":"0","PI_HEI":"0","PI_LENG":"216.14","PI_THICK":"0","PI_SLOP":"0","DES_FLOW":"0","DES_VELO":"0","US_BLE":"0","DS_BLE":"0","CITY_ID":"10004","KEYIN_DATE":"20040629"}},{"type":"Feature","geometry":{"type":"LineString","coordinates":[[121.093028046352,24.73462382628724],[121.0930055468882,24.7342389649944]]},"properties":{"name":"","FID":"1319","PI_NUM":"2360-6-2360-5","US_MH":"2360-6","DS_MH":"2360-5","PI_WIDT":"0","PI_WIDB":"0","PI_HEI":"0","PI_LENG":"42.69","PI_THICK":"0","PI_SLOP":"0","DES_FLOW":"0","DES_VELO":"0","US_BLE":"0","DS_BLE":"0","CITY_ID":"10004","KEYIN_DATE":"20040629"}},{"type":"Feature","geometry":{"type":"LineString","coordinates":[[121.0930473743042,24.73539626431606],[121.093028046352,24.73462382628724]]},"properties":{"name":"","FID":"1320","PI_NUM":"2361-15-2360-5","US_MH":"2361-15","DS_MH":"2360-5","PI_WIDT":"0","PI_WIDB":"0","PI_HEI":"0","PI_LENG":"85.58","PI_THICK":"0","PI_SLOP":"0","DES_FLOW":"0","DES_VELO":"0","US_BLE":"114.57","DS_BLE":"0","CITY_ID":"10004","KEYIN_DATE":"20040629"}},{"type":"Feature","geometry":{"type":"LineString","coordinates":[[121.0930363501871,24.73573981298618],[121.0930473743042,24.73539626431606]]},"properties":{"name":"","FID":"1321","PI_NUM":"2361-11-2361-15","US_MH":"2361-11","DS_MH":"2361-15","PI_WIDT":"0","PI_WIDB":"0","PI_HEI":"0","PI_LENG":"38.07","PI_THICK":"0","PI_SLOP":"0","DES_FLOW":"0","DES_VELO":"0","US_BLE":"0","DS_BLE":"114.72","CITY_ID":"10004","KEYIN_DATE":"20040629"}},{"type":"Feature","geometry":{"type":"LineString","coordinates":[[121.0930625620233,24.73598498896746],[121.0930363501871,24.73573981298618]]},"properties":{"name":"","FID":"1322","PI_NUM":"2361-12-2361-11","US_MH":"2361-12","DS_MH":"2361-11","PI_WIDT":"0","PI_WIDB":"0","PI_HEI":"0","PI_LENG":"27.28","PI_THICK":"0","PI_SLOP":"0","DES_FLOW":"0","DES_VELO":"0","US_BLE":"114.55","DS_BLE":"0","CITY_ID":"10004","KEYIN_DATE":"20040629"}},{"type":"Feature","geometry":{"type":"LineString","coordinates":[[121.0936482951031,24.73572967198321],[121.0930363501871,24.73573981298618]]},"properties":{"name":"","FID":"1323","PI_NUM":"2361-10-2361-11","US_MH":"2361-10","DS_MH":"2361-11","PI_WIDT":"0","PI_WIDB":"0","PI_HEI":"0","PI_LENG":"61.91","PI_THICK":"0","PI_SLOP":"0","DES_FLOW":"0","DES_VELO":"0","US_BLE":"115.31","DS_BLE":"0","CITY_ID":"10004","KEYIN_DATE":"20040629"}},{"type":"Feature","geometry":{"type":"LineString","coordinates":[[121.0930363501871,24.73573981298618],[121.0924942602334,24.73575239130373]]},"properties":{"name":"","FID":"1324","PI_NUM":"2361-11-2361-14","US_MH":"2361-11","DS_MH":"2361-14","PI_WIDT":"0","PI_WIDB":"0","PI_HEI":"0","PI_LENG":"54.85","PI_THICK":"0","PI_SLOP":"0","DES_FLOW":"0","DES_VELO":"0","US_BLE":"0","DS_BLE":"114.1","CITY_ID":"10004","KEYIN_DATE":"20040629"}},{"type":"Feature","geometry":{"type":"LineString","coordinates":[[121.0930722497037,24.73635630604586],[121.0930625620233,24.73598498896746]]},"properties":{"name":"","FID":"1325","PI_NUM":"2361-13-2361-12","US_MH":"2361-13","DS_MH":"2361-12","PI_WIDT":"0","PI_WIDB":"0","PI_HEI":"0","PI_LENG":"41.14","PI_THICK":"0","PI_SLOP":"0","DES_FLOW":"0","DES_VELO":"0","US_BLE":"114.84","DS_BLE":"114.55","CITY_ID":"10004","KEYIN_DATE":"20040629"}},{"type":"Feature","geometry":{"type":"LineString","coordinates":[[121.0942369773692,24.73571794502734],[121.0936482951031,24.73572967198321]]},"properties":{"name":"","FID":"1326","PI_NUM":"2361-9-2361-10","US_MH":"2361-9","DS_MH":"2361-10","PI_WIDT":"0","PI_WIDB":"0","PI_HEI":"0","PI_LENG":"59.56","PI_THICK":"0","PI_SLOP":"0","DES_FLOW":"0","DES_VELO":"0","US_BLE":"115.83","DS_BLE":"115.21","CITY_ID":"10004","KEYIN_DATE":"20040629"}},{"type":"Feature","geometry":{"type":"LineString","coordinates":[[121.0947757951526,24.73570586808475],[121.0942369773692,24.73571794502734]]},"properties":{"name":"","FID":"1327","PI_NUM":"2361-8-2361-9","US_MH":"2361-8","DS_MH":"2361-9","PI_WIDT":"0","PI_WIDB":"0","PI_HEI":"0","PI_LENG":"54.52","PI_THICK":"0","PI_SLOP":"0","DES_FLOW":"0","DES_VELO":"0","US_BLE":"116.31","DS_BLE":"116.03","CITY_ID":"10004","KEYIN_DATE":"20040629"}},{"type":"Feature","geometry":{"type":"LineString","coordinates":[[121.0953227594177,24.73568170363411],[121.0947757951526,24.73570586808475]]},"properties":{"name":"","FID":"1328","PI_NUM":"2361-f2-2361-8","US_MH":"2361-F2","DS_MH":"2361-8","PI_WIDT":"0","PI_WIDB":"0","PI_HEI":"0","PI_LENG":"55.39","PI_THICK":"0","PI_SLOP":"0","DES_FLOW":"0","DES_VELO":"0","US_BLE":"0","DS_BLE":"116.33","CITY_ID":"10004","KEYIN_DATE":"20040629"}},{"type":"Feature","geometry":{"type":"LineString","coordinates":[[121.0959451753959,24.73621596779706],[121.0953227594177,24.73568170363411]]},"properties":{"name":"","FID":"1329","PI_NUM":"2361-3-2361-F2","US_MH":"2361-3","DS_MH":"2361-F2","PI_WIDT":"0","PI_WIDB":"0","PI_HEI":"0","PI_LENG":"86.4","PI_THICK":"0","PI_SLOP":"0","DES_FLOW":"0","DES_VELO":"0","US_BLE":"0","DS_BLE":"0","CITY_ID":"10004","KEYIN_DATE":"20040629"}},{"type":"Feature","geometry":{"type":"LineString","coordinates":[[121.0983087891036,24.73390495074606],[121.0987210208317,24.73349013635015]]},"properties":{"name":"","FID":"1330","PI_NUM":"2360-3-2360-2","US_MH":"2360-3","DS_MH":"2360-2","PI_WIDT":"0","PI_WIDB":"0","PI_HEI":"0","PI_LENG":"62.05","PI_THICK":"0","PI_SLOP":"0","DES_FLOW":"0","DES_VELO":"0","US_BLE":"0","DS_BLE":"0","CITY_ID":"10004","KEYIN_DATE":"20040629"}},{"type":"Feature","geometry":{"type":"LineString","coordinates":[[121.0979216933389,24.73428102350423],[121.0983087891036,24.73390495074606]]},"properties":{"name":"","FID":"1331","PI_NUM":"2360-2-2360-1","US_MH":"2360-2","DS_MH":"2360-1","PI_WIDT":"0","PI_WIDB":"0","PI_HEI":"0","PI_LENG":"57.17","PI_THICK":"0","PI_SLOP":"0","DES_FLOW":"0","DES_VELO":"0","US_BLE":"0","DS_BLE":"0","CITY_ID":"10004","KEYIN_DATE":"20040629"}},{"type":"Feature","geometry":{"type":"LineString","coordinates":[[121.0975028677639,24.73468982684898],[121.0979216933389,24.73428102350423]]},"properties":{"name":"","FID":"1332","PI_NUM":"2360-1-2361-7","US_MH":"2360-1","DS_MH":"2361-7","PI_WIDT":"0","PI_WIDB":"0","PI_HEI":"0","PI_LENG":"62.01","PI_THICK":"0","PI_SLOP":"0","DES_FLOW":"0","DES_VELO":"0","US_BLE":"0","DS_BLE":"0","CITY_ID":"10004","KEYIN_DATE":"20040629"}},{"type":"Feature","geometry":{"type":"LineString","coordinates":[[121.0970780940902,24.73510619890551],[121.0975028677639,24.73468982684898]]},"properties":{"name":"","FID":"1333","PI_NUM":"2361-7-2361-6","US_MH":"2361-7","DS_MH":"2361-6","PI_WIDT":"0","PI_WIDB":"0","PI_HEI":"0","PI_LENG":"63.03","PI_THICK":"0","PI_SLOP":"0","DES_FLOW":"0","DES_VELO":"0","US_BLE":"0","DS_BLE":"0","CITY_ID":"10004","KEYIN_DATE":"20040629"}},{"type":"Feature","geometry":{"type":"LineString","coordinates":[[121.096742233375,24.73543674883257],[121.0970780940902,24.73510619890551]]},"properties":{"name":"","FID":"1334","PI_NUM":"2361-6-2361-5","US_MH":"2361-6","DS_MH":"2361-5","PI_WIDT":"0","PI_WIDB":"0","PI_HEI":"0","PI_LENG":"49.95","PI_THICK":"0","PI_SLOP":"0","DES_FLOW":"0","DES_VELO":"0","US_BLE":"0","DS_BLE":"0","CITY_ID":"10004","KEYIN_DATE":"20040629"}},{"type":"Feature","geometry":{"type":"LineString","coordinates":[[121.0963530545711,24.73581597887382],[121.096742233375,24.73543674883257]]},"properties":{"name":"","FID":"1335","PI_NUM":"2361-5-2361-4","US_MH":"2361-5","DS_MH":"2361-4","PI_WIDT":"0","PI_WIDB":"0","PI_HEI":"0","PI_LENG":"57.57","PI_THICK":"0","PI_SLOP":"0","DES_FLOW":"0","DES_VELO":"0","US_BLE":"0","DS_BLE":"118","CITY_ID":"10004","KEYIN_DATE":"20040629"}},{"type":"Feature","geometry":{"type":"LineString","coordinates":[[121.0959451753959,24.73621596779706],[121.0963530545711,24.73581597887382]]},"properties":{"name":"","FID":"1336","PI_NUM":"2361-4-2361-3","US_MH":"2361-4","DS_MH":"2361-3","PI_WIDT":"0","PI_WIDB":"0","PI_HEI":"0","PI_LENG":"60.54","PI_THICK":"0","PI_SLOP":"0","DES_FLOW":"0","DES_VELO":"0","US_BLE":"118","DS_BLE":"0","CITY_ID":"10004","KEYIN_DATE":"20040629"}},{"type":"Feature","geometry":{"type":"LineString","coordinates":[[121.0955350892857,24.73661625494874],[121.0959451753959,24.73621596779706]]},"properties":{"name":"","FID":"1337","PI_NUM":"2361-3-2361-2","US_MH":"2361-3","DS_MH":"2361-2","PI_WIDT":"0","PI_WIDB":"0","PI_HEI":"0","PI_LENG":"60.72","PI_THICK":"0","PI_SLOP":"0","DES_FLOW":"0","DES_VELO":"0","US_BLE":"0","DS_BLE":"0","CITY_ID":"10004","KEYIN_DATE":"20040629"}},{"type":"Feature","geometry":{"type":"LineString","coordinates":[[121.0947274164184,24.73740573973922],[121.0955350892857,24.73661625494874]]},"properties":{"name":"","FID":"1338","PI_NUM":"2361-2-2361-1","US_MH":"2361-2","DS_MH":"2361-1","PI_WIDT":"0","PI_WIDB":"0","PI_HEI":"0","PI_LENG":"119.67","PI_THICK":"0","PI_SLOP":"0","DES_FLOW":"0","DES_VELO":"0","US_BLE":"0","DS_BLE":"115.37","CITY_ID":"10004","KEYIN_DATE":"20040629"}},{"type":"Feature","geometry":{"type":"LineString","coordinates":[[121.0987210208317,24.73349013635015],[121.0991416873193,24.73308170754492]]},"properties":{"name":"","FID":"1339","PI_NUM":"2360-4-2360-3","US_MH":"2360-4","DS_MH":"2360-3","PI_WIDT":"0","PI_WIDB":"0","PI_HEI":"0","PI_LENG":"62.11","PI_THICK":"0","PI_SLOP":"0","DES_FLOW":"0","DES_VELO":"0","US_BLE":"0","DS_BLE":"0","CITY_ID":"10004","KEYIN_DATE":"20040629"}},{"type":"Feature","geometry":{"type":"LineString","coordinates":[[121.0991416873193,24.73308170754492],[121.0995572298343,24.73267265796621]]},"properties":{"name":"","FID":"1340","PI_NUM":"2460-1-2360-4","US_MH":"2460-1","DS_MH":"2360-4","PI_WIDT":"0","PI_WIDB":"0","PI_HEI":"0","PI_LENG":"61.8","PI_THICK":"0","PI_SLOP":"0","DES_FLOW":"0","DES_VELO":"0","US_BLE":"123.02","DS_BLE":"0","CITY_ID":"10004","KEYIN_DATE":"20040629"}},{"type":"Feature","geometry":{"type":"LineString","coordinates":[[121.099441776956,24.72649343766357],[121.0993886447017,24.72528657878408]]},"properties":{"name":"","FID":"1341","PI_NUM":"2459-6-2459-5","US_MH":"2459-6","DS_MH":"2459-5","PI_WIDT":"0","PI_WIDB":"0","PI_HEI":"0","PI_LENG":"133.78","PI_THICK":"0","PI_SLOP":"0","DES_FLOW":"0","DES_VELO":"0","US_BLE":"130.47","DS_BLE":"128.67","CITY_ID":"10004","KEYIN_DATE":"20040629"}},{"type":"Feature","geometry":{"type":"LineString","coordinates":[[121.0998300265742,24.73027485157449],[121.099689633103,24.73028587873025]]},"properties":{"name":"","FID":"1342","PI_NUM":"2460-F2-2460-2","US_MH":"2460-F2","DS_MH":"2460-2","PI_WIDT":"0","PI_WIDB":"0","PI_HEI":"0","PI_LENG":"14.25","PI_THICK":"0","PI_SLOP":"0","DES_FLOW":"0","DES_VELO":"0","US_BLE":"0","DS_BLE":"122.75","CITY_ID":"10004","KEYIN_DATE":"20040629"}},{"type":"Feature","geometry":{"type":"LineString","coordinates":[[121.0930055468882,24.7342389649944],[121.0929996129668,24.73388995538714]]},"properties":{"name":"","FID":"1343","PI_NUM":"2360-7-2360-6","US_MH":"2360-7","DS_MH":"2360-6","PI_WIDT":"0","PI_WIDB":"0","PI_HEI":"0","PI_LENG":"38.66","PI_THICK":"0","PI_SLOP":"0","DES_FLOW":"0","DES_VELO":"0","US_BLE":"0","DS_BLE":"0","CITY_ID":"10004","KEYIN_DATE":"20040629"}},{"type":"Feature","geometry":{"type":"LineString","coordinates":[[121.0924942602334,24.73575239130373],[121.0919777435261,24.7357632274944]]},"properties":{"name":"","FID":"1344","PI_NUM":"2361-14-2361-F1","US_MH":"2361-14","DS_MH":"2361-F1","PI_WIDT":"0","PI_WIDB":"0","PI_HEI":"0","PI_LENG":"52.26","PI_THICK":"0","PI_SLOP":"0","DES_FLOW":"0","DES_VELO":"0","US_BLE":"114.13","DS_BLE":"0","CITY_ID":"10004","KEYIN_DATE":"20040629"}},{"type":"Feature","geometry":{"type":"LineString","coordinates":[[121.1423349279028,24.7160223333731],[121.1426017036983,24.71614349807844]]},"properties":{"name":"","FID":"1345","PI_NUM":"2957-13-2957-12","US_MH":"2957-13","DS_MH":"2957-12","PI_WIDT":"0","PI_WIDB":"0","PI_HEI":"0","PI_LENG":"30.14","PI_THICK":"0","PI_SLOP":"0","DES_FLOW":"0","DES_VELO":"0","US_BLE":"0","DS_BLE":"173.26","CITY_ID":"10004","KEYIN_DATE":"20040629"}},{"type":"Feature","geometry":{"type":"LineString","coordinates":[[121.1401054197725,24.71803132412277],[121.1410331750824,24.71717510221006]]},"properties":{"name":"","FID":"1346","PI_NUM":"2957-1-2957-14","US_MH":"2957-1","DS_MH":"2957-14","PI_WIDT":"0","PI_WIDB":"0","PI_HEI":"0","PI_LENG":"133.43","PI_THICK":"0","PI_SLOP":"0","DES_FLOW":"0","DES_VELO":"0","US_BLE":"0","DS_BLE":"170.47","CITY_ID":"10004","KEYIN_DATE":"20040629"}},{"type":"Feature","geometry":{"type":"LineString","coordinates":[[121.1342466943404,24.72202747759713],[121.1345718319466,24.72179677374519]]},"properties":{"name":"","FID":"1347","PI_NUM":"2858-6-2858-5","US_MH":"2858-6","DS_MH":"2858-5","PI_WIDT":"0","PI_WIDB":"0","PI_HEI":"0","PI_LENG":"41.65","PI_THICK":"0","PI_SLOP":"0","DES_FLOW":"0","DES_VELO":"0","US_BLE":"160.75","DS_BLE":"159.51","CITY_ID":"10004","KEYIN_DATE":"20040629"}},{"type":"Feature","geometry":{"type":"LineString","coordinates":[[121.1349462090364,24.71777559391315],[121.1368308507017,24.71832092697172]]},"properties":{"name":"","FID":"1348","PI_NUM":"2857-1-2857-F1","US_MH":"2857-1","DS_MH":"2857-F1","PI_WIDT":"0","PI_WIDB":"0","PI_HEI":"0","PI_LENG":"200.01","PI_THICK":"0","PI_SLOP":"0","DES_FLOW":"0","DES_VELO":"0","US_BLE":"0","DS_BLE":"0","CITY_ID":"10004","KEYIN_DATE":"20040629"}},{"type":"Feature","geometry":{"type":"LineString","coordinates":[[121.131926886605,24.72366940107042],[121.1332130896678,24.72304195222188]]},"properties":{"name":"","FID":"1349","PI_NUM":"2858-2-2858-1","US_MH":"2858-2","DS_MH":"2858-1","PI_WIDT":"0","PI_WIDB":"0","PI_HEI":"0","PI_LENG":"147.51","PI_THICK":"0","PI_SLOP":"0","DES_FLOW":"0","DES_VELO":"0","US_BLE":"157.22","DS_BLE":"0","CITY_ID":"10004","KEYIN_DATE":"20040629"}},{"type":"Feature","geometry":{"type":"LineString","coordinates":[[121.1332130896678,24.72304195222188],[121.1337565239451,24.72236388256251]]},"properties":{"name":"","FID":"1350","PI_NUM":"2858-3-2858-2","US_MH":"2858-3","DS_MH":"2858-2","PI_WIDT":"0","PI_WIDB":"0","PI_HEI":"0","PI_LENG":"93.07","PI_THICK":"0","PI_SLOP":"0","DES_FLOW":"0","DES_VELO":"0","US_BLE":"158.54","DS_BLE":"157.22","CITY_ID":"10004","KEYIN_DATE":"20040629"}},{"type":"Feature","geometry":{"type":"LineString","coordinates":[[121.1337565239451,24.72236388256251],[121.1342037878673,24.72231614554864]]},"properties":{"name":"","FID":"1351","PI_NUM":"2858-4-2858-3","US_MH":"2858-4","DS_MH":"2858-3","PI_WIDT":"0","PI_WIDB":"0","PI_HEI":"0","PI_LENG":"45.56","PI_THICK":"0","PI_SLOP":"0","DES_FLOW":"0","DES_VELO":"0","US_BLE":"158.67","DS_BLE":"158.39","CITY_ID":"10004","KEYIN_DATE":"20040629"}},{"type":"Feature","geometry":{"type":"LineString","coordinates":[[121.1342037878673,24.72231614554864],[121.1342466943404,24.72202747759713]]},"properties":{"name":"","FID":"1352","PI_NUM":"2858-5-2858-4","US_MH":"2858-5","DS_MH":"2858-4","PI_WIDT":"0","PI_WIDB":"0","PI_HEI":"0","PI_LENG":"32.27","PI_THICK":"0","PI_SLOP":"0","DES_FLOW":"0","DES_VELO":"0","US_BLE":"159.55","DS_BLE":"159.25","CITY_ID":"10004","KEYIN_DATE":"20040629"}},{"type":"Feature","geometry":{"type":"LineString","coordinates":[[121.1395613139951,24.71752764128313],[121.1401054197725,24.71803132412277]]},"properties":{"name":"","FID":"1353","PI_NUM":"2957-1-2957-2","US_MH":"2957-1","DS_MH":"2957-2","PI_WIDT":"0","PI_WIDB":"0","PI_HEI":"0","PI_LENG":"78.37","PI_THICK":"0","PI_SLOP":"0","DES_FLOW":"0","DES_VELO":"0","US_BLE":"170","DS_BLE":"0","CITY_ID":"10004","KEYIN_DATE":"20040629"}},{"type":"Feature","geometry":{"type":"LineString","coordinates":[[121.1401186632892,24.71689974396938],[121.1397946466645,24.71713122631195]]},"properties":{"name":"","FID":"1354","PI_NUM":"2957-5-2957-4","US_MH":"2957-5","DS_MH":"2957-4","PI_WIDT":"0","PI_WIDB":"0","PI_HEI":"0","PI_LENG":"41.62","PI_THICK":"0","PI_SLOP":"0","DES_FLOW":"0","DES_VELO":"0","US_BLE":"167.95","DS_BLE":"167.69","CITY_ID":"10004","KEYIN_DATE":"20040629"}},{"type":"Feature","geometry":{"type":"LineString","coordinates":[[121.1404140654503,24.71667868878104],[121.1401186632892,24.71689974396938]]},"properties":{"name":"","FID":"1355","PI_NUM":"2957-6-2957-5","US_MH":"2957-6","DS_MH":"2957-5","PI_WIDT":"0","PI_WIDB":"0","PI_HEI":"0","PI_LENG":"38.63","PI_THICK":"0","PI_SLOP":"0","DES_FLOW":"0","DES_VELO":"0","US_BLE":"0","DS_BLE":"167.95","CITY_ID":"10004","KEYIN_DATE":"20040629"}},{"type":"Feature","geometry":{"type":"LineString","coordinates":[[121.140680873467,24.71646834981573],[121.1404140654503,24.71667868878104]]},"properties":{"name":"","FID":"1356","PI_NUM":"2957-7-2957-6","US_MH":"2957-7","DS_MH":"2957-6","PI_WIDT":"0","PI_WIDB":"0","PI_HEI":"0","PI_LENG":"35.66","PI_THICK":"0","PI_SLOP":"0","DES_FLOW":"0","DES_VELO":"0","US_BLE":"0","DS_BLE":"0","CITY_ID":"10004","KEYIN_DATE":"20040629"}},{"type":"Feature","geometry":{"type":"LineString","coordinates":[[121.1420295037787,24.71553404334158],[121.140680873467,24.71646834981573]]},"properties":{"name":"","FID":"1357","PI_NUM":"2957-8-2957-7","US_MH":"2957-8","DS_MH":"2957-7","PI_WIDT":"0","PI_WIDB":"0","PI_HEI":"0","PI_LENG":"171.25","PI_THICK":"0","PI_SLOP":"0","DES_FLOW":"0","DES_VELO":"0","US_BLE":"171.73","DS_BLE":"0","CITY_ID":"10004","KEYIN_DATE":"20040629"}},{"type":"Feature","geometry":{"type":"LineString","coordinates":[[121.1429697779428,24.71469303788763],[121.1420295037787,24.71553404334158]]},"properties":{"name":"","FID":"1358","PI_NUM":"2957-9-2957-8","US_MH":"2957-9","DS_MH":"2957-8","PI_WIDT":"0","PI_WIDB":"0","PI_HEI":"0","PI_LENG":"133.14","PI_THICK":"0","PI_SLOP":"0","DES_FLOW":"0","DES_VELO":"0","US_BLE":"0","DS_BLE":"171.58","CITY_ID":"10004","KEYIN_DATE":"20040629"}},{"type":"Feature","geometry":{"type":"LineString","coordinates":[[121.1420295037787,24.71553404334158],[121.1422388818164,24.71570854144157]]},"properties":{"name":"","FID":"1359","PI_NUM":"2957-11-2957-8","US_MH":"2957-11","DS_MH":"2957-8","PI_WIDT":"0","PI_WIDB":"0","PI_HEI":"0","PI_LENG":"28.68","PI_THICK":"0","PI_SLOP":"0","DES_FLOW":"0","DES_VELO":"0","US_BLE":"172.57","DS_BLE":"171.73","CITY_ID":"10004","KEYIN_DATE":"20040629"}},{"type":"Feature","geometry":{"type":"LineString","coordinates":[[121.1422388818164,24.71570854144157],[121.1423349279028,24.7160223333731]]},"properties":{"name":"","FID":"1360","PI_NUM":"2957-12-2957-11","US_MH":"2957-12","DS_MH":"2957-11","PI_WIDT":"0","PI_WIDB":"0","PI_HEI":"0","PI_LENG":"36.09","PI_THICK":"0","PI_SLOP":"0","DES_FLOW":"0","DES_VELO":"0","US_BLE":"173.21","DS_BLE":"172.58","CITY_ID":"10004","KEYIN_DATE":"20040629"}},{"type":"Feature","geometry":{"type":"LineString","coordinates":[[121.1436173975947,24.71430539466724],[121.1429697779428,24.71469303788763]]},"properties":{"name":"","FID":"1361","PI_NUM":"2957-10-2957-9","US_MH":"2957-10","DS_MH":"2957-9","PI_WIDT":"0","PI_WIDB":"0","PI_HEI":"0","PI_LENG":"78.34","PI_THICK":"0","PI_SLOP":"0","DES_FLOW":"0","DES_VELO":"0","US_BLE":"0","DS_BLE":"0","CITY_ID":"10004","KEYIN_DATE":"20040629"}},{"type":"Feature","geometry":{"type":"LineString","coordinates":[[121.1394221664791,24.71739881365725],[121.1395613139951,24.71752764128313]]},"properties":{"name":"","FID":"1362","PI_NUM":"2957-2-2957-F1","US_MH":"2957-2","DS_MH":"2957-F1","PI_WIDT":"0","PI_WIDB":"0","PI_HEI":"0","PI_LENG":"20.04","PI_THICK":"0","PI_SLOP":"0","DES_FLOW":"0","DES_VELO":"0","US_BLE":"0","DS_BLE":"0","CITY_ID":"10004","KEYIN_DATE":"20040629"}},{"type":"Feature","geometry":{"type":"LineString","coordinates":[[121.1397946466645,24.71713122631195],[121.1394984423935,24.71734402878266]]},"properties":{"name":"","FID":"1363","PI_NUM":"2957-4-2957-3","US_MH":"2957-4","DS_MH":"2957-3","PI_WIDT":"0","PI_WIDB":"0","PI_HEI":"0","PI_LENG":"38.13","PI_THICK":"0","PI_SLOP":"0","DES_FLOW":"0","DES_VELO":"0","US_BLE":"167.69","DS_BLE":"167.15","CITY_ID":"10004","KEYIN_DATE":"20040629"}},{"type":"Feature","geometry":{"type":"LineString","coordinates":[[121.1394984423935,24.71734402878266],[121.1394221664791,24.71739881365725]]},"properties":{"name":"","FID":"1364","PI_NUM":"2957-3-2957-F1","US_MH":"2957-3","DS_MH":"2957-F1","PI_WIDT":"0","PI_WIDB":"0","PI_HEI":"0","PI_LENG":"9.82","PI_THICK":"0","PI_SLOP":"0","DES_FLOW":"0","DES_VELO":"0","US_BLE":"167.15","DS_BLE":"0","CITY_ID":"10004","KEYIN_DATE":"20040629"}},{"type":"Feature","geometry":{"type":"LineString","coordinates":[[121.0218612441077,24.82196760446719],[121.0218026629065,24.8219857695295]]},"properties":{"name":"","FID":"1365","PI_NUM":"1477-3-1477-2","US_MH":"1477-3","DS_MH":"1477-2","PI_WIDT":"0","PI_WIDB":"0","PI_HEI":"0","PI_LENG":"61.93","PI_THICK":"0","PI_SLOP":"0","DES_FLOW":"0","DES_VELO":"0","US_BLE":"25.83","DS_BLE":"25.57","CITY_ID":"10004","KEYIN_DATE":"20040629"}},{"type":"Feature","geometry":{"type":"LineString","coordinates":[[121.031770616085,24.82105738809747],[121.03148727492,24.82075438505363]]},"properties":{"name":"","FID":"1366","PI_NUM":"1576-7-1576-6","US_MH":"1576-7","DS_MH":"1576-6","PI_WIDT":"0","PI_WIDB":"0","PI_HEI":"0","PI_LENG":"44.12","PI_THICK":"0","PI_SLOP":"0","DES_FLOW":"0","DES_VELO":"0","US_BLE":"33.12","DS_BLE":"31.21","CITY_ID":"10004","KEYIN_DATE":"20040629"}},{"type":"Feature","geometry":{"type":"LineString","coordinates":[[121.0238010438802,24.81940940683848],[121.0237348455142,24.81926418328526]]},"properties":{"name":"","FID":"1367","PI_NUM":"1476-F4-1476-45","US_MH":"1476-F4","DS_MH":"1476-45","PI_WIDT":"0","PI_WIDB":"0","PI_HEI":"0","PI_LENG":"17.42","PI_THICK":"0","PI_SLOP":"0","DES_FLOW":"0","DES_VELO":"0","US_BLE":"0","DS_BLE":"0","CITY_ID":"10004","KEYIN_DATE":"20040629"}},{"type":"Feature","geometry":{"type":"LineString","coordinates":[[121.0237886244611,24.81923107588964],[121.0237348455142,24.81926418328526]]},"properties":{"name":"","FID":"1368","PI_NUM":"1476-15-1476-F4","US_MH":"1476-15","DS_MH":"1476-F4","PI_WIDT":"0","PI_WIDB":"0","PI_HEI":"0","PI_LENG":"12.72","PI_THICK":"0","PI_SLOP":"0","DES_FLOW":"0","DES_VELO":"0","US_BLE":"30.87","DS_BLE":"0","CITY_ID":"10004","KEYIN_DATE":"20040629"}},{"type":"Feature","geometry":{"type":"LineString","coordinates":[[121.0509132955898,24.70543539667355],[121.0506001753831,24.70569719147087]]},"properties":{"name":"","FID":"1369","PI_NUM":"1755-2-1755-3","US_MH":"1755-2","DS_MH":"1755-3","PI_WIDT":"0","PI_WIDB":"0","PI_HEI":"0","PI_LENG":"42.95","PI_THICK":"0","PI_SLOP":"0","DES_FLOW":"0","DES_VELO":"0","US_BLE":"111.75","DS_BLE":"111.69","CITY_ID":"10004","KEYIN_DATE":"20040629"}},{"type":"Feature","geometry":{"type":"LineString","coordinates":[[121.0513994702058,24.70499783379699],[121.0509132955898,24.70543539667355]]},"properties":{"name":"","FID":"1370","PI_NUM":"1755-1-1755-2","US_MH":"1755-1","DS_MH":"1755-2","PI_WIDT":"0","PI_WIDB":"0","PI_HEI":"0","PI_LENG":"69.05","PI_THICK":"0","PI_SLOP":"0","DES_FLOW":"0","DES_VELO":"0","US_BLE":"0","DS_BLE":"112.1","CITY_ID":"10004","KEYIN_DATE":"20040629"}},{"type":"Feature","geometry":{"type":"LineString","coordinates":[[121.0518042370501,24.7046439216129],[121.0513994702058,24.70499783379699]]},"properties":{"name":"","FID":"1371","PI_NUM":"1855-4-1755-1","US_MH":"1855-4","DS_MH":"1755-1","PI_WIDT":"0","PI_WIDB":"0","PI_HEI":"0","PI_LENG":"56.69","PI_THICK":"0","PI_SLOP":"0","DES_FLOW":"0","DES_VELO":"0","US_BLE":"113.93","DS_BLE":"0","CITY_ID":"10004","KEYIN_DATE":"20040629"}},{"type":"Feature","geometry":{"type":"LineString","coordinates":[[121.1000626217738,24.73219241920966],[121.0998300265742,24.73027485157449]]},"properties":{"name":"","FID":"1372","PI_NUM":"2460-F2-2460-F1","US_MH":"2460-F2","DS_MH":"2460-F1","PI_WIDT":"0","PI_WIDB":"0","PI_HEI":"0","PI_LENG":"213.69","PI_THICK":"0","PI_SLOP":"0","DES_FLOW":"0","DES_VELO":"0","US_BLE":"0","DS_BLE":"0","CITY_ID":"10004","KEYIN_DATE":"20040629"}},{"type":"Feature","geometry":{"type":"LineString","coordinates":[[121.018371404209,24.81838977787525],[121.0198801191312,24.81781769520179]]},"properties":{"name":"","FID":"1373","PI_NUM":"1376-22-1376-F4","US_MH":"1376-22","DS_MH":"1376-F4","PI_WIDT":"0","PI_WIDB":"0","PI_HEI":"0","PI_LENG":"12.79","PI_THICK":"0","PI_SLOP":"0","DES_FLOW":"0","DES_VELO":"0","US_BLE":"0","DS_BLE":"0","CITY_ID":"10004","KEYIN_DATE":"20040629"}},{"type":"Feature","geometry":{"type":"LineString","coordinates":[[121.0565313433573,24.69977309730239],[121.0573084759569,24.69980176678796]]},"properties":{"name":"","FID":"1374","PI_NUM":"1854-25-1854-24","US_MH":"1854-25","DS_MH":"1854-24","PI_WIDT":"0","PI_WIDB":"0","PI_HEI":"0","PI_LENG":"78.7","PI_THICK":"0","PI_SLOP":"0","DES_FLOW":"0","DES_VELO":"0","US_BLE":"0","DS_BLE":"0","CITY_ID":"10004","KEYIN_DATE":"20040629"}},{"type":"Feature","geometry":{"type":"LineString","coordinates":[[121.0546029027174,24.70001815612551],[121.0546978854079,24.70019248461255]]},"properties":{"name":"","FID":"1375","PI_NUM":"1854-14-1854-13","US_MH":"1854-14","DS_MH":"1854-13","PI_WIDT":"0","PI_WIDB":"0","PI_HEI":"0","PI_LENG":"21.57","PI_THICK":"0","PI_SLOP":"0","DES_FLOW":"0","DES_VELO":"0","US_BLE":"130.17","DS_BLE":"130.05","CITY_ID":"10004","KEYIN_DATE":"20040629"}},{"type":"Feature","geometry":{"type":"LineString","coordinates":[[120.9941641172389,24.8437010191009],[120.9954127264824,24.84300755091374],[120.9960365163064,24.84297217675307],[120.9988102274981,24.84174696588158]]},"properties":{"name":"","FID":"1376","PI_NUM":"1180-F1-1081-F1","US_MH":"1180-F1","DS_MH":"1081-F1","PI_WIDT":"0","PI_WIDB":"0","PI_HEI":"0","PI_LENG":"522.35","PI_THICK":"0","PI_SLOP":"0","DES_FLOW":"0","DES_VELO":"0","US_BLE":"0","DS_BLE":"0","CITY_ID":"10004","KEYIN_DATE":"20040629"}},{"type":"Feature","geometry":{"type":"LineString","coordinates":[[120.9987797262745,24.83642379758059],[120.9991783156372,24.83685535742164]]},"properties":{"name":"","FID":"1377","PI_NUM":"1179-4-1179-1","US_MH":"1179-4","DS_MH":"1179-1","PI_WIDT":"0","PI_WIDB":"0","PI_HEI":"0","PI_LENG":"247.14","PI_THICK":"0","PI_SLOP":"0","DES_FLOW":"0","DES_VELO":"0","US_BLE":"0","DS_BLE":"0","CITY_ID":"10004","KEYIN_DATE":"20040629"}},{"type":"Feature","geometry":{"type":"LineString","coordinates":[[121.1313399740871,24.72520566197702],[121.131363771643,24.72474850904575],[121.131926886605,24.72366940107042]]},"properties":{"name":"","FID":"1378","PI_NUM":"2858-1-2859-F1","US_MH":"2858-1","DS_MH":"2859-F1","PI_WIDT":"0","PI_WIDB":"0","PI_HEI":"0","PI_LENG":"183.09","PI_THICK":"0","PI_SLOP":"0","DES_FLOW":"0","DES_VELO":"0","US_BLE":"0","DS_BLE":"0","CITY_ID":"10004","KEYIN_DATE":"20040629"}},{"type":"Feature","geometry":{"type":"LineString","coordinates":[[121.185727979186,24.79168021948118],[121.1852157533069,24.79229904268259]]},"properties":{"name":"","FID":"1379","PI_NUM":"3471-17-3471-18","US_MH":"3471-17","DS_MH":"3471-18","PI_WIDT":"0","PI_WIDB":"0","PI_HEI":"0","PI_LENG":"85.91","PI_THICK":"0","PI_SLOP":"0","DES_FLOW":"0","DES_VELO":"0","US_BLE":"0","DS_BLE":"160","CITY_ID":"10004","KEYIN_DATE":"20040629"}},{"type":"Feature","geometry":{"type":"LineString","coordinates":[[121.1818483009785,24.79011487256789],[121.1812899443753,24.79037984426602],[121.1808177253422,24.7905333961612]]},"properties":{"name":"","FID":"1380","PI_NUM":"3471-4-3471-F1","US_MH":"3471-4","DS_MH":"3471-F1","PI_WIDT":"0","PI_WIDB":"0","PI_HEI":"0","PI_LENG":"114.31","PI_THICK":"0","PI_SLOP":"0","DES_FLOW":"0","DES_VELO":"0","US_BLE":"0","DS_BLE":"0","CITY_ID":"10004","KEYIN_DATE":"20040629"}},{"type":"Feature","geometry":{"type":"LineString","coordinates":[[121.1786988040793,24.79203302823398],[121.1790152579774,24.79238802502244]]},"properties":{"name":"","FID":"1381","PI_NUM":"3471-1-3471-2","US_MH":"3471-1","DS_MH":"3471-2","PI_WIDT":"0","PI_WIDB":"0","PI_HEI":"0","PI_LENG":"50.69","PI_THICK":"0","PI_SLOP":"0","DES_FLOW":"0","DES_VELO":"0","US_BLE":"0","DS_BLE":"147.49","CITY_ID":"10004","KEYIN_DATE":"20040629"}},{"type":"Feature","geometry":{"type":"LineString","coordinates":[[121.1791605886974,24.79109545134838],[121.1782792686911,24.79138230419077]]},"properties":{"name":"","FID":"1382","PI_NUM":"3371-F2-3471-F2","US_MH":"3371-F2","DS_MH":"3471-F2","PI_WIDT":"0","PI_WIDB":"0","PI_HEI":"0","PI_LENG":"94.61","PI_THICK":"0","PI_SLOP":"0","DES_FLOW":"0","DES_VELO":"0","US_BLE":"0","DS_BLE":"0","CITY_ID":"10004","KEYIN_DATE":"20040629"}},{"type":"Feature","geometry":{"type":"LineString","coordinates":[[121.1777212309966,24.79140147645403],[121.1752875400655,24.79134768274278]]},"properties":{"name":"","FID":"1383","PI_NUM":"3371-F1-3371-2","US_MH":"3371-F1","DS_MH":"3371-2","PI_WIDT":"0","PI_WIDB":"0","PI_HEI":"0","PI_LENG":"246.14","PI_THICK":"0","PI_SLOP":"0","DES_FLOW":"0","DES_VELO":"0","US_BLE":"0","DS_BLE":"0","CITY_ID":"10004","KEYIN_DATE":"20040629"}},{"type":"Feature","geometry":{"type":"LineString","coordinates":[[121.1785405051364,24.79178748557662],[121.1786988040793,24.79203302823398]]},"properties":{"name":"","FID":"1384","PI_NUM":"3471-2-3471-3","US_MH":"3471-2","DS_MH":"3471-3","PI_WIDT":"0","PI_WIDB":"0","PI_HEI":"0","PI_LENG":"31.56","PI_THICK":"0","PI_SLOP":"0","DES_FLOW":"0","DES_VELO":"0","US_BLE":"147.49","DS_BLE":"0","CITY_ID":"10004","KEYIN_DATE":"20040629"}},{"type":"Feature","geometry":{"type":"LineString","coordinates":[[121.0378079652909,24.90120495553352],[121.0380758083367,24.90187151579903]]},"properties":{"name":"","FID":"1385","PI_NUM":"1691-3-1691-2","US_MH":"1691-3","DS_MH":"1691-2","PI_WIDT":"0","PI_WIDB":"0","PI_HEI":"0","PI_LENG":"78.63","PI_THICK":"0","PI_SLOP":"0","DES_FLOW":"0","DES_VELO":"0","US_BLE":"63.09","DS_BLE":"64.4","CITY_ID":"10004","KEYIN_DATE":"20040629"}},{"type":"Feature","geometry":{"type":"LineString","coordinates":[[121.0380758083367,24.90187151579903],[121.0383008409725,24.90244259207815]]},"properties":{"name":"","FID":"1386","PI_NUM":"1691-2-1691-1","US_MH":"1691-2","DS_MH":"1691-1","PI_WIDT":"0","PI_WIDB":"0","PI_HEI":"0","PI_LENG":"67.21","PI_THICK":"0","PI_SLOP":"0","DES_FLOW":"0","DES_VELO":"0","US_BLE":"64.4","DS_BLE":"0","CITY_ID":"10004","KEYIN_DATE":"20040629"}},{"type":"Feature","geometry":{"type":"LineString","coordinates":[[121.0383008409725,24.90244259207815],[121.0391055935749,24.90350314164771]]},"properties":{"name":"","FID":"1387","PI_NUM":"1691-1-1692-5","US_MH":"1691-1","DS_MH":"1692-5","PI_WIDT":"0","PI_WIDB":"0","PI_HEI":"0","PI_LENG":"142.85","PI_THICK":"0","PI_SLOP":"0","DES_FLOW":"0","DES_VELO":"0","US_BLE":"0","DS_BLE":"0","CITY_ID":"10004","KEYIN_DATE":"20040629"}},{"type":"Feature","geometry":{"type":"LineString","coordinates":[[121.0391055935749,24.90350314164771],[121.0395410141715,24.90383322613668]]},"properties":{"name":"","FID":"1388","PI_NUM":"1692-5-1692-4","US_MH":"1692-5","DS_MH":"1692-4","PI_WIDT":"0","PI_WIDB":"0","PI_HEI":"0","PI_LENG":"57.2","PI_THICK":"0","PI_SLOP":"0","DES_FLOW":"0","DES_VELO":"0","US_BLE":"0","DS_BLE":"0","CITY_ID":"10004","KEYIN_DATE":"20040629"}},{"type":"Feature","geometry":{"type":"LineString","coordinates":[[121.0395410141715,24.90383322613668],[121.0401109427573,24.9042710102923]]},"properties":{"name":"","FID":"1389","PI_NUM":"1692-4-1692-3","US_MH":"1692-4","DS_MH":"1692-3","PI_WIDT":"0","PI_WIDB":"0","PI_HEI":"0","PI_LENG":"75.27","PI_THICK":"0","PI_SLOP":"0","DES_FLOW":"0","DES_VELO":"0","US_BLE":"0","DS_BLE":"0","CITY_ID":"10004","KEYIN_DATE":"20040629"}},{"type":"Feature","geometry":{"type":"LineString","coordinates":[[121.0406423755214,24.90467353742533],[121.0422599677106,24.90515399985113]]},"properties":{"name":"","FID":"1390","PI_NUM":"1692-2-1692-1","US_MH":"1692-2","DS_MH":"1692-1","PI_WIDT":"0","PI_WIDB":"0","PI_HEI":"0","PI_LENG":"171.85","PI_THICK":"0","PI_SLOP":"0","DES_FLOW":"0","DES_VELO":"0","US_BLE":"0","DS_BLE":"0","CITY_ID":"10004","KEYIN_DATE":"20040629"}},{"type":"Feature","geometry":{"type":"LineString","coordinates":[[121.0401109427573,24.9042710102923],[121.0406423755214,24.90467353742533]]},"properties":{"name":"","FID":"1391","PI_NUM":"1692-3-1692-2","US_MH":"1692-3","DS_MH":"1692-2","PI_WIDT":"0","PI_WIDB":"0","PI_HEI":"0","PI_LENG":"69.78","PI_THICK":"0","PI_SLOP":"0","DES_FLOW":"0","DES_VELO":"0","US_BLE":"0","DS_BLE":"0","CITY_ID":"10004","KEYIN_DATE":"20040629"}},{"type":"Feature","geometry":{"type":"LineString","coordinates":[[121.0436821881509,24.90160938102522],[121.0449325428407,24.90380058750083]]},"properties":{"name":"","FID":"1392","PI_NUM":"1691-F1-1792-F1","US_MH":"1691-F1","DS_MH":"1792-F1","PI_WIDT":"0","PI_WIDB":"0","PI_HEI":"0","PI_LENG":"273.6","PI_THICK":"0","PI_SLOP":"0","DES_FLOW":"0","DES_VELO":"0","US_BLE":"0","DS_BLE":"0","CITY_ID":"10004","KEYIN_DATE":"20040629"}},{"type":"Feature","geometry":{"type":"LineString","coordinates":[[121.0458099473505,24.90339992484388],[121.0449325428407,24.90380058750083]]},"properties":{"name":"","FID":"1393","PI_NUM":"1792-F1-1792-2","US_MH":"1792-F1","DS_MH":"1792-2","PI_WIDT":"0","PI_WIDB":"0","PI_HEI":"0","PI_LENG":"99.12","PI_THICK":"0","PI_SLOP":"0","DES_FLOW":"0","DES_VELO":"0","US_BLE":"0","DS_BLE":"0","CITY_ID":"10004","KEYIN_DATE":"20040629"}},{"type":"Feature","geometry":{"type":"LineString","coordinates":[[121.0449325428407,24.90380058750083],[121.0452524314075,24.904361232711]]},"properties":{"name":"","FID":"1394","PI_NUM":"1792-7-1792-F1","US_MH":"1792-7","DS_MH":"1792-F1","PI_WIDT":"0","PI_WIDB":"0","PI_HEI":"0","PI_LENG":"70","PI_THICK":"0","PI_SLOP":"0","DES_FLOW":"0","DES_VELO":"0","US_BLE":"0","DS_BLE":"0","CITY_ID":"10004","KEYIN_DATE":"20040629"}},{"type":"Feature","geometry":{"type":"LineString","coordinates":[[121.0452524314075,24.904361232711],[121.0455425405371,24.90485341416952]]},"properties":{"name":"","FID":"1395","PI_NUM":"1792-8-1792-7","US_MH":"1792-8","DS_MH":"1792-7","PI_WIDT":"0","PI_WIDB":"0","PI_HEI":"0","PI_LENG":"61.89","PI_THICK":"0","PI_SLOP":"0","DES_FLOW":"0","DES_VELO":"0","US_BLE":"0","DS_BLE":"0","CITY_ID":"10004","KEYIN_DATE":"20040629"}},{"type":"Feature","geometry":{"type":"LineString","coordinates":[[121.0455425405371,24.90485341416952],[121.0458278906695,24.90534630974202]]},"properties":{"name":"","FID":"1396","PI_NUM":"1792-9-1792-8","US_MH":"1792-9","DS_MH":"1792-8","PI_WIDT":"0","PI_WIDB":"0","PI_HEI":"0","PI_LENG":"61.74","PI_THICK":"0","PI_SLOP":"0","DES_FLOW":"0","DES_VELO":"0","US_BLE":"0","DS_BLE":"0","CITY_ID":"10004","KEYIN_DATE":"20040629"}},{"type":"Feature","geometry":{"type":"LineString","coordinates":[[121.0465479666023,24.90305195476802],[121.0458099473505,24.90339992484388]]},"properties":{"name":"","FID":"1397","PI_NUM":"1792-2-1792-3","US_MH":"1792-2","DS_MH":"1792-3","PI_WIDT":"0","PI_WIDB":"0","PI_HEI":"0","PI_LENG":"83.93","PI_THICK":"0","PI_SLOP":"0","DES_FLOW":"0","DES_VELO":"0","US_BLE":"0","DS_BLE":"0","CITY_ID":"10004","KEYIN_DATE":"20040629"}},{"type":"Feature","geometry":{"type":"LineString","coordinates":[[121.0504100628971,24.90016188684512],[121.0508461536534,24.90092335611963]]},"properties":{"name":"","FID":"1398","PI_NUM":"1791-7-1791-F1","US_MH":"1791-7","DS_MH":"1791-F1","PI_WIDT":"0","PI_WIDB":"0","PI_HEI":"0","PI_LENG":"95.15","PI_THICK":"0","PI_SLOP":"0","DES_FLOW":"0","DES_VELO":"0","US_BLE":"0","DS_BLE":"0","CITY_ID":"10004","KEYIN_DATE":"20040629"}},{"type":"Feature","geometry":{"type":"LineString","coordinates":[[121.0452748013819,24.90085466529151],[121.0459184135379,24.90054047538279]]},"properties":{"name":"","FID":"1399","PI_NUM":"1791-14-1791-13","US_MH":"1791-14","DS_MH":"1791-13","PI_WIDT":"0","PI_WIDB":"0","PI_HEI":"0","PI_LENG":"73.75","PI_THICK":"0","PI_SLOP":"0","DES_FLOW":"0","DES_VELO":"0","US_BLE":"0","DS_BLE":"0","CITY_ID":"10004","KEYIN_DATE":"20040629"}},{"type":"Feature","geometry":{"type":"LineString","coordinates":[[121.0422599677106,24.90515399985113],[121.0431139064968,24.90463102362095]]},"properties":{"name":"","FID":"1400","PI_NUM":"1692-1-1692-F1","US_MH":"1692-1","DS_MH":"1692-1","PI_WIDT":"0","PI_WIDB":"0","PI_HEI":"0","PI_LENG":"103.91","PI_THICK":"0","PI_SLOP":"0","DES_FLOW":"0","DES_VELO":"0","US_BLE":"0","DS_BLE":"0","CITY_ID":"10004","KEYIN_DATE":"20040629"}},{"type":"Feature","geometry":{"type":"LineString","coordinates":[[121.0492253300733,24.90257261205884],[121.0489270779675,24.90193810600111]]},"properties":{"name":"","FID":"1401","PI_NUM":"1791-6-1791-5","US_MH":"1791-6","DS_MH":"1791-5","PI_WIDT":"0","PI_WIDB":"0","PI_HEI":"0","PI_LENG":"76.46","PI_THICK":"0","PI_SLOP":"0","DES_FLOW":"0","DES_VELO":"0","US_BLE":"85.59","DS_BLE":"0","CITY_ID":"10004","KEYIN_DATE":"20040629"}},{"type":"Feature","geometry":{"type":"LineString","coordinates":[[121.0480479439452,24.90234446652824],[121.0479829724829,24.90223194719769]]},"properties":{"name":"","FID":"1402","PI_NUM":"1791-3-1791-2","US_MH":"1791-3","DS_MH":"1791-2","PI_WIDT":"0","PI_WIDB":"0","PI_HEI":"0","PI_LENG":"14.09","PI_THICK":"0","PI_SLOP":"0","DES_FLOW":"0","DES_VELO":"0","US_BLE":"0","DS_BLE":"0","CITY_ID":"10004","KEYIN_DATE":"20040629"}},{"type":"Feature","geometry":{"type":"LineString","coordinates":[[121.0458099473505,24.90339992484388],[121.0469712245803,24.90540912650827]]},"properties":{"name":"","FID":"1403","PI_NUM":"1792-1-1792-2","US_MH":"1792-1","DS_MH":"1792-2","PI_WIDT":"0","PI_WIDB":"0","PI_HEI":"0","PI_LENG":"251.57","PI_THICK":"0","PI_SLOP":"0","DES_FLOW":"0","DES_VELO":"0","US_BLE":"78.3","DS_BLE":"0","CITY_ID":"10004","KEYIN_DATE":"20040629"}},{"type":"Feature","geometry":{"type":"LineString","coordinates":[[121.0831234515818,24.82763909525286],[121.0838547459962,24.82750026967413]]},"properties":{"name":"","FID":"1404","PI_NUM":"2278-1-2178-4","US_MH":"2278-1","DS_MH":"2178-4","PI_WIDT":"0","PI_WIDB":"0","PI_HEI":"0","PI_LENG":"75.5","PI_THICK":"0","PI_SLOP":"0","DES_FLOW":"0","DES_VELO":"0","US_BLE":"61.73","DS_BLE":"61.03","CITY_ID":"10004","KEYIN_DATE":"20040629"}},{"type":"Feature","geometry":{"type":"LineString","coordinates":[[121.0827614036711,24.82777371366484],[121.0831234515818,24.82763909525286]]},"properties":{"name":"","FID":"1405","PI_NUM":"2178-4-2178-3","US_MH":"2178-4","DS_MH":"2178-3","PI_WIDT":"0","PI_WIDB":"0","PI_HEI":"0","PI_LENG":"39.52","PI_THICK":"0","PI_SLOP":"0","DES_FLOW":"0","DES_VELO":"0","US_BLE":"61.04","DS_BLE":"60.29","CITY_ID":"10004","KEYIN_DATE":"20040629"}},{"type":"Feature","geometry":{"type":"LineString","coordinates":[[121.0819724869018,24.82808999524917],[121.0827614036711,24.82777371366484]]},"properties":{"name":"","FID":"1406","PI_NUM":"2178-3-2178-2","US_MH":"2178-3","DS_MH":"2178-2","PI_WIDT":"0","PI_WIDB":"0","PI_HEI":"0","PI_LENG":"87.1","PI_THICK":"0","PI_SLOP":"0","DES_FLOW":"0","DES_VELO":"0","US_BLE":"60.34","DS_BLE":"60.39","CITY_ID":"10004","KEYIN_DATE":"20040629"}},{"type":"Feature","geometry":{"type":"LineString","coordinates":[[121.0817014870567,24.82818529583245],[121.0819724869018,24.82808999524917]]},"properties":{"name":"","FID":"1407","PI_NUM":"2178-2-2178-1","US_MH":"2178-2","DS_MH":"2178-1","PI_WIDT":"0","PI_WIDB":"0","PI_HEI":"0","PI_LENG":"29.36","PI_THICK":"0","PI_SLOP":"0","DES_FLOW":"0","DES_VELO":"0","US_BLE":"60.11","DS_BLE":"59.73","CITY_ID":"10004","KEYIN_DATE":"20040629"}},{"type":"Feature","geometry":{"type":"LineString","coordinates":[[121.0815748343806,24.82822984882285],[121.0817014870567,24.82818529583245]]},"properties":{"name":"","FID":"1408","PI_NUM":"2178-1-2178-F1","US_MH":"2178-1","DS_MH":"2178-F1","PI_WIDT":"0","PI_WIDB":"0","PI_HEI":"0","PI_LENG":"13.72","PI_THICK":"0","PI_SLOP":"0","DES_FLOW":"0","DES_VELO":"0","US_BLE":"59.73","DS_BLE":"0","CITY_ID":"10004","KEYIN_DATE":"20040629"}},{"type":"Feature","geometry":{"type":"LineString","coordinates":[[121.0734609338463,24.82553718032015],[121.074282170184,24.8254427599105]]},"properties":{"name":"","FID":"1409","PI_NUM":"2077-7-2077-6","US_MH":"2077-7","DS_MH":"2077-6","PI_WIDT":"0","PI_WIDB":"0","PI_HEI":"0","PI_LENG":"83.67","PI_THICK":"0","PI_SLOP":"0","DES_FLOW":"0","DES_VELO":"0","US_BLE":"0","DS_BLE":"0","CITY_ID":"10004","KEYIN_DATE":"20040629"}},{"type":"Feature","geometry":{"type":"LineString","coordinates":[[121.074282170184,24.8254427599105],[121.0744004872,24.82542195338958]]},"properties":{"name":"","FID":"1410","PI_NUM":"2077-7-2077-F1","US_MH":"2077-7","DS_MH":"2077-F1","PI_WIDT":"0","PI_WIDB":"0","PI_HEI":"0","PI_LENG":"12.18","PI_THICK":"0","PI_SLOP":"0","DES_FLOW":"0","DES_VELO":"0","US_BLE":"0","DS_BLE":"0","CITY_ID":"10004","KEYIN_DATE":"20040629"}},{"type":"Feature","geometry":{"type":"LineString","coordinates":[[121.0744004872,24.82542195338958],[121.0756783203993,24.82519738506325]]},"properties":{"name":"","FID":"1411","PI_NUM":"2177-1-2077-7","US_MH":"2177-1","DS_MH":"2077-7","PI_WIDT":"0","PI_WIDB":"0","PI_HEI":"0","PI_LENG":"131.54","PI_THICK":"0","PI_SLOP":"0","DES_FLOW":"0","DES_VELO":"0","US_BLE":"50.53","DS_BLE":"0","CITY_ID":"10004","KEYIN_DATE":"20040629"}},{"type":"Feature","geometry":{"type":"LineString","coordinates":[[121.0756783203993,24.82519738506325],[121.0771726439783,24.82482711727195]]},"properties":{"name":"","FID":"1412","PI_NUM":"2177-2-2177-1","US_MH":"2177-2","DS_MH":"2177-1","PI_WIDT":"0","PI_WIDB":"0","PI_HEI":"0","PI_LENG":"156.52","PI_THICK":"0","PI_SLOP":"0","DES_FLOW":"0","DES_VELO":"0","US_BLE":"0","DS_BLE":"50.53","CITY_ID":"10004","KEYIN_DATE":"20040629"}},{"type":"Feature","geometry":{"type":"LineString","coordinates":[[121.0771726439783,24.82482711727195],[121.0779270043534,24.82479205626678]]},"properties":{"name":"","FID":"1413","PI_NUM":"2177-3-2177-2","US_MH":"2177-3","DS_MH":"2177-2","PI_WIDT":"0","PI_WIDB":"0","PI_HEI":"0","PI_LENG":"76.35","PI_THICK":"0","PI_SLOP":"0","DES_FLOW":"0","DES_VELO":"0","US_BLE":"0","DS_BLE":"0","CITY_ID":"10004","KEYIN_DATE":"20040629"}},{"type":"Feature","geometry":{"type":"LineString","coordinates":[[121.0779270043534,24.82479205626678],[121.0786613165699,24.82470249641056]]},"properties":{"name":"","FID":"1414","PI_NUM":"2177-4-2177-3","US_MH":"2177-4","DS_MH":"2177-3","PI_WIDT":"0","PI_WIDB":"0","PI_HEI":"0","PI_LENG":"74.89","PI_THICK":"0","PI_SLOP":"0","DES_FLOW":"0","DES_VELO":"0","US_BLE":"0","DS_BLE":"0","CITY_ID":"10004","KEYIN_DATE":"20040629"}},{"type":"Feature","geometry":{"type":"LineString","coordinates":[[121.0786613165699,24.82470249641056],[121.079520122653,24.8246021769471]]},"properties":{"name":"","FID":"1415","PI_NUM":"2177-5-2177-4","US_MH":"2177-5","DS_MH":"2177-4","PI_WIDT":"0","PI_WIDB":"0","PI_HEI":"0","PI_LENG":"87.52","PI_THICK":"0","PI_SLOP":"0","DES_FLOW":"0","DES_VELO":"0","US_BLE":"50.33","DS_BLE":"0","CITY_ID":"10004","KEYIN_DATE":"20040629"}},{"type":"Feature","geometry":{"type":"LineString","coordinates":[[121.079520122653,24.8246021769471],[121.0801664143017,24.82452570279575]]},"properties":{"name":"","FID":"1416","PI_NUM":"2177-6-2177-5","US_MH":"2177-6","DS_MH":"2177-5","PI_WIDT":"0","PI_WIDB":"0","PI_HEI":"0","PI_LENG":"65.88","PI_THICK":"0","PI_SLOP":"0","DES_FLOW":"0","DES_VELO":"0","US_BLE":"50.79","DS_BLE":"50.33","CITY_ID":"10004","KEYIN_DATE":"20040629"}},{"type":"Feature","geometry":{"type":"LineString","coordinates":[[121.0801664143017,24.82452570279575],[121.080240272172,24.824921431385]]},"properties":{"name":"","FID":"1417","PI_NUM":"2177-7-2177-6","US_MH":"2177-7","DS_MH":"2177-6","PI_WIDT":"0","PI_WIDB":"0","PI_HEI":"0","PI_LENG":"44.46","PI_THICK":"0","PI_SLOP":"0","DES_FLOW":"0","DES_VELO":"0","US_BLE":"51.19","DS_BLE":"50.79","CITY_ID":"10004","KEYIN_DATE":"20040629"}},{"type":"Feature","geometry":{"type":"LineString","coordinates":[[121.0722789269217,24.82569468225239],[121.0734609338463,24.82553718032015]]},"properties":{"name":"","FID":"1418","PI_NUM":"2077-6-2077-5","US_MH":"2077-6","DS_MH":"2077-5","PI_WIDT":"0","PI_WIDB":"0","PI_HEI":"0","PI_LENG":"120.75","PI_THICK":"0","PI_SLOP":"0","DES_FLOW":"0","DES_VELO":"0","US_BLE":"0","DS_BLE":"0","CITY_ID":"10004","KEYIN_DATE":"20040629"}},{"type":"Feature","geometry":{"type":"LineString","coordinates":[[121.0715440076038,24.82586509819253],[121.0722789269217,24.82569468225239]]},"properties":{"name":"","FID":"1419","PI_NUM":"2077-5-2077-4","US_MH":"2077-5","DS_MH":"2077-4","PI_WIDT":"0","PI_WIDB":"0","PI_HEI":"0","PI_LENG":"76.65","PI_THICK":"0","PI_SLOP":"0","DES_FLOW":"0","DES_VELO":"0","US_BLE":"0","DS_BLE":"0","CITY_ID":"10004","KEYIN_DATE":"20040629"}},{"type":"Feature","geometry":{"type":"LineString","coordinates":[[121.0707882086433,24.82606430354745],[121.0715440076038,24.82586509819253]]},"properties":{"name":"","FID":"1420","PI_NUM":"2077-4-2077-3","US_MH":"2077-4","DS_MH":"2077-3","PI_WIDT":"0","PI_WIDB":"0","PI_HEI":"0","PI_LENG":"79.52","PI_THICK":"0","PI_SLOP":"0","DES_FLOW":"0","DES_VELO":"0","US_BLE":"0","DS_BLE":"45.82","CITY_ID":"10004","KEYIN_DATE":"20040629"}},{"type":"Feature","geometry":{"type":"LineString","coordinates":[[121.0700436864694,24.82630079689851],[121.0707882086433,24.82606430354745]]},"properties":{"name":"","FID":"1421","PI_NUM":"2077-3-2077-2","US_MH":"2077-3","DS_MH":"2077-2","PI_WIDT":"0","PI_WIDB":"0","PI_HEI":"0","PI_LENG":"79.69","PI_THICK":"0","PI_SLOP":"0","DES_FLOW":"0","DES_VELO":"0","US_BLE":"45.82","DS_BLE":"45.8","CITY_ID":"10004","KEYIN_DATE":"20040629"}},{"type":"Feature","geometry":{"type":"LineString","coordinates":[[121.0693176778244,24.82658453358979],[121.0700436864694,24.82630079689851]]},"properties":{"name":"","FID":"1422","PI_NUM":"2077-2-2077-1","US_MH":"2077-2","DS_MH":"2077-1","PI_WIDT":"0","PI_WIDB":"0","PI_HEI":"0","PI_LENG":"79.83","PI_THICK":"0","PI_SLOP":"0","DES_FLOW":"0","DES_VELO":"0","US_BLE":"45.8","DS_BLE":"0","CITY_ID":"10004","KEYIN_DATE":"20040629"}},{"type":"Feature","geometry":{"type":"LineString","coordinates":[[121.0674023219815,24.82670188707443],[121.0680672602703,24.82705909988873],[121.0686713566377,24.82687231109608],[121.0693176778244,24.82658453358979]]},"properties":{"name":"","FID":"1423","PI_NUM":"2077-1-1977-F1","US_MH":"2077-1","DS_MH":"1977-F1","PI_WIDT":"0","PI_WIDB":"0","PI_HEI":"0","PI_LENG":"215.16","PI_THICK":"0","PI_SLOP":"0","DES_FLOW":"0","DES_VELO":"0","US_BLE":"0","DS_BLE":"0","CITY_ID":"10004","KEYIN_DATE":"20040629"}},{"type":"Feature","geometry":{"type":"LineString","coordinates":[[121.0838547459962,24.82750026967413],[121.084510607604,24.82738139120422]]},"properties":{"name":"","FID":"1424","PI_NUM":"2278-2-2278-1","US_MH":"2278-2","DS_MH":"2278-1","PI_WIDT":"0","PI_WIDB":"0","PI_HEI":"0","PI_LENG":"67.59","PI_THICK":"0","PI_SLOP":"0","DES_FLOW":"0","DES_VELO":"0","US_BLE":"62.64","DS_BLE":"61.68","CITY_ID":"10004","KEYIN_DATE":"20040629"}},{"type":"Feature","geometry":{"type":"LineString","coordinates":[[121.0776013908445,24.77746782179512],[121.0784800876618,24.77653656452309]]},"properties":{"name":"","FID":"1425","PI_NUM":"2168-3-2168-F1","US_MH":"2168-3","DS_MH":"2168-F1","PI_WIDT":"0","PI_WIDB":"0","PI_HEI":"0","PI_LENG":"136.14","PI_THICK":"0","PI_SLOP":"0","DES_FLOW":"0","DES_VELO":"0","US_BLE":"0","DS_BLE":"0","CITY_ID":"10004","KEYIN_DATE":"20040629"}},{"type":"Feature","geometry":{"type":"LineString","coordinates":[[121.0769788021812,24.7781276225481],[121.0776013908445,24.77746782179512]]},"properties":{"name":"","FID":"1426","PI_NUM":"2168-F1-2168-4","US_MH":"2168-F1","DS_MH":"2168-4","PI_WIDT":"0","PI_WIDB":"0","PI_HEI":"0","PI_LENG":"96.46","PI_THICK":"0","PI_SLOP":"0","DES_FLOW":"0","DES_VELO":"0","US_BLE":"0","DS_BLE":"80.41","CITY_ID":"10004","KEYIN_DATE":"20040629"}},{"type":"Feature","geometry":{"type":"LineString","coordinates":[[121.0766016604839,24.77904957743685],[121.0769788021812,24.7781276225481]]},"properties":{"name":"","FID":"1427","PI_NUM":"2169-4-2169-3","US_MH":"2169-4","DS_MH":"2169-3","PI_WIDT":"0","PI_WIDB":"0","PI_HEI":"0","PI_LENG":"109","PI_THICK":"0","PI_SLOP":"0","DES_FLOW":"0","DES_VELO":"0","US_BLE":"80.43","DS_BLE":"79.12","CITY_ID":"10004","KEYIN_DATE":"20040629"}},{"type":"Feature","geometry":{"type":"LineString","coordinates":[[121.076280468543,24.77989304386605],[121.0766016604839,24.77904957743685]]},"properties":{"name":"","FID":"1428","PI_NUM":"2169-3-2169-2","US_MH":"2169-3","DS_MH":"2169-2","PI_WIDT":"0","PI_WIDB":"0","PI_HEI":"0","PI_LENG":"98.91","PI_THICK":"0","PI_SLOP":"0","DES_FLOW":"0","DES_VELO":"0","US_BLE":"79.2","DS_BLE":"79.12","CITY_ID":"10004","KEYIN_DATE":"20040629"}},{"type":"Feature","geometry":{"type":"LineString","coordinates":[[121.0765284080325,24.77994830807761],[121.076280468543,24.77989304386605]]},"properties":{"name":"","FID":"1429","PI_NUM":"2169-1-2169-2","US_MH":"2169-1","DS_MH":"2169-2","PI_WIDT":"0","PI_WIDB":"0","PI_HEI":"0","PI_LENG":"25.81","PI_THICK":"0","PI_SLOP":"0","DES_FLOW":"0","DES_VELO":"0","US_BLE":"0","DS_BLE":"78.72","CITY_ID":"10004","KEYIN_DATE":"20040629"}},{"type":"Feature","geometry":{"type":"LineString","coordinates":[[121.0766943420119,24.78213831899465],[121.0758987248395,24.78204608154526],[121.0760468694304,24.78097489345076],[121.076280468543,24.77989304386605]]},"properties":{"name":"","FID":"1430","PI_NUM":"2169-2-2169-F1","US_MH":"2169-2","DS_MH":"2169-Ｆ1","PI_WIDT":"0","PI_WIDB":"0","PI_HEI":"0","PI_LENG":"322.81","PI_THICK":"0","PI_SLOP":"0","DES_FLOW":"0","DES_VELO":"0","US_BLE":"79.12","DS_BLE":"0","CITY_ID":"10004","KEYIN_DATE":"20040629"}},{"type":"Feature","geometry":{"type":"LineString","coordinates":[[121.0771508274241,24.77715633155664],[121.0766728321899,24.77682590286256]]},"properties":{"name":"","FID":"1431","PI_NUM":"2168-1-2168-2","US_MH":"2168-1","DS_MH":"2168-2","PI_WIDT":"0","PI_WIDB":"0","PI_HEI":"0","PI_LENG":"60.63","PI_THICK":"0","PI_SLOP":"0","DES_FLOW":"0","DES_VELO":"0","US_BLE":"80.9","DS_BLE":"79.69","CITY_ID":"10004","KEYIN_DATE":"20040629"}},{"type":"Feature","geometry":{"type":"LineString","coordinates":[[121.0776013908445,24.77746782179512],[121.0771508274241,24.77715633155664]]},"properties":{"name":"","FID":"1432","PI_NUM":"2168-F1-2168-1","US_MH":"2168-F1","DS_MH":"2168-1","PI_WIDT":"0","PI_WIDB":"0","PI_HEI":"0","PI_LENG":"57.15","PI_THICK":"0","PI_SLOP":"0","DES_FLOW":"0","DES_VELO":"0","US_BLE":"0","DS_BLE":"80.9","CITY_ID":"10004","KEYIN_DATE":"20040629"}},{"type":"Feature","geometry":{"type":"LineString","coordinates":[[121.0837751665143,24.77313611598943],[121.0829843917521,24.77297548511843],[121.0824862103059,24.77320785986793]]},"properties":{"name":"","FID":"1433","PI_NUM":"2168-4-2168-1","US_MH":"2168-4","DS_MH":"2168-1","PI_WIDT":"0","PI_WIDB":"0","PI_HEI":"0","PI_LENG":"138.49","PI_THICK":"0","PI_SLOP":"0","DES_FLOW":"0","DES_VELO":"0","US_BLE":"0","DS_BLE":"0","CITY_ID":"10004","KEYIN_DATE":"20040629"}},{"type":"Feature","geometry":{"type":"LineString","coordinates":[[121.0520953420228,24.70212522710341],[121.0521798375522,24.70192187954691]]},"properties":{"name":"","FID":"1434","PI_NUM":"1854-1-1854-2","US_MH":"1854-1","DS_MH":"1854-2","PI_WIDT":"0","PI_WIDB":"0","PI_HEI":"0","PI_LENG":"24.09","PI_THICK":"0","PI_SLOP":"0","DES_FLOW":"0","DES_VELO":"0","US_BLE":"119.97","DS_BLE":"116.63","CITY_ID":"10004","KEYIN_DATE":"20040629"}},{"type":"Feature","geometry":{"type":"LineString","coordinates":[[121.0520275664827,24.70232351271742],[121.0520953420228,24.70212522710341]]},"properties":{"name":"","FID":"1435","PI_NUM":"1855-3-1854-1","US_MH":"1855-3","DS_MH":"1854-1","PI_WIDT":"0","PI_WIDB":"0","PI_HEI":"0","PI_LENG":"23.01","PI_THICK":"0","PI_SLOP":"0","DES_FLOW":"0","DES_VELO":"0","US_BLE":"122.31","DS_BLE":"119.97","CITY_ID":"10004","KEYIN_DATE":"20040629"}},{"type":"Feature","geometry":{"type":"LineString","coordinates":[[121.0520498282641,24.70257295102124],[121.0520275664827,24.70232351271742]]},"properties":{"name":"","FID":"1436","PI_NUM":"1855-2-1855-3","US_MH":"1855-2","DS_MH":"1855-3","PI_WIDT":"0","PI_WIDB":"0","PI_HEI":"0","PI_LENG":"27.72","PI_THICK":"0","PI_SLOP":"0","DES_FLOW":"0","DES_VELO":"0","US_BLE":"122.98","DS_BLE":"122.31","CITY_ID":"10004","KEYIN_DATE":"20040629"}},{"type":"Feature","geometry":{"type":"LineString","coordinates":[[121.0517711805802,24.7031698651294],[121.0520498282641,24.70257295102124]]},"properties":{"name":"","FID":"1437","PI_NUM":"1855-F1-1855-2","US_MH":"1855-F1","DS_MH":"1855-2","PI_WIDT":"0","PI_WIDB":"0","PI_HEI":"0","PI_LENG":"71.87","PI_THICK":"0","PI_SLOP":"0","DES_FLOW":"0","DES_VELO":"0","US_BLE":"0","DS_BLE":"122.98","CITY_ID":"10004","KEYIN_DATE":"20040629"}},{"type":"Feature","geometry":{"type":"LineString","coordinates":[[121.0527040111303,24.70387192210884],[121.0517711805802,24.7031698651294]]},"properties":{"name":"","FID":"1438","PI_NUM":"1855-5-1855-F1","US_MH":"1855-5","DS_MH":"1855-F1","PI_WIDT":"0","PI_WIDB":"0","PI_HEI":"0","PI_LENG":"122.29","PI_THICK":"0","PI_SLOP":"0","DES_FLOW":"0","DES_VELO":"0","US_BLE":"0","DS_BLE":"0","CITY_ID":"10004","KEYIN_DATE":"20040629"}},{"type":"Feature","geometry":{"type":"LineString","coordinates":[[121.0536626628731,24.70310999926244],[121.0527040111303,24.70387192210884]]},"properties":{"name":"","FID":"1439","PI_NUM":"1855-1-1855-5","US_MH":"1855-1","DS_MH":"1855-5","PI_WIDT":"0","PI_WIDB":"0","PI_HEI":"0","PI_LENG":"128.57","PI_THICK":"0","PI_SLOP":"0","DES_FLOW":"0","DES_VELO":"0","US_BLE":"0","DS_BLE":"0","CITY_ID":"10004","KEYIN_DATE":"20040629"}},{"type":"Feature","geometry":{"type":"LineString","coordinates":[[120.9941042437722,24.881921662807],[120.9940954237246,24.88270134513408]]},"properties":{"name":"1","FID":"1440","SSEW_CAT":"1","PI_NUM":"MH01~MH02","US_MH":"MH01","DS_MH":"MH02","PI_TYP":"1","PI_WIDT":"0","PI_WIDB":"0","PI_HEI":"1.51","PI_LENG":"86.36","PI_MAT":"RCB","PI_THICK":"0","PI_SLOP":"0.399","DES_FLOW":"0","DES_VELO":"0","US_BLE":"53.328","DS_BLE":"52.983","CITY_ID":"10004","KEYIN_DATE":"20231215"}},{"type":"Feature","geometry":{"type":"LineString","coordinates":[[120.9941488308963,24.88078364950329],[120.9941042437722,24.881921662807]]},"properties":{"name":"1","FID":"1441","SSEW_CAT":"1","PI_NUM":"MH02~MH03","US_MH":"MH02","DS_MH":"MH03","PI_TYP":"1","PI_WIDT":"0","PI_WIDB":"0","PI_HEI":"1.51","PI_LENG":"126.13","PI_MAT":"RCB","PI_THICK":"0","PI_SLOP":"0.36","DES_FLOW":"0","DES_VELO":"0","US_BLE":"52.983","DS_BLE":"52.529","CITY_ID":"10004","KEYIN_DATE":"20231215"}},{"type":"Feature","geometry":{"type":"LineString","coordinates":[[120.9940702585998,24.87993826563676],[120.9941488308963,24.88078364950329]]},"properties":{"name":"1","FID":"1442","SSEW_CAT":"1","PI_NUM":"MH03~MH04","US_MH":"MH03","DS_MH":"MH04","PI_TYP":"1","PI_WIDT":"0","PI_WIDB":"0","PI_HEI":"1.5","PI_LENG":"93.97","PI_MAT":"RCB","PI_THICK":"0","PI_SLOP":"0.429","DES_FLOW":"0","DES_VELO":"0","US_BLE":"52.529","DS_BLE":"52.126","CITY_ID":"10004","KEYIN_DATE":"20231215"}},{"type":"Feature","geometry":{"type":"LineString","coordinates":[[120.9939574366765,24.87895869824961],[120.9940702585998,24.87993826563676]]},"properties":{"name":"1","FID":"1443","SSEW_CAT":"1","PI_NUM":"MH04~MH05","US_MH":"MH04","DS_MH":"MH05","PI_TYP":"1","PI_WIDT":"0","PI_WIDB":"0","PI_HEI":"1.52","PI_LENG":"109.09","PI_MAT":"RCB","PI_THICK":"0","PI_SLOP":"0.412","DES_FLOW":"0","DES_VELO":"0","US_BLE":"52.126","DS_BLE":"51.677","CITY_ID":"10004","KEYIN_DATE":"20231215"}},{"type":"Feature","geometry":{"type":"LineString","coordinates":[[120.9939541608883,24.87885319433412],[120.9939574366765,24.87895869824961]]},"properties":{"name":"1","FID":"1444","SSEW_CAT":"1","PI_NUM":"MH05~MH05-F1","US_MH":"MH05","DS_MH":"MH05-F1","PI_TYP":"1","PI_WIDT":"0","PI_WIDB":"0","PI_HEI":"1.55","PI_LENG":"11.69","PI_MAT":"RCB","PI_THICK":"0","PI_SLOP":"1.155","DES_FLOW":"0","DES_VELO":"0","US_BLE":"51.677","DS_BLE":"51.542","CITY_ID":"10004","KEYIN_DATE":"20231215"}},{"type":"Feature","geometry":{"type":"LineString","coordinates":[[120.9939541608883,24.87885319433412],[120.9939341935255,24.87834180857076]]},"properties":{"name":"1","FID":"1445","SSEW_CAT":"1","PI_NUM":"MH06~MH05-F1","US_MH":"MH06","DS_MH":"MH05-F1","PI_TYP":"1","PI_WIDT":"0","PI_WIDB":"0","PI_HEI":"1.24","PI_LENG":"55.76","PI_MAT":"RCB","PI_THICK":"0","PI_SLOP":"2.635","DES_FLOW":"0","DES_VELO":"0","US_BLE":"53.011","DS_BLE":"51.542","CITY_ID":"10004","KEYIN_DATE":"20231215"}},{"type":"Feature","geometry":{"type":"LineString","coordinates":[[121.0178192539409,24.82719322325238],[121.0164705085156,24.82777966753838]]},"properties":{"name":"","FID":"1446","PI_NUM":"1378-12-1378-10","US_MH":"1378-12","DS_MH":"1378-1.","PI_WIDT":"0","PI_WIDB":"0","PI_HEI":"0","PI_LENG":"114.63","PI_THICK":"0","PI_SLOP":"0","DES_FLOW":"0","DES_VELO":"0","US_BLE":"0","DS_BLE":"0","CITY_ID":"10004","KEYIN_DATE":"20040629"}},{"type":"Feature","geometry":{"type":"LineString","coordinates":[[120.9988102274981,24.84174696588158],[120.9977092542799,24.84021710613109]]},"properties":{"name":"","FID":"1447","PI_NUM":"1180-4-1180-F1","US_MH":"1180-4","DS_MH":"1180-F1","PI_WIDT":"0","PI_WIDB":"0","PI_HEI":"0","PI_LENG":"204.05","PI_THICK":"0","PI_SLOP":"0","DES_FLOW":"0","DES_VELO":"0","US_BLE":"17.53","DS_BLE":"0","CITY_ID":"10004","KEYIN_DATE":"20040629"}},{"type":"Feature","geometry":{"type":"LineString","coordinates":[[120.999150318459,24.82925234084856],[120.9994692978117,24.82895329737672]]},"properties":{"name":"","FID":"1448","PI_NUM":"1178-3-1178-2","US_MH":"1178-3","DS_MH":"1178-2","PI_WIDT":"0","PI_WIDB":"0","PI_HEI":"0","PI_LENG":"54.09","PI_THICK":"0","PI_SLOP":"0","DES_FLOW":"0","DES_VELO":"0","US_BLE":"0","DS_BLE":"0","CITY_ID":"10004","KEYIN_DATE":"20040629"}},{"type":"Feature","geometry":{"type":"LineString","coordinates":[[121.017503042323,24.82994538247898],[121.0177714434429,24.83040142993998]]},"properties":{"name":"","FID":"1449","PI_NUM":"1378-9-1378-F1","US_MH":"1378-9","DS_MH":"1378-F1","PI_WIDT":"0","PI_WIDB":"0","PI_HEI":"0","PI_LENG":"56.77","PI_THICK":"0","PI_SLOP":"0","DES_FLOW":"0","DES_VELO":"0","US_BLE":"0","DS_BLE":"0","CITY_ID":"10004","KEYIN_DATE":"20040629"}},{"type":"Feature","geometry":{"type":"LineString","coordinates":[[121.0228884386907,24.81754866414298],[121.021862632741,24.81787360354029]]},"properties":{"name":"","FID":"1450","PI_NUM":"1476-43-1476-28","US_MH":"1476-43","DS_MH":"1476-28","PI_WIDT":"0","PI_WIDB":"0","PI_HEI":"0","PI_LENG":"94.05","PI_THICK":"0","PI_SLOP":"0","DES_FLOW":"0","DES_VELO":"0","US_BLE":"0","DS_BLE":"0","CITY_ID":"10004","KEYIN_DATE":"20040629"}},{"type":"Feature","geometry":{"type":"LineString","coordinates":[[121.0070426951027,24.84916954402437],[121.0074041258523,24.849207789612]]},"properties":{"name":"1","FID":"1451","SSEW_CAT":"1","PI_NUM":"95221060-1060-1-1060-2","US_MH":"1060-1","DS_MH":"1060-2","PI_TYP":"1","PI_WIDT":"0","PI_WIDB":"1.53","PI_HEI":"1.26","PI_LENG":"36.77","PI_MAT":"RCP","PI_THICK":"0","PI_SLOP":"0.0019","DES_FLOW":"0","DES_VELO":"0","US_BLE":"17.98","DS_BLE":"17.91","CITY_ID":"10004","KEYIN_DATE":"20160516"}},{"type":"Feature","geometry":{"type":"LineString","coordinates":[[121.0066102989029,24.84913186951814],[121.0070426951027,24.84916954402437]]},"properties":{"name":"1","FID":"1452","SSEW_CAT":"1","PI_NUM":"95221060-1060-2-1060-2-1","US_MH":"1060-2","DS_MH":"1060-2-1","PI_TYP":"1","PI_WIDT":"0","PI_WIDB":"1.63","PI_HEI":"1.2","PI_LENG":"43.9","PI_MAT":"RCP","PI_THICK":"0","PI_SLOP":"0.0044","DES_FLOW":"0","DES_VELO":"0","US_BLE":"17.91","DS_BLE":"0","CITY_ID":"10004","KEYIN_DATE":"20160516"}},{"type":"Feature","geometry":{"type":"LineString","coordinates":[[121.0061739351235,24.84909385986748],[121.0066102989029,24.84913186951814]]},"properties":{"name":"1","FID":"1453","SSEW_CAT":"1","PI_NUM":"95221060-1060-2-1-1060-2-2","US_MH":"1060-2-1","DS_MH":"1060-2-2","PI_TYP":"1","PI_WIDT":"0","PI_WIDB":"1.52","PI_HEI":"1.17","PI_LENG":"44.3","PI_MAT":"RCP","PI_THICK":"0","PI_SLOP":"0.0044","DES_FLOW":"0","DES_VELO":"0","US_BLE":"0","DS_BLE":"0","CITY_ID":"10004","KEYIN_DATE":"20160516"}},{"type":"Feature","geometry":{"type":"LineString","coordinates":[[121.0055354196245,24.84903824183643],[121.0061739351235,24.84909385986748]]},"properties":{"name":"1","FID":"1454","SSEW_CAT":"1","PI_NUM":"95221060-1060-2-2-1060-10","US_MH":"1060-2-2","DS_MH":"1060-10","PI_TYP":"1","PI_WIDT":"0","PI_WIDB":"1.5","PI_HEI":"1.1","PI_LENG":"64.82","PI_MAT":"RCP","PI_THICK":"0","PI_SLOP":"0.0044","DES_FLOW":"0","DES_VELO":"0","US_BLE":"0","DS_BLE":"17.24","CITY_ID":"10004","KEYIN_DATE":"20160516"}},{"type":"Feature","geometry":{"type":"LineString","coordinates":[[121.0074041258523,24.849207789612],[121.0078003670236,24.8492486598245]]},"properties":{"name":"1","FID":"1455","SSEW_CAT":"1","PI_NUM":"95221060-1060-3-1060-1","US_MH":"1060-3","DS_MH":"1060-1","PI_TYP":"1","PI_WIDT":"0","PI_WIDB":"1.53","PI_HEI":"1.19","PI_LENG":"40.3","PI_MAT":"RCP","PI_THICK":"0","PI_SLOP":"0.0122","DES_FLOW":"0","DES_VELO":"0","US_BLE":"18.47","DS_BLE":"17.98","CITY_ID":"10004","KEYIN_DATE":"20160516"}},{"type":"Feature","geometry":{"type":"LineString","coordinates":[[121.0085594130938,24.85001491770362],[121.0089584970687,24.85019343416575]]},"properties":{"name":"1","FID":"1456","SSEW_CAT":"1","PI_NUM":"95221051-1060-4-1060-5","US_MH":"1060-4","DS_MH":"1060-5","PI_TYP":"5","PI_WIDT":"0","PI_WIDB":"0.8","PI_HEI":"0","PI_LENG":"44.92","PI_MAT":"RCP","PI_THICK":"0","PI_SLOP":"0.0065","DES_FLOW":"0","DES_VELO":"0","US_BLE":"19.55","DS_BLE":"18.79","CITY_ID":"10004","KEYIN_DATE":"20160516"}},{"type":"Feature","geometry":{"type":"LineString","coordinates":[[121.0080086673796,24.8497741925386],[121.0085594130938,24.85001491770362]]},"properties":{"name":"1","FID":"1457","SSEW_CAT":"1","PI_NUM":"95221051-1060-5-95221060-1060-6","US_MH":"1060-5","DS_MH":"1060-6","PI_TYP":"5","PI_WIDT":"0","PI_WIDB":"0.8","PI_HEI":"0","PI_LENG":"61.72","PI_MAT":"RCP","PI_THICK":"0","PI_SLOP":"0.0068","DES_FLOW":"0","DES_VELO":"0","US_BLE":"19.21","DS_BLE":"18.79","CITY_ID":"10004","KEYIN_DATE":"20160516"}},{"type":"Feature","geometry":{"type":"LineString","coordinates":[[121.006868843136,24.84935247084811],[121.0080086673796,24.8497741925386]]},"properties":{"name":"1","FID":"1458","SSEW_CAT":"1","PI_NUM":"95221060-1060-6-1060-7","US_MH":"1060-6","DS_MH":"1060-7","PI_TYP":"5","PI_WIDT":"0","PI_WIDB":"0.8","PI_HEI":"0","PI_LENG":"124.3","PI_MAT":"RCP","PI_THICK":"0","PI_SLOP":"0","DES_FLOW":"0","DES_VELO":"0","US_BLE":"18.79","DS_BLE":"0","CITY_ID":"10004","KEYIN_DATE":"20160516"}},{"type":"Feature","geometry":{"type":"LineString","coordinates":[[121.0066210486709,24.84920675196289],[121.006868843136,24.84935247084811]]},"properties":{"name":"1","FID":"1459","SSEW_CAT":"1","PI_NUM":"95221060-1060-7-1060-8","US_MH":"1060-7","DS_MH":"1060-8","PI_TYP":"1","PI_WIDT":"0","PI_WIDB":"0","PI_HEI":"0","PI_LENG":"29.79","PI_MAT":"RCP","PI_THICK":"0","PI_SLOP":"0","DES_FLOW":"0","DES_VELO":"0","US_BLE":"0","DS_BLE":"0","CITY_ID":"10004","KEYIN_DATE":"20160516"}},{"type":"Feature","geometry":{"type":"LineString","coordinates":[[121.0061859299556,24.84914021202607],[121.0066210486709,24.84920675196289]]},"properties":{"name":"1","FID":"1460","SSEW_CAT":"1","PI_NUM":"95221060-1060-8-1060-9","US_MH":"1060-8","DS_MH":"1060-9","PI_TYP":"1","PI_WIDT":"0","PI_WIDB":"0","PI_HEI":"0","PI_LENG":"44.59","PI_MAT":"RCP","PI_THICK":"0","PI_SLOP":"0","DES_FLOW":"0","DES_VELO":"0","US_BLE":"0","DS_BLE":"0","CITY_ID":"10004","KEYIN_DATE":"20160516"}},{"type":"Feature","geometry":{"type":"LineString","coordinates":[[121.004483282665,24.849011850497],[121.0055354196245,24.84903824183643]]},"properties":{"name":"1","FID":"1461","SSEW_CAT":"1","PI_NUM":"95221060-1060-10-FF99","US_MH":"1060-10","DS_MH":"FF99","PI_TYP":"1","PI_WIDT":"0","PI_WIDB":"1.54","PI_HEI":"1.15","PI_LENG":"106.37","PI_MAT":"RCP","PI_THICK":"0","PI_SLOP":"0.0044","DES_FLOW":"0","DES_VELO":"0","US_BLE":"17.24","DS_BLE":"0","CITY_ID":"10004","KEYIN_DATE":"20160516"}},{"type":"Feature","geometry":{"type":"LineString","coordinates":[[121.0208939200016,24.84119160712347],[121.0209361405056,24.84055635067973]]},"properties":{"name":"1","FID":"1462","SSEW_CAT":"1","PI_NUM":"95221060-1060-11-1060-12","US_MH":"1060-11","DS_MH":"1060-12","PI_TYP":"1","PI_WIDT":"0","PI_WIDB":"2.01","PI_HEI":"1.94","PI_LENG":"70.49","PI_MAT":"RCP","PI_THICK":"0","PI_SLOP":"0.0001","DES_FLOW":"0","DES_VELO":"0","US_BLE":"0","DS_BLE":"21.79","CITY_ID":"10004","KEYIN_DATE":"20160516"}},{"type":"Feature","geometry":{"type":"LineString","coordinates":[[121.0208386023773,24.84202377852088],[121.0208939200016,24.84119160712347]]},"properties":{"name":"1","FID":"1463","SSEW_CAT":"1","PI_NUM":"95221060-1060-12-1060-13","US_MH":"1060-12","DS_MH":"1060-13","PI_TYP":"1","PI_WIDT":"0","PI_WIDB":"2","PI_HEI":"2.02","PI_LENG":"92.34","PI_MAT":"RCP","PI_THICK":"0","PI_SLOP":"0.0001","DES_FLOW":"0","DES_VELO":"0","US_BLE":"21.79","DS_BLE":"21.78","CITY_ID":"10004","KEYIN_DATE":"20160516"}},{"type":"Feature","geometry":{"type":"LineString","coordinates":[[121.020792801627,24.84267390537045],[121.0208386023773,24.84202377852088]]},"properties":{"name":"1","FID":"1464","SSEW_CAT":"1","PI_NUM":"95221060-1060-13-1060-14","US_MH":"1060-13","DS_MH":"1060-14","PI_TYP":"1","PI_WIDT":"0","PI_WIDB":"2","PI_HEI":"2","PI_LENG":"72.16","PI_MAT":"RCP","PI_THICK":"0","PI_SLOP":"0.0012","DES_FLOW":"0","DES_VELO":"0","US_BLE":"21.78","DS_BLE":"21.69","CITY_ID":"10004","KEYIN_DATE":"20160516"}},{"type":"Feature","geometry":{"type":"LineString","coordinates":[[121.0207419258361,24.84333149948317],[121.020792801627,24.84267390537045]]},"properties":{"name":"1","FID":"1465","SSEW_CAT":"1","PI_NUM":"95221060-1060-14-1060-15","US_MH":"1060-14","DS_MH":"1060-15","PI_TYP":"1","PI_WIDT":"0","PI_WIDB":"2","PI_HEI":"2.03","PI_LENG":"73.02","PI_MAT":"RCP","PI_THICK":"0","PI_SLOP":"0.0012","DES_FLOW":"0","DES_VELO":"0","US_BLE":"21.69","DS_BLE":"21.6","CITY_ID":"10004","KEYIN_DATE":"20160516"}},{"type":"Feature","geometry":{"type":"LineString","coordinates":[[121.020663876216,24.84432719017982],[121.0207419258361,24.84333149948317]]},"properties":{"name":"1","FID":"1466","SSEW_CAT":"1","PI_NUM":"95221060-1060-15-1060-16","US_MH":"1060-15","DS_MH":"1060-16","PI_TYP":"1","PI_WIDT":"0","PI_WIDB":"2","PI_HEI":"2.02","PI_LENG":"110.56","PI_MAT":"RCP","PI_THICK":"0","PI_SLOP":"0.0023","DES_FLOW":"0","DES_VELO":"0","US_BLE":"21.6","DS_BLE":"21.35","CITY_ID":"10004","KEYIN_DATE":"20160516"}},{"type":"Feature","geometry":{"type":"LineString","coordinates":[[121.0205510865922,24.84496896554764],[121.020663876216,24.84432719017982]]},"properties":{"name":"1","FID":"1467","SSEW_CAT":"1","PI_NUM":"95221060-1060-16-1060-17","US_MH":"1060-16","DS_MH":"1060-17","PI_TYP":"1","PI_WIDT":"0","PI_WIDB":"2","PI_HEI":"2.07","PI_LENG":"71.99","PI_MAT":"RCP","PI_THICK":"0","PI_SLOP":"0.0014","DES_FLOW":"0","DES_VELO":"0","US_BLE":"21.35","DS_BLE":"21.25","CITY_ID":"10004","KEYIN_DATE":"20160516"}},{"type":"Feature","geometry":{"type":"LineString","coordinates":[[121.0200072105097,24.84585894030589],[121.0205510865922,24.84496896554764]]},"properties":{"name":"1","FID":"1468","SSEW_CAT":"1","PI_NUM":"95221060-1060-17-1060-18","US_MH":"1060-17","DS_MH":"1060-18","PI_TYP":"1","PI_WIDT":"0","PI_WIDB":"2","PI_HEI":"1.98","PI_LENG":"112.86","PI_MAT":"RCP","PI_THICK":"0","PI_SLOP":"-0.0005","DES_FLOW":"0","DES_VELO":"0","US_BLE":"21.25","DS_BLE":"21.31","CITY_ID":"10004","KEYIN_DATE":"20160516"}},{"type":"Feature","geometry":{"type":"LineString","coordinates":[[121.0195608512735,24.84639084529403],[121.0200072105097,24.84585894030589]]},"properties":{"name":"1","FID":"1469","SSEW_CAT":"1","PI_NUM":"95221060-1060-18-1060-19","US_MH":"1060-18","DS_MH":"1060-19","PI_TYP":"1","PI_WIDT":"0","PI_WIDB":"2.03","PI_HEI":"1.84","PI_LENG":"74.2","PI_MAT":"RCP","PI_THICK":"0","PI_SLOP":"0.0034","DES_FLOW":"0","DES_VELO":"0","US_BLE":"21.31","DS_BLE":"21.06","CITY_ID":"10004","KEYIN_DATE":"20160516"}},{"type":"Feature","geometry":{"type":"LineString","coordinates":[[121.0190039715981,24.84703096136392],[121.0195608512735,24.84639084529403]]},"properties":{"name":"1","FID":"1470","SSEW_CAT":"1","PI_NUM":"95221060-1060-19-1060-20","US_MH":"1060-19","DS_MH":"1060-20","PI_TYP":"1","PI_WIDT":"0","PI_WIDB":"1.95","PI_HEI":"2.05","PI_LENG":"90.52","PI_MAT":"RCP","PI_THICK":"0","PI_SLOP":"0.0004","DES_FLOW":"0","DES_VELO":"0","US_BLE":"21.06","DS_BLE":"21.02","CITY_ID":"10004","KEYIN_DATE":"20160516"}},{"type":"Feature","geometry":{"type":"LineString","coordinates":[[121.0185143962237,24.84751330180379],[121.0190039715981,24.84703096136392]]},"properties":{"name":"1","FID":"1471","SSEW_CAT":"1","PI_NUM":"95221060-1060-20-1060-21","US_MH":"1060-20","DS_MH":"1060-21","PI_TYP":"1","PI_WIDT":"0","PI_WIDB":"2.02","PI_HEI":"2.01","PI_LENG":"72.82","PI_MAT":"RCP","PI_THICK":"0","PI_SLOP":"0.0011","DES_FLOW":"0","DES_VELO":"0","US_BLE":"21.02","DS_BLE":"20.94","CITY_ID":"10004","KEYIN_DATE":"20160516"}},{"type":"Feature","geometry":{"type":"LineString","coordinates":[[121.0179305289678,24.84798774293011],[121.0185143962237,24.84751330180379]]},"properties":{"name":"1","FID":"1472","SSEW_CAT":"1","PI_NUM":"95221060-1060-21-1060-22","US_MH":"1060-21","DS_MH":"1060-22","PI_TYP":"1","PI_WIDT":"0","PI_WIDB":"2.02","PI_HEI":"2.02","PI_LENG":"79.01","PI_MAT":"RCP","PI_THICK":"0","PI_SLOP":"0.0011","DES_FLOW":"0","DES_VELO":"0","US_BLE":"20.94","DS_BLE":"20.85","CITY_ID":"10004","KEYIN_DATE":"20160516"}},{"type":"Feature","geometry":{"type":"LineString","coordinates":[[121.0170765950688,24.84850423179986],[121.0179305289678,24.84798774293011]]},"properties":{"name":"1","FID":"1473","SSEW_CAT":"1","PI_NUM":"95221060-1060-22-95221051-1060-23","US_MH":"1060-22","DS_MH":"1060-23","PI_TYP":"1","PI_WIDT":"0","PI_WIDB":"2","PI_HEI":"2.02","PI_LENG":"103.54","PI_MAT":"RCP","PI_THICK":"0","PI_SLOP":"0.0021","DES_FLOW":"0","DES_VELO":"0","US_BLE":"20.85","DS_BLE":"20.63","CITY_ID":"10004","KEYIN_DATE":"20160516","NOTE":"有疑似私接管線"}},{"type":"Feature","geometry":{"type":"LineString","coordinates":[[121.0165235014329,24.84876258319264],[121.0170765950688,24.84850423179986]]},"properties":{"name":"1","FID":"1474","SSEW_CAT":"1","PI_NUM":"95221051-1060-23-1060-24","US_MH":"1060-23","DS_MH":"1060-24","PI_TYP":"1","PI_WIDT":"0","PI_WIDB":"2.03","PI_HEI":"2.02","PI_LENG":"62.8","PI_MAT":"RCP","PI_THICK":"0","PI_SLOP":"0.0014","DES_FLOW":"0","DES_VELO":"0","US_BLE":"20.63","DS_BLE":"20.54","CITY_ID":"10004","KEYIN_DATE":"20160516"}},{"type":"Feature","geometry":{"type":"LineString","coordinates":[[121.0164210188063,24.84934559603371],[121.0165235014329,24.84876258319264]]},"properties":{"name":"1","FID":"1475","SSEW_CAT":"1","PI_NUM":"95221051-1060-24-FF97","US_MH":"1060-24","DS_MH":"FF97","PI_TYP":"1","PI_WIDT":"0","PI_WIDB":"2.07","PI_HEI":"2.03","PI_LENG":"65.4","PI_MAT":"RCP","PI_THICK":"0","PI_SLOP":"0.0014","DES_FLOW":"0","DES_VELO":"0","US_BLE":"20.54","DS_BLE":"0","CITY_ID":"10004","KEYIN_DATE":"20160516"}},{"type":"Feature","geometry":{"type":"LineString","coordinates":[[121.017503042323,24.82994538247898],[121.0177560778486,24.82983771381184]]},"properties":{"name":"1","FID":"1476","SSEW_CAT":"1","PI_NUM":"96224061-1060-92-FF82","US_MH":"1060-92","DS_MH":"FF82","PI_TYP":"5","PI_WIDT":"0","PI_WIDB":"0.9","PI_HEI":"0","PI_LENG":"28.22","PI_MAT":"RCP","PI_THICK":"0","PI_SLOP":"0","DES_FLOW":"0","DES_VELO":"0","US_BLE":"26.69","DS_BLE":"0","CITY_ID":"10004","KEYIN_DATE":"20160516"}},{"type":"Feature","geometry":{"type":"LineString","coordinates":[[121.0072196102879,24.82265227624798],[121.007861337493,24.82227797240706]]},"properties":{"name":"1","FID":"1477","SSEW_CAT":"1","PI_NUM":"95221080-1080-1-1080-2","US_MH":"1080-1","DS_MH":"1080-2","PI_TYP":"5","PI_WIDT":"0","PI_WIDB":"1.5","PI_HEI":"0","PI_LENG":"76.98","PI_MAT":"RCP","PI_THICK":"0","PI_SLOP":"0","DES_FLOW":"0","DES_VELO":"0","US_BLE":"22.29","DS_BLE":"0","CITY_ID":"10004","KEYIN_DATE":"20160516"}},{"type":"Feature","geometry":{"type":"LineString","coordinates":[[121.0073195080549,24.82149169928677],[121.0079666213302,24.82113117231578]]},"properties":{"name":"1","FID":"1478","SSEW_CAT":"1","PI_NUM":"95221080-1080-3-1080-4","US_MH":"1080-3","DS_MH":"1080-4","PI_TYP":"1","PI_WIDT":"0","PI_WIDB":"0","PI_HEI":"0","PI_LENG":"76.64","PI_MAT":"RCP","PI_THICK":"0","PI_SLOP":"0","DES_FLOW":"0","DES_VELO":"0","US_BLE":"0","DS_BLE":"0","CITY_ID":"10004","KEYIN_DATE":"20160516"}},{"type":"Feature","geometry":{"type":"LineString","coordinates":[[121.0066711247839,24.82185243115536],[121.0073195080549,24.82149169928677]]},"properties":{"name":"1","FID":"1479","SSEW_CAT":"1","PI_NUM":"95221080-1080-4-1080-5","US_MH":"1080-4","DS_MH":"1080-5","PI_TYP":"1","PI_WIDT":"0","PI_WIDB":"0","PI_HEI":"0","PI_LENG":"76.76","PI_MAT":"RCP","PI_THICK":"0","PI_SLOP":"0","DES_FLOW":"0","DES_VELO":"0","US_BLE":"0","DS_BLE":"0","CITY_ID":"10004","KEYIN_DATE":"20160516"}},{"type":"Feature","geometry":{"type":"LineString","coordinates":[[121.009891173774,24.82108293497605],[121.0101163907203,24.82147366864429]]},"properties":{"name":"1","FID":"1480","SSEW_CAT":"1","PI_NUM":"96224071-1080-6-4071-156","US_MH":"1080-6","DS_MH":"4071-156","PI_TYP":"1","PI_WIDT":"0","PI_WIDB":"1.03","PI_HEI":"1.23","PI_LENG":"48.9","PI_MAT":"RCP","PI_THICK":"0","PI_SLOP":"0.0266","DES_FLOW":"0","DES_VELO":"0","US_BLE":"24.75","DS_BLE":"23.45","CITY_ID":"10004","KEYIN_DATE":"20160516"}},{"type":"Feature","geometry":{"type":"LineString","coordinates":[[121.0101163907203,24.82147366864429],[121.0104084738119,24.82186728646507]]},"properties":{"name":"1","FID":"1481","SSEW_CAT":"1","PI_NUM":"96224071-1080-7-1080-6","US_MH":"1080-7","DS_MH":"1080-6","PI_TYP":"1","PI_WIDT":"0","PI_WIDB":"1.03","PI_HEI":"1.23","PI_LENG":"52.65","PI_MAT":"RCP","PI_THICK":"0","PI_SLOP":"0.0027","DES_FLOW":"0","DES_VELO":"0","US_BLE":"24.89","DS_BLE":"24.75","CITY_ID":"10004","KEYIN_DATE":"20160516"}},{"type":"Feature","geometry":{"type":"LineString","coordinates":[[121.0104084738119,24.82186728646507],[121.0105437521914,24.82205668794819]]},"properties":{"name":"1","FID":"1482","SSEW_CAT":"1","PI_NUM":"96224071-1080-8-1080-7","US_MH":"1080-8","DS_MH":"1080-7","PI_TYP":"1","PI_WIDT":"0","PI_WIDB":"1.01","PI_HEI":"1.22","PI_LENG":"25.04","PI_MAT":"RCP","PI_THICK":"0","PI_SLOP":"0.002","DES_FLOW":"0","DES_VELO":"0","US_BLE":"24.94","DS_BLE":"24.89","CITY_ID":"10004","KEYIN_DATE":"20160516"}},{"type":"Feature","geometry":{"type":"LineString","coordinates":[[121.0082590407853,24.84922761667679],[121.0086783006519,24.84916904266957]]},"properties":{"name":"1","FID":"1483","SSEW_CAT":"1","PI_NUM":"96224051-4051-1-4051-2","US_MH":"4051-1","DS_MH":"4051-2","PI_TYP":"1","PI_WIDT":"0","PI_WIDB":"1.55","PI_HEI":"1.19","PI_LENG":"42.87","PI_MAT":"RCP","PI_THICK":"0","PI_SLOP":"0.0007","DES_FLOW":"0","DES_VELO":"0","US_BLE":"18.48","DS_BLE":"18.45","CITY_ID":"10004","KEYIN_DATE":"20160516"}},{"type":"Feature","geometry":{"type":"LineString","coordinates":[[121.0078003670236,24.8492486598245],[121.0082590407853,24.84922761667679]]},"properties":{"name":"1","FID":"1484","SSEW_CAT":"1","PI_NUM":"96224051-4051-2-95221060-1060-3","US_MH":"4051-2","DS_MH":"1060-3","PI_TYP":"1","PI_WIDT":"0","PI_WIDB":"1.53","PI_HEI":"1.21","PI_LENG":"46.41","PI_MAT":"RCP","PI_THICK":"0","PI_SLOP":"-0.0004","DES_FLOW":"0","DES_VELO":"0","US_BLE":"18.45","DS_BLE":"18.47","CITY_ID":"10004","KEYIN_DATE":"20160516"}},{"type":"Feature","geometry":{"type":"LineString","coordinates":[[121.0086783006519,24.84916904266957],[121.009181173559,24.84900563169861]]},"properties":{"name":"1","FID":"1485","SSEW_CAT":"1","PI_NUM":"96224051-4051-4-4051-1","US_MH":"4051-4","DS_MH":"4051-1","PI_TYP":"1","PI_WIDT":"0","PI_WIDB":"1.53","PI_HEI":"1.22","PI_LENG":"53.95","PI_MAT":"RCP","PI_THICK":"0","PI_SLOP":"0.003","DES_FLOW":"0","DES_VELO":"0","US_BLE":"18.64","DS_BLE":"18.48","CITY_ID":"10004","KEYIN_DATE":"20160516"}},{"type":"Feature","geometry":{"type":"LineString","coordinates":[[121.009181173559,24.84900563169861],[121.0098805295331,24.848634052585]]},"properties":{"name":"1","FID":"1486","SSEW_CAT":"1","PI_NUM":"96224051-4051-7-4051-4","US_MH":"4051-7","DS_MH":"4051-4","PI_TYP":"1","PI_WIDT":"0","PI_WIDB":"1.58","PI_HEI":"1.2","PI_LENG":"81.79","PI_MAT":"RCP","PI_THICK":"0","PI_SLOP":"0.0081","DES_FLOW":"0","DES_VELO":"0","US_BLE":"19.3","DS_BLE":"18.64","CITY_ID":"10004","KEYIN_DATE":"20160516","NOTE":"有疑似私接管線"}},{"type":"Feature","geometry":{"type":"LineString","coordinates":[[121.029139924521,24.82476516478536],[121.0292076898372,24.82492972477511]]},"properties":{"name":"1","FID":"1487","SSEW_CAT":"1","PI_NUM":"96224061-4061-1-FF54","US_MH":"4061-1","DS_MH":"FF54","PI_TYP":"5","PI_WIDT":"0","PI_WIDB":"1.5","PI_HEI":"0","PI_LENG":"19.47","PI_MAT":"RCP","PI_THICK":"0","PI_SLOP":"0.0051","DES_FLOW":"0","DES_VELO":"0","US_BLE":"31.67","DS_BLE":"0","CITY_ID":"10004","KEYIN_DATE":"20160516"}},{"type":"Feature","geometry":{"type":"LineString","coordinates":[[121.0292076898372,24.82492972477511],[121.0293634422569,24.82521731818023]]},"properties":{"name":"1","FID":"1488","SSEW_CAT":"1","PI_NUM":"96224061-4061-2-4061-1","US_MH":"4061-2","DS_MH":"4061-1","PI_TYP":"5","PI_WIDT":"0","PI_WIDB":"1.5","PI_HEI":"0","PI_LENG":"35.53","PI_MAT":"RCP","PI_THICK":"0","PI_SLOP":"0.0068","DES_FLOW":"0","DES_VELO":"0","US_BLE":"31.95","DS_BLE":"31.71","CITY_ID":"10004","KEYIN_DATE":"20160516"}},{"type":"Feature","geometry":{"type":"LineString","coordinates":[[121.0293634422569,24.82521731818023],[121.029608120399,24.82565995088702]]},"properties":{"name":"1","FID":"1489","SSEW_CAT":"1","PI_NUM":"96224061-4061-3-4061-2","US_MH":"4061-3","DS_MH":"4061-2","PI_TYP":"5","PI_WIDT":"0","PI_WIDB":"1.5","PI_HEI":"0","PI_LENG":"54.91","PI_MAT":"RCP","PI_THICK":"0","PI_SLOP":"0.0087","DES_FLOW":"0","DES_VELO":"0","US_BLE":"32.43","DS_BLE":"31.95","CITY_ID":"10004","KEYIN_DATE":"20160516"}},{"type":"Feature","geometry":{"type":"LineString","coordinates":[[121.0290338593996,24.82458062289471],[121.0289708800314,24.82448987065067]]},"properties":{"name":"1","FID":"1490","SSEW_CAT":"1","PI_NUM":"96224061-4061-4-FF46","US_MH":"4061-4","DS_MH":"FF46","PI_TYP":"5","PI_WIDT":"0","PI_WIDB":"0.6","PI_HEI":"0","PI_LENG":"11.9","PI_MAT":"RCP","PI_THICK":"0","PI_SLOP":"0","DES_FLOW":"0","DES_VELO":"0","US_BLE":"33.17","DS_BLE":"0","CITY_ID":"10004","KEYIN_DATE":"20160516"}},{"type":"Feature","geometry":{"type":"LineString","coordinates":[[121.0313057599312,24.82580758373778],[121.031060734509,24.82546551436528]]},"properties":{"name":"1","FID":"1491","SSEW_CAT":"1","PI_NUM":"96224061-4061-6-4061-7","US_MH":"4061-6","DS_MH":"4061-7","PI_TYP":"5","PI_WIDT":"0","PI_WIDB":"1.5","PI_HEI":"0","PI_LENG":"45.26","PI_MAT":"RCP","PI_THICK":"0","PI_SLOP":"0.0066","DES_FLOW":"0","DES_VELO":"0","US_BLE":"33.51","DS_BLE":"33.21","CITY_ID":"10004","KEYIN_DATE":"20160516"}},{"type":"Feature","geometry":{"type":"LineString","coordinates":[[121.0315449900977,24.82615239860685],[121.0313057599312,24.82580758373778]]},"properties":{"name":"1","FID":"1492","SSEW_CAT":"1","PI_NUM":"96224061-4061-7-4061-8","US_MH":"4061-7","DS_MH":"4061-8","PI_TYP":"5","PI_WIDT":"0","PI_WIDB":"1.5","PI_HEI":"0","PI_LENG":"45.2","PI_MAT":"RCP","PI_THICK":"0","PI_SLOP":"0.0053","DES_FLOW":"0","DES_VELO":"0","US_BLE":"33.16","DS_BLE":"32.92","CITY_ID":"10004","KEYIN_DATE":"20160516"}},{"type":"Feature","geometry":{"type":"LineString","coordinates":[[121.0299918727982,24.82415837410877],[121.0299524882419,24.82403016692762]]},"properties":{"name":"1","FID":"1493","SSEW_CAT":"1","PI_NUM":"96224061-4061-9-FF45","US_MH":"4061-9","DS_MH":"FF45","PI_TYP":"5","PI_WIDT":"0","PI_WIDB":"0.7","PI_HEI":"0","PI_LENG":"14.75","PI_MAT":"RCP","PI_THICK":"0","PI_SLOP":"0.0015","DES_FLOW":"0","DES_VELO":"0","US_BLE":"34.24","DS_BLE":"0","CITY_ID":"10004","KEYIN_DATE":"20160516"}},{"type":"Feature","geometry":{"type":"LineString","coordinates":[[121.0299524882419,24.82403016692762],[121.029736161874,24.82365798820983]]},"properties":{"name":"1","FID":"1494","SSEW_CAT":"1","PI_NUM":"96224061-4061-10-4061-9","US_MH":"4061-10","DS_MH":"4061-9","PI_TYP":"5","PI_WIDT":"0","PI_WIDB":"0.7","PI_HEI":"0","PI_LENG":"46.66","PI_MAT":"RCP","PI_THICK":"0","PI_SLOP":"0.0002","DES_FLOW":"0","DES_VELO":"0","US_BLE":"34.31","DS_BLE":"34.3","CITY_ID":"10004","KEYIN_DATE":"20160516"}},{"type":"Feature","geometry":{"type":"LineString","coordinates":[[121.029736161874,24.82365798820983],[121.0297026014486,24.82355807541405]]},"properties":{"name":"1","FID":"1495","SSEW_CAT":"1","PI_NUM":"96224061-4061-11-4061-10","US_MH":"4061-11","DS_MH":"4061-10","PI_TYP":"5","PI_WIDT":"0","PI_WIDB":"0.6","PI_HEI":"0","PI_LENG":"11.57","PI_MAT":"RCP","PI_THICK":"0","PI_SLOP":"0.0078","DES_FLOW":"0","DES_VELO":"0","US_BLE":"34.45","DS_BLE":"34.36","CITY_ID":"10004","KEYIN_DATE":"20160516"}},{"type":"Feature","geometry":{"type":"LineString","coordinates":[[121.0124030080323,24.83672362372886],[121.0123210990428,24.83694493905854]]},"properties":{"name":"1","FID":"1496","SSEW_CAT":"1","PI_NUM":"96224061-4061-100-4061-99","US_MH":"4061-100","DS_MH":"4061-99","PI_TYP":"1","PI_WIDT":"0","PI_WIDB":"2.5","PI_HEI":"1.33","PI_LENG":"25.87","PI_MAT":"RCP","PI_THICK":"0","PI_SLOP":"0.0012","DES_FLOW":"0","DES_VELO":"0","US_BLE":"22.46","DS_BLE":"22.43","CITY_ID":"10004","KEYIN_DATE":"20160516"}},{"type":"Feature","geometry":{"type":"LineString","coordinates":[[121.029608120399,24.82565995088702],[121.0298654479708,24.82612109828302]]},"properties":{"name":"1","FID":"1497","SSEW_CAT":"1","PI_NUM":"96224061-4061-13-4061-3","US_MH":"4061-13","DS_MH":"4061-3","PI_TYP":"5","PI_WIDT":"0","PI_WIDB":"1.5","PI_HEI":"0","PI_LENG":"57.32","PI_MAT":"RCP","PI_THICK":"0","PI_SLOP":"0.0075","DES_FLOW":"0","DES_VELO":"0","US_BLE":"32.77","DS_BLE":"32.43","CITY_ID":"10004","KEYIN_DATE":"20160516"}},{"type":"Feature","geometry":{"type":"LineString","coordinates":[[121.0302736913811,24.82684940686845],[121.0299853217353,24.82632783808354]]},"properties":{"name":"1","FID":"1498","SSEW_CAT":"1","PI_NUM":"96224061-4061-14-4061-15","US_MH":"4061-14","DS_MH":"4061-15","PI_TYP":"5","PI_WIDT":"0","PI_WIDB":"1.5","PI_HEI":"0","PI_LENG":"64.71","PI_MAT":"RCP","PI_THICK":"0","PI_SLOP":"0.0062","DES_FLOW":"0","DES_VELO":"0","US_BLE":"32.74","DS_BLE":"32.34","CITY_ID":"10004","KEYIN_DATE":"20160516"}},{"type":"Feature","geometry":{"type":"LineString","coordinates":[[121.0305737812925,24.82738898470165],[121.0302736913811,24.82684940686845]]},"properties":{"name":"1","FID":"1499","SSEW_CAT":"1","PI_NUM":"96224061-4061-15-4061-16","US_MH":"4061-15","DS_MH":"4061-16","PI_TYP":"5","PI_WIDT":"0","PI_WIDB":"1.5","PI_HEI":"0","PI_LENG":"67.02","PI_MAT":"RCP","PI_THICK":"0","PI_SLOP":"0.0022","DES_FLOW":"0","DES_VELO":"0","US_BLE":"32.35","DS_BLE":"32.2","CITY_ID":"10004","KEYIN_DATE":"20160516"}},{"type":"Feature","geometry":{"type":"LineString","coordinates":[[121.0306947012938,24.82757612261254],[121.0305737812925,24.82738898470165]]},"properties":{"name":"1","FID":"1500","SSEW_CAT":"1","PI_NUM":"96224061-4061-16-FF50","US_MH":"4061-16","DS_MH":"FF50","PI_TYP":"5","PI_WIDT":"0","PI_WIDB":"1.5","PI_HEI":"0","PI_LENG":"24.06","PI_MAT":"RCP","PI_THICK":"0","PI_SLOP":"0.0022","DES_FLOW":"0","DES_VELO":"0","US_BLE":"32.14","DS_BLE":"0","CITY_ID":"10004","KEYIN_DATE":"20160516"}},{"type":"Feature","geometry":{"type":"LineString","coordinates":[[121.0276590154849,24.82546547805487],[121.0277459896585,24.82562243306298]]},"properties":{"name":"1","FID":"1501","SSEW_CAT":"1","PI_NUM":"96224061-4061-17-FF55","US_MH":"4061-17","DS_MH":"FF55","PI_TYP":"5","PI_WIDT":"0","PI_WIDB":"1.5","PI_HEI":"0","PI_LENG":"19.48","PI_MAT":"RCP","PI_THICK":"0","PI_SLOP":"0.0059","DES_FLOW":"0","DES_VELO":"0","US_BLE":"30.71","DS_BLE":"0","CITY_ID":"10004","KEYIN_DATE":"20160516"}},{"type":"Feature","geometry":{"type":"LineString","coordinates":[[121.0277459896585,24.82562243306298],[121.0279201091311,24.82590241343366]]},"properties":{"name":"1","FID":"1502","SSEW_CAT":"1","PI_NUM":"96224061-4061-18-4061-17","US_MH":"4061-18","DS_MH":"4061-17","PI_TYP":"5","PI_WIDT":"0","PI_WIDB":"1.5","PI_HEI":"0","PI_LENG":"35.66","PI_MAT":"RCP","PI_THICK":"0","PI_SLOP":"0.0008","DES_FLOW":"0","DES_VELO":"0","US_BLE":"31.03","DS_BLE":"31","CITY_ID":"10004","KEYIN_DATE":"20160516"}},{"type":"Feature","geometry":{"type":"LineString","coordinates":[[121.0275476847287,24.82530671273458],[121.0275192813885,24.82516909511268]]},"properties":{"name":"1","FID":"1503","SSEW_CAT":"1","PI_NUM":"96224061-4061-19-FF47","US_MH":"4061-19","DS_MH":"FF47","PI_TYP":"5","PI_WIDT":"0","PI_WIDB":"0.7","PI_HEI":"0","PI_LENG":"15.51","PI_MAT":"RCP","PI_THICK":"0","PI_SLOP":"0","DES_FLOW":"0","DES_VELO":"0","US_BLE":"32.01","DS_BLE":"0","CITY_ID":"10004","KEYIN_DATE":"20160516"}},{"type":"Feature","geometry":{"type":"LineString","coordinates":[[121.0265846353396,24.82576065512247],[121.0265740576748,24.82561181161719]]},"properties":{"name":"1","FID":"1504","SSEW_CAT":"1","PI_NUM":"96224061-4061-19-1-FF48","US_MH":"4061-19-1","DS_MH":"FF48","PI_TYP":"5","PI_WIDT":"0","PI_WIDB":"1.35","PI_HEI":"0","PI_LENG":"16.52","PI_MAT":"RCP","PI_THICK":"0","PI_SLOP":"0","DES_FLOW":"0","DES_VELO":"0","US_BLE":"31.52","DS_BLE":"0","CITY_ID":"10004","KEYIN_DATE":"20160516"}},{"type":"Feature","geometry":{"type":"LineString","coordinates":[[121.031060734509,24.82546551436528],[121.0307228079259,24.82505089185566]]},"properties":{"name":"1","FID":"1505","SSEW_CAT":"1","PI_NUM":"96224061-4061-21-4061-6","US_MH":"4061-21","DS_MH":"4061-6","PI_TYP":"5","PI_WIDT":"0","PI_WIDB":"1.5","PI_HEI":"0","PI_LENG":"57.23","PI_MAT":"RCP","PI_THICK":"0","PI_SLOP":"0.0049","DES_FLOW":"0","DES_VELO":"0","US_BLE":"33.83","DS_BLE":"33.55","CITY_ID":"10004","KEYIN_DATE":"20160516"}},{"type":"Feature","geometry":{"type":"LineString","coordinates":[[121.0279201091311,24.82590241343366],[121.0282245770132,24.82638928632066]]},"properties":{"name":"1","FID":"1506","SSEW_CAT":"1","PI_NUM":"96224061-4061-22-4061-18","US_MH":"4061-22","DS_MH":"4061-18","PI_TYP":"5","PI_WIDT":"0","PI_WIDB":"1.5","PI_HEI":"0","PI_LENG":"62.09","PI_MAT":"RCP","PI_THICK":"0","PI_SLOP":"0.0043","DES_FLOW":"0","DES_VELO":"0","US_BLE":"31.37","DS_BLE":"31.1","CITY_ID":"10004","KEYIN_DATE":"20160516"}},{"type":"Feature","geometry":{"type":"LineString","coordinates":[[121.0282245770132,24.82638928632066],[121.0285020153094,24.82681486860085]]},"properties":{"name":"1","FID":"1507","SSEW_CAT":"1","PI_NUM":"96224061-4061-22-1-4061-22","US_MH":"4061-22-1","DS_MH":"4061-22","PI_TYP":"5","PI_WIDT":"0","PI_WIDB":"1.5","PI_HEI":"0","PI_LENG":"54.85","PI_MAT":"RCP","PI_THICK":"0","PI_SLOP":"0.0011","DES_FLOW":"0","DES_VELO":"0","US_BLE":"31.32","DS_BLE":"31.26","CITY_ID":"10004","KEYIN_DATE":"20160516"}},{"type":"Feature","geometry":{"type":"LineString","coordinates":[[121.0196173542338,24.83600130493699],[121.0190182176134,24.83633301116248]]},"properties":{"name":"1","FID":"1508","SSEW_CAT":"1","PI_NUM":"96224061-4061-24-4061-23","US_MH":"4061-24","DS_MH":"4061-23","PI_TYP":"5","PI_WIDT":"0","PI_WIDB":"0.97","PI_HEI":"0","PI_LENG":"70.83","PI_MAT":"RCP","PI_THICK":"0","PI_SLOP":"-0.0124","DES_FLOW":"0","DES_VELO":"0","US_BLE":"25.8","DS_BLE":"26.68","CITY_ID":"10004","KEYIN_DATE":"20160516"}},{"type":"Feature","geometry":{"type":"LineString","coordinates":[[121.0288357250954,24.82731603589201],[121.0291251128303,24.82775991560822]]},"properties":{"name":"1","FID":"1509","SSEW_CAT":"1","PI_NUM":"96224061-4061-24-1-4061-24-2","US_MH":"4061-24-1","DS_MH":"4061-24-2","PI_TYP":"5","PI_WIDT":"0","PI_WIDB":"1.5","PI_HEI":"0","PI_LENG":"57.21","PI_MAT":"RCP","PI_THICK":"0","PI_SLOP":"0.0114","DES_FLOW":"0","DES_VELO":"0","US_BLE":"31.67","DS_BLE":"31.02","CITY_ID":"10004","KEYIN_DATE":"20160516"}},{"type":"Feature","geometry":{"type":"LineString","coordinates":[[121.0285020153094,24.82681486860085],[121.0288357250954,24.82731603589201]]},"properties":{"name":"1","FID":"1510","SSEW_CAT":"1","PI_NUM":"96224061-4061-24-2-4061-22-1","US_MH":"4061-24-2","DS_MH":"4061-22-1","PI_TYP":"5","PI_WIDT":"0","PI_WIDB":"1.5","PI_HEI":"0","PI_LENG":"64.95","PI_MAT":"RCP","PI_THICK":"0","PI_SLOP":"0.0018","DES_FLOW":"0","DES_VELO":"0","US_BLE":"31.48","DS_BLE":"31.36","CITY_ID":"10004","KEYIN_DATE":"20160516"}},{"type":"Feature","geometry":{"type":"LineString","coordinates":[[121.0190182176134,24.83633301116248],[121.0186137112329,24.83654504411913]]},"properties":{"name":"1","FID":"1511","SSEW_CAT":"1","PI_NUM":"96224061-4061-25-4061-24","US_MH":"4061-25","DS_MH":"4061-24","PI_TYP":"5","PI_WIDT":"0","PI_WIDB":"1","PI_HEI":"0","PI_LENG":"47.15","PI_MAT":"RCP","PI_THICK":"0","PI_SLOP":"-0.0062","DES_FLOW":"0","DES_VELO":"0","US_BLE":"25.59","DS_BLE":"25.88","CITY_ID":"10004","KEYIN_DATE":"20160516"}},{"type":"Feature","geometry":{"type":"LineString","coordinates":[[121.0186137112329,24.83654504411913],[121.0182659409691,24.83673188834383]]},"properties":{"name":"1","FID":"1512","SSEW_CAT":"1","PI_NUM":"96224061-4061-26-4061-25","US_MH":"4061-26","DS_MH":"4061-25","PI_TYP":"5","PI_WIDT":"0","PI_WIDB":"1","PI_HEI":"0","PI_LENG":"40.79","PI_MAT":"RCP","PI_THICK":"0","PI_SLOP":"0.0081","DES_FLOW":"0","DES_VELO":"0","US_BLE":"25.88","DS_BLE":"25.55","CITY_ID":"10004","KEYIN_DATE":"20160516"}},{"type":"Feature","geometry":{"type":"LineString","coordinates":[[121.0163355929288,24.83755941857057],[121.0168664480624,24.83739527421451]]},"properties":{"name":"1","FID":"1513","SSEW_CAT":"1","PI_NUM":"96224061-4061-26-4061-27","US_MH":"4061-26","DS_MH":"4061-27","PI_TYP":"5","PI_WIDT":"0","PI_WIDB":"1","PI_HEI":"0","PI_LENG":"215.56","PI_MAT":"RCP","PI_THICK":"0","PI_SLOP":"0.0045","DES_FLOW":"0","DES_VELO":"0","US_BLE":"25.88","DS_BLE":"24.9","CITY_ID":"10004","KEYIN_DATE":"20160516"}},{"type":"Feature","geometry":{"type":"LineString","coordinates":[[121.0159797257285,24.8376890352048],[121.0163355929288,24.83755941857057]]},"properties":{"name":"1","FID":"1514","SSEW_CAT":"1","PI_NUM":"96224061-4061-27-4061-88","US_MH":"4061-27","DS_MH":"4061-88","PI_TYP":"5","PI_WIDT":"0","PI_WIDB":"1","PI_HEI":"0","PI_LENG":"38.73","PI_MAT":"RCP","PI_THICK":"0","PI_SLOP":"0.0039","DES_FLOW":"0","DES_VELO":"0","US_BLE":"24.91","DS_BLE":"24.76","CITY_ID":"10004","KEYIN_DATE":"20160516"}},{"type":"Feature","geometry":{"type":"LineString","coordinates":[[121.0267545641862,24.82607051320484],[121.0269069248981,24.8264308801878]]},"properties":{"name":"1","FID":"1515","SSEW_CAT":"1","PI_NUM":"96224061-4061-28-4061-28-1","US_MH":"4061-28","DS_MH":"4061-28-1","PI_TYP":"5","PI_WIDT":"0","PI_WIDB":"1.5","PI_HEI":"0","PI_LENG":"42.78","PI_MAT":"RCP","PI_THICK":"0","PI_SLOP":"-0.0005","DES_FLOW":"0","DES_VELO":"0","US_BLE":"30.65","DS_BLE":"30.67","CITY_ID":"10004","KEYIN_DATE":"20160516"}},{"type":"Feature","geometry":{"type":"LineString","coordinates":[[121.0266722220522,24.82591910938723],[121.0267545641862,24.82607051320484]]},"properties":{"name":"1","FID":"1516","SSEW_CAT":"1","PI_NUM":"96224061-4061-28-1-FF56","US_MH":"4061-28-1","DS_MH":"FF56","PI_TYP":"5","PI_WIDT":"0","PI_WIDB":"1.5","PI_HEI":"0","PI_LENG":"18.72","PI_MAT":"RCP","PI_THICK":"0","PI_SLOP":"0.0012","DES_FLOW":"0","DES_VELO":"0","US_BLE":"30.66","DS_BLE":"0","CITY_ID":"10004","KEYIN_DATE":"20160516"}},{"type":"Feature","geometry":{"type":"LineString","coordinates":[[121.0271256481212,24.82683226992251],[121.0273199923873,24.82739670206886]]},"properties":{"name":"1","FID":"1517","SSEW_CAT":"1","PI_NUM":"96224061-4061-29-1-4061-29-3","US_MH":"4061-29-1","DS_MH":"4061-29-3","PI_TYP":"5","PI_WIDT":"0","PI_WIDB":"1.5","PI_HEI":"0","PI_LENG":"65.53","PI_MAT":"RCP","PI_THICK":"0","PI_SLOP":"0.0014","DES_FLOW":"0","DES_VELO":"0","US_BLE":"30.92","DS_BLE":"30.83","CITY_ID":"10004","KEYIN_DATE":"20160516"}},{"type":"Feature","geometry":{"type":"LineString","coordinates":[[121.0273199923873,24.82739670206886],[121.0274549848103,24.82767086661682]]},"properties":{"name":"1","FID":"1518","SSEW_CAT":"1","PI_NUM":"96224061-4061-29-2-4061-29-1","US_MH":"4061-29-2","DS_MH":"4061-29-1","PI_TYP":"5","PI_WIDT":"0","PI_WIDB":"1.5","PI_HEI":"0","PI_LENG":"33.29","PI_MAT":"RCP","PI_THICK":"0","PI_SLOP":"0.003","DES_FLOW":"0","DES_VELO":"0","US_BLE":"30.97","DS_BLE":"30.87","CITY_ID":"10004","KEYIN_DATE":"20160516"}},{"type":"Feature","geometry":{"type":"LineString","coordinates":[[121.0269069248981,24.8264308801878],[121.0271256481212,24.82683226992251]]},"properties":{"name":"1","FID":"1519","SSEW_CAT":"1","PI_NUM":"96224061-4061-29-3-4061-28","US_MH":"4061-29-3","DS_MH":"4061-28","PI_TYP":"5","PI_WIDT":"0","PI_WIDB":"1.5","PI_HEI":"0","PI_LENG":"49.65","PI_MAT":"RCP","PI_THICK":"0","PI_SLOP":"0.0042","DES_FLOW":"0","DES_VELO":"0","US_BLE":"30.83","DS_BLE":"30.62","CITY_ID":"10004","KEYIN_DATE":"20160516"}},{"type":"Feature","geometry":{"type":"LineString","coordinates":[[121.0192617312898,24.83356628834045],[121.0194608956313,24.83348052711344]]},"properties":{"name":"1","FID":"1520","SSEW_CAT":"1","PI_NUM":"96224061-4061-30-FF81","US_MH":"4061-30","DS_MH":"FF81","PI_TYP":"5","PI_WIDT":"0","PI_WIDB":"1","PI_HEI":"0","PI_LENG":"22.26","PI_MAT":"RCP","PI_THICK":"0","PI_SLOP":"0","DES_FLOW":"0","DES_VELO":"0","US_BLE":"26.88","DS_BLE":"0","CITY_ID":"10004","KEYIN_DATE":"20160516"}},{"type":"Feature","geometry":{"type":"LineString","coordinates":[[121.0200158219542,24.83498943704069],[121.0202319272107,24.83551952112881]]},"properties":{"name":"1","FID":"1521","SSEW_CAT":"1","PI_NUM":"96224061-FF79-4061-31","US_MH":"FF79","DS_MH":"4061-31","PI_TYP":"5","PI_WIDT":"0","PI_WIDB":"1.2","PI_HEI":"0","PI_LENG":"135","PI_MAT":"RCP","PI_THICK":"0","PI_SLOP":"0","DES_FLOW":"0","DES_VELO":"0","US_BLE":"0","DS_BLE":"27.13","CITY_ID":"10004","KEYIN_DATE":"20160516"}},{"type":"Feature","geometry":{"type":"LineString","coordinates":[[121.0192617312898,24.83356628834045],[121.01967279527,24.83441258324223]]},"properties":{"name":"1","FID":"1522","SSEW_CAT":"1","PI_NUM":"96224061-4061-31-FF81","US_MH":"4061-31","DS_MH":"FF81","PI_TYP":"5","PI_WIDT":"0","PI_WIDB":"1.2","PI_HEI":"0","PI_LENG":"102.53","PI_MAT":"RCP","PI_THICK":"0","PI_SLOP":"0","DES_FLOW":"0","DES_VELO":"0","US_BLE":"27.13","DS_BLE":"0","CITY_ID":"10004","KEYIN_DATE":"20160516"}},{"type":"Feature","geometry":{"type":"LineString","coordinates":[[121.0181487752327,24.83114715494932],[121.0192617312898,24.83356628834045]]},"properties":{"name":"1","FID":"1523","SSEW_CAT":"1","PI_NUM":"96224061-FF81-FF82","US_MH":"FF81","DS_MH":"FF82","PI_TYP":"5","PI_WIDT":"0","PI_WIDB":"1.2","PI_HEI":"0","PI_LENG":"438.68","PI_MAT":"RCP","PI_THICK":"0","PI_SLOP":"0","DES_FLOW":"0","DES_VELO":"0","US_BLE":"0","DS_BLE":"0","CITY_ID":"10004","KEYIN_DATE":"20160516"}},{"type":"Feature","geometry":{"type":"LineString","coordinates":[[121.0265740576748,24.82561181161719],[121.0263411413095,24.82487959777203]]},"properties":{"name":"1","FID":"1524","SSEW_CAT":"1","PI_NUM":"96224061-4061-32-4061-19-1","US_MH":"4061-32","DS_MH":"4061-19-1","PI_TYP":"5","PI_WIDT":"0","PI_WIDB":"1.35","PI_HEI":"0","PI_LENG":"84.45","PI_MAT":"RCP","PI_THICK":"0","PI_SLOP":"0","DES_FLOW":"0","DES_VELO":"0","US_BLE":"0","DS_BLE":"31.63","CITY_ID":"10004","KEYIN_DATE":"20160516"}},{"type":"Feature","geometry":{"type":"LineString","coordinates":[[121.0263411413095,24.82487959777203],[121.0259870187665,24.82418601990406]]},"properties":{"name":"1","FID":"1525","SSEW_CAT":"1","PI_NUM":"96224061-4061-33-4061-32","US_MH":"4061-33","DS_MH":"4061-32","PI_TYP":"1","PI_WIDT":"0","PI_WIDB":"1.85","PI_HEI":"1.63","PI_LENG":"84.75","PI_MAT":"RCP","PI_THICK":"0","PI_SLOP":"0","DES_FLOW":"0","DES_VELO":"0","US_BLE":"32.31","DS_BLE":"0","CITY_ID":"10004","KEYIN_DATE":"20160516"}},{"type":"Feature","geometry":{"type":"LineString","coordinates":[[121.0270451928555,24.8238482801815],[121.0275221314303,24.82369570018671]]},"properties":{"name":"1","FID":"1526","SSEW_CAT":"1","PI_NUM":"96224061-4061-34-4071-64","US_MH":"4061-34","DS_MH":"4071-64","PI_TYP":"5","PI_WIDT":"0","PI_WIDB":"1.1","PI_HEI":"0","PI_LENG":"51.09","PI_MAT":"RCP","PI_THICK":"0","PI_SLOP":"0.0039","DES_FLOW":"0","DES_VELO":"0","US_BLE":"32.94","DS_BLE":"32.74","CITY_ID":"10004","KEYIN_DATE":"20160516"}},{"type":"Feature","geometry":{"type":"LineString","coordinates":[[121.0259870187665,24.82418601990406],[121.0265156464559,24.82401688471813]]},"properties":{"name":"1","FID":"1527","SSEW_CAT":"1","PI_NUM":"96224061-4061-35-4061-33","US_MH":"4061-35","DS_MH":"4061-33","PI_TYP":"5","PI_WIDT":"0","PI_WIDB":"1.1","PI_HEI":"0","PI_LENG":"56.62","PI_MAT":"RCP","PI_THICK":"0","PI_SLOP":"0.0035","DES_FLOW":"0","DES_VELO":"0","US_BLE":"32.51","DS_BLE":"32.31","CITY_ID":"10004","KEYIN_DATE":"20160516"}},{"type":"Feature","geometry":{"type":"LineString","coordinates":[[121.0275221314303,24.82369570018671],[121.0279482433421,24.82355950604884]]},"properties":{"name":"1","FID":"1528","SSEW_CAT":"1","PI_NUM":"96224061-4061-36-4061-34","US_MH":"4061-36","DS_MH":"4061-34","PI_TYP":"5","PI_WIDT":"0","PI_WIDB":"0.9","PI_HEI":"0","PI_LENG":"45.64","PI_MAT":"RCP","PI_THICK":"0","PI_SLOP":"0.0035","DES_FLOW":"0","DES_VELO":"0","US_BLE":"33.1","DS_BLE":"32.94","CITY_ID":"10004","KEYIN_DATE":"20160516"}},{"type":"Feature","geometry":{"type":"LineString","coordinates":[[121.0127501904628,24.84210940251981],[121.0125498889555,24.84179595641519]]},"properties":{"name":"1","FID":"1529","SSEW_CAT":"1","PI_NUM":"96224061-4061-38-FF92","US_MH":"4061-38","DS_MH":"FF92","PI_TYP":"1","PI_WIDT":"0","PI_WIDB":"0","PI_HEI":"0","PI_LENG":"40.19","PI_MAT":"RCP","PI_THICK":"0","PI_SLOP":"0","DES_FLOW":"0","DES_VELO":"0","US_BLE":"0","DS_BLE":"0","CITY_ID":"10004","KEYIN_DATE":"20160516"}},{"type":"Feature","geometry":{"type":"LineString","coordinates":[[121.0295668341027,24.82823092268884],[121.0296454475339,24.82832386548305]]},"properties":{"name":"1","FID":"1530","SSEW_CAT":"1","PI_NUM":"96224061-FF52-4061-41","US_MH":"FF52","DS_MH":"4061-41","PI_TYP":"5","PI_WIDT":"0","PI_WIDB":"1.5","PI_HEI":"0","PI_LENG":"13","PI_MAT":"RCP","PI_THICK":"0","PI_SLOP":"-0.0125","DES_FLOW":"0","DES_VELO":"0","US_BLE":"0","DS_BLE":"30.72","CITY_ID":"10004","KEYIN_DATE":"20160516"}},{"type":"Feature","geometry":{"type":"LineString","coordinates":[[121.0291251128303,24.82775991560822],[121.0295668341027,24.82823092268884]]},"properties":{"name":"1","FID":"1531","SSEW_CAT":"1","PI_NUM":"96224061-4061-41-4061-24-1","US_MH":"4061-41","DS_MH":"4061-24-1","PI_TYP":"5","PI_WIDT":"0","PI_WIDB":"1.5","PI_HEI":"0","PI_LENG":"68.67","PI_MAT":"RCP","PI_THICK":"0","PI_SLOP":"-0.0125","DES_FLOW":"0","DES_VELO":"0","US_BLE":"30.72","DS_BLE":"31.58","CITY_ID":"10004","KEYIN_DATE":"20160516"}},{"type":"Feature","geometry":{"type":"LineString","coordinates":[[121.0296454475339,24.82832386548305],[121.0292686309615,24.82859547455339]]},"properties":{"name":"1","FID":"1532","SSEW_CAT":"1","PI_NUM":"96224061-4061-42-FF52","US_MH":"4061-42","DS_MH":"FF52","PI_TYP":"5","PI_WIDT":"0","PI_WIDB":"1.5","PI_HEI":"0","PI_LENG":"48.54","PI_MAT":"RCP","PI_THICK":"0","PI_SLOP":"-0.001","DES_FLOW":"0","DES_VELO":"0","US_BLE":"31.58","DS_BLE":"0","CITY_ID":"10004","KEYIN_DATE":"20160516"}},{"type":"Feature","geometry":{"type":"LineString","coordinates":[[121.0292686309615,24.82859547455339],[121.0287886956989,24.82890962721083]]},"properties":{"name":"1","FID":"1533","SSEW_CAT":"1","PI_NUM":"96224061-4061-43-4061-42","US_MH":"4061-43","DS_MH":"4061-42","PI_TYP":"5","PI_WIDT":"0","PI_WIDB":"1.5","PI_HEI":"0","PI_LENG":"59.7","PI_MAT":"RCP","PI_THICK":"0","PI_SLOP":"-0.0023","DES_FLOW":"0","DES_VELO":"0","US_BLE":"31.46","DS_BLE":"31.6","CITY_ID":"10004","KEYIN_DATE":"20160516"}},{"type":"Feature","geometry":{"type":"LineString","coordinates":[[121.0287886956989,24.82890962721083],[121.0284451757515,24.82913625637146]]},"properties":{"name":"1","FID":"1534","SSEW_CAT":"1","PI_NUM":"96224061-4061-44-4061-43","US_MH":"4061-44","DS_MH":"4061-43","PI_TYP":"5","PI_WIDT":"0","PI_WIDB":"1.5","PI_HEI":"0","PI_LENG":"42.85","PI_MAT":"RCP","PI_THICK":"0","PI_SLOP":"-0.004","DES_FLOW":"0","DES_VELO":"0","US_BLE":"31.29","DS_BLE":"31.46","CITY_ID":"10004","KEYIN_DATE":"20160516"}},{"type":"Feature","geometry":{"type":"LineString","coordinates":[[121.0281027911595,24.82870038472229],[121.0284451757515,24.82913625637146]]},"properties":{"name":"1","FID":"1535","SSEW_CAT":"1","PI_NUM":"96224061-4061-44-4061-45","US_MH":"4061-44","DS_MH":"4061-45","PI_TYP":"5","PI_WIDT":"0","PI_WIDB":"1.5","PI_HEI":"0","PI_LENG":"59.4","PI_MAT":"RCP","PI_THICK":"0","PI_SLOP":"-0.0003","DES_FLOW":"0","DES_VELO":"0","US_BLE":"31.29","DS_BLE":"31.31","CITY_ID":"10004","KEYIN_DATE":"20160516"}},{"type":"Feature","geometry":{"type":"LineString","coordinates":[[121.0277369056857,24.82814422871913],[121.0281027911595,24.82870038472229]]},"properties":{"name":"1","FID":"1536","SSEW_CAT":"1","PI_NUM":"96224061-4061-45-4061-46","US_MH":"4061-45","DS_MH":"4061-46","PI_TYP":"5","PI_WIDT":"0","PI_WIDB":"1.5","PI_HEI":"0","PI_LENG":"71.85","PI_MAT":"RCP","PI_THICK":"0","PI_SLOP":"0.0038","DES_FLOW":"0","DES_VELO":"0","US_BLE":"31.34","DS_BLE":"31.07","CITY_ID":"10004","KEYIN_DATE":"20160516"}},{"type":"Feature","geometry":{"type":"LineString","coordinates":[[121.0274549848103,24.82767086661682],[121.0277369056857,24.82814422871913]]},"properties":{"name":"1","FID":"1537","SSEW_CAT":"1","PI_NUM":"96224061-4061-46-4061-29-2","US_MH":"4061-46","DS_MH":"4061-29-2","PI_TYP":"5","PI_WIDT":"0","PI_WIDB":"1.5","PI_HEI":"0","PI_LENG":"59.67","PI_MAT":"RCP","PI_THICK":"0","PI_SLOP":"0.0027","DES_FLOW":"0","DES_VELO":"0","US_BLE":"31.08","DS_BLE":"30.92","CITY_ID":"10004","KEYIN_DATE":"20160516"}},{"type":"Feature","geometry":{"type":"LineString","coordinates":[[121.0284451757515,24.82913625637146],[121.0280001527226,24.82942008183157]]},"properties":{"name":"1","FID":"1538","SSEW_CAT":"1","PI_NUM":"96224061-4061-47-4061-44","US_MH":"4061-47","DS_MH":"4061-44","PI_TYP":"5","PI_WIDT":"0","PI_WIDB":"1.5","PI_HEI":"0","PI_LENG":"54.88","PI_MAT":"RCP","PI_THICK":"0","PI_SLOP":"0.012","DES_FLOW":"0","DES_VELO":"0","US_BLE":"31.39","DS_BLE":"30.73","CITY_ID":"10004","KEYIN_DATE":"20160516"}},{"type":"Feature","geometry":{"type":"LineString","coordinates":[[121.0280001527226,24.82942008183157],[121.027578830598,24.82969771700482]]},"properties":{"name":"1","FID":"1539","SSEW_CAT":"1","PI_NUM":"96224061-4061-48-4061-47","US_MH":"4061-48","DS_MH":"4061-47","PI_TYP":"5","PI_WIDT":"0","PI_WIDB":"1.5","PI_HEI":"0","PI_LENG":"52.53","PI_MAT":"RCP","PI_THICK":"0","PI_SLOP":"-0.0008","DES_FLOW":"0","DES_VELO":"0","US_BLE":"31.41","DS_BLE":"31.45","CITY_ID":"10004","KEYIN_DATE":"20160516"}},{"type":"Feature","geometry":{"type":"LineString","coordinates":[[121.0246525246273,24.82599069161039],[121.024405256399,24.82547106440979]]},"properties":{"name":"1","FID":"1540","SSEW_CAT":"1","PI_NUM":"96224061-4061-52-4061-53","US_MH":"4061-52","DS_MH":"4061-53","PI_TYP":"5","PI_WIDT":"0","PI_WIDB":"1.75","PI_HEI":"0","PI_LENG":"62.75","PI_MAT":"RCP","PI_THICK":"0","PI_SLOP":"0.0016","DES_FLOW":"0","DES_VELO":"0","US_BLE":"30.17","DS_BLE":"30.07","CITY_ID":"10004","KEYIN_DATE":"20160516"}},{"type":"Feature","geometry":{"type":"LineString","coordinates":[[121.024972337842,24.8266450670319],[121.0246525246273,24.82599069161039]]},"properties":{"name":"1","FID":"1541","SSEW_CAT":"1","PI_NUM":"96224061-4061-53-FF44","US_MH":"4061-53","DS_MH":"FF101","PI_TYP":"5","PI_WIDT":"0","PI_WIDB":"1.75","PI_HEI":"0","PI_LENG":"79.36","PI_MAT":"RCP","PI_THICK":"0","PI_SLOP":"0.004","DES_FLOW":"0","DES_VELO":"0","US_BLE":"30.07","DS_BLE":"0","CITY_ID":"10004","KEYIN_DATE":"20160516"}},{"type":"Feature","geometry":{"type":"LineString","coordinates":[[121.024405256399,24.82547106440979],[121.0240318027855,24.82467722257415]]},"properties":{"name":"1","FID":"1542","SSEW_CAT":"1","PI_NUM":"96224061-4061-54-4061-52","US_MH":"4061-54","DS_MH":"4061-52","PI_TYP":"5","PI_WIDT":"0","PI_WIDB":"1.75","PI_HEI":"0","PI_LENG":"95.69","PI_MAT":"RCP","PI_THICK":"0","PI_SLOP":"0.0017","DES_FLOW":"0","DES_VELO":"0","US_BLE":"30.32","DS_BLE":"30.16","CITY_ID":"10004","KEYIN_DATE":"20160516"}},{"type":"Feature","geometry":{"type":"LineString","coordinates":[[121.0240318027855,24.82467722257415],[121.0237877745197,24.82415655544894]]},"properties":{"name":"1","FID":"1543","SSEW_CAT":"1","PI_NUM":"96224061-4061-55-4061-54","US_MH":"4061-55","DS_MH":"4061-54","PI_TYP":"5","PI_WIDT":"0","PI_WIDB":"1.75","PI_HEI":"0","PI_LENG":"62.72","PI_MAT":"RCP","PI_THICK":"0","PI_SLOP":"0.0029","DES_FLOW":"0","DES_VELO":"0","US_BLE":"30.47","DS_BLE":"30.29","CITY_ID":"10004","KEYIN_DATE":"20160516"}},{"type":"Feature","geometry":{"type":"LineString","coordinates":[[121.0237877745197,24.82415655544894],[121.0235231247515,24.8235990996058]]},"properties":{"name":"1","FID":"1544","SSEW_CAT":"1","PI_NUM":"96224061-4061-57-4061-55","US_MH":"4061-57","DS_MH":"4061-55","PI_TYP":"5","PI_WIDT":"0","PI_WIDB":"1.74","PI_HEI":"0","PI_LENG":"67.29","PI_MAT":"RCP","PI_THICK":"0","PI_SLOP":"0.0013","DES_FLOW":"0","DES_VELO":"0","US_BLE":"30.56","DS_BLE":"30.47","CITY_ID":"10004","KEYIN_DATE":"20160516"}},{"type":"Feature","geometry":{"type":"LineString","coordinates":[[121.0104981144765,24.8227276965319],[121.0109147598767,24.8234419370481]]},"properties":{"name":"1","FID":"1545","SSEW_CAT":"1","PI_NUM":"96224061-4061-59-96224071-4061-59-1","US_MH":"4061-59-1","DS_MH":"4061-59","PI_TYP":"1","PI_WIDT":"0","PI_WIDB":"1.72","PI_HEI":"1.08","PI_LENG":"89.62","PI_MAT":"RCP","PI_THICK":"0","PI_SLOP":"0","DES_FLOW":"0","DES_VELO":"0","US_BLE":"0","DS_BLE":"0","CITY_ID":"10004","KEYIN_DATE":"20160516"}},{"type":"Feature","geometry":{"type":"LineString","coordinates":[[121.0109147598767,24.8234419370481],[121.0113797436728,24.82423368315467]]},"properties":{"name":"1","FID":"1546","SSEW_CAT":"1","PI_NUM":"96224061-4061-60-4061-59","US_MH":"4061-59","DS_MH":"4061-60","PI_TYP":"1","PI_WIDT":"0","PI_WIDB":"1.7","PI_HEI":"1.09","PI_LENG":"99.5","PI_MAT":"RCP","PI_THICK":"0","PI_SLOP":"-0.0006","DES_FLOW":"0","DES_VELO":"0","US_BLE":"24.39","DS_BLE":"24.45","CITY_ID":"10004","KEYIN_DATE":"20160516"}},{"type":"Feature","geometry":{"type":"LineString","coordinates":[[121.0113797436728,24.82423368315467],[121.0117058543885,24.82479039726442]]},"properties":{"name":"1","FID":"1547","SSEW_CAT":"1","PI_NUM":"96224061-4061-61-4061-60","US_MH":"4061-60","DS_MH":"4061-61","PI_TYP":"1","PI_WIDT":"0","PI_WIDB":"1.7","PI_HEI":"1.09","PI_LENG":"69.92","PI_MAT":"RCP","PI_THICK":"0","PI_SLOP":"0.0077","DES_FLOW":"0","DES_VELO":"0","US_BLE":"24.93","DS_BLE":"24.39","CITY_ID":"10004","KEYIN_DATE":"20160516"}},{"type":"Feature","geometry":{"type":"LineString","coordinates":[[121.0130616921748,24.82542270189244],[121.0138379894693,24.82504917330083]]},"properties":{"name":"1","FID":"1548","SSEW_CAT":"1","PI_NUM":"96224061-4061-61-1-4061-61-2","US_MH":"4061-61-1","DS_MH":"4061-61-2","PI_TYP":"1","PI_WIDT":"0","PI_WIDB":"1.32","PI_HEI":"1.27","PI_LENG":"88.71","PI_MAT":"RCP","PI_THICK":"0","PI_SLOP":"0.0069","DES_FLOW":"0","DES_VELO":"0","US_BLE":"25.57","DS_BLE":"24.96","CITY_ID":"10004","KEYIN_DATE":"20160516"}},{"type":"Feature","geometry":{"type":"LineString","coordinates":[[121.0122929283092,24.82579259632297],[121.0130616921748,24.82542270189244]]},"properties":{"name":"1","FID":"1549","SSEW_CAT":"1","PI_NUM":"96224061-4061-61-2-4071-59A","US_MH":"4061-61-2","DS_MH":"4071-59A","PI_TYP":"1","PI_WIDT":"0","PI_WIDB":"1.33","PI_HEI":"1.32","PI_LENG":"87.85","PI_MAT":"RCP","PI_THICK":"0","PI_SLOP":"0.0069","DES_FLOW":"0","DES_VELO":"0","US_BLE":"24.96","DS_BLE":"0","CITY_ID":"10004","KEYIN_DATE":"20160516"}},{"type":"Feature","geometry":{"type":"LineString","coordinates":[[121.0138379894693,24.82504917330083],[121.0146565320744,24.82465408527161]]},"properties":{"name":"1","FID":"1550","SSEW_CAT":"1","PI_NUM":"96224061-4061-61-3-4061-61-1","US_MH":"4061-61-3","DS_MH":"4061-61-1","PI_TYP":"1","PI_WIDT":"0","PI_WIDB":"1.32","PI_HEI":"1.25","PI_LENG":"93.6","PI_MAT":"RCP","PI_THICK":"0","PI_SLOP":"0.0069","DES_FLOW":"0","DES_VELO":"0","US_BLE":"0","DS_BLE":"25.57","CITY_ID":"10004","KEYIN_DATE":"20160516"}},{"type":"Feature","geometry":{"type":"LineString","coordinates":[[121.0082379858627,24.82443040564515],[121.0089392166581,24.82559993852342]]},"properties":{"name":"1","FID":"1551","SSEW_CAT":"1","PI_NUM":"96224061-4061-62-FF73","US_MH":"4061-62","DS_MH":"FF73","PI_TYP":"1","PI_WIDT":"0","PI_WIDB":"0","PI_HEI":"0","PI_LENG":"199.67","PI_MAT":"RCP","PI_THICK":"0","PI_SLOP":"0","DES_FLOW":"0","DES_VELO":"0","US_BLE":"0","DS_BLE":"0","CITY_ID":"10004","KEYIN_DATE":"20160516"}},{"type":"Feature","geometry":{"type":"LineString","coordinates":[[121.0082379858627,24.82443040564515],[121.0085962927365,24.82410356838158]]},"properties":{"name":"1","FID":"1552","SSEW_CAT":"1","PI_NUM":"96224061-4061-62A-FF73","US_MH":"4061-62A","DS_MH":"FF73","PI_TYP":"1","PI_WIDT":"0","PI_WIDB":"1.26","PI_HEI":"1.2","PI_LENG":"51.21","PI_MAT":"RCP","PI_THICK":"0","PI_SLOP":"0","DES_FLOW":"0","DES_VELO":"0","US_BLE":"23.13","DS_BLE":"0","CITY_ID":"10004","KEYIN_DATE":"20160516"}},{"type":"Feature","geometry":{"type":"LineString","coordinates":[[121.0171997864323,24.83333670815772],[121.0177876827211,24.83382480586558]]},"properties":{"name":"1","FID":"1553","SSEW_CAT":"1","PI_NUM":"96224061-4061-77-4061-76","US_MH":"4061-77","DS_MH":"4061-76","PI_TYP":"1","PI_WIDT":"0","PI_WIDB":"2.02","PI_HEI":"1.92","PI_LENG":"80.33","PI_MAT":"RCP","PI_THICK":"0","PI_SLOP":"0","DES_FLOW":"0","DES_VELO":"0","US_BLE":"25.64","DS_BLE":"0","CITY_ID":"10004","KEYIN_DATE":"20160516"}},{"type":"Feature","geometry":{"type":"LineString","coordinates":[[121.0098805295331,24.848634052585],[121.0103075478597,24.84838145863253]]},"properties":{"name":"1","FID":"1554","SSEW_CAT":"1","PI_NUM":"95221051-4061-84-96224051-4051-7","US_MH":"4061-84","DS_MH":"4051-7","PI_TYP":"1","PI_WIDT":"0","PI_WIDB":"1.24","PI_HEI":"1.14","PI_LENG":"51.43","PI_MAT":"RCP","PI_THICK":"0","PI_SLOP":"0.0066","DES_FLOW":"0","DES_VELO":"0","US_BLE":"19.64","DS_BLE":"19.3","CITY_ID":"10004","KEYIN_DATE":"20160516"}},{"type":"Feature","geometry":{"type":"LineString","coordinates":[[121.0103075478597,24.84838145863253],[121.0107501306784,24.84803504649763]]},"properties":{"name":"1","FID":"1555","SSEW_CAT":"1","PI_NUM":"95221051-4061-84-1-4061-84","US_MH":"4061-84-1","DS_MH":"4061-84","PI_TYP":"1","PI_WIDT":"0","PI_WIDB":"1.2","PI_HEI":"1.2","PI_LENG":"58.93","PI_MAT":"RCP","PI_THICK":"0","PI_SLOP":"0.0066","DES_FLOW":"0","DES_VELO":"0","US_BLE":"0","DS_BLE":"19.64","CITY_ID":"10004","KEYIN_DATE":"20160516"}},{"type":"Feature","geometry":{"type":"LineString","coordinates":[[121.0148285946575,24.83815834198525],[121.0159797257285,24.8376890352048]]},"properties":{"name":"1","FID":"1556","SSEW_CAT":"1","PI_NUM":"96224061-4061-88-4061-29","US_MH":"4061-88","DS_MH":"4061-29","PI_TYP":"5","PI_WIDT":"0","PI_WIDB":"1","PI_HEI":"0","PI_LENG":"127.43","PI_MAT":"RCP","PI_THICK":"0","PI_SLOP":"-0.0011","DES_FLOW":"0","DES_VELO":"0","US_BLE":"24.85","DS_BLE":"24.99","CITY_ID":"10004","KEYIN_DATE":"20160516"}},{"type":"Feature","geometry":{"type":"LineString","coordinates":[[121.0160274850788,24.82686360256063],[121.0155266149021,24.82579615072126]]},"properties":{"name":"1","FID":"1557","SSEW_CAT":"1","PI_NUM":"96224061-4061-90-4061-90-1","US_MH":"4061-90","DS_MH":"4061-90-1","PI_TYP":"1","PI_WIDT":"0","PI_WIDB":"3.81","PI_HEI":"3.78","PI_LENG":"128.61","PI_MAT":"RCP","PI_THICK":"0","PI_SLOP":"0.0016","DES_FLOW":"0","DES_VELO":"0","US_BLE":"23.67","DS_BLE":"23.47","CITY_ID":"10004","KEYIN_DATE":"20160516"}},{"type":"Feature","geometry":{"type":"LineString","coordinates":[[121.0147255912597,24.82755690656922],[121.0160274850788,24.82686360256063]]},"properties":{"name":"1","FID":"1558","SSEW_CAT":"1","PI_NUM":"96224061-4061-90-1-4071-59-1","US_MH":"4061-90-1","DS_MH":"4071-59-1","PI_TYP":"1","PI_WIDT":"0","PI_WIDB":"3.8","PI_HEI":"3.8","PI_LENG":"152.36","PI_MAT":"RCP","PI_THICK":"0","PI_SLOP":"0.0028","DES_FLOW":"0","DES_VELO":"0","US_BLE":"23.47","DS_BLE":"23.04","CITY_ID":"10004","KEYIN_DATE":"20160516"}},{"type":"Feature","geometry":{"type":"LineString","coordinates":[[121.0160274850788,24.82686360256063],[121.0164705085156,24.82777966753838]]},"properties":{"name":"1","FID":"1559","SSEW_CAT":"1","PI_NUM":"96224061-4061-91-4061-90-1","US_MH":"4061-91","DS_MH":"4061-90-1","PI_TYP":"1","PI_WIDT":"0","PI_WIDB":"0","PI_HEI":"0","PI_LENG":"110.91","PI_MAT":"RCP","PI_THICK":"0","PI_SLOP":"0","DES_FLOW":"0","DES_VELO":"0","US_BLE":"0","DS_BLE":"0","CITY_ID":"10004","KEYIN_DATE":"20160516"}},{"type":"Feature","geometry":{"type":"LineString","coordinates":[[121.0112489011974,24.83551712644126],[121.0119024926057,24.83531773377084]]},"properties":{"name":"1","FID":"1560","SSEW_CAT":"1","PI_NUM":"96224061-4061-93-4061-93C","US_MH":"4061-93","DS_MH":"4061-93C","PI_TYP":"1","PI_WIDT":"0","PI_WIDB":"2.04","PI_HEI":"1.73","PI_LENG":"69.65","PI_MAT":"RCP","PI_THICK":"0","PI_SLOP":"-0.0028","DES_FLOW":"0","DES_VELO":"0","US_BLE":"22.03","DS_BLE":"0","CITY_ID":"10004","KEYIN_DATE":"20160516"}},{"type":"Feature","geometry":{"type":"LineString","coordinates":[[121.0119024926057,24.83531773377084],[121.0134754095822,24.83515372246372]]},"properties":{"name":"1","FID":"1561","SSEW_CAT":"1","PI_NUM":"96224061-4061-93A-4061-93","US_MH":"4061-93A","DS_MH":"4061-93","PI_TYP":"5","PI_WIDT":"0","PI_WIDB":"1.4","PI_HEI":"0","PI_LENG":"160.84","PI_MAT":"RCP","PI_THICK":"0","PI_SLOP":"0.0028","DES_FLOW":"0","DES_VELO":"0","US_BLE":"0","DS_BLE":"22.16","CITY_ID":"10004","KEYIN_DATE":"20160516"}},{"type":"Feature","geometry":{"type":"LineString","coordinates":[[121.0146696083754,24.83513326864808],[121.0149036787157,24.83566957936706]]},"properties":{"name":"1","FID":"1562","SSEW_CAT":"1","PI_NUM":"96224061-FF85-4061-93B","US_MH":"FF85","DS_MH":"4061-93B","PI_TYP":"5","PI_WIDT":"0","PI_WIDB":"1.1","PI_HEI":"0","PI_LENG":"63.95","PI_MAT":"RCP","PI_THICK":"0","PI_SLOP":"0.0028","DES_FLOW":"0","DES_VELO":"0","US_BLE":"0","DS_BLE":"0","CITY_ID":"10004","KEYIN_DATE":"20160516"}},{"type":"Feature","geometry":{"type":"LineString","coordinates":[[121.0134754095822,24.83515372246372],[121.0146696083754,24.83513326864808]]},"properties":{"name":"1","FID":"1563","SSEW_CAT":"1","PI_NUM":"96224061-4061-93B-4061-93A","US_MH":"4061-93B","DS_MH":"4061-93A","PI_TYP":"5","PI_WIDT":"0","PI_WIDB":"1.4","PI_HEI":"0","PI_LENG":"120.72","PI_MAT":"RCP","PI_THICK":"0","PI_SLOP":"0.0028","DES_FLOW":"0","DES_VELO":"0","US_BLE":"0","DS_BLE":"0","CITY_ID":"10004","KEYIN_DATE":"20160516"}},{"type":"Feature","geometry":{"type":"LineString","coordinates":[[121.0089946919626,24.83690588385143],[121.0112489011974,24.83551712644126]]},"properties":{"name":"1","FID":"1564","SSEW_CAT":"1","PI_NUM":"96224061-4061-93C-FF86","US_MH":"4061-93C","DS_MH":"FF86","PI_TYP":"1","PI_WIDT":"0","PI_WIDB":"0","PI_HEI":"0","PI_LENG":"274.9","PI_MAT":"RCP","PI_THICK":"0","PI_SLOP":"0","DES_FLOW":"0","DES_VELO":"0","US_BLE":"0","DS_BLE":"0","CITY_ID":"10004","KEYIN_DATE":"20160516"}},{"type":"Feature","geometry":{"type":"LineString","coordinates":[[121.0119079528892,24.83551356327602],[121.0119137055719,24.83555971692726]]},"properties":{"name":"1","FID":"1565","SSEW_CAT":"1","PI_NUM":"96224061-4061-94-4061-94A","US_MH":"4061-94","DS_MH":"4061-94A","PI_TYP":"1","PI_WIDT":"0","PI_WIDB":"2.1","PI_HEI":"1.3","PI_LENG":"5.14","PI_MAT":"RCP","PI_THICK":"0","PI_SLOP":"-0.0005","DES_FLOW":"0","DES_VELO":"0","US_BLE":"22.59","DS_BLE":"0","CITY_ID":"10004","KEYIN_DATE":"20160516"}},{"type":"Feature","geometry":{"type":"LineString","coordinates":[[121.0118720958891,24.83538812301259],[121.0119079528892,24.83551356327602]]},"properties":{"name":"1","FID":"1566","SSEW_CAT":"1","PI_NUM":"96224061-4061-94A-FF89","US_MH":"4061-94A","DS_MH":"FF89","PI_TYP":"1","PI_WIDT":"0","PI_WIDB":"2.1","PI_HEI":"1.3","PI_LENG":"14.35","PI_MAT":"RCP","PI_THICK":"0","PI_SLOP":"-0.0005","DES_FLOW":"0","DES_VELO":"0","US_BLE":"0","DS_BLE":"0","CITY_ID":"10004","KEYIN_DATE":"20160516"}},{"type":"Feature","geometry":{"type":"LineString","coordinates":[[121.0119137055719,24.83555971692726],[121.0119563930916,24.83572404273208]]},"properties":{"name":"1","FID":"1567","SSEW_CAT":"1","PI_NUM":"96224061-4061-95-4061-94","US_MH":"4061-95","DS_MH":"4061-94","PI_TYP":"1","PI_WIDT":"0","PI_WIDB":"2.1","PI_HEI":"1.3","PI_LENG":"18.71","PI_MAT":"RCP","PI_THICK":"0","PI_SLOP":"-0.0005","DES_FLOW":"0","DES_VELO":"0","US_BLE":"22.58","DS_BLE":"22.59","CITY_ID":"10004","KEYIN_DATE":"20160516"}},{"type":"Feature","geometry":{"type":"LineString","coordinates":[[121.0119563930916,24.83572404273208],[121.0119698025647,24.83575967746989]]},"properties":{"name":"1","FID":"1568","SSEW_CAT":"1","PI_NUM":"96224061-4061-95A-4061-95","US_MH":"4061-95A","DS_MH":"4061-95","PI_TYP":"1","PI_WIDT":"0","PI_WIDB":"2.1","PI_HEI":"1.3","PI_LENG":"4.17","PI_MAT":"RCP","PI_THICK":"0","PI_SLOP":"-0.003","DES_FLOW":"0","DES_VELO":"0","US_BLE":"0","DS_BLE":"22.58","CITY_ID":"10004","KEYIN_DATE":"20160516"}},{"type":"Feature","geometry":{"type":"LineString","coordinates":[[121.0119698025647,24.83575967746989],[121.0119734288555,24.83581346043881]]},"properties":{"name":"1","FID":"1569","SSEW_CAT":"1","PI_NUM":"96224061-4061-96-4061-95A","US_MH":"4061-96","DS_MH":"4061-95A","PI_TYP":"1","PI_WIDT":"0","PI_WIDB":"2.1","PI_HEI":"1.3","PI_LENG":"5.97","PI_MAT":"RCP","PI_THICK":"0","PI_SLOP":"-0.003","DES_FLOW":"0","DES_VELO":"0","US_BLE":"22.55","DS_BLE":"0","CITY_ID":"10004","KEYIN_DATE":"20160516"}},{"type":"Feature","geometry":{"type":"LineString","coordinates":[[121.0119734288555,24.83581346043881],[121.0121300327163,24.83617237905611]]},"properties":{"name":"1","FID":"1570","SSEW_CAT":"1","PI_NUM":"96224061-4061-97-4061-96","US_MH":"4061-97","DS_MH":"4061-96","PI_TYP":"1","PI_WIDT":"0","PI_WIDB":"2.51","PI_HEI":"1.31","PI_LENG":"42.79","PI_MAT":"RCP","PI_THICK":"0","PI_SLOP":"-0.0033","DES_FLOW":"0","DES_VELO":"0","US_BLE":"22.41","DS_BLE":"22.55","CITY_ID":"10004","KEYIN_DATE":"20160516"}},{"type":"Feature","geometry":{"type":"LineString","coordinates":[[121.0121300327163,24.83617237905611],[121.0122672474092,24.83644943694463]]},"properties":{"name":"1","FID":"1571","SSEW_CAT":"1","PI_NUM":"96224061-4061-98-4061-97","US_MH":"4061-98","DS_MH":"4061-97","PI_TYP":"1","PI_WIDT":"0","PI_WIDB":"2.51","PI_HEI":"1.33","PI_LENG":"33.68","PI_MAT":"RCP","PI_THICK":"0","PI_SLOP":"0.0006","DES_FLOW":"0","DES_VELO":"0","US_BLE":"22.43","DS_BLE":"22.41","CITY_ID":"10004","KEYIN_DATE":"20160516"}},{"type":"Feature","geometry":{"type":"LineString","coordinates":[[121.0122672474092,24.83644943694463],[121.0124030080323,24.83672362372886]]},"properties":{"name":"1","FID":"1572","SSEW_CAT":"1","PI_NUM":"96224061-4061-99-4061-98","US_MH":"4061-99","DS_MH":"4061-98","PI_TYP":"1","PI_WIDT":"0","PI_WIDB":"2.52","PI_HEI":"1.34","PI_LENG":"33.32","PI_MAT":"RCP","PI_THICK":"0","PI_SLOP":"0","DES_FLOW":"0","DES_VELO":"0","US_BLE":"22.43","DS_BLE":"22.43","CITY_ID":"10004","KEYIN_DATE":"20160516"}},{"type":"Feature","geometry":{"type":"LineString","coordinates":[[121.0079095366802,24.81997227329695],[121.00951983919,24.81893300552689]]},"properties":{"name":"1","FID":"1573","SSEW_CAT":"1","PI_NUM":"96224071-4061-201-4061-202","US_MH":"4061-201","DS_MH":"4061-202","PI_TYP":"1","PI_WIDT":"0","PI_WIDB":"2.02","PI_HEI":"2","PI_LENG":"199.37","PI_MAT":"RCP","PI_THICK":"0","PI_SLOP":"0.0023","DES_FLOW":"0","DES_VELO":"0","US_BLE":"19.48","DS_BLE":"19.02","CITY_ID":"10004","KEYIN_DATE":"20160516"}},{"type":"Feature","geometry":{"type":"LineString","coordinates":[[121.006226611897,24.82094034515311],[121.0079095366802,24.81997227329695]]},"properties":{"name":"1","FID":"1574","SSEW_CAT":"1","PI_NUM":"96224071-4061-202-4061-203","US_MH":"4061-202","DS_MH":"4061-203","PI_TYP":"1","PI_WIDT":"0","PI_WIDB":"2.02","PI_HEI":"2.01","PI_LENG":"201.09","PI_MAT":"RCP","PI_THICK":"0","PI_SLOP":"0.0029","DES_FLOW":"0","DES_VELO":"0","US_BLE":"19.02","DS_BLE":"18.43","CITY_ID":"10004","KEYIN_DATE":"20160516"}},{"type":"Feature","geometry":{"type":"LineString","coordinates":[[121.0045668090491,24.82188826347115],[121.006226611897,24.82094034515311]]},"properties":{"name":"1","FID":"1575","SSEW_CAT":"1","PI_NUM":"96224071-4061-203-4061-204","US_MH":"4061-203","DS_MH":"4061-204","PI_TYP":"1","PI_WIDT":"0","PI_WIDB":"2.09","PI_HEI":"2.01","PI_LENG":"197.92","PI_MAT":"RCP","PI_THICK":"0","PI_SLOP":"0.0024","DES_FLOW":"0","DES_VELO":"0","US_BLE":"18.43","DS_BLE":"17.95","CITY_ID":"10004","KEYIN_DATE":"20160516"}},{"type":"Feature","geometry":{"type":"LineString","coordinates":[[121.0028722677427,24.82285444683028],[121.0045668090491,24.82188826347115]]},"properties":{"name":"1","FID":"1576","SSEW_CAT":"1","PI_NUM":"96224071-4061-204-4061-204-1","US_MH":"4061-204","DS_MH":"4061-204-1","PI_TYP":"1","PI_WIDT":"0","PI_WIDB":"2.01","PI_HEI":"1.98","PI_LENG":"201.97","PI_MAT":"RCP","PI_THICK":"0","PI_SLOP":"0.0022","DES_FLOW":"0","DES_VELO":"0","US_BLE":"17.95","DS_BLE":"17.51","CITY_ID":"10004","KEYIN_DATE":"20160516"}},{"type":"Feature","geometry":{"type":"LineString","coordinates":[[121.001197970284,24.82379548412122],[121.0028722677427,24.82285444683028]]},"properties":{"name":"1","FID":"1577","SSEW_CAT":"1","PI_NUM":"96224071-4061-204-1-96221070-4061-204-2","US_MH":"4061-204-1","DS_MH":"4061-204-2","PI_TYP":"1","PI_WIDT":"0","PI_WIDB":"2","PI_HEI":"1.95","PI_LENG":"198.76","PI_MAT":"RCP","PI_THICK":"0","PI_SLOP":"0.0017","DES_FLOW":"0","DES_VELO":"0","US_BLE":"17.51","DS_BLE":"17.18","CITY_ID":"10004","KEYIN_DATE":"20160516"}},{"type":"Feature","geometry":{"type":"LineString","coordinates":[[121.0003951004085,24.82417753342765],[121.001197970284,24.82379548412122]]},"properties":{"name":"1","FID":"1578","SSEW_CAT":"1","PI_NUM":"96221070-4061-204-2-FF77","US_MH":"4061-204-2","DS_MH":"FF77","PI_TYP":"1","PI_WIDT":"0","PI_WIDB":"2.01","PI_HEI":"1.97","PI_LENG":"91.53","PI_MAT":"RCP","PI_THICK":"0","PI_SLOP":"0.002","DES_FLOW":"0","DES_VELO":"0","US_BLE":"17.18","DS_BLE":"0","CITY_ID":"10004","KEYIN_DATE":"20160516"}},{"type":"Feature","geometry":{"type":"LineString","coordinates":[[120.9992300365149,24.82473191479835],[121.0003951004085,24.82417753342765]]},"properties":{"name":"1","FID":"1579","SSEW_CAT":"1","PI_NUM":"96221070-FF77-4061-204-3","US_MH":"FF77","DS_MH":"4061-204-3","PI_TYP":"1","PI_WIDT":"0","PI_WIDB":"2.01","PI_HEI":"1.97","PI_LENG":"132.81","PI_MAT":"RCP","PI_THICK":"0","PI_SLOP":"0.002","DES_FLOW":"0","DES_VELO":"0","US_BLE":"0","DS_BLE":"16.73","CITY_ID":"10004","KEYIN_DATE":"20160516"}},{"type":"Feature","geometry":{"type":"LineString","coordinates":[[120.9980227591376,24.82527769127645],[120.9992300365149,24.82473191479835]]},"properties":{"name":"1","FID":"1580","SSEW_CAT":"1","PI_NUM":"96221070-4061-204-3-4061-204-4","US_MH":"4061-204-3","DS_MH":"4061-204-4","PI_TYP":"1","PI_WIDT":"0","PI_WIDB":"4","PI_HEI":"2.02","PI_LENG":"136.19","PI_MAT":"RCP","PI_THICK":"0","PI_SLOP":"-0.0001","DES_FLOW":"0","DES_VELO":"0","US_BLE":"16.73","DS_BLE":"16.74","CITY_ID":"10004","KEYIN_DATE":"20160516"}},{"type":"Feature","geometry":{"type":"LineString","coordinates":[[120.9940283859222,24.82513803915588],[120.9980227591376,24.82527769127645]]},"properties":{"name":"1","FID":"1581","SSEW_CAT":"1","PI_NUM":"96221070-4061-204-4-FF78","US_MH":"4061-204-4","DS_MH":"FF78","PI_TYP":"1","PI_WIDT":"0","PI_WIDB":"4","PI_HEI":"2.05","PI_LENG":"404.06","PI_MAT":"RCP","PI_THICK":"0","PI_SLOP":"-0.0001","DES_FLOW":"0","DES_VELO":"0","US_BLE":"16.73","DS_BLE":"0","CITY_ID":"10004","KEYIN_DATE":"20160516","NOTE":"有疑似私接管線"}},{"type":"Feature","geometry":{"type":"LineString","coordinates":[[121.0072288562404,24.82667847838189],[121.0075985963378,24.82647566883137]]},"properties":{"name":"1","FID":"1582","SSEW_CAT":"1","PI_NUM":"95221070-4070-2-4070-3","US_MH":"4070-2","DS_MH":"4070-3","PI_TYP":"1","PI_WIDT":"0","PI_WIDB":"0","PI_HEI":"0","PI_LENG":"43.6","PI_MAT":"RCP","PI_THICK":"0","PI_SLOP":"0","DES_FLOW":"0","DES_VELO":"0","US_BLE":"0","DS_BLE":"24.42","CITY_ID":"10004","KEYIN_DATE":"20160516"}},{"type":"Feature","geometry":{"type":"LineString","coordinates":[[121.006841337024,24.82687968976654],[121.0072288562404,24.82667847838189]]},"properties":{"name":"1","FID":"1583","SSEW_CAT":"1","PI_NUM":"95221070-4070-3-4070-4","US_MH":"4070-3","DS_MH":"4070-4","PI_TYP":"1","PI_WIDT":"0","PI_WIDB":"1.02","PI_HEI":"1.01","PI_LENG":"45.07","PI_MAT":"RCP","PI_THICK":"0","PI_SLOP":"0","DES_FLOW":"0","DES_VELO":"0","US_BLE":"24.42","DS_BLE":"0","CITY_ID":"10004","KEYIN_DATE":"20160516"}},{"type":"Feature","geometry":{"type":"LineString","coordinates":[[121.0065426837133,24.82703651172118],[121.006841337024,24.82687968976654]]},"properties":{"name":"1","FID":"1584","SSEW_CAT":"1","PI_NUM":"95221070-4070-4-4070-5","US_MH":"4070-4","DS_MH":"4070-5","PI_TYP":"1","PI_WIDT":"0","PI_WIDB":"0","PI_HEI":"0","PI_LENG":"34.83","PI_MAT":"RCP","PI_THICK":"0","PI_SLOP":"0","DES_FLOW":"0","DES_VELO":"0","US_BLE":"0","DS_BLE":"0","CITY_ID":"10004","KEYIN_DATE":"20160516"}},{"type":"Feature","geometry":{"type":"LineString","coordinates":[[121.0063884933228,24.82709532160836],[121.0065426837133,24.82703651172118]]},"properties":{"name":"1","FID":"1585","SSEW_CAT":"1","PI_NUM":"95221070-4070-5-4070-6","US_MH":"4070-5","DS_MH":"4070-6","PI_TYP":"1","PI_WIDT":"0","PI_WIDB":"1.04","PI_HEI":"1.02","PI_LENG":"28.83","PI_MAT":"RCP","PI_THICK":"0","PI_SLOP":"0.0038","DES_FLOW":"0","DES_VELO":"0","US_BLE":"23.19","DS_BLE":"23.08","CITY_ID":"10004","KEYIN_DATE":"20160516"}},{"type":"Feature","geometry":{"type":"LineString","coordinates":[[121.0059489163745,24.82734619916748],[121.0062955712613,24.82716653405424]]},"properties":{"name":"1","FID":"1586","SSEW_CAT":"1","PI_NUM":"95221070-4070-6-4070-7","US_MH":"4070-6","DS_MH":"4070-7","PI_TYP":"1","PI_WIDT":"0","PI_WIDB":"1.02","PI_HEI":"1.02","PI_LENG":"40.3","PI_MAT":"RCP","PI_THICK":"0","PI_SLOP":"-0.0015","DES_FLOW":"0","DES_VELO":"0","US_BLE":"23.08","DS_BLE":"23.14","CITY_ID":"10004","KEYIN_DATE":"20160516"}},{"type":"Feature","geometry":{"type":"LineString","coordinates":[[121.005876312665,24.8273826594916],[121.0059489163745,24.82734619916748]]},"properties":{"name":"1","FID":"1587","SSEW_CAT":"1","PI_NUM":"95221070-4070-7-4070-8","US_MH":"4070-7","DS_MH":"4070-8","PI_TYP":"1","PI_WIDT":"0","PI_WIDB":"1","PI_HEI":"1","PI_LENG":"8.38","PI_MAT":"RCP","PI_THICK":"0","PI_SLOP":"0.0752","DES_FLOW":"0","DES_VELO":"0","US_BLE":"23.14","DS_BLE":"22.51","CITY_ID":"10004","KEYIN_DATE":"20160516"}},{"type":"Feature","geometry":{"type":"LineString","coordinates":[[121.005833090306,24.82739523801215],[121.005876312665,24.8273826594916]]},"properties":{"name":"1","FID":"1588","SSEW_CAT":"1","PI_NUM":"95221070-4070-8-4070-9","US_MH":"4070-8","DS_MH":"4070-9","PI_TYP":"1","PI_WIDT":"0","PI_WIDB":"1.47","PI_HEI":"1.8","PI_LENG":"4.59","PI_MAT":"RCP","PI_THICK":"0","PI_SLOP":"0","DES_FLOW":"0","DES_VELO":"0","US_BLE":"22.51","DS_BLE":"0","CITY_ID":"10004","KEYIN_DATE":"20160516"}},{"type":"Feature","geometry":{"type":"LineString","coordinates":[[121.0051398959002,24.82776083111402],[121.0058104061615,24.82741094864479]]},"properties":{"name":"1","FID":"1589","SSEW_CAT":"1","PI_NUM":"95221070-4070-10-4070-11","US_MH":"4070-10","DS_MH":"4070-11","PI_TYP":"5","PI_WIDT":"0","PI_WIDB":"0.9","PI_HEI":"0","PI_LENG":"78.07","PI_MAT":"RCP","PI_THICK":"0","PI_SLOP":"0","DES_FLOW":"0","DES_VELO":"0","US_BLE":"0","DS_BLE":"21.64","CITY_ID":"10004","KEYIN_DATE":"20160516"}},{"type":"Feature","geometry":{"type":"LineString","coordinates":[[121.0044040083264,24.82812298235529],[121.0051398959002,24.82776083111402]]},"properties":{"name":"1","FID":"1590","SSEW_CAT":"1","PI_NUM":"95221070-4070-11-4070-12","US_MH":"4070-11","DS_MH":"4070-12","PI_TYP":"5","PI_WIDT":"0","PI_WIDB":"0.9","PI_HEI":"0","PI_LENG":"84.51","PI_MAT":"RCP","PI_THICK":"0","PI_SLOP":"0","DES_FLOW":"0","DES_VELO":"0","US_BLE":"21.64","DS_BLE":"0","CITY_ID":"10004","KEYIN_DATE":"20160516"}},{"type":"Feature","geometry":{"type":"LineString","coordinates":[[121.0049221771089,24.82549021061178],[121.005103687976,24.8258522511344]]},"properties":{"name":"1","FID":"1591","SSEW_CAT":"1","PI_NUM":"95221070-4070-13-4070-14","US_MH":"4070-13","DS_MH":"4070-14","PI_TYP":"1","PI_WIDT":"0","PI_WIDB":"3.54","PI_HEI":"2.02","PI_LENG":"44.1","PI_MAT":"RCP","PI_THICK":"0","PI_SLOP":"-0.0052","DES_FLOW":"0","DES_VELO":"0","US_BLE":"18.4","DS_BLE":"18.63","CITY_ID":"10004","KEYIN_DATE":"20160516"}},{"type":"Feature","geometry":{"type":"LineString","coordinates":[[121.0047534004538,24.82515355785426],[121.0049221771089,24.82549021061178]]},"properties":{"name":"1","FID":"1592","SSEW_CAT":"1","PI_NUM":"95221070-4070-14-FF75","US_MH":"4070-14","DS_MH":"FF75","PI_TYP":"1","PI_WIDT":"0","PI_WIDB":"3.51","PI_HEI":"2.01","PI_LENG":"41.01","PI_MAT":"RCP","PI_THICK":"0","PI_SLOP":"0.0002","DES_FLOW":"0","DES_VELO":"0","US_BLE":"18.63","DS_BLE":"0","CITY_ID":"10004","KEYIN_DATE":"20160516"}},{"type":"Feature","geometry":{"type":"LineString","coordinates":[[121.0041309087337,24.825469531999],[121.0045630147039,24.82524981762878]]},"properties":{"name":"1","FID":"1593","SSEW_CAT":"1","PI_NUM":"95221070-4070-15-4070-16","US_MH":"4070-15","DS_MH":"4070-16","PI_TYP":"1","PI_WIDT":"0","PI_WIDB":"3.55","PI_HEI":"2.03","PI_LENG":"50","PI_MAT":"RCP","PI_THICK":"0","PI_SLOP":"0.0002","DES_FLOW":"0","DES_VELO":"0","US_BLE":"0","DS_BLE":"0","CITY_ID":"10004","KEYIN_DATE":"20160516"}},{"type":"Feature","geometry":{"type":"LineString","coordinates":[[121.003698811132,24.82568925414265],[121.0041309087337,24.825469531999]]},"properties":{"name":"1","FID":"1594","SSEW_CAT":"1","PI_NUM":"95221070-4070-16-4070-17","US_MH":"4070-16","DS_MH":"4070-17","PI_TYP":"1","PI_WIDT":"0","PI_WIDB":"3.6","PI_HEI":"2.02","PI_LENG":"50","PI_MAT":"RCP","PI_THICK":"0","PI_SLOP":"0.0002","DES_FLOW":"0","DES_VELO":"0","US_BLE":"0","DS_BLE":"0","CITY_ID":"10004","KEYIN_DATE":"20160516"}},{"type":"Feature","geometry":{"type":"LineString","coordinates":[[121.0032665042456,24.8259086951495],[121.003698811132,24.82568925414265]]},"properties":{"name":"1","FID":"1595","SSEW_CAT":"1","PI_NUM":"95221070-4070-17-4070-18","US_MH":"4070-17","DS_MH":"4070-18","PI_TYP":"1","PI_WIDT":"0","PI_WIDB":"3.52","PI_HEI":"2.01","PI_LENG":"50","PI_MAT":"RCP","PI_THICK":"0","PI_SLOP":"0.002","DES_FLOW":"0","DES_VELO":"0","US_BLE":"0","DS_BLE":"0","CITY_ID":"10004","KEYIN_DATE":"20160516"}},{"type":"Feature","geometry":{"type":"LineString","coordinates":[[121.0028342255131,24.8261280716995],[121.0032665042456,24.8259086951495]]},"properties":{"name":"1","FID":"1596","SSEW_CAT":"1","PI_NUM":"95221070-4070-18-4070-19","US_MH":"4070-18","DS_MH":"4070-19","PI_TYP":"1","PI_WIDT":"0","PI_WIDB":"3.55","PI_HEI":"2.01","PI_LENG":"50","PI_MAT":"RCP","PI_THICK":"0","PI_SLOP":"0.0006","DES_FLOW":"0","DES_VELO":"0","US_BLE":"0","DS_BLE":"0","CITY_ID":"10004","KEYIN_DATE":"20160516"}},{"type":"Feature","geometry":{"type":"LineString","coordinates":[[121.0024885280663,24.82630382844511],[121.0028342255131,24.8261280716995]]},"properties":{"name":"1","FID":"1597","SSEW_CAT":"1","PI_NUM":"95221070-4070-19-4070-20","US_MH":"4070-19","DS_MH":"4070-20","PI_TYP":"1","PI_WIDT":"0","PI_WIDB":"3.52","PI_HEI":"2.01","PI_LENG":"40","PI_MAT":"RCP","PI_THICK":"0","PI_SLOP":"0.003","DES_FLOW":"0","DES_VELO":"0","US_BLE":"0","DS_BLE":"0","CITY_ID":"10004","KEYIN_DATE":"20160516"}},{"type":"Feature","geometry":{"type":"LineString","coordinates":[[121.0020076425374,24.82654827579699],[121.0024885280663,24.82630382844511]]},"properties":{"name":"1","FID":"1598","SSEW_CAT":"1","PI_NUM":"95221070-4070-20-4070-21A","US_MH":"4070-20","DS_MH":"4070-21A","PI_TYP":"1","PI_WIDT":"0","PI_WIDB":"3.55","PI_HEI":"2.01","PI_LENG":"55.64","PI_MAT":"RCP","PI_THICK":"0","PI_SLOP":"0.0025","DES_FLOW":"0","DES_VELO":"0","US_BLE":"0","DS_BLE":"17.72","CITY_ID":"10004","KEYIN_DATE":"20160516"}},{"type":"Feature","geometry":{"type":"LineString","coordinates":[[120.999150318459,24.82925234084856],[120.998643917184,24.82975926530527],[120.9984131005084,24.83025182670754],[120.9983208814984,24.83049743940959]]},"properties":{"name":"1","FID":"1599","SSEW_CAT":"1","PI_NUM":"95221070-4070-123-4070-21","US_MH":"4070-123","DS_MH":"4070-21","PI_TYP":"1","PI_WIDT":"0","PI_WIDB":"2.02","PI_HEI":"2.22","PI_LENG":"161.39","PI_MAT":"RCP","PI_THICK":"0","PI_SLOP":"-0.0014","DES_FLOW":"0","DES_VELO":"0","US_BLE":"16.82","DS_BLE":"17.05","CITY_ID":"10004","KEYIN_DATE":"20160516"}},{"type":"Feature","geometry":{"type":"LineString","coordinates":[[121.0016595288684,24.82672509602257],[121.0020076425374,24.82654827579699]]},"properties":{"name":"1","FID":"1600","SSEW_CAT":"1","PI_NUM":"95221070-4070-21A-FF76","US_MH":"4070-21A","DS_MH":"FF76","PI_TYP":"1","PI_WIDT":"0","PI_WIDB":"3.55","PI_HEI":"2","PI_LENG":"40.27","PI_MAT":"RCP","PI_THICK":"0","PI_SLOP":"0.0025","DES_FLOW":"0","DES_VELO":"0","US_BLE":"17.72","DS_BLE":"0","CITY_ID":"10004","KEYIN_DATE":"20160516"}},{"type":"Feature","geometry":{"type":"LineString","coordinates":[[121.0014232775478,24.82625516923445],[121.0016291069589,24.82666458673023]]},"properties":{"name":"1","FID":"1601","SSEW_CAT":"1","PI_NUM":"95221070-4070-22-4070-23","US_MH":"4070-22","DS_MH":"4070-23","PI_TYP":"1","PI_WIDT":"0","PI_WIDB":"3.57","PI_HEI":"2.01","PI_LENG":"49.89","PI_MAT":"RCP","PI_THICK":"0","PI_SLOP":"0.0022","DES_FLOW":"0","DES_VELO":"0","US_BLE":"17.6","DS_BLE":"17.49","CITY_ID":"10004","KEYIN_DATE":"20160516"}},{"type":"Feature","geometry":{"type":"LineString","coordinates":[[121.0012225047549,24.82584103846581],[121.0014232775478,24.82625516923445]]},"properties":{"name":"1","FID":"1602","SSEW_CAT":"1","PI_NUM":"95221070-4070-23-4070-24A","US_MH":"4070-23","DS_MH":"4070-24A","PI_TYP":"1","PI_WIDT":"0","PI_WIDB":"3.47","PI_HEI":"2.01","PI_LENG":"50.16","PI_MAT":"RCP","PI_THICK":"0","PI_SLOP":"0.0032","DES_FLOW":"0","DES_VELO":"0","US_BLE":"17.49","DS_BLE":"17.33","CITY_ID":"10004","KEYIN_DATE":"20160516"}},{"type":"Feature","geometry":{"type":"LineString","coordinates":[[121.00499092741,24.83151918492635],[121.004819841091,24.83128221722237]]},"properties":{"name":"1","FID":"1603","SSEW_CAT":"1","PI_NUM":"95221070-4070-24-4070-25","US_MH":"4070-24","DS_MH":"4070-25","PI_TYP":"1","PI_WIDT":"0","PI_WIDB":"1.47","PI_HEI":"1.32","PI_LENG":"31.43","PI_MAT":"RCP","PI_THICK":"0","PI_SLOP":"0.0057","DES_FLOW":"0","DES_VELO":"0","US_BLE":"20.55","DS_BLE":"20.37","CITY_ID":"10004","KEYIN_DATE":"20160516"}},{"type":"Feature","geometry":{"type":"LineString","coordinates":[[121.0046459455554,24.83104135808125],[121.0045417530079,24.83089704834311]]},"properties":{"name":"1","FID":"1604","SSEW_CAT":"1","PI_NUM":"95221070-4070-24-1-4070-24-2","US_MH":"4070-24-1","DS_MH":"4070-24-2","PI_TYP":"1","PI_WIDT":"0","PI_WIDB":"1.45","PI_HEI":"1.4","PI_LENG":"19.14","PI_MAT":"RCP","PI_THICK":"0","PI_SLOP":"0.0037","DES_FLOW":"0","DES_VELO":"0","US_BLE":"0","DS_BLE":"0","CITY_ID":"10004","KEYIN_DATE":"20160516"}},{"type":"Feature","geometry":{"type":"LineString","coordinates":[[121.0047396705748,24.83117117719392],[121.0046459455554,24.83104135808125]]},"properties":{"name":"1","FID":"1605","SSEW_CAT":"1","PI_NUM":"95221070-4070-24-2-4070-24-3","US_MH":"4070-24-2","DS_MH":"4070-24-3","PI_TYP":"1","PI_WIDT":"0","PI_WIDB":"1.45","PI_HEI":"1.32","PI_LENG":"17.22","PI_MAT":"RCP","PI_THICK":"0","PI_SLOP":"0.0081","DES_FLOW":"0","DES_VELO":"0","US_BLE":"0","DS_BLE":"0","CITY_ID":"10004","KEYIN_DATE":"20160516"}},{"type":"Feature","geometry":{"type":"LineString","coordinates":[[121.004819841091,24.83128221722237],[121.0047396705748,24.83117117719392]]},"properties":{"name":"1","FID":"1606","SSEW_CAT":"1","PI_NUM":"95221070-4070-24-3-4070-24","US_MH":"4070-24-3","DS_MH":"4070-24","PI_TYP":"1","PI_WIDT":"0","PI_WIDB":"1.45","PI_HEI":"1.32","PI_LENG":"14.73","PI_MAT":"RCP","PI_THICK":"0","PI_SLOP":"0.0075","DES_FLOW":"0","DES_VELO":"0","US_BLE":"0","DS_BLE":"20.55","CITY_ID":"10004","KEYIN_DATE":"20160516"}},{"type":"Feature","geometry":{"type":"LineString","coordinates":[[121.0010260565574,24.82543224327405],[121.0012225047549,24.82584103846581]]},"properties":{"name":"1","FID":"1607","SSEW_CAT":"1","PI_NUM":"95221070-4070-24A-4070-25A","US_MH":"4070-24A","DS_MH":"4070-25A","PI_TYP":"1","PI_WIDT":"0","PI_WIDB":"3.54","PI_HEI":"2.01","PI_LENG":"49.44","PI_MAT":"RCP","PI_THICK":"0","PI_SLOP":"0.0016","DES_FLOW":"0","DES_VELO":"0","US_BLE":"17.33","DS_BLE":"17.25","CITY_ID":"10004","KEYIN_DATE":"20160516"}},{"type":"Feature","geometry":{"type":"LineString","coordinates":[[121.0051624294644,24.83174552576646],[121.00499092741,24.83151918492635]]},"properties":{"name":"1","FID":"1608","SSEW_CAT":"1","PI_NUM":"95221070-4070-25-4070-25-1","US_MH":"4070-25","DS_MH":"4070-25-1","PI_TYP":"1","PI_WIDT":"0","PI_WIDB":"1.4","PI_HEI":"1.38","PI_LENG":"30.48","PI_MAT":"RCP","PI_THICK":"0","PI_SLOP":"0.0057","DES_FLOW":"0","DES_VELO":"0","US_BLE":"20.37","DS_BLE":"0","CITY_ID":"10004","KEYIN_DATE":"20160516"}},{"type":"Feature","geometry":{"type":"LineString","coordinates":[[121.0053579261012,24.83202554951763],[121.0051624294644,24.83174552576646]]},"properties":{"name":"1","FID":"1609","SSEW_CAT":"1","PI_NUM":"95221070-4070-25-1-4070-26","US_MH":"4070-25-1","DS_MH":"4070-26","PI_TYP":"1","PI_WIDT":"0","PI_WIDB":"1.4","PI_HEI":"1.32","PI_LENG":"36.78","PI_MAT":"RCP","PI_THICK":"0","PI_SLOP":"0","DES_FLOW":"0","DES_VELO":"0","US_BLE":"0","DS_BLE":"20.37","CITY_ID":"10004","KEYIN_DATE":"20160516"}},{"type":"Feature","geometry":{"type":"LineString","coordinates":[[121.0008260679647,24.82502002598412],[121.0010260565574,24.82543224327405]]},"properties":{"name":"1","FID":"1610","SSEW_CAT":"1","PI_NUM":"95221070-4070-25A-4070-26A","US_MH":"4070-25A","DS_MH":"4070-26A","PI_TYP":"1","PI_WIDT":"0","PI_WIDB":"3.52","PI_HEI":"1.98","PI_LENG":"49.93","PI_MAT":"RCP","PI_THICK":"0","PI_SLOP":"0.0016","DES_FLOW":"0","DES_VELO":"0","US_BLE":"17.25","DS_BLE":"17.17","CITY_ID":"10004","KEYIN_DATE":"20160516"}},{"type":"Feature","geometry":{"type":"LineString","coordinates":[[121.0055690166373,24.83232524571066],[121.0053579261012,24.83202554951763]]},"properties":{"name":"1","FID":"1611","SSEW_CAT":"1","PI_NUM":"95221070-4070-26-4070-27","US_MH":"4070-26","DS_MH":"4070-27","PI_TYP":"1","PI_WIDT":"0","PI_WIDB":"1.42","PI_HEI":"1.38","PI_LENG":"39.46","PI_MAT":"RCP","PI_THICK":"0","PI_SLOP":"0.003","DES_FLOW":"0","DES_VELO":"0","US_BLE":"20.37","DS_BLE":"20.25","CITY_ID":"10004","KEYIN_DATE":"20160516"}},{"type":"Feature","geometry":{"type":"LineString","coordinates":[[121.0006215200642,24.82460483801523],[121.0008260679647,24.82502002598412]]},"properties":{"name":"1","FID":"1612","SSEW_CAT":"1","PI_NUM":"95221070-4070-26A-4070-27A","US_MH":"4070-26A","DS_MH":"4070-27A","PI_TYP":"1","PI_WIDT":"0","PI_WIDB":"3.53","PI_HEI":"2","PI_LENG":"50.42","PI_MAT":"RCP","PI_THICK":"0","PI_SLOP":"0.0036","DES_FLOW":"0","DES_VELO":"0","US_BLE":"17.17","DS_BLE":"16.99","CITY_ID":"10004","KEYIN_DATE":"20160516"}},{"type":"Feature","geometry":{"type":"LineString","coordinates":[[121.0058610901237,24.83269954164049],[121.0055690166373,24.83232524571066]]},"properties":{"name":"1","FID":"1613","SSEW_CAT":"1","PI_NUM":"95221070-4070-27-4070-28","US_MH":"4070-27","DS_MH":"4070-28","PI_TYP":"1","PI_WIDT":"0","PI_WIDB":"1.42","PI_HEI":"1.38","PI_LENG":"50.89","PI_MAT":"RCP","PI_THICK":"0","PI_SLOP":"0.0028","DES_FLOW":"0","DES_VELO":"0","US_BLE":"20.25","DS_BLE":"20.11","CITY_ID":"10004","KEYIN_DATE":"20160516"}},{"type":"Feature","geometry":{"type":"LineString","coordinates":[[121.0003951004085,24.82417753342765],[121.0006215200642,24.82460483801523]]},"properties":{"name":"1","FID":"1614","SSEW_CAT":"1","PI_NUM":"95221070-4070-27A-FF77","US_MH":"4070-27A","DS_MH":"FF77","PI_TYP":"1","PI_WIDT":"0","PI_WIDB":"3.52","PI_HEI":"2.01","PI_LENG":"52.57","PI_MAT":"RCP","PI_THICK":"0","PI_SLOP":"0.0014","DES_FLOW":"0","DES_VELO":"0","US_BLE":"16.99","DS_BLE":"0","CITY_ID":"10004","KEYIN_DATE":"20160516"}},{"type":"Feature","geometry":{"type":"LineString","coordinates":[[121.006240297365,24.8330637845541],[121.0058610901237,24.83269954164049]]},"properties":{"name":"1","FID":"1615","SSEW_CAT":"1","PI_NUM":"95221070-4070-28-4070-28-1","US_MH":"4070-28","DS_MH":"4070-28-1","PI_TYP":"1","PI_WIDT":"0","PI_WIDB":"1.74","PI_HEI":"1.62","PI_LENG":"55.65","PI_MAT":"RCP","PI_THICK":"0","PI_SLOP":"0.0028","DES_FLOW":"0","DES_VELO":"0","US_BLE":"20.11","DS_BLE":"0","CITY_ID":"10004","KEYIN_DATE":"20160516"}},{"type":"Feature","geometry":{"type":"LineString","coordinates":[[121.006618190912,24.8334267625441],[121.006240297365,24.8330637845541]]},"properties":{"name":"1","FID":"1616","SSEW_CAT":"1","PI_NUM":"95221070-4070-28-1-4070-29","US_MH":"4070-28-1","DS_MH":"4070-29","PI_TYP":"1","PI_WIDT":"0","PI_WIDB":"1.7","PI_HEI":"1.7","PI_LENG":"55.45","PI_MAT":"RCP","PI_THICK":"0","PI_SLOP":"0.0028","DES_FLOW":"0","DES_VELO":"0","US_BLE":"0","DS_BLE":"19.46","CITY_ID":"10004","KEYIN_DATE":"20160516"}},{"type":"Feature","geometry":{"type":"LineString","coordinates":[[121.0062761419309,24.83640458438649],[121.0062135609586,24.83655093126461]]},"properties":{"name":"1","FID":"1617","SSEW_CAT":"1","PI_NUM":"95221070-4070-29-2-4070-29-1","US_MH":"4070-29-2","DS_MH":"4070-29-1","PI_TYP":"1","PI_WIDT":"0","PI_WIDB":"1.5","PI_HEI":"1.45","PI_LENG":"17.4","PI_MAT":"RCP","PI_THICK":"0","PI_SLOP":"-0.0063","DES_FLOW":"0","DES_VELO":"0","US_BLE":"19.62","DS_BLE":"19.73","CITY_ID":"10004","KEYIN_DATE":"20160516"}},{"type":"Feature","geometry":{"type":"LineString","coordinates":[[121.0109385681423,24.83961622377008],[121.0105027334127,24.83901917716632]]},"properties":{"name":"1","FID":"1618","SSEW_CAT":"1","PI_NUM":"95221070-4070-30-4070-31","US_MH":"4070-30","DS_MH":"4070-31","PI_TYP":"1","PI_WIDT":"0","PI_WIDB":"0","PI_HEI":"0","PI_LENG":"79.46","PI_MAT":"RCP","PI_THICK":"0","PI_SLOP":"0","DES_FLOW":"0","DES_VELO":"0","US_BLE":"0","DS_BLE":"0","CITY_ID":"10004","KEYIN_DATE":"20160516"}},{"type":"Feature","geometry":{"type":"LineString","coordinates":[[121.0105027334127,24.83901917716632],[121.0094813970312,24.83764112324111]]},"properties":{"name":"1","FID":"1619","SSEW_CAT":"1","PI_NUM":"95221070-4070-30-1-4070-30","US_MH":"4070-30-1","DS_MH":"4070-30","PI_TYP":"1","PI_WIDT":"0","PI_WIDB":"0","PI_HEI":"0","PI_LENG":"184.26","PI_MAT":"RCP","PI_THICK":"0","PI_SLOP":"0","DES_FLOW":"0","DES_VELO":"0","US_BLE":"0","DS_BLE":"0","CITY_ID":"10004","KEYIN_DATE":"20160516"}},{"type":"Feature","geometry":{"type":"LineString","coordinates":[[121.0114428420876,24.84029279655622],[121.0109385681423,24.83961622377008]]},"properties":{"name":"1","FID":"1620","SSEW_CAT":"1","PI_NUM":"95221070-4070-31-4070-32","US_MH":"4070-31","DS_MH":"4070-32","PI_TYP":"1","PI_WIDT":"0","PI_WIDB":"0","PI_HEI":"0","PI_LENG":"90.63","PI_MAT":"RCP","PI_THICK":"0","PI_SLOP":"0","DES_FLOW":"0","DES_VELO":"0","US_BLE":"0","DS_BLE":"0","CITY_ID":"10004","KEYIN_DATE":"20160516"}},{"type":"Feature","geometry":{"type":"LineString","coordinates":[[121.0119986674453,24.84104356930722],[121.0114428420876,24.84029279655622]]},"properties":{"name":"1","FID":"1621","SSEW_CAT":"1","PI_NUM":"95221070-4070-32-4070-33","US_MH":"4070-32","DS_MH":"4070-33","PI_TYP":"1","PI_WIDT":"0","PI_WIDB":"0","PI_HEI":"0","PI_LENG":"100.35","PI_MAT":"RCP","PI_THICK":"0","PI_SLOP":"0","DES_FLOW":"0","DES_VELO":"0","US_BLE":"0","DS_BLE":"0","CITY_ID":"10004","KEYIN_DATE":"20160516"}},{"type":"Feature","geometry":{"type":"LineString","coordinates":[[121.0125498889555,24.84179595641519],[121.0119986674453,24.84104356930722]]},"properties":{"name":"1","FID":"1622","SSEW_CAT":"1","PI_NUM":"95221070-4070-33-96224061-4061-38","US_MH":"4070-33","DS_MH":"4061-38","PI_TYP":"1","PI_WIDT":"0","PI_WIDB":"0","PI_HEI":"0","PI_LENG":"100.24","PI_MAT":"RCP","PI_THICK":"0","PI_SLOP":"0","DES_FLOW":"0","DES_VELO":"0","US_BLE":"0","DS_BLE":"0","CITY_ID":"10004","KEYIN_DATE":"20160516"}},{"type":"Feature","geometry":{"type":"LineString","coordinates":[[120.995919215745,24.84729319312859],[120.9962491451443,24.84791159542957]]},"properties":{"name":"1","FID":"1623","SSEW_CAT":"1","PI_NUM":"95221070-4070-37-1-4070-37-2","US_MH":"4070-37-1","DS_MH":"4070-37-2","PI_TYP":"5","PI_WIDT":"0","PI_WIDB":"0.8","PI_HEI":"0","PI_LENG":"76.18","PI_MAT":"RCP","PI_THICK":"0","PI_SLOP":"0.0041","DES_FLOW":"0","DES_VELO":"0","US_BLE":"15.95","DS_BLE":"15.64","CITY_ID":"10004","KEYIN_DATE":"20160516"}},{"type":"Feature","geometry":{"type":"LineString","coordinates":[[120.9957117078069,24.84690984335621],[120.995919215745,24.84729319312859]]},"properties":{"name":"1","FID":"1624","SSEW_CAT":"1","PI_NUM":"95221070-4070-37-2-4070-37-3","US_MH":"4070-37-2","DS_MH":"4070-37-3","PI_TYP":"5","PI_WIDT":"0","PI_WIDB":"0.8","PI_HEI":"0","PI_LENG":"47.36","PI_MAT":"RCP","PI_THICK":"0","PI_SLOP":"0.0059","DES_FLOW":"0","DES_VELO":"0","US_BLE":"15.7","DS_BLE":"15.42","CITY_ID":"10004","KEYIN_DATE":"20160516"}},{"type":"Feature","geometry":{"type":"LineString","coordinates":[[120.994777422813,24.84602365058891],[120.9949020968166,24.84596772290804]]},"properties":{"name":"1","FID":"1625","SSEW_CAT":"1","PI_NUM":"95221070-4070-37-4-4070-37-5","US_MH":"4070-37-4","DS_MH":"4070-37-5","PI_TYP":"1","PI_WIDT":"0","PI_WIDB":"1.1","PI_HEI":"0.57","PI_LENG":"14.04","PI_MAT":"RCP","PI_THICK":"0","PI_SLOP":"0.0064","DES_FLOW":"0","DES_VELO":"0","US_BLE":"15.97","DS_BLE":"15.88","CITY_ID":"10004","KEYIN_DATE":"20160516"}},{"type":"Feature","geometry":{"type":"LineString","coordinates":[[120.9946690256413,24.84607136274902],[120.994777422813,24.84602365058891]]},"properties":{"name":"1","FID":"1626","SSEW_CAT":"1","PI_NUM":"95221070-4070-37-5-4070-37-6","US_MH":"4070-37-5","DS_MH":"4070-37-6","PI_TYP":"1","PI_WIDT":"0","PI_WIDB":"1.1","PI_HEI":"0.57","PI_LENG":"12.16","PI_MAT":"RCP","PI_THICK":"0","PI_SLOP":"-0.0041","DES_FLOW":"0","DES_VELO":"0","US_BLE":"15.88","DS_BLE":"15.93","CITY_ID":"10004","KEYIN_DATE":"20160516"}},{"type":"Feature","geometry":{"type":"LineString","coordinates":[[120.9945624094044,24.8461192554664],[120.9946690256413,24.84607136274902]]},"properties":{"name":"1","FID":"1627","SSEW_CAT":"1","PI_NUM":"95221070-4070-37-6-4070-37-7","US_MH":"4070-37-6","DS_MH":"4070-37-7","PI_TYP":"1","PI_WIDT":"0","PI_WIDB":"1.1","PI_HEI":"0.57","PI_LENG":"12.01","PI_MAT":"RCP","PI_THICK":"0","PI_SLOP":"0.005","DES_FLOW":"0","DES_VELO":"0","US_BLE":"15.93","DS_BLE":"15.87","CITY_ID":"10004","KEYIN_DATE":"20160516"}},{"type":"Feature","geometry":{"type":"LineString","coordinates":[[120.9944551993902,24.84616759048522],[120.9945624094044,24.8461192554664]]},"properties":{"name":"1","FID":"1628","SSEW_CAT":"1","PI_NUM":"95221070-4070-37-7-4070-37-8","US_MH":"4070-37-7","DS_MH":"4070-37-8","PI_TYP":"1","PI_WIDT":"0","PI_WIDB":"1.1","PI_HEI":"0.57","PI_LENG":"12.09","PI_MAT":"RCP","PI_THICK":"0","PI_SLOP":"0.0066","DES_FLOW":"0","DES_VELO":"0","US_BLE":"15.87","DS_BLE":"15.79","CITY_ID":"10004","KEYIN_DATE":"20160516"}},{"type":"Feature","geometry":{"type":"LineString","coordinates":[[120.9943443777202,24.84621691843276],[120.9944551993902,24.84616759048522]]},"properties":{"name":"1","FID":"1629","SSEW_CAT":"1","PI_NUM":"95221070-4070-37-8-4070-37-9","US_MH":"4070-37-8","DS_MH":"4070-37-9","PI_TYP":"1","PI_WIDT":"0","PI_WIDB":"1.1","PI_HEI":"0.57","PI_LENG":"12.46","PI_MAT":"RCP","PI_THICK":"0","PI_SLOP":"-0.0016","DES_FLOW":"0","DES_VELO":"0","US_BLE":"15.79","DS_BLE":"15.81","CITY_ID":"10004","KEYIN_DATE":"20160516"}},{"type":"Feature","geometry":{"type":"LineString","coordinates":[[121.0027194623281,24.84902252865771],[121.0033057988613,24.8489944199404]]},"properties":{"name":"1","FID":"1630","SSEW_CAT":"1","PI_NUM":"95221060-4070-37-10-4070-37-11","US_MH":"4070-37-10","DS_MH":"4070-37-11","PI_TYP":"5","PI_WIDT":"0","PI_WIDB":"0.8","PI_HEI":"0","PI_LENG":"59.34","PI_MAT":"RCP","PI_THICK":"0","PI_SLOP":"0.0226","DES_FLOW":"0","DES_VELO":"0","US_BLE":"18.22","DS_BLE":"16.88","CITY_ID":"10004","KEYIN_DATE":"20160516"}},{"type":"Feature","geometry":{"type":"LineString","coordinates":[[121.0024676663146,24.83991269583483],[121.0040387798612,24.84176063948053]]},"properties":{"name":"1","FID":"1631","SSEW_CAT":"1","PI_NUM":"95221070-4070-51-4070-54","US_MH":"4070-51","DS_MH":"4070-54","PI_TYP":"1","PI_WIDT":"0","PI_WIDB":"1.36","PI_HEI":"1.1","PI_LENG":"259.05","PI_MAT":"RCP","PI_THICK":"0","PI_SLOP":"0.0035","DES_FLOW":"0","DES_VELO":"0","US_BLE":"20.51","DS_BLE":"19.61","CITY_ID":"10004","KEYIN_DATE":"20160516"}},{"type":"Feature","geometry":{"type":"LineString","coordinates":[[121.0040387798612,24.84176063948053],[121.0045018030871,24.84237436161993]]},"properties":{"name":"1","FID":"1632","SSEW_CAT":"1","PI_NUM":"95221070-4070-52-4070-51","US_MH":"4070-52","DS_MH":"4070-51","PI_TYP":"5","PI_WIDT":"0","PI_WIDB":"0.8","PI_HEI":"0","PI_LENG":"82.53","PI_MAT":"RCP","PI_THICK":"0","PI_SLOP":"0.0022","DES_FLOW":"0","DES_VELO":"0","US_BLE":"20.74","DS_BLE":"20.56","CITY_ID":"10004","KEYIN_DATE":"20160516"}},{"type":"Feature","geometry":{"type":"LineString","coordinates":[[121.0008299663952,24.83847095843253],[121.0024676663146,24.83991269583483]]},"properties":{"name":"1","FID":"1633","SSEW_CAT":"1","PI_NUM":"95221070-4070-54-4070-55","US_MH":"4070-54","DS_MH":"4070-55","PI_TYP":"1","PI_WIDT":"0","PI_WIDB":"1.52","PI_HEI":"1.43","PI_LENG":"230","PI_MAT":"RCP","PI_THICK":"0","PI_SLOP":"0","DES_FLOW":"0","DES_VELO":"0","US_BLE":"19.61","DS_BLE":"0","CITY_ID":"10004","KEYIN_DATE":"20160516"}},{"type":"Feature","geometry":{"type":"LineString","coordinates":[[120.9997341706336,24.83749483569652],[121.0008299663952,24.83847095843253]]},"properties":{"name":"1","FID":"1634","SSEW_CAT":"1","PI_NUM":"95221070-4070-55-FF95","US_MH":"4070-55","DS_MH":"FF95","PI_TYP":"1","PI_WIDT":"0","PI_WIDB":"0","PI_HEI":"0","PI_LENG":"307.17","PI_MAT":"RCP","PI_THICK":"0","PI_SLOP":"0","DES_FLOW":"0","DES_VELO":"0","US_BLE":"0","DS_BLE":"0","CITY_ID":"10004","KEYIN_DATE":"20160516"}},{"type":"Feature","geometry":{"type":"LineString","coordinates":[[120.9977092542799,24.84021710613109],[120.9995248192101,24.83915692424154]]},"properties":{"name":"1","FID":"1635","SSEW_CAT":"1","PI_NUM":"95221070-4070-64-4070-63","US_MH":"4070-64","DS_MH":"4070-63","PI_TYP":"5","PI_WIDT":"0","PI_WIDB":"0.9","PI_HEI":"0","PI_LENG":"217.86","PI_MAT":"RCP","PI_THICK":"0","PI_SLOP":"0.002","DES_FLOW":"0","DES_VELO":"0","US_BLE":"18.27","DS_BLE":"17.84","CITY_ID":"10004","KEYIN_DATE":"20160516"}},{"type":"Feature","geometry":{"type":"LineString","coordinates":[[121.0005969167453,24.83704296335435],[121.0012295667859,24.83670382795959]]},"properties":{"name":"1","FID":"1636","SSEW_CAT":"1","PI_NUM":"95221070-4070-68-4070-70","US_MH":"4070-68","DS_MH":"4070-70","PI_TYP":"1","PI_WIDT":"0","PI_WIDB":"1.19","PI_HEI":"1.13","PI_LENG":"74.16","PI_MAT":"RCP","PI_THICK":"0","PI_SLOP":"0.0011","DES_FLOW":"0","DES_VELO":"0","US_BLE":"19.27","DS_BLE":"19.19","CITY_ID":"10004","KEYIN_DATE":"20160516"}},{"type":"Feature","geometry":{"type":"LineString","coordinates":[[121.000186034702,24.83726567240994],[121.0005969167453,24.83704296335435]]},"properties":{"name":"1","FID":"1637","SSEW_CAT":"1","PI_NUM":"95221070-4070-70-4070-71","US_MH":"4070-70","DS_MH":"4070-71","PI_TYP":"1","PI_WIDT":"0","PI_WIDB":"1.2","PI_HEI":"1.14","PI_LENG":"48.3","PI_MAT":"RCP","PI_THICK":"0","PI_SLOP":"0.0012","DES_FLOW":"0","DES_VELO":"0","US_BLE":"19.19","DS_BLE":"19.13","CITY_ID":"10004","KEYIN_DATE":"20160516"}},{"type":"Feature","geometry":{"type":"LineString","coordinates":[[120.9997341706336,24.83749483569652],[121.000186034702,24.83726567240994]]},"properties":{"name":"1","FID":"1638","SSEW_CAT":"1","PI_NUM":"95221070-4070-71-FF95","US_MH":"4070-71","DS_MH":"FF95","PI_TYP":"1","PI_WIDT":"0","PI_WIDB":"0","PI_HEI":"0","PI_LENG":"307.17","PI_MAT":"RCP","PI_THICK":"0","PI_SLOP":"0","DES_FLOW":"0","DES_VELO":"0","US_BLE":"0","DS_BLE":"0","CITY_ID":"10004","KEYIN_DATE":"20160516"}},{"type":"Feature","geometry":{"type":"LineString","coordinates":[[120.9997341706336,24.83749483569652],[120.9991266130547,24.83788272823029]]},"properties":{"name":"1","FID":"1639","SSEW_CAT":"1","PI_NUM":"95221070-4070-72-FF95","US_MH":"4070-72","DS_MH":"FF95","PI_TYP":"1","PI_WIDT":"0","PI_WIDB":"0","PI_HEI":"0","PI_LENG":"307.17","PI_MAT":"RCP","PI_THICK":"0","PI_SLOP":"0","DES_FLOW":"0","DES_VELO":"0","US_BLE":"18.38","DS_BLE":"0","CITY_ID":"10004","KEYIN_DATE":"20160516"}},{"type":"Feature","geometry":{"type":"LineString","coordinates":[[120.9991266130547,24.83788272823029],[120.9987016660876,24.83812624397164]]},"properties":{"name":"1","FID":"1640","SSEW_CAT":"1","PI_NUM":"95221070-4070-73-4070-72","US_MH":"4070-73","DS_MH":"4070-72","PI_TYP":"5","PI_WIDT":"0","PI_WIDB":"0.9","PI_HEI":"0","PI_LENG":"50.72","PI_MAT":"RCP","PI_THICK":"0","PI_SLOP":"-0.0028","DES_FLOW":"0","DES_VELO":"0","US_BLE":"18.26","DS_BLE":"18.4","CITY_ID":"10004","KEYIN_DATE":"20160516"}},{"type":"Feature","geometry":{"type":"LineString","coordinates":[[120.9987016660876,24.83812624397164],[120.9982647254076,24.83840966467455]]},"properties":{"name":"1","FID":"1641","SSEW_CAT":"1","PI_NUM":"95221070-4070-74-4070-73","US_MH":"4070-74","DS_MH":"4070-73","PI_TYP":"5","PI_WIDT":"0","PI_WIDB":"0.9","PI_HEI":"0","PI_LENG":"54.18","PI_MAT":"RCP","PI_THICK":"0","PI_SLOP":"0","DES_FLOW":"0","DES_VELO":"0","US_BLE":"0","DS_BLE":"18.26","CITY_ID":"10004","KEYIN_DATE":"20160516"}},{"type":"Feature","geometry":{"type":"LineString","coordinates":[[120.9981590416249,24.83548641682773],[120.9987797262745,24.83642379758059]]},"properties":{"name":"1","FID":"1642","SSEW_CAT":"1","PI_NUM":"95221070-4070-83-4070-91","US_MH":"4070-83","DS_MH":"4070-91","PI_TYP":"1","PI_WIDT":"0","PI_WIDB":"0","PI_HEI":"0","PI_LENG":"121.31","PI_MAT":"RCP","PI_THICK":"0","PI_SLOP":"0","DES_FLOW":"0","DES_VELO":"0","US_BLE":"0","DS_BLE":"0","CITY_ID":"10004","KEYIN_DATE":"20160516"}},{"type":"Feature","geometry":{"type":"LineString","coordinates":[[120.9976547715837,24.83526733122456],[120.9978433846013,24.83532275150161]]},"properties":{"name":"1","FID":"1643","SSEW_CAT":"1","PI_NUM":"95221070-4070-90-1-4070-90-2","US_MH":"4070-90-1","DS_MH":"4070-90-2","PI_TYP":"1","PI_WIDT":"0","PI_WIDB":"1.61","PI_HEI":"0.68","PI_LENG":"20.03","PI_MAT":"RCP","PI_THICK":"0","PI_SLOP":"0.004","DES_FLOW":"0","DES_VELO":"0","US_BLE":"19.46","DS_BLE":"19.38","CITY_ID":"10004","KEYIN_DATE":"20160516"}},{"type":"Feature","geometry":{"type":"LineString","coordinates":[[120.9978433846013,24.83532275150161],[120.9981590416249,24.83548641682773]]},"properties":{"name":"1","FID":"1644","SSEW_CAT":"1","PI_NUM":"95221070-4070-91-4070-90-1","US_MH":"4070-91","DS_MH":"4070-90-1","PI_TYP":"1","PI_WIDT":"0","PI_WIDB":"0","PI_HEI":"0","PI_LENG":"36.69","PI_MAT":"RCP","PI_THICK":"0","PI_SLOP":"0","DES_FLOW":"0","DES_VELO":"0","US_BLE":"0","DS_BLE":"19.46","CITY_ID":"10004","KEYIN_DATE":"20160516"}},{"type":"Feature","geometry":{"type":"LineString","coordinates":[[120.9990254987084,24.83514435909784],[120.9994113046369,24.83503985527429]]},"properties":{"name":"1","FID":"1645","SSEW_CAT":"1","PI_NUM":"95221070-4070-93-4070-92","US_MH":"4070-93","DS_MH":"4070-92","PI_TYP":"5","PI_WIDT":"0","PI_WIDB":"1","PI_HEI":"0","PI_LENG":"40.68","PI_MAT":"RCP","PI_THICK":"0","PI_SLOP":"0.0007","DES_FLOW":"0","DES_VELO":"0","US_BLE":"17.86","DS_BLE":"17.83","CITY_ID":"10004","KEYIN_DATE":"20160516"}},{"type":"Feature","geometry":{"type":"LineString","coordinates":[[120.9994113046369,24.83503985527429],[120.9995433848999,24.83523818660342]]},"properties":{"name":"1","FID":"1646","SSEW_CAT":"1","PI_NUM":"95221070-4070-93-1-4070-93","US_MH":"4070-93-1","DS_MH":"4070-93","PI_TYP":"5","PI_WIDT":"0","PI_WIDB":"1","PI_HEI":"0","PI_LENG":"25.71","PI_MAT":"RCP","PI_THICK":"0","PI_SLOP":"0.0027","DES_FLOW":"0","DES_VELO":"0","US_BLE":"17.93","DS_BLE":"17.86","CITY_ID":"10004","KEYIN_DATE":"20160516"}},{"type":"Feature","geometry":{"type":"LineString","coordinates":[[120.9994113046369,24.83503985527429],[120.9997599295027,24.83488076358818]]},"properties":{"name":"1","FID":"1647","SSEW_CAT":"1","PI_NUM":"95221070-4070-94-4070-93","US_MH":"4070-94","DS_MH":"4070-93","PI_TYP":"5","PI_WIDT":"0","PI_WIDB":"1","PI_HEI":"0","PI_LENG":"39.4","PI_MAT":"RCP","PI_THICK":"0","PI_SLOP":"0.0051","DES_FLOW":"0","DES_VELO":"0","US_BLE":"18.18","DS_BLE":"17.98","CITY_ID":"10004","KEYIN_DATE":"20160516"}},{"type":"Feature","geometry":{"type":"LineString","coordinates":[[120.9997599295027,24.83488076358818],[121.0000185902268,24.83471220916914]]},"properties":{"name":"1","FID":"1648","SSEW_CAT":"1","PI_NUM":"95221070-4070-95-4070-94","US_MH":"4070-95","DS_MH":"4070-94","PI_TYP":"5","PI_WIDT":"0","PI_WIDB":"1","PI_HEI":"0","PI_LENG":"32.13","PI_MAT":"RCP","PI_THICK":"0","PI_SLOP":"0.0028","DES_FLOW":"0","DES_VELO":"0","US_BLE":"18.4","DS_BLE":"18.31","CITY_ID":"10004","KEYIN_DATE":"20160516"}},{"type":"Feature","geometry":{"type":"LineString","coordinates":[[121.0000185902268,24.83471220916914],[121.0003080291957,24.83444057490548]]},"properties":{"name":"1","FID":"1649","SSEW_CAT":"1","PI_NUM":"95221070-4070-96-4070-95","US_MH":"4070-96","DS_MH":"4070-95","PI_TYP":"5","PI_WIDT":"0","PI_WIDB":"1","PI_HEI":"0","PI_LENG":"41.96","PI_MAT":"RCP","PI_THICK":"0","PI_SLOP":"0.0031","DES_FLOW":"0","DES_VELO":"0","US_BLE":"18.57","DS_BLE":"18.44","CITY_ID":"10004","KEYIN_DATE":"20160516"}},{"type":"Feature","geometry":{"type":"LineString","coordinates":[[121.0003080291957,24.83444057490548],[121.0005321686747,24.8341182989934]]},"properties":{"name":"1","FID":"1650","SSEW_CAT":"1","PI_NUM":"95221070-4070-97-4070-96","US_MH":"4070-97","DS_MH":"4070-96","PI_TYP":"5","PI_WIDT":"0","PI_WIDB":"1","PI_HEI":"0","PI_LENG":"42.28","PI_MAT":"RCP","PI_THICK":"0","PI_SLOP":"0.0024","DES_FLOW":"0","DES_VELO":"0","US_BLE":"18.8","DS_BLE":"18.7","CITY_ID":"10004","KEYIN_DATE":"20160516"}},{"type":"Feature","geometry":{"type":"LineString","coordinates":[[121.0005321686747,24.8341182989934],[121.0007822283287,24.833809041816]]},"properties":{"name":"1","FID":"1651","SSEW_CAT":"1","PI_NUM":"95221070-4070-98-4070-97","US_MH":"4070-98","DS_MH":"4070-97","PI_TYP":"5","PI_WIDT":"0","PI_WIDB":"1","PI_HEI":"0","PI_LENG":"42.57","PI_MAT":"RCP","PI_THICK":"0","PI_SLOP":"0.0021","DES_FLOW":"0","DES_VELO":"0","US_BLE":"19","DS_BLE":"18.91","CITY_ID":"10004","KEYIN_DATE":"20160516"}},{"type":"Feature","geometry":{"type":"LineString","coordinates":[[121.0007822283287,24.833809041816],[121.0011403063323,24.83365628490087]]},"properties":{"name":"1","FID":"1652","SSEW_CAT":"1","PI_NUM":"95221070-4070-99-4070-98","US_MH":"4070-99","DS_MH":"4070-98","PI_TYP":"5","PI_WIDT":"0","PI_WIDB":"1","PI_HEI":"0","PI_LENG":"39.95","PI_MAT":"RCP","PI_THICK":"0","PI_SLOP":"0.006","DES_FLOW":"0","DES_VELO":"0","US_BLE":"19.37","DS_BLE":"19.13","CITY_ID":"10004","KEYIN_DATE":"20160516"}},{"type":"Feature","geometry":{"type":"LineString","coordinates":[[121.0015357234522,24.83363364670143],[121.0018549131559,24.8338033804611]]},"properties":{"name":"1","FID":"1653","SSEW_CAT":"1","PI_NUM":"95221070-4070-117-4070-118","US_MH":"4070-117","DS_MH":"4070-118","PI_TYP":"5","PI_WIDT":"0","PI_WIDB":"1","PI_HEI":"0","PI_LENG":"37.34","PI_MAT":"RCP","PI_THICK":"0","PI_SLOP":"0.0177","DES_FLOW":"0","DES_VELO":"0","US_BLE":"20.27","DS_BLE":"19.61","CITY_ID":"10004","KEYIN_DATE":"20160516"}},{"type":"Feature","geometry":{"type":"LineString","coordinates":[[121.0011403063323,24.83365628490087],[121.0015357234522,24.83363364670143]]},"properties":{"name":"1","FID":"1654","SSEW_CAT":"1","PI_NUM":"95221070-4070-118-4070-99","US_MH":"4070-118","DS_MH":"4070-99","PI_TYP":"5","PI_WIDT":"0","PI_WIDB":"1","PI_HEI":"0","PI_LENG":"40.05","PI_MAT":"RCP","PI_THICK":"0","PI_SLOP":"-0.0012","DES_FLOW":"0","DES_VELO":"0","US_BLE":"19.48","DS_BLE":"19.53","CITY_ID":"10004","KEYIN_DATE":"20160516"}},{"type":"Feature","geometry":{"type":"LineString","coordinates":[[121.0000185902268,24.83471220916914],[121.0004437735605,24.83538203001198]]},"properties":{"name":"1","FID":"1655","SSEW_CAT":"1","PI_NUM":"95221070-4070-122-4070-95","US_MH":"4070-122","DS_MH":"4070-95","PI_TYP":"5","PI_WIDT":"0","PI_WIDB":"1","PI_HEI":"0","PI_LENG":"85.74","PI_MAT":"RCP","PI_THICK":"0","PI_SLOP":"0.0033","DES_FLOW":"0","DES_VELO":"0","US_BLE":"18.72","DS_BLE":"18.44","CITY_ID":"10004","KEYIN_DATE":"20160516"}},{"type":"Feature","geometry":{"type":"LineString","coordinates":[[121.0265463266917,24.82040828437297],[121.0270719488869,24.8202338027486]]},"properties":{"name":"1","FID":"1656","SSEW_CAT":"1","PI_NUM":"96224071-4071-2-4071-3","US_MH":"4071-2","DS_MH":"4071-3","PI_TYP":"1","PI_WIDT":"0","PI_WIDB":"2.41","PI_HEI":"2.36","PI_LENG":"56.54","PI_MAT":"RCP","PI_THICK":"0","PI_SLOP":"0.0053","DES_FLOW":"0","DES_VELO":"0","US_BLE":"30.7","DS_BLE":"30.4","CITY_ID":"10004","KEYIN_DATE":"20160516"}},{"type":"Feature","geometry":{"type":"LineString","coordinates":[[121.026022216597,24.82058282708394],[121.0265463266917,24.82040828437297]]},"properties":{"name":"1","FID":"1657","SSEW_CAT":"1","PI_NUM":"96224071-4071-3-4071-172","US_MH":"4071-3","DS_MH":"4071-172","PI_TYP":"1","PI_WIDT":"0","PI_WIDB":"2.41","PI_HEI":"2.38","PI_LENG":"56.4","PI_MAT":"RCP","PI_THICK":"0","PI_SLOP":"0.0021","DES_FLOW":"0","DES_VELO":"0","US_BLE":"30.4","DS_BLE":"30.28","CITY_ID":"10004","KEYIN_DATE":"20160516"}},{"type":"Feature","geometry":{"type":"LineString","coordinates":[[121.028272773145,24.82097345619739],[121.0288235077811,24.8207783694464]]},"properties":{"name":"1","FID":"1658","SSEW_CAT":"1","PI_NUM":"96224071-4071-4-4071-67","US_MH":"4071-4","DS_MH":"4071-67","PI_TYP":"1","PI_WIDT":"0","PI_WIDB":"2.02","PI_HEI":"1.53","PI_LENG":"212.41","PI_MAT":"RCP","PI_THICK":"0","PI_SLOP":"0.0064","DES_FLOW":"0","DES_VELO":"0","US_BLE":"33.72","DS_BLE":"32.35","CITY_ID":"10004","KEYIN_DATE":"20160516"}},{"type":"Feature","geometry":{"type":"LineString","coordinates":[[121.0281164284338,24.81991164113388],[121.0285925752858,24.81961352579801]]},"properties":{"name":"1","FID":"1659","SSEW_CAT":"1","PI_NUM":"96224071-4071-5-1-4071-5-2","US_MH":"4071-5-1","DS_MH":"4071-5-2","PI_TYP":"1","PI_WIDT":"0","PI_WIDB":"2","PI_HEI":"2","PI_LENG":"58.37","PI_MAT":"RCP","PI_THICK":"0","PI_SLOP":"0.0039","DES_FLOW":"0","DES_VELO":"0","US_BLE":"0","DS_BLE":"0","CITY_ID":"10004","KEYIN_DATE":"20160516"}},{"type":"Feature","geometry":{"type":"LineString","coordinates":[[121.0285925752858,24.81961352579801],[121.0290307816915,24.81935531369158]]},"properties":{"name":"1","FID":"1660","SSEW_CAT":"1","PI_NUM":"96224071-4071-5-4071-5-1","US_MH":"4071-5","DS_MH":"4071-5-1","PI_TYP":"1","PI_WIDT":"0","PI_WIDB":"2.01","PI_HEI":"1.98","PI_LENG":"52.73","PI_MAT":"RCP","PI_THICK":"0","PI_SLOP":"0.0074","DES_FLOW":"0","DES_VELO":"0","US_BLE":"31.84","DS_BLE":"0","CITY_ID":"10004","KEYIN_DATE":"20160516"}},{"type":"Feature","geometry":{"type":"LineString","coordinates":[[121.0277031838084,24.82002246306014],[121.0281164284338,24.81991164113388]]},"properties":{"name":"1","FID":"1661","SSEW_CAT":"1","PI_NUM":"96224071-4071-5-2-4071-5-3","US_MH":"4071-5-2","DS_MH":"4071-5-3","PI_TYP":"1","PI_WIDT":"0","PI_WIDB":"2","PI_HEI":"2","PI_LENG":"43.54","PI_MAT":"RCP","PI_THICK":"0","PI_SLOP":"0.0074","DES_FLOW":"0","DES_VELO":"0","US_BLE":"0","DS_BLE":"30.71","CITY_ID":"10004","KEYIN_DATE":"20160516"}},{"type":"Feature","geometry":{"type":"LineString","coordinates":[[121.0270719488869,24.8202338027486],[121.0277031838084,24.82002246306014]]},"properties":{"name":"1","FID":"1662","SSEW_CAT":"1","PI_NUM":"96224071-4071-5-3-4071-2","US_MH":"4071-5-3","DS_MH":"4071-2","PI_TYP":"1","PI_WIDT":"0","PI_WIDB":"2.4","PI_HEI":"2.38","PI_LENG":"67.97","PI_MAT":"RCP","PI_THICK":"0","PI_SLOP":"0.0001","DES_FLOW":"0","DES_VELO":"0","US_BLE":"30.71","DS_BLE":"30.7","CITY_ID":"10004","KEYIN_DATE":"20160516"}},{"type":"Feature","geometry":{"type":"LineString","coordinates":[[121.0290307816915,24.81935531369158],[121.0295000910813,24.81898431790731]]},"properties":{"name":"1","FID":"1663","SSEW_CAT":"1","PI_NUM":"96224071-4071-9-1-4071-5","US_MH":"4071-9-1","DS_MH":"4071-5","PI_TYP":"1","PI_WIDT":"0","PI_WIDB":"2","PI_HEI":"2","PI_LENG":"62.76","PI_MAT":"RCP","PI_THICK":"0","PI_SLOP":"0.0113","DES_FLOW":"0","DES_VELO":"0","US_BLE":"0","DS_BLE":"31.84","CITY_ID":"10004","KEYIN_DATE":"20160516"}},{"type":"Feature","geometry":{"type":"LineString","coordinates":[[121.0295000910813,24.81898431790731],[121.0299216292036,24.81858018620292]]},"properties":{"name":"1","FID":"1664","SSEW_CAT":"1","PI_NUM":"96224071-4071-9-4071-9-1","US_MH":"4071-9","DS_MH":"4071-9-1","PI_TYP":"1","PI_WIDT":"0","PI_WIDB":"2.03","PI_HEI":"1.97","PI_LENG":"61.8","PI_MAT":"RCP","PI_THICK":"0","PI_SLOP":"0.0113","DES_FLOW":"0","DES_VELO":"0","US_BLE":"33.24","DS_BLE":"0","CITY_ID":"10004","KEYIN_DATE":"20160516"}},{"type":"Feature","geometry":{"type":"LineString","coordinates":[[121.0302096561726,24.81829415637327],[121.0304756352258,24.81798183918369]]},"properties":{"name":"1","FID":"1665","SSEW_CAT":"1","PI_NUM":"96224071-4071-10-1-4071-10","US_MH":"4071-10-1","DS_MH":"4071-10","PI_TYP":"1","PI_WIDT":"0","PI_WIDB":"1.98","PI_HEI":"1.97","PI_LENG":"43.81","PI_MAT":"RCP","PI_THICK":"0","PI_SLOP":"-0.0065","DES_FLOW":"0","DES_VELO":"0","US_BLE":"0","DS_BLE":"33.81","CITY_ID":"10004","KEYIN_DATE":"20160516"}},{"type":"Feature","geometry":{"type":"LineString","coordinates":[[121.0299216292036,24.81858018620292],[121.0302096561726,24.81829415637327]]},"properties":{"name":"1","FID":"1666","SSEW_CAT":"1","PI_NUM":"96224071-4071-10-4071-9","US_MH":"4071-10","DS_MH":"4071-9","PI_TYP":"1","PI_WIDT":"0","PI_WIDB":"2.02","PI_HEI":"1.98","PI_LENG":"43.03","PI_MAT":"RCP","PI_THICK":"0","PI_SLOP":"0.0132","DES_FLOW":"0","DES_VELO":"0","US_BLE":"33.81","DS_BLE":"33.24","CITY_ID":"10004","KEYIN_DATE":"20160516"}},{"type":"Feature","geometry":{"type":"LineString","coordinates":[[121.028938049944,24.81552298766841],[121.0283756778736,24.81485825597819]]},"properties":{"name":"1","FID":"1667","SSEW_CAT":"1","PI_NUM":"96224071-4071-12-1-4071-12-2","US_MH":"4071-12-1","DS_MH":"4071-12-2","PI_TYP":"1","PI_WIDT":"0","PI_WIDB":"2.01","PI_HEI":"1.98","PI_LENG":"93.02","PI_MAT":"RCP","PI_THICK":"0","PI_SLOP":"0.0032","DES_FLOW":"0","DES_VELO":"0","US_BLE":"0","DS_BLE":"0","CITY_ID":"10004","KEYIN_DATE":"20160516"}},{"type":"Feature","geometry":{"type":"LineString","coordinates":[[121.0294858725077,24.81617052055837],[121.028938049944,24.81552298766841]]},"properties":{"name":"1","FID":"1668","SSEW_CAT":"1","PI_NUM":"96224071-4071-12-2-4071-12-3","US_MH":"4071-12-2","DS_MH":"4071-12-3","PI_TYP":"1","PI_WIDT":"0","PI_WIDB":"2","PI_HEI":"2","PI_LENG":"90.61","PI_MAT":"RCP","PI_THICK":"0","PI_SLOP":"0.0035","DES_FLOW":"0","DES_VELO":"0","US_BLE":"0","DS_BLE":"0","CITY_ID":"10004","KEYIN_DATE":"20160516"}},{"type":"Feature","geometry":{"type":"LineString","coordinates":[[121.0301519965584,24.81695787161953],[121.0294858725077,24.81617052055837]]},"properties":{"name":"1","FID":"1669","SSEW_CAT":"1","PI_NUM":"96224071-4071-12-3-4071-12-4","US_MH":"4071-12-3","DS_MH":"4071-12-4","PI_TYP":"1","PI_WIDT":"0","PI_WIDB":"2","PI_HEI":"1.94","PI_LENG":"110.18","PI_MAT":"RCP","PI_THICK":"0","PI_SLOP":"0.0045","DES_FLOW":"0","DES_VELO":"0","US_BLE":"0","DS_BLE":"0","CITY_ID":"10004","KEYIN_DATE":"20160516"}},{"type":"Feature","geometry":{"type":"LineString","coordinates":[[121.0305960806415,24.81748277664807],[121.0301519965584,24.81695787161953]]},"properties":{"name":"1","FID":"1670","SSEW_CAT":"1","PI_NUM":"96224071-4071-12-4-4071-12-5","US_MH":"4071-12-4","DS_MH":"4071-12-5","PI_TYP":"1","PI_WIDT":"0","PI_WIDB":"2","PI_HEI":"2","PI_LENG":"73.45","PI_MAT":"RCP","PI_THICK":"0","PI_SLOP":"0.0038","DES_FLOW":"0","DES_VELO":"0","US_BLE":"0","DS_BLE":"0","CITY_ID":"10004","KEYIN_DATE":"20160516"}},{"type":"Feature","geometry":{"type":"LineString","coordinates":[[121.0308872947117,24.81769924074012],[121.0305960806415,24.81748277664807]]},"properties":{"name":"1","FID":"1671","SSEW_CAT":"1","PI_NUM":"96224071-4071-12-5-FF33","US_MH":"4071-12-5","DS_MH":"FF33","PI_TYP":"1","PI_WIDT":"0","PI_WIDB":"2","PI_HEI":"2","PI_LENG":"37.97","PI_MAT":"RCP","PI_THICK":"0","PI_SLOP":"0.0038","DES_FLOW":"0","DES_VELO":"0","US_BLE":"0","DS_BLE":"0","CITY_ID":"10004","KEYIN_DATE":"20160516"}},{"type":"Feature","geometry":{"type":"LineString","coordinates":[[121.0328586179657,24.81222172534047],[121.0335841379462,24.81174098037188]]},"properties":{"name":"1","FID":"1672","SSEW_CAT":"1","PI_NUM":"96224071-4071-19-1-FF29","US_MH":"4071-19-1","DS_MH":"FF29","PI_TYP":"1","PI_WIDT":"0","PI_WIDB":"2","PI_HEI":"2","PI_LENG":"90.64","PI_MAT":"RCP","PI_THICK":"0","PI_SLOP":"0.0053","DES_FLOW":"0","DES_VELO":"0","US_BLE":"0","DS_BLE":"0","CITY_ID":"10004","KEYIN_DATE":"20160516"}},{"type":"Feature","geometry":{"type":"LineString","coordinates":[[121.0304138465768,24.80954765187559],[121.0313406549223,24.80906505278402]]},"properties":{"name":"1","FID":"1673","SSEW_CAT":"1","PI_NUM":"96224071-4071-20-4071-166","US_MH":"4071-20","DS_MH":"4071-166","PI_TYP":"1","PI_WIDT":"0","PI_WIDB":"2.02","PI_HEI":"2.02","PI_LENG":"107.87","PI_MAT":"RCP","PI_THICK":"0","PI_SLOP":"0.0033","DES_FLOW":"0","DES_VELO":"0","US_BLE":"37.32","DS_BLE":"36.96","CITY_ID":"10004","KEYIN_DATE":"20160516"}},{"type":"Feature","geometry":{"type":"LineString","coordinates":[[121.0319075974065,24.81096978943865],[121.0324409881814,24.8106866729159]]},"properties":{"name":"1","FID":"1674","SSEW_CAT":"1","PI_NUM":"96224071-4071-20-1-FF28","US_MH":"4071-20-1","DS_MH":"FF28","PI_TYP":"1","PI_WIDT":"0","PI_WIDB":"1.99","PI_HEI":"2.02","PI_LENG":"62.38","PI_MAT":"RCP","PI_THICK":"0","PI_SLOP":"0.0048","DES_FLOW":"0","DES_VELO":"0","US_BLE":"38.31","DS_BLE":"0","CITY_ID":"10004","KEYIN_DATE":"20160516"}},{"type":"Feature","geometry":{"type":"LineString","coordinates":[[121.0324409881814,24.8106866729159],[121.032800818846,24.81045234713862]]},"properties":{"name":"1","FID":"1675","SSEW_CAT":"1","PI_NUM":"96224071-4071-20-2-4071-20-1","US_MH":"4071-20-2","DS_MH":"4071-20-1","PI_TYP":"1","PI_WIDT":"0","PI_WIDB":"2.01","PI_HEI":"2.01","PI_LENG":"44.69","PI_MAT":"RCP","PI_THICK":"0","PI_SLOP":"0.0048","DES_FLOW":"0","DES_VELO":"0","US_BLE":"0","DS_BLE":"38.31","CITY_ID":"10004","KEYIN_DATE":"20160516"}},{"type":"Feature","geometry":{"type":"LineString","coordinates":[[121.03203978043,24.81592876000524],[121.0323860838805,24.81542527750194]]},"properties":{"name":"1","FID":"1676","SSEW_CAT":"1","PI_NUM":"96224071-4071-22-FF32","US_MH":"4071-22","DS_MH":"FF32","PI_TYP":"1","PI_WIDT":"0","PI_WIDB":"3.03","PI_HEI":"2.02","PI_LENG":"65.84","PI_MAT":"RCP","PI_THICK":"0","PI_SLOP":"0.0033","DES_FLOW":"0","DES_VELO":"0","US_BLE":"34.66","DS_BLE":"0","CITY_ID":"10004","KEYIN_DATE":"20160516"}},{"type":"Feature","geometry":{"type":"LineString","coordinates":[[121.0314525681404,24.81678249401266],[121.03203978043,24.81592876000524]]},"properties":{"name":"1","FID":"1677","SSEW_CAT":"1","PI_NUM":"96224071-FF32-4071-17","US_MH":"FF32","DS_MH":"4071-17","PI_TYP":"2","PI_WIDT":"0","PI_WIDB":"2.53","PI_HEI":"2.04","PI_LENG":"111.65","PI_MAT":"RCP","PI_THICK":"0","PI_SLOP":"0.0033","DES_FLOW":"0","DES_VELO":"0","US_BLE":"0","DS_BLE":"34.08","CITY_ID":"10004","KEYIN_DATE":"20160516"}},{"type":"Feature","geometry":{"type":"LineString","coordinates":[[121.0309730493134,24.81757183845223],[121.0314525681404,24.81678249401266]]},"properties":{"name":"1","FID":"1678","SSEW_CAT":"1","PI_NUM":"96224071-4071-17-4071-12","US_MH":"4071-17","DS_MH":"4071-12","PI_TYP":"2","PI_WIDT":"0","PI_WIDB":"2.53","PI_HEI":"2.04","PI_LENG":"99.97","PI_MAT":"RCP","PI_THICK":"0","PI_SLOP":"0.0031","DES_FLOW":"0","DES_VELO":"0","US_BLE":"34.08","DS_BLE":"33.77","CITY_ID":"10004","KEYIN_DATE":"20160516"}},{"type":"Feature","geometry":{"type":"LineString","coordinates":[[121.0328586179657,24.81222172534047],[121.0323821963623,24.81165715291695]]},"properties":{"name":"1","FID":"1679","SSEW_CAT":"1","PI_NUM":"96224071-4071-19-96224072-FF29","US_MH":"4071-19","DS_MH":"FF29","PI_TYP":"1","PI_WIDT":"0","PI_WIDB":"2","PI_HEI":"2","PI_LENG":"78.93","PI_MAT":"RCP","PI_THICK":"0","PI_SLOP":"0.0053","DES_FLOW":"0","DES_VELO":"0","US_BLE":"37.58","DS_BLE":"0","CITY_ID":"10004","KEYIN_DATE":"20160516"}},{"type":"Feature","geometry":{"type":"LineString","coordinates":[[121.0333461461664,24.8127994664645],[121.0328586179657,24.81222172534047]]},"properties":{"name":"1","FID":"1680","SSEW_CAT":"1","PI_NUM":"96224072-FF29-4072-82","US_MH":"FF29","DS_MH":"4072-82","PI_TYP":"1","PI_WIDT":"0","PI_WIDB":"2","PI_HEI":"2","PI_LENG":"80.77","PI_MAT":"RCP","PI_THICK":"0","PI_SLOP":"0.0053","DES_FLOW":"0","DES_VELO":"0","US_BLE":"0","DS_BLE":"36.74","CITY_ID":"10004","KEYIN_DATE":"20160516"}},{"type":"Feature","geometry":{"type":"LineString","coordinates":[[121.0308872947117,24.81769924074012],[121.0309730493134,24.81757183845223]]},"properties":{"name":"1","FID":"1681","SSEW_CAT":"1","PI_NUM":"96224071-4071-12-FF33","US_MH":"4071-12","DS_MH":"FF33","PI_TYP":"2","PI_WIDT":"0","PI_WIDB":"2.5","PI_HEI":"2.04","PI_LENG":"16.56","PI_MAT":"RCP","PI_THICK":"0","PI_SLOP":"0.0031","DES_FLOW":"0","DES_VELO":"0","US_BLE":"33.77","DS_BLE":"0","CITY_ID":"10004","KEYIN_DATE":"20160516"}},{"type":"Feature","geometry":{"type":"LineString","coordinates":[[121.030838334424,24.81776643267406],[121.0308872947117,24.81769924074012]]},"properties":{"name":"1","FID":"1682","SSEW_CAT":"1","PI_NUM":"96224071-FF33-4071-12A","US_MH":"FF33","DS_MH":"4071-12A","PI_TYP":"2","PI_WIDT":"0","PI_WIDB":"2.5","PI_HEI":"2.04","PI_LENG":"8.93","PI_MAT":"RCP","PI_THICK":"0","PI_SLOP":"0.0031","DES_FLOW":"0","DES_VELO":"0","US_BLE":"0","DS_BLE":"0","CITY_ID":"10004","KEYIN_DATE":"20160516"}},{"type":"Feature","geometry":{"type":"LineString","coordinates":[[121.0303066651838,24.81847479003866],[121.030838334424,24.81776643267406]]},"properties":{"name":"1","FID":"1683","SSEW_CAT":"1","PI_NUM":"96224071-4071-12A-4071-12B","US_MH":"4071-12A","DS_MH":"4071-12B","PI_TYP":"2","PI_WIDT":"0","PI_WIDB":"2.53","PI_HEI":"2.02","PI_LENG":"95.1","PI_MAT":"RCP","PI_THICK":"0","PI_SLOP":"0.0013","DES_FLOW":"0","DES_VELO":"0","US_BLE":"0","DS_BLE":"0","CITY_ID":"10004","KEYIN_DATE":"20160516"}},{"type":"Feature","geometry":{"type":"LineString","coordinates":[[121.0297558248329,24.81904466858629],[121.0303066651838,24.81847479003866]]},"properties":{"name":"1","FID":"1684","SSEW_CAT":"1","PI_NUM":"96224071-4071-12B-4071-12C","US_MH":"4071-12B","DS_MH":"4071-12C","PI_TYP":"2","PI_WIDT":"0","PI_WIDB":"2.51","PI_HEI":"2.03","PI_LENG":"84.17","PI_MAT":"RCP","PI_THICK":"0","PI_SLOP":"0.0029","DES_FLOW":"0","DES_VELO":"0","US_BLE":"0","DS_BLE":"0","CITY_ID":"10004","KEYIN_DATE":"20160516","NOTE":"有疑似私接管線"}},{"type":"Feature","geometry":{"type":"LineString","coordinates":[[121.0291411215829,24.81952186088312],[121.0297558248329,24.81904466858629]]},"properties":{"name":"1","FID":"1685","SSEW_CAT":"1","PI_NUM":"96224071-4071-12C-4071-12D","US_MH":"4071-12C","DS_MH":"4071-12D","PI_TYP":"2","PI_WIDT":"0","PI_WIDB":"2.51","PI_HEI":"2","PI_LENG":"81.58","PI_MAT":"RCP","PI_THICK":"0","PI_SLOP":"0.0034","DES_FLOW":"0","DES_VELO":"0","US_BLE":"0","DS_BLE":"0","CITY_ID":"10004","KEYIN_DATE":"20160516"}},{"type":"Feature","geometry":{"type":"LineString","coordinates":[[121.028539174918,24.81995567479881],[121.0291411215829,24.81952186088312]]},"properties":{"name":"1","FID":"1686","SSEW_CAT":"1","PI_NUM":"96224071-4071-12D-4071-12E","US_MH":"4071-12D","DS_MH":"4071-12E","PI_TYP":"2","PI_WIDT":"0","PI_WIDB":"2.51","PI_HEI":"2.05","PI_LENG":"77.53","PI_MAT":"RCP","PI_THICK":"0","PI_SLOP":"0.0009","DES_FLOW":"0","DES_VELO":"0","US_BLE":"0","DS_BLE":"0","CITY_ID":"10004","KEYIN_DATE":"20160516"}},{"type":"Feature","geometry":{"type":"LineString","coordinates":[[121.0289964491967,24.82064850476162],[121.028539174918,24.81995567479881]]},"properties":{"name":"1","FID":"1687","SSEW_CAT":"1","PI_NUM":"96224071-4071-12E-4071-12F","US_MH":"4071-12E","DS_MH":"4071-12F","PI_TYP":"2","PI_WIDT":"0","PI_WIDB":"2.51","PI_HEI":"2.03","PI_LENG":"89.58","PI_MAT":"RCP","PI_THICK":"0","PI_SLOP":"0.0036","DES_FLOW":"0","DES_VELO":"0","US_BLE":"0","DS_BLE":"0","CITY_ID":"10004","KEYIN_DATE":"20160516"}},{"type":"Feature","geometry":{"type":"LineString","coordinates":[[121.0294677422778,24.82119843487201],[121.0289964491967,24.82064850476162]]},"properties":{"name":"1","FID":"1688","SSEW_CAT":"1","PI_NUM":"96224071-4071-12F-4071-12G","US_MH":"4071-12F","DS_MH":"4071-12G","PI_TYP":"2","PI_WIDT":"0","PI_WIDB":"3.02","PI_HEI":"1.97","PI_LENG":"77.33","PI_MAT":"RCP","PI_THICK":"0","PI_SLOP":"0.0032","DES_FLOW":"0","DES_VELO":"0","US_BLE":"0","DS_BLE":"0","CITY_ID":"10004","KEYIN_DATE":"20160516"}},{"type":"Feature","geometry":{"type":"LineString","coordinates":[[121.0299646996544,24.82178366013028],[121.0294677422778,24.82119843487201]]},"properties":{"name":"1","FID":"1689","SSEW_CAT":"1","PI_NUM":"96224071-4071-12G-4071-12H","US_MH":"4071-12G","DS_MH":"4071-12H","PI_TYP":"2","PI_WIDT":"0","PI_WIDB":"3","PI_HEI":"2.02","PI_LENG":"82.01","PI_MAT":"RCP","PI_THICK":"0","PI_SLOP":"0.0025","DES_FLOW":"0","DES_VELO":"0","US_BLE":"0","DS_BLE":"0","CITY_ID":"10004","KEYIN_DATE":"20160516"}},{"type":"Feature","geometry":{"type":"LineString","coordinates":[[121.030502352216,24.82241679918492],[121.0299646996544,24.82178366013028]]},"properties":{"name":"1","FID":"1690","SSEW_CAT":"1","PI_NUM":"96224071-4071-12H-4071-12I","US_MH":"4071-12H","DS_MH":"4071-12I","PI_TYP":"2","PI_WIDT":"0","PI_WIDB":"3.02","PI_HEI":"2.05","PI_LENG":"88.72","PI_MAT":"RCP","PI_THICK":"0","PI_SLOP":"0.0002","DES_FLOW":"0","DES_VELO":"0","US_BLE":"0","DS_BLE":"0","CITY_ID":"10004","KEYIN_DATE":"20160516"}},{"type":"Feature","geometry":{"type":"LineString","coordinates":[[121.03098634612,24.82298673817595],[121.030502352216,24.82241679918492]]},"properties":{"name":"1","FID":"1691","SSEW_CAT":"1","PI_NUM":"96224071-4071-12I-4071-12J","US_MH":"4071-12I","DS_MH":"4071-12J","PI_TYP":"2","PI_WIDT":"0","PI_WIDB":"3.02","PI_HEI":"2.05","PI_LENG":"79.87","PI_MAT":"RCP","PI_THICK":"0","PI_SLOP":"0.0043","DES_FLOW":"0","DES_VELO":"0","US_BLE":"0","DS_BLE":"0","CITY_ID":"10004","KEYIN_DATE":"20160516"}},{"type":"Feature","geometry":{"type":"LineString","coordinates":[[121.0313897635199,24.82346178389385],[121.03098634612,24.82298673817595]]},"properties":{"name":"1","FID":"1692","SSEW_CAT":"1","PI_NUM":"96224071-4071-12J-4071-12K","US_MH":"4071-12J","DS_MH":"4071-12K","PI_TYP":"2","PI_WIDT":"0","PI_WIDB":"3.01","PI_HEI":"2.02","PI_LENG":"66.57","PI_MAT":"RCP","PI_THICK":"0","PI_SLOP":"0.0069","DES_FLOW":"0","DES_VELO":"0","US_BLE":"0","DS_BLE":"0","CITY_ID":"10004","KEYIN_DATE":"20160516"}},{"type":"Feature","geometry":{"type":"LineString","coordinates":[[121.0309285282084,24.82384433129797],[121.0313897635199,24.82346178389385]]},"properties":{"name":"1","FID":"1693","SSEW_CAT":"1","PI_NUM":"96224071-4071-12K-FF34","US_MH":"4071-12K","DS_MH":"FF34","PI_TYP":"2","PI_WIDT":"0","PI_WIDB":"3.02","PI_HEI":"2.01","PI_LENG":"63","PI_MAT":"RCP","PI_THICK":"0","PI_SLOP":"0.0069","DES_FLOW":"0","DES_VELO":"0","US_BLE":"0","DS_BLE":"0","CITY_ID":"10004","KEYIN_DATE":"20160516"}},{"type":"Feature","geometry":{"type":"LineString","coordinates":[[121.0323860838805,24.81542527750194],[121.0328595217963,24.81489903226059]]},"properties":{"name":"1","FID":"1694","SSEW_CAT":"1","PI_NUM":"96224071-4071-23-4071-22","US_MH":"4071-23","DS_MH":"4071-22","PI_TYP":"1","PI_WIDT":"0","PI_WIDB":"3.01","PI_HEI":"2.02","PI_LENG":"75.42","PI_MAT":"RCP","PI_THICK":"0","PI_SLOP":"0.0029","DES_FLOW":"0","DES_VELO":"0","US_BLE":"34.88","DS_BLE":"34.66","CITY_ID":"10004","KEYIN_DATE":"20160516"}},{"type":"Feature","geometry":{"type":"LineString","coordinates":[[121.0317097785308,24.81570141783488],[121.0314723449417,24.81553794188943]]},"properties":{"name":"1","FID":"1695","SSEW_CAT":"1","PI_NUM":"96224071-4071-24-FF31","US_MH":"4071-24","DS_MH":"FF31","PI_TYP":"1","PI_WIDT":"0","PI_WIDB":"2.01","PI_HEI":"2.01","PI_LENG":"30.07","PI_MAT":"RCP","PI_THICK":"0","PI_SLOP":"0.0006","DES_FLOW":"0","DES_VELO":"0","US_BLE":"34.65","DS_BLE":"0","CITY_ID":"10004","KEYIN_DATE":"20160516"}},{"type":"Feature","geometry":{"type":"LineString","coordinates":[[121.03203978043,24.81592876000524],[121.0317097785308,24.81570141783488]]},"properties":{"name":"1","FID":"1696","SSEW_CAT":"1","PI_NUM":"96224071-FF31-FF32","US_MH":"FF31","DS_MH":"FF32","PI_TYP":"1","PI_WIDT":"0","PI_WIDB":"2.01","PI_HEI":"2.01","PI_LENG":"41.79","PI_MAT":"RCP","PI_THICK":"0","PI_SLOP":"0.0006","DES_FLOW":"0","DES_VELO":"0","US_BLE":"0","DS_BLE":"0","CITY_ID":"10004","KEYIN_DATE":"20160516"}},{"type":"Feature","geometry":{"type":"LineString","coordinates":[[121.0296732695127,24.81363258751092],[121.0290400959539,24.81288506177972]]},"properties":{"name":"1","FID":"1697","SSEW_CAT":"1","PI_NUM":"96224071-4071-24A-4071-24B","US_MH":"4071-24A","DS_MH":"4071-24B","PI_TYP":"1","PI_WIDT":"0","PI_WIDB":"2.01","PI_HEI":"2.01","PI_LENG":"104.65","PI_MAT":"RCP","PI_THICK":"0","PI_SLOP":"0.0006","DES_FLOW":"0","DES_VELO":"0","US_BLE":"0","DS_BLE":"0","CITY_ID":"10004","KEYIN_DATE":"20160516"}},{"type":"Feature","geometry":{"type":"LineString","coordinates":[[121.0310200064701,24.81510164777185],[121.0296732695127,24.81363258751092]]},"properties":{"name":"1","FID":"1698","SSEW_CAT":"1","PI_NUM":"96224071-4071-24B-4071-24C","US_MH":"4071-24B","DS_MH":"4071-24C","PI_TYP":"1","PI_WIDT":"0","PI_WIDB":"2","PI_HEI":"2","PI_LENG":"212.16","PI_MAT":"RCP","PI_THICK":"0","PI_SLOP":"0.0006","DES_FLOW":"0","DES_VELO":"0","US_BLE":"0","DS_BLE":"0","CITY_ID":"10004","KEYIN_DATE":"20160516"}},{"type":"Feature","geometry":{"type":"LineString","coordinates":[[121.0314723449417,24.81553794188943],[121.0310200064701,24.81510164777185]]},"properties":{"name":"1","FID":"1699","SSEW_CAT":"1","PI_NUM":"96224071-4071-24C-4071-24","US_MH":"4071-24C","DS_MH":"4071-24","PI_TYP":"1","PI_WIDT":"0","PI_WIDB":"2.01","PI_HEI":"2.01","PI_LENG":"66.53","PI_MAT":"RCP","PI_THICK":"0","PI_SLOP":"0.0006","DES_FLOW":"0","DES_VELO":"0","US_BLE":"0","DS_BLE":"34.65","CITY_ID":"10004","KEYIN_DATE":"20160516"}},{"type":"Feature","geometry":{"type":"LineString","coordinates":[[121.0327944194732,24.81451416610305],[121.0323421198701,24.81407866140497]]},"properties":{"name":"1","FID":"1700","SSEW_CAT":"1","PI_NUM":"96224071-4071-25-FF30","US_MH":"4071-25","DS_MH":"FF30","PI_TYP":"1","PI_WIDT":"0","PI_WIDB":"2.03","PI_HEI":"2","PI_LENG":"66.46","PI_MAT":"RCP","PI_THICK":"0","PI_SLOP":"0.0052","DES_FLOW":"0","DES_VELO":"0","US_BLE":"35.71","DS_BLE":"0","CITY_ID":"10004","KEYIN_DATE":"20160516"}},{"type":"Feature","geometry":{"type":"LineString","coordinates":[[121.0319324989256,24.8136871426099],[121.0314425135371,24.81312065613531]]},"properties":{"name":"1","FID":"1701","SSEW_CAT":"1","PI_NUM":"96224071-4071-26-4071-183","US_MH":"4071-26","DS_MH":"4071-183","PI_TYP":"1","PI_WIDT":"0","PI_WIDB":"2","PI_HEI":"1.98","PI_LENG":"79.94","PI_MAT":"RCP","PI_THICK":"0","PI_SLOP":"0.004","DES_FLOW":"0","DES_VELO":"0","US_BLE":"36.34","DS_BLE":"36.02","CITY_ID":"10004","KEYIN_DATE":"20160516"}},{"type":"Feature","geometry":{"type":"LineString","coordinates":[[121.0314425135371,24.81312065613531],[121.030952789474,24.8125528768642]]},"properties":{"name":"1","FID":"1702","SSEW_CAT":"1","PI_NUM":"96224071-4071-27-4071-26","US_MH":"4071-27","DS_MH":"4071-26","PI_TYP":"1","PI_WIDT":"0","PI_WIDB":"2.01","PI_HEI":"2","PI_LENG":"80.04","PI_MAT":"RCP","PI_THICK":"0","PI_SLOP":"0.0036","DES_FLOW":"0","DES_VELO":"0","US_BLE":"36.63","DS_BLE":"36.34","CITY_ID":"10004","KEYIN_DATE":"20160516"}},{"type":"Feature","geometry":{"type":"LineString","coordinates":[[121.030952789474,24.8125528768642],[121.030333029726,24.81181613388325]]},"properties":{"name":"1","FID":"1703","SSEW_CAT":"1","PI_NUM":"96224071-4071-28-4071-27","US_MH":"4071-28","DS_MH":"4071-27","PI_TYP":"1","PI_WIDT":"0","PI_WIDB":"2.02","PI_HEI":"1.99","PI_LENG":"102.88","PI_MAT":"RCP","PI_THICK":"0","PI_SLOP":"0.0041","DES_FLOW":"0","DES_VELO":"0","US_BLE":"37.05","DS_BLE":"36.63","CITY_ID":"10004","KEYIN_DATE":"20160516"}},{"type":"Feature","geometry":{"type":"LineString","coordinates":[[121.0172051962482,24.81599193749362],[121.0172966145029,24.81616681102955]]},"properties":{"name":"1","FID":"1704","SSEW_CAT":"1","PI_NUM":"96224071-4071-131-FF66","US_MH":"4071-131","DS_MH":"FF66","PI_TYP":"5","PI_WIDT":"0","PI_WIDB":"1.5","PI_HEI":"0","PI_LENG":"21.46","PI_MAT":"RCP","PI_THICK":"0","PI_SLOP":"0.0028","DES_FLOW":"0","DES_VELO":"0","US_BLE":"29.59","DS_BLE":"0","CITY_ID":"10004","KEYIN_DATE":"20160516"}},{"type":"Feature","geometry":{"type":"LineString","coordinates":[[121.0252389919036,24.80856296974817],[121.0245760551533,24.80780304233949]]},"properties":{"name":"1","FID":"1705","SSEW_CAT":"1","PI_NUM":"96224071-4071-40-4071-41","US_MH":"4071-40","DS_MH":"4071-41","PI_TYP":"1","PI_WIDT":"0","PI_WIDB":"2.02","PI_HEI":"2.01","PI_LENG":"107.59","PI_MAT":"RCP","PI_THICK":"0","PI_SLOP":"0.0041","DES_FLOW":"0","DES_VELO":"0","US_BLE":"35.36","DS_BLE":"34.92","CITY_ID":"10004","KEYIN_DATE":"20160516"}},{"type":"Feature","geometry":{"type":"LineString","coordinates":[[121.0247928196292,24.80905222366404],[121.0252389919036,24.80856296974817]]},"properties":{"name":"1","FID":"1706","SSEW_CAT":"1","PI_NUM":"96224071-4071-41-4071-41-1","US_MH":"4071-41","DS_MH":"4071-41-1","PI_TYP":"1","PI_WIDT":"0","PI_WIDB":"2.02","PI_HEI":"2","PI_LENG":"70.51","PI_MAT":"RCP","PI_THICK":"0","PI_SLOP":"0.0038","DES_FLOW":"0","DES_VELO":"0","US_BLE":"34.92","DS_BLE":"34.65","CITY_ID":"10004","KEYIN_DATE":"20160516"}},{"type":"Feature","geometry":{"type":"LineString","coordinates":[[121.0243543112938,24.80970044175353],[121.0247928196292,24.80905222366404]]},"properties":{"name":"1","FID":"1707","SSEW_CAT":"1","PI_NUM":"96224071-4071-41-1-4071-41-2","US_MH":"4071-41-1","DS_MH":"4071-41-2","PI_TYP":"1","PI_WIDT":"0","PI_WIDB":"2.01","PI_HEI":"2","PI_LENG":"74.55","PI_MAT":"RCP","PI_THICK":"0","PI_SLOP":"0.003","DES_FLOW":"0","DES_VELO":"0","US_BLE":"34.65","DS_BLE":"0","CITY_ID":"10004","KEYIN_DATE":"20160516"}},{"type":"Feature","geometry":{"type":"LineString","coordinates":[[121.0252449666535,24.80958961234596],[121.0258188442365,24.80921520617544]]},"properties":{"name":"1","FID":"1708","SSEW_CAT":"1","PI_NUM":"96224071-4071-42-4071-42-1","US_MH":"4071-42","DS_MH":"4071-42-1","PI_TYP":"1","PI_WIDT":"0","PI_WIDB":"2.01","PI_HEI":"2.01","PI_LENG":"71.31","PI_MAT":"RCP","PI_THICK":"0","PI_SLOP":"0.006","DES_FLOW":"0","DES_VELO":"0","US_BLE":"35.14","DS_BLE":"34.71","CITY_ID":"10004","KEYIN_DATE":"20160516"}},{"type":"Feature","geometry":{"type":"LineString","coordinates":[[121.0245965309726,24.81001011964056],[121.0252449666535,24.80958961234596]]},"properties":{"name":"1","FID":"1709","SSEW_CAT":"1","PI_NUM":"96224071-4071-42-1-4071-42-2","US_MH":"4071-42-1","DS_MH":"4071-42-2","PI_TYP":"1","PI_WIDT":"0","PI_WIDB":"2.01","PI_HEI":"2.01","PI_LENG":"80.41","PI_MAT":"RCP","PI_THICK":"0","PI_SLOP":"0.006","DES_FLOW":"0","DES_VELO":"0","US_BLE":"34.71","DS_BLE":"0","CITY_ID":"10004","KEYIN_DATE":"20160516"}},{"type":"Feature","geometry":{"type":"LineString","coordinates":[[121.0243543112938,24.80970044175353],[121.0245965309726,24.81001011964056]]},"properties":{"name":"1","FID":"1710","SSEW_CAT":"1","PI_NUM":"96224071-4071-42-2-4071-41-2","US_MH":"4071-42-2","DS_MH":"4071-41-2","PI_TYP":"2","PI_WIDT":"0","PI_WIDB":"2.52","PI_HEI":"2.04","PI_LENG":"42.14","PI_MAT":"RCP","PI_THICK":"0","PI_SLOP":"0.0016","DES_FLOW":"0","DES_VELO":"0","US_BLE":"0","DS_BLE":"0","CITY_ID":"10004","KEYIN_DATE":"20160516"}},{"type":"Feature","geometry":{"type":"LineString","coordinates":[[121.0239741789222,24.80921444778541],[121.0243543112938,24.80970044175353]]},"properties":{"name":"1","FID":"1711","SSEW_CAT":"1","PI_NUM":"96224071-4071-41-2-4071-41-3","US_MH":"4071-41-2","DS_MH":"4071-41-3","PI_TYP":"2","PI_WIDT":"0","PI_WIDB":"2.53","PI_HEI":"2.04","PI_LENG":"66.14","PI_MAT":"RCP","PI_THICK":"0","PI_SLOP":"0.0016","DES_FLOW":"0","DES_VELO":"0","US_BLE":"0","DS_BLE":"0","CITY_ID":"10004","KEYIN_DATE":"20160516"}},{"type":"Feature","geometry":{"type":"LineString","coordinates":[[121.0230907558861,24.80809709716222],[121.0239741789222,24.80921444778541]]},"properties":{"name":"1","FID":"1712","SSEW_CAT":"1","PI_NUM":"96224071-4071-41-3-FF38","US_MH":"4071-41-3","DS_MH":"FF38","PI_TYP":"2","PI_WIDT":"0","PI_WIDB":"2.51","PI_HEI":"2.01","PI_LENG":"152.62","PI_MAT":"RCP","PI_THICK":"0","PI_SLOP":"0.0017","DES_FLOW":"0","DES_VELO":"0","US_BLE":"0","DS_BLE":"0","CITY_ID":"10004","KEYIN_DATE":"20160516"}},{"type":"Feature","geometry":{"type":"LineString","coordinates":[[121.0223397632968,24.80862082566708],[121.0230907558861,24.80809709716222]]},"properties":{"name":"1","FID":"1713","SSEW_CAT":"1","PI_NUM":"96224071-FF38-4071-171","US_MH":"FF38","DS_MH":"4071-171","PI_TYP":"2","PI_WIDT":"0","PI_WIDB":"2.51","PI_HEI":"2.02","PI_LENG":"95.55","PI_MAT":"RCP","PI_THICK":"0","PI_SLOP":"0.0017","DES_FLOW":"0","DES_VELO":"0","US_BLE":"0","DS_BLE":"33.72","CITY_ID":"10004","KEYIN_DATE":"20160516"}},{"type":"Feature","geometry":{"type":"LineString","coordinates":[[121.0218673813194,24.80896866863002],[121.0223397632968,24.80862082566708]]},"properties":{"name":"1","FID":"1714","SSEW_CAT":"1","PI_NUM":"96224071-4071-171-4071-49","US_MH":"4071-171","DS_MH":"4071-49","PI_TYP":"2","PI_WIDT":"0","PI_WIDB":"2.51","PI_HEI":"2.02","PI_LENG":"61.36","PI_MAT":"RCP","PI_THICK":"0","PI_SLOP":"0.0067","DES_FLOW":"0","DES_VELO":"0","US_BLE":"33.72","DS_BLE":"33.31","CITY_ID":"10004","KEYIN_DATE":"20160516"}},{"type":"Feature","geometry":{"type":"LineString","coordinates":[[121.0216901056448,24.80875411137784],[121.0218673813194,24.80896866863002]]},"properties":{"name":"1","FID":"1715","SSEW_CAT":"1","PI_NUM":"96224071-4071-49-FF39","US_MH":"4071-49","DS_MH":"FF39","PI_TYP":"2","PI_WIDT":"0","PI_WIDB":"5.32","PI_HEI":"2.02","PI_LENG":"29.76","PI_MAT":"RCP","PI_THICK":"0","PI_SLOP":"-0.0047","DES_FLOW":"0","DES_VELO":"0","US_BLE":"33.31","DS_BLE":"0","CITY_ID":"10004","KEYIN_DATE":"20160516"}},{"type":"Feature","geometry":{"type":"LineString","coordinates":[[121.0245965309726,24.81001011964056],[121.0250297819682,24.81056988490719]]},"properties":{"name":"1","FID":"1716","SSEW_CAT":"1","PI_NUM":"96224071-4071-42-3-4071-42-2","US_MH":"4071-42-3","DS_MH":"4071-42-2","PI_TYP":"1","PI_WIDT":"0","PI_WIDB":"2.53","PI_HEI":"2.03","PI_LENG":"75.91","PI_MAT":"RCP","PI_THICK":"0","PI_SLOP":"0.0016","DES_FLOW":"0","DES_VELO":"0","US_BLE":"0","DS_BLE":"0","CITY_ID":"10004","KEYIN_DATE":"20160516"}},{"type":"Feature","geometry":{"type":"LineString","coordinates":[[121.0250297819682,24.81056988490719],[121.0254339759647,24.8110872464333]]},"properties":{"name":"1","FID":"1717","SSEW_CAT":"1","PI_NUM":"96224071-4071-42-4-4071-42-3","US_MH":"4071-42-4","DS_MH":"4071-42-3","PI_TYP":"1","PI_WIDT":"0","PI_WIDB":"2.52","PI_HEI":"2.03","PI_LENG":"70.38","PI_MAT":"RCP","PI_THICK":"0","PI_SLOP":"0.0016","DES_FLOW":"0","DES_VELO":"0","US_BLE":"0","DS_BLE":"0","CITY_ID":"10004","KEYIN_DATE":"20160516"}},{"type":"Feature","geometry":{"type":"LineString","coordinates":[[121.0254339759647,24.8110872464333],[121.0260001024396,24.81179241900283]]},"properties":{"name":"1","FID":"1718","SSEW_CAT":"1","PI_NUM":"96224071-FF35-4071-42-4","US_MH":"FF35","DS_MH":"4071-42-4","PI_TYP":"1","PI_WIDT":"0","PI_WIDB":"2.52","PI_HEI":"2.03","PI_LENG":"96.83","PI_MAT":"RCP","PI_THICK":"0","PI_SLOP":"0.0016","DES_FLOW":"0","DES_VELO":"0","US_BLE":"0","DS_BLE":"0","CITY_ID":"10004","KEYIN_DATE":"20160516"}},{"type":"Feature","geometry":{"type":"LineString","coordinates":[[121.0258188442365,24.80921520617544],[121.0264129826218,24.80989692522015]]},"properties":{"name":"1","FID":"1719","SSEW_CAT":"1","PI_NUM":"96224071-4071-43-4071-42","US_MH":"4071-43","DS_MH":"4071-42","PI_TYP":"1","PI_WIDT":"0","PI_WIDB":"2.02","PI_HEI":"2.01","PI_LENG":"96.48","PI_MAT":"RCP","PI_THICK":"0","PI_SLOP":"0.0029","DES_FLOW":"0","DES_VELO":"0","US_BLE":"35.42","DS_BLE":"35.14","CITY_ID":"10004","KEYIN_DATE":"20160516"}},{"type":"Feature","geometry":{"type":"LineString","coordinates":[[121.0258188442365,24.80921520617544],[121.0264066207544,24.8089094308532]]},"properties":{"name":"1","FID":"1720","SSEW_CAT":"1","PI_NUM":"96224071-4071-50-4071-42","US_MH":"4071-50","DS_MH":"4071-42","PI_TYP":"1","PI_WIDT":"0","PI_WIDB":"2.01","PI_HEI":"2.02","PI_LENG":"68.4","PI_MAT":"RCP","PI_THICK":"0","PI_SLOP":"0.0079","DES_FLOW":"0","DES_VELO":"0","US_BLE":"35.68","DS_BLE":"35.14","CITY_ID":"10004","KEYIN_DATE":"20160516"}},{"type":"Feature","geometry":{"type":"LineString","coordinates":[[121.0264066207544,24.8089094308532],[121.0272719905829,24.8084595332754]]},"properties":{"name":"1","FID":"1721","SSEW_CAT":"1","PI_NUM":"96224071-4071-51-4071-50","US_MH":"4071-51","DS_MH":"4071-50","PI_TYP":"1","PI_WIDT":"0","PI_WIDB":"2.02","PI_HEI":"2.01","PI_LENG":"100.68","PI_MAT":"RCP","PI_THICK":"0","PI_SLOP":"0.0059","DES_FLOW":"0","DES_VELO":"0","US_BLE":"36.27","DS_BLE":"35.68","CITY_ID":"10004","KEYIN_DATE":"20160516"}},{"type":"Feature","geometry":{"type":"LineString","coordinates":[[121.0272719905829,24.8084595332754],[121.0281347153644,24.80801959875681]]},"properties":{"name":"1","FID":"1722","SSEW_CAT":"1","PI_NUM":"96224071-4071-52-4071-51","US_MH":"4071-52","DS_MH":"4071-51","PI_TYP":"1","PI_WIDT":"0","PI_WIDB":"2","PI_HEI":"2.01","PI_LENG":"99.91","PI_MAT":"RCP","PI_THICK":"0","PI_SLOP":"0.0056","DES_FLOW":"0","DES_VELO":"0","US_BLE":"36.83","DS_BLE":"36.27","CITY_ID":"10004","KEYIN_DATE":"20160516"}},{"type":"Feature","geometry":{"type":"LineString","coordinates":[[121.0281347153644,24.80801959875681],[121.0290194138216,24.80758309488327]]},"properties":{"name":"1","FID":"1723","SSEW_CAT":"1","PI_NUM":"96224071-FF36-4071-52","US_MH":"FF36","DS_MH":"4071-52","PI_TYP":"1","PI_WIDT":"0","PI_WIDB":"2.04","PI_HEI":"2","PI_LENG":"101.67","PI_MAT":"RCP","PI_THICK":"0","PI_SLOP":"0.0051","DES_FLOW":"0","DES_VELO":"0","US_BLE":"0","DS_BLE":"36.83","CITY_ID":"10004","KEYIN_DATE":"20160516"}},{"type":"Feature","geometry":{"type":"LineString","coordinates":[[121.0290194138216,24.80758309488327],[121.0296977443734,24.80724839741441]]},"properties":{"name":"1","FID":"1724","SSEW_CAT":"1","PI_NUM":"96224071-4071-53-FF36","US_MH":"4071-53","DS_MH":"FF36","PI_TYP":"1","PI_WIDT":"0","PI_WIDB":"2.04","PI_HEI":"2","PI_LENG":"77.96","PI_MAT":"RCP","PI_THICK":"0","PI_SLOP":"0.0051","DES_FLOW":"0","DES_VELO":"0","US_BLE":"37.75","DS_BLE":"0","CITY_ID":"10004","KEYIN_DATE":"20160516"}},{"type":"Feature","geometry":{"type":"LineString","coordinates":[[121.0296977443734,24.80724839741441],[121.0304563703007,24.80687340387958]]},"properties":{"name":"1","FID":"1725","SSEW_CAT":"1","PI_NUM":"96224071-4071-54-4071-53","US_MH":"4071-54","DS_MH":"4071-53","PI_TYP":"1","PI_WIDT":"0","PI_WIDB":"2.02","PI_HEI":"2.01","PI_LENG":"87.22","PI_MAT":"RCP","PI_THICK":"0","PI_SLOP":"0.0036","DES_FLOW":"0","DES_VELO":"0","US_BLE":"38.06","DS_BLE":"37.75","CITY_ID":"10004","KEYIN_DATE":"20160516"}},{"type":"Feature","geometry":{"type":"LineString","coordinates":[[121.0252389919036,24.80856296974817],[121.0256615576107,24.80806501493861]]},"properties":{"name":"1","FID":"1726","SSEW_CAT":"1","PI_NUM":"96224071-4071-55-4071-41","US_MH":"4071-55","DS_MH":"4071-41","PI_TYP":"1","PI_WIDT":"0","PI_WIDB":"2.02","PI_HEI":"2","PI_LENG":"69.76","PI_MAT":"RCP","PI_THICK":"0","PI_SLOP":"0.0063","DES_FLOW":"0","DES_VELO":"0","US_BLE":"35.36","DS_BLE":"34.92","CITY_ID":"10004","KEYIN_DATE":"20160516"}},{"type":"Feature","geometry":{"type":"LineString","coordinates":[[121.0256615576107,24.80806501493861],[121.0260162385981,24.80758713230714]]},"properties":{"name":"1","FID":"1727","SSEW_CAT":"1","PI_NUM":"96224071-4071-56-4071-55","US_MH":"4071-56","DS_MH":"4071-55","PI_TYP":"1","PI_WIDT":"0","PI_WIDB":"2.03","PI_HEI":"2","PI_LENG":"63.93","PI_MAT":"RCP","PI_THICK":"0","PI_SLOP":"0.0047","DES_FLOW":"0","DES_VELO":"0","US_BLE":"35.66","DS_BLE":"35.36","CITY_ID":"10004","KEYIN_DATE":"20160516"}},{"type":"Feature","geometry":{"type":"LineString","coordinates":[[121.0260162385981,24.80758713230714],[121.0266364343384,24.80706413092132]]},"properties":{"name":"1","FID":"1728","SSEW_CAT":"1","PI_NUM":"96224071-4071-57-4071-56","US_MH":"4071-57","DS_MH":"4071-56","PI_TYP":"1","PI_WIDT":"0","PI_WIDB":"2.03","PI_HEI":"2.01","PI_LENG":"85.36","PI_MAT":"RCP","PI_THICK":"0","PI_SLOP":"0.0049","DES_FLOW":"0","DES_VELO":"0","US_BLE":"36.08","DS_BLE":"35.66","CITY_ID":"10004","KEYIN_DATE":"20160516"}},{"type":"Feature","geometry":{"type":"LineString","coordinates":[[121.0266364343384,24.80706413092132],[121.0275490420713,24.80661462950941]]},"properties":{"name":"1","FID":"1729","SSEW_CAT":"1","PI_NUM":"96224071-4071-58-4071-57","US_MH":"4071-58","DS_MH":"4071-57","PI_TYP":"1","PI_WIDT":"0","PI_WIDB":"2.01","PI_HEI":"2.04","PI_LENG":"104.84","PI_MAT":"RCP","PI_THICK":"0","PI_SLOP":"0.0051","DES_FLOW":"0","DES_VELO":"0","US_BLE":"36.61","DS_BLE":"36.08","CITY_ID":"10004","KEYIN_DATE":"20160516"}},{"type":"Feature","geometry":{"type":"LineString","coordinates":[[121.0275490420713,24.80661462950941],[121.0285093272944,24.80628425505388]]},"properties":{"name":"1","FID":"1730","SSEW_CAT":"1","PI_NUM":"96224071-4071-59-4071-58","US_MH":"4071-59","DS_MH":"4071-58","PI_TYP":"1","PI_WIDT":"0","PI_WIDB":"2.01","PI_HEI":"2.03","PI_LENG":"103.75","PI_MAT":"RCP","PI_THICK":"0","PI_SLOP":"0.0047","DES_FLOW":"0","DES_VELO":"0","US_BLE":"37.1","DS_BLE":"36.61","CITY_ID":"10004","KEYIN_DATE":"20160516"}},{"type":"Feature","geometry":{"type":"LineString","coordinates":[[121.01348360444,24.82796302141056],[121.0147255912597,24.82755690656922]]},"properties":{"name":"1","FID":"1731","SSEW_CAT":"1","PI_NUM":"96224061-4071-59-1-4071-59-2","US_MH":"4071-59-1","DS_MH":"4071-59-2","PI_TYP":"1","PI_WIDT":"0","PI_WIDB":"5.03","PI_HEI":"3.03","PI_LENG":"133.36","PI_MAT":"RCP","PI_THICK":"0","PI_SLOP":"0.0028","DES_FLOW":"0","DES_VELO":"0","US_BLE":"23.04","DS_BLE":"0","CITY_ID":"10004","KEYIN_DATE":"20160516"}},{"type":"Feature","geometry":{"type":"LineString","coordinates":[[121.0126052658511,24.82849588419317],[121.01348360444,24.82796302141056]]},"properties":{"name":"1","FID":"1732","SSEW_CAT":"1","PI_NUM":"96224061-4071-59-2-4071-59-3","US_MH":"4071-59-2","DS_MH":"4071-59-3","PI_TYP":"1","PI_WIDT":"0","PI_WIDB":"5","PI_HEI":"3","PI_LENG":"106.61","PI_MAT":"RCP","PI_THICK":"0","PI_SLOP":"0.0028","DES_FLOW":"0","DES_VELO":"0","US_BLE":"0","DS_BLE":"0","CITY_ID":"10004","KEYIN_DATE":"20160516"}},{"type":"Feature","geometry":{"type":"LineString","coordinates":[[121.0121655288175,24.82895453687247],[121.0126052658511,24.82849588419317]]},"properties":{"name":"1","FID":"1733","SSEW_CAT":"1","PI_NUM":"96224061-4071-59-3-FF41","US_MH":"4071-59-3","DS_MH":"FF41","PI_TYP":"1","PI_WIDT":"0","PI_WIDB":"5.02","PI_HEI":"3","PI_LENG":"67.5","PI_MAT":"RCP","PI_THICK":"0","PI_SLOP":"0.0028","DES_FLOW":"0","DES_VELO":"0","US_BLE":"0","DS_BLE":"0","CITY_ID":"10004","KEYIN_DATE":"20160516","NOTE":"有疑似私接管線"}},{"type":"Feature","geometry":{"type":"LineString","coordinates":[[121.0115443901618,24.82615275240073],[121.0122929283092,24.82579259632297]]},"properties":{"name":"1","FID":"1734","SSEW_CAT":"1","PI_NUM":"96224061-4071-59A-4071-59B","US_MH":"4071-59A","DS_MH":"4071-59B","PI_TYP":"1","PI_WIDT":"0","PI_WIDB":"2.03","PI_HEI":"2.03","PI_LENG":"85.53","PI_MAT":"RCP","PI_THICK":"0","PI_SLOP":"0.003","DES_FLOW":"0","DES_VELO":"0","US_BLE":"0","DS_BLE":"0","CITY_ID":"10004","KEYIN_DATE":"20160516"}},{"type":"Feature","geometry":{"type":"LineString","coordinates":[[121.0107583546604,24.82653094654583],[121.0115443901618,24.82615275240073]]},"properties":{"name":"1","FID":"1735","SSEW_CAT":"1","PI_NUM":"96224061-4071-59B-4071-59C","US_MH":"4071-59B","DS_MH":"4071-59C","PI_TYP":"1","PI_WIDT":"0","PI_WIDB":"2.03","PI_HEI":"2.03","PI_LENG":"89.82","PI_MAT":"RCP","PI_THICK":"0","PI_SLOP":"0.0052","DES_FLOW":"0","DES_VELO":"0","US_BLE":"0","DS_BLE":"0","CITY_ID":"10004","KEYIN_DATE":"20160516"}},{"type":"Feature","geometry":{"type":"LineString","coordinates":[[121.0101513717659,24.8268229917225],[121.0107583546604,24.82653094654583]]},"properties":{"name":"1","FID":"1736","SSEW_CAT":"1","PI_NUM":"96224061-4071-59C-4071-59D","US_MH":"4071-59C","DS_MH":"4071-59D","PI_TYP":"1","PI_WIDT":"0","PI_WIDB":"2.03","PI_HEI":"2.03","PI_LENG":"69.36","PI_MAT":"RCP","PI_THICK":"0","PI_SLOP":"0.0037","DES_FLOW":"0","DES_VELO":"0","US_BLE":"0","DS_BLE":"0","CITY_ID":"10004","KEYIN_DATE":"20160516"}},{"type":"Feature","geometry":{"type":"LineString","coordinates":[[121.0097335744226,24.82702786923047],[121.0101513717659,24.8268229917225]]},"properties":{"name":"1","FID":"1737","SSEW_CAT":"1","PI_NUM":"96224061-4071-59D-FF42","US_MH":"4071-59D","DS_MH":"FF42","PI_TYP":"1","PI_WIDT":"0","PI_WIDB":"2.4","PI_HEI":"2.42","PI_LENG":"69.87","PI_MAT":"RCP","PI_THICK":"0","PI_SLOP":"0.0024","DES_FLOW":"0","DES_VELO":"0","US_BLE":"0","DS_BLE":"0","CITY_ID":"10004","KEYIN_DATE":"20160516","NOTE":"有疑似私接管線"}},{"type":"Feature","geometry":{"type":"LineString","coordinates":[[121.0102443649915,24.8278873118728],[121.009978697875,24.8274337785581]]},"properties":{"name":"1","FID":"1738","SSEW_CAT":"1","PI_NUM":"96224061-4071-59E-4071-59F","US_MH":"4071-59E","DS_MH":"4071-59F","PI_TYP":"1","PI_WIDT":"0","PI_WIDB":"2.4","PI_HEI":"2.4","PI_LENG":"56.96","PI_MAT":"RCP","PI_THICK":"0","PI_SLOP":"0.0061","DES_FLOW":"0","DES_VELO":"0","US_BLE":"0","DS_BLE":"0","CITY_ID":"10004","KEYIN_DATE":"20160516"}},{"type":"Feature","geometry":{"type":"LineString","coordinates":[[121.0105948407614,24.82848561214772],[121.0102443649915,24.8278873118728]]},"properties":{"name":"1","FID":"1739","SSEW_CAT":"1","PI_NUM":"96224061-4071-59F-4071-59G","US_MH":"4071-59F","DS_MH":"4071-59G","PI_TYP":"1","PI_WIDT":"0","PI_WIDB":"2.4","PI_HEI":"2.4","PI_LENG":"75.14","PI_MAT":"RCP","PI_THICK":"0","PI_SLOP":"0.0007","DES_FLOW":"0","DES_VELO":"0","US_BLE":"0","DS_BLE":"0","CITY_ID":"10004","KEYIN_DATE":"20160516"}},{"type":"Feature","geometry":{"type":"LineString","coordinates":[[121.0109820321509,24.8290664565965],[121.0105948407614,24.82848561214772]]},"properties":{"name":"1","FID":"1740","SSEW_CAT":"1","PI_NUM":"96224061-4071-59G-FF43","US_MH":"4071-59G","DS_MH":"FF43","PI_TYP":"1","PI_WIDT":"0","PI_WIDB":"2.4","PI_HEI":"2.4","PI_LENG":"75.3","PI_MAT":"RCP","PI_THICK":"0","PI_SLOP":"0.0007","DES_FLOW":"0","DES_VELO":"0","US_BLE":"0","DS_BLE":"0","CITY_ID":"10004","KEYIN_DATE":"20160516"}},{"type":"Feature","geometry":{"type":"LineString","coordinates":[[121.0265156464559,24.82401688471813],[121.0270451928555,24.8238482801815]]},"properties":{"name":"1","FID":"1741","SSEW_CAT":"1","PI_NUM":"96224061-4071-64-4061-35","US_MH":"4071-64","DS_MH":"4061-35","PI_TYP":"5","PI_WIDT":"0","PI_WIDB":"1.1","PI_HEI":"0","PI_LENG":"56.69","PI_MAT":"RCP","PI_THICK":"0","PI_SLOP":"-0.0002","DES_FLOW":"0","DES_VELO":"0","US_BLE":"32.52","DS_BLE":"32.53","CITY_ID":"10004","KEYIN_DATE":"20160516"}},{"type":"Feature","geometry":{"type":"LineString","coordinates":[[121.0255567014586,24.82187964884881],[121.0262802191117,24.82163623885543]]},"properties":{"name":"1","FID":"1742","SSEW_CAT":"1","PI_NUM":"96224071-4071-67-4071-68","US_MH":"4071-67","DS_MH":"4071-68","PI_TYP":"1","PI_WIDT":"0","PI_WIDB":"2.01","PI_HEI":"1.5","PI_LENG":"139.63","PI_MAT":"RCP","PI_THICK":"0","PI_SLOP":"0.0044","DES_FLOW":"0","DES_VELO":"0","US_BLE":"32.35","DS_BLE":"31.74","CITY_ID":"10004","KEYIN_DATE":"20160516"}},{"type":"Feature","geometry":{"type":"LineString","coordinates":[[121.0249429189772,24.8221155613942],[121.0255567014586,24.82187964884881]]},"properties":{"name":"1","FID":"1743","SSEW_CAT":"1","PI_NUM":"96224071-4071-68-4071-69","US_MH":"4071-68","DS_MH":"4071-69","PI_TYP":"1","PI_WIDT":"0","PI_WIDB":"2","PI_HEI":"1.21","PI_LENG":"67.32","PI_MAT":"RCP","PI_THICK":"0","PI_SLOP":"0.0025","DES_FLOW":"0","DES_VELO":"0","US_BLE":"31.74","DS_BLE":"31.57","CITY_ID":"10004","KEYIN_DATE":"20160516"}},{"type":"Feature","geometry":{"type":"LineString","coordinates":[[121.0251941471959,24.82257363030107],[121.0249429189772,24.8221155613942]]},"properties":{"name":"1","FID":"1744","SSEW_CAT":"1","PI_NUM":"96224071-4071-69-96224061-FF44","US_MH":"4071-69","DS_MH":"FF44","PI_TYP":"1","PI_WIDT":"0","PI_WIDB":"1.99","PI_HEI":"1.29","PI_LENG":"109.97","PI_MAT":"RCP","PI_THICK":"0","PI_SLOP":"0.0058","DES_FLOW":"0","DES_VELO":"0","US_BLE":"31.57","DS_BLE":"0","CITY_ID":"10004","KEYIN_DATE":"20160516"}},{"type":"Feature","geometry":{"type":"LineString","coordinates":[[121.022602059851,24.81975035028823],[121.0231461318355,24.8195094833259]]},"properties":{"name":"1","FID":"1745","SSEW_CAT":"1","PI_NUM":"96224071-4071-72-4071-73","US_MH":"4071-72","DS_MH":"4071-73","PI_TYP":"1","PI_WIDT":"0","PI_WIDB":"0","PI_HEI":"0","PI_LENG":"61.13","PI_MAT":"RCP","PI_THICK":"0","PI_SLOP":"0","DES_FLOW":"0","DES_VELO":"0","US_BLE":"0","DS_BLE":"30.69","CITY_ID":"10004","KEYIN_DATE":"20160516"}},{"type":"Feature","geometry":{"type":"LineString","coordinates":[[121.0231461318355,24.8195094833259],[121.0237348356252,24.81926420134403]]},"properties":{"name":"1","FID":"1746","SSEW_CAT":"1","PI_NUM":"96224071-4071-74-4071-72","US_MH":"4071-74","DS_MH":"4071-72","PI_TYP":"1","PI_WIDT":"0","PI_WIDB":"3.02","PI_HEI":"1.43","PI_LENG":"71.9","PI_MAT":"RCP","PI_THICK":"0","PI_SLOP":"0","DES_FLOW":"0","DES_VELO":"0","US_BLE":"31.16","DS_BLE":"0","CITY_ID":"10004","KEYIN_DATE":"20160516"}},{"type":"Feature","geometry":{"type":"LineString","coordinates":[[121.0249265460355,24.81875097526401],[121.0250056489871,24.81871773680562]]},"properties":{"name":"1","FID":"1747","SSEW_CAT":"1","PI_NUM":"96224071-4071-75-FF57","US_MH":"4071-75","DS_MH":"FF57","PI_TYP":"1","PI_WIDT":"0","PI_WIDB":"3.01","PI_HEI":"1.49","PI_LENG":"8.81","PI_MAT":"RCP","PI_THICK":"0","PI_SLOP":"0.009","DES_FLOW":"0","DES_VELO":"0","US_BLE":"32.38","DS_BLE":"0","CITY_ID":"10004","KEYIN_DATE":"20160516"}},{"type":"Feature","geometry":{"type":"LineString","coordinates":[[121.0237886244611,24.81923107588964],[121.0249265460355,24.81875097526401]]},"properties":{"name":"1","FID":"1748","SSEW_CAT":"1","PI_NUM":"96224071-FF57-4071-74","US_MH":"FF57","DS_MH":"4071-74","PI_TYP":"1","PI_WIDT":"0","PI_WIDB":"3.01","PI_HEI":"1.49","PI_LENG":"126.72","PI_MAT":"RCP","PI_THICK":"0","PI_SLOP":"0.009","DES_FLOW":"0","DES_VELO":"0","US_BLE":"0","DS_BLE":"31.16","CITY_ID":"10004","KEYIN_DATE":"20160516"}},{"type":"Feature","geometry":{"type":"LineString","coordinates":[[121.0249265460355,24.81875097526401],[121.0249837734355,24.81884860101145]]},"properties":{"name":"1","FID":"1749","SSEW_CAT":"1","PI_NUM":"96224071-4071-76-FF57","US_MH":"4071-76","DS_MH":"FF57","PI_TYP":"5","PI_WIDT":"0","PI_WIDB":"1.2","PI_HEI":"0","PI_LENG":"55.78","PI_MAT":"RCP","PI_THICK":"0","PI_SLOP":"0","DES_FLOW":"0","DES_VELO":"0","US_BLE":"32.25","DS_BLE":"0","CITY_ID":"10004","KEYIN_DATE":"20160516"}},{"type":"Feature","geometry":{"type":"LineString","coordinates":[[121.0251874639706,24.81931666369985],[121.0252714986026,24.81930781955205]]},"properties":{"name":"1","FID":"1750","SSEW_CAT":"1","PI_NUM":"96224071-4071-77-4071-78","US_MH":"4071-77","DS_MH":"4071-78","PI_TYP":"5","PI_WIDT":"0","PI_WIDB":"1","PI_HEI":"0","PI_LENG":"8.55","PI_MAT":"RCP","PI_THICK":"0","PI_SLOP":"0","DES_FLOW":"0","DES_VELO":"0","US_BLE":"32.61","DS_BLE":"0","CITY_ID":"10004","KEYIN_DATE":"20160516"}},{"type":"Feature","geometry":{"type":"LineString","coordinates":[[121.0249837734355,24.81884860101145],[121.0251874639706,24.81931666369985]]},"properties":{"name":"1","FID":"1751","SSEW_CAT":"1","PI_NUM":"96224071-4071-78-4071-76","US_MH":"4071-78","DS_MH":"4071-76","PI_TYP":"5","PI_WIDT":"0","PI_WIDB":"1.2","PI_HEI":"0","PI_LENG":"55.78","PI_MAT":"RCP","PI_THICK":"0","PI_SLOP":"0","DES_FLOW":"0","DES_VELO":"0","US_BLE":"0","DS_BLE":"32.04","CITY_ID":"10004","KEYIN_DATE":"20160516"}},{"type":"Feature","geometry":{"type":"LineString","coordinates":[[121.0251874639706,24.81931666369985],[121.0252324844183,24.81941372259793]]},"properties":{"name":"1","FID":"1752","SSEW_CAT":"1","PI_NUM":"96224071-4071-79-4071-78","US_MH":"4071-79","DS_MH":"4071-78","PI_TYP":"5","PI_WIDT":"0","PI_WIDB":"0.9","PI_HEI":"0","PI_LENG":"11.67","PI_MAT":"RCP","PI_THICK":"0","PI_SLOP":"0","DES_FLOW":"0","DES_VELO":"0","US_BLE":"31.97","DS_BLE":"0","CITY_ID":"10004","KEYIN_DATE":"20160516"}},{"type":"Feature","geometry":{"type":"LineString","coordinates":[[121.0250056489871,24.81871773680562],[121.0257430752563,24.81841391661779]]},"properties":{"name":"1","FID":"1753","SSEW_CAT":"1","PI_NUM":"96224071-4071-80-4071-75","US_MH":"4071-80","DS_MH":"4071-75","PI_TYP":"1","PI_WIDT":"0","PI_WIDB":"0","PI_HEI":"0","PI_LENG":"81.79","PI_MAT":"RCP","PI_THICK":"0","PI_SLOP":"0","DES_FLOW":"0","DES_VELO":"0","US_BLE":"32.38","DS_BLE":"0","CITY_ID":"10004","KEYIN_DATE":"20160516"}},{"type":"Feature","geometry":{"type":"LineString","coordinates":[[121.0257430752563,24.81841391661779],[121.0264991421616,24.81809661880787]]},"properties":{"name":"1","FID":"1754","SSEW_CAT":"1","PI_NUM":"96224071-4071-81-4071-80","US_MH":"4071-81","DS_MH":"4071-80","PI_TYP":"1","PI_WIDT":"0","PI_WIDB":"3.02","PI_HEI":"1.51","PI_LENG":"84.12","PI_MAT":"RCP","PI_THICK":"0","PI_SLOP":"0","DES_FLOW":"0","DES_VELO":"0","US_BLE":"33.69","DS_BLE":"0","CITY_ID":"10004","KEYIN_DATE":"20160516"}},{"type":"Feature","geometry":{"type":"LineString","coordinates":[[121.0249265460355,24.81875097526401],[121.0248823110499,24.81867135939263]]},"properties":{"name":"1","FID":"1755","SSEW_CAT":"1","PI_NUM":"96224071-4071-82-FF57","US_MH":"4071-82","DS_MH":"FF57","PI_TYP":"5","PI_WIDT":"0","PI_WIDB":"1.2","PI_HEI":"0","PI_LENG":"9.89","PI_MAT":"RCP","PI_THICK":"0","PI_SLOP":"0","DES_FLOW":"0","DES_VELO":"0","US_BLE":"32.36","DS_BLE":"0","CITY_ID":"10004","KEYIN_DATE":"20160516"}},{"type":"Feature","geometry":{"type":"LineString","coordinates":[[121.0238885319328,24.81708309227983],[121.0240971946243,24.81731262910678]]},"properties":{"name":"1","FID":"1756","SSEW_CAT":"1","PI_NUM":"96224071-4071-83-4071-85","US_MH":"4071-83","DS_MH":"4071-85","PI_TYP":"5","PI_WIDT":"0","PI_WIDB":"0.6","PI_HEI":"0","PI_LENG":"33.03","PI_MAT":"RCP","PI_THICK":"0","PI_SLOP":"0.0115","DES_FLOW":"0","DES_VELO":"0","US_BLE":"32.68","DS_BLE":"32.3","CITY_ID":"10004","KEYIN_DATE":"20160516"}},{"type":"Feature","geometry":{"type":"LineString","coordinates":[[121.0229853204409,24.81747550857168],[121.0238885319328,24.81708309227983]]},"properties":{"name":"1","FID":"1757","SSEW_CAT":"1","PI_NUM":"96224071-4071-85-4071-86","US_MH":"4071-85","DS_MH":"4071-86","PI_TYP":"1","PI_WIDT":"0","PI_WIDB":"1.54","PI_HEI":"2.05","PI_LENG":"101.12","PI_MAT":"RCP","PI_THICK":"0","PI_SLOP":"0","DES_FLOW":"0","DES_VELO":"0","US_BLE":"32.33","DS_BLE":"0","CITY_ID":"10004","KEYIN_DATE":"20160516"}},{"type":"Feature","geometry":{"type":"LineString","coordinates":[[121.0228884386907,24.81754866414298],[121.0229853204409,24.81747550857168]]},"properties":{"name":"1","FID":"1758","SSEW_CAT":"1","PI_NUM":"96224071-4071-86-4071-87","US_MH":"4071-86","DS_MH":"4071-87","PI_TYP":"5","PI_WIDT":"0","PI_WIDB":"1.2","PI_HEI":"0","PI_LENG":"12.71","PI_MAT":"RCP","PI_THICK":"0","PI_SLOP":"0","DES_FLOW":"0","DES_VELO":"0","US_BLE":"0","DS_BLE":"31.81","CITY_ID":"10004","KEYIN_DATE":"20160516"}},{"type":"Feature","geometry":{"type":"LineString","coordinates":[[121.0225604763277,24.81682537837323],[121.0228884386907,24.81754866414298]]},"properties":{"name":"1","FID":"1759","SSEW_CAT":"1","PI_NUM":"96224071-4071-87-4071-91","US_MH":"4071-87","DS_MH":"4071-91","PI_TYP":"1","PI_WIDT":"0","PI_WIDB":"2","PI_HEI":"2.84","PI_LENG":"86.7","PI_MAT":"RCP","PI_THICK":"0","PI_SLOP":"0","DES_FLOW":"0","DES_VELO":"0","US_BLE":"0","DS_BLE":"0","CITY_ID":"10004","KEYIN_DATE":"20160516"}},{"type":"Feature","geometry":{"type":"LineString","coordinates":[[121.022274529857,24.81621218939628],[121.0225604763277,24.81682537837323]]},"properties":{"name":"1","FID":"1760","SSEW_CAT":"1","PI_NUM":"96224071-4071-91-4071-92","US_MH":"4071-91","DS_MH":"4071-92","PI_TYP":"1","PI_WIDT":"0","PI_WIDB":"0","PI_HEI":"0","PI_LENG":"73.81","PI_MAT":"RCP","PI_THICK":"0","PI_SLOP":"0","DES_FLOW":"0","DES_VELO":"0","US_BLE":"0","DS_BLE":"0","CITY_ID":"10004","KEYIN_DATE":"20160516"}},{"type":"Feature","geometry":{"type":"LineString","coordinates":[[121.0216744557348,24.81631037334704],[121.0221401773737,24.8161207044348]]},"properties":{"name":"1","FID":"1761","SSEW_CAT":"1","PI_NUM":"96224071-4071-93-4071-93-1","US_MH":"4071-93","DS_MH":"4071-93-1","PI_TYP":"1","PI_WIDT":"0","PI_WIDB":"1.03","PI_HEI":"1.85","PI_LENG":"51.55","PI_MAT":"RCP","PI_THICK":"0","PI_SLOP":"0.0042","DES_FLOW":"0","DES_VELO":"0","US_BLE":"32.52","DS_BLE":"0","CITY_ID":"10004","KEYIN_DATE":"20160516"}},{"type":"Feature","geometry":{"type":"LineString","coordinates":[[121.0212394756078,24.81648753182574],[121.0216744557348,24.81631037334704]]},"properties":{"name":"1","FID":"1762","SSEW_CAT":"1","PI_NUM":"96224071-4071-93-1-4071-94","US_MH":"4071-93-1","DS_MH":"4071-94","PI_TYP":"1","PI_WIDT":"0","PI_WIDB":"1.01","PI_HEI":"1.82","PI_LENG":"48.15","PI_MAT":"RCP","PI_THICK":"0","PI_SLOP":"0.0054","DES_FLOW":"0","DES_VELO":"0","US_BLE":"0","DS_BLE":"32.1","CITY_ID":"10004","KEYIN_DATE":"20160516"}},{"type":"Feature","geometry":{"type":"LineString","coordinates":[[121.0207881829493,24.81667081269766],[121.0212394756078,24.81648753182574]]},"properties":{"name":"1","FID":"1763","SSEW_CAT":"1","PI_NUM":"96224071-4071-94-4071-95","US_MH":"4071-94","DS_MH":"4071-95","PI_TYP":"1","PI_WIDT":"0","PI_WIDB":"1.01","PI_HEI":"1.84","PI_LENG":"49.93","PI_MAT":"RCP","PI_THICK":"0","PI_SLOP":"0.0054","DES_FLOW":"0","DES_VELO":"0","US_BLE":"32.1","DS_BLE":"31.83","CITY_ID":"10004","KEYIN_DATE":"20160516"}},{"type":"Feature","geometry":{"type":"LineString","coordinates":[[121.0203201129803,24.81686203062729],[121.0207881829493,24.81667081269766]]},"properties":{"name":"1","FID":"1764","SSEW_CAT":"1","PI_NUM":"96224071-4071-95-4071-102","US_MH":"4071-95","DS_MH":"4071-102","PI_TYP":"1","PI_WIDT":"0","PI_WIDB":"1.02","PI_HEI":"1.83","PI_LENG":"51.84","PI_MAT":"RCP","PI_THICK":"0","PI_SLOP":"0.0048","DES_FLOW":"0","DES_VELO":"0","US_BLE":"31.83","DS_BLE":"31.58","CITY_ID":"10004","KEYIN_DATE":"20160516"}},{"type":"Feature","geometry":{"type":"LineString","coordinates":[[121.0216585063134,24.81504018630992],[121.0219485767341,24.81556741460625]]},"properties":{"name":"1","FID":"1765","SSEW_CAT":"1","PI_NUM":"96224071-4071-96-4071-97","US_MH":"4071-96","DS_MH":"4071-97","PI_TYP":"5","PI_WIDT":"0","PI_WIDB":"1.5","PI_HEI":"0","PI_LENG":"65.34","PI_MAT":"RCP","PI_THICK":"0","PI_SLOP":"0.0006","DES_FLOW":"0","DES_VELO":"0","US_BLE":"33.18","DS_BLE":"33.14","CITY_ID":"10004","KEYIN_DATE":"20160516"}},{"type":"Feature","geometry":{"type":"LineString","coordinates":[[121.0212374408993,24.81424221717479],[121.0216585063134,24.81504018630992]]},"properties":{"name":"1","FID":"1766","SSEW_CAT":"1","PI_NUM":"96224071-4071-97-4071-97A","US_MH":"4071-97","DS_MH":"4071-97A","PI_TYP":"5","PI_WIDT":"0","PI_WIDB":"1.47","PI_HEI":"0","PI_LENG":"98.1","PI_MAT":"RCP","PI_THICK":"0","PI_SLOP":"0.0023","DES_FLOW":"0","DES_VELO":"0","US_BLE":"33.47","DS_BLE":"0","CITY_ID":"10004","KEYIN_DATE":"20160516"}},{"type":"Feature","geometry":{"type":"LineString","coordinates":[[121.0209745251354,24.81374395639983],[121.0212374408993,24.81424221717479]]},"properties":{"name":"1","FID":"1767","SSEW_CAT":"1","PI_NUM":"96224071-4071-97A-FF64","US_MH":"4071-97A","DS_MH":"FF64","PI_TYP":"5","PI_WIDT":"0","PI_WIDB":"1.47","PI_HEI":"0","PI_LENG":"61.25","PI_MAT":"RCP","PI_THICK":"0","PI_SLOP":"0.0023","DES_FLOW":"0","DES_VELO":"0","US_BLE":"33.107","DS_BLE":"32.88","CITY_ID":"10004","KEYIN_DATE":"20160516"}},{"type":"Feature","geometry":{"type":"LineString","coordinates":[[121.0208972773055,24.81361952591018],[121.0209257067139,24.8136771515397]]},"properties":{"name":"1","FID":"1768","SSEW_CAT":"1","PI_NUM":"96224071-FF68-4071-98","US_MH":"FF68","DS_MH":"4071-98","PI_TYP":"5","PI_WIDT":"0","PI_WIDB":"1.2","PI_HEI":"0","PI_LENG":"7","PI_MAT":"RCP","PI_THICK":"0","PI_SLOP":"0.008","DES_FLOW":"0","DES_VELO":"0","US_BLE":"0","DS_BLE":"33.52","CITY_ID":"10004","KEYIN_DATE":"20160516"}},{"type":"Feature","geometry":{"type":"LineString","coordinates":[[121.0206547328576,24.81312779839553],[121.0208972773055,24.81361952591018]]},"properties":{"name":"1","FID":"1769","SSEW_CAT":"1","PI_NUM":"96224071-4071-98-4071-99","US_MH":"4071-98","DS_MH":"4071-99","PI_TYP":"5","PI_WIDT":"0","PI_WIDB":"1.2","PI_HEI":"0","PI_LENG":"59.73","PI_MAT":"RCP","PI_THICK":"0","PI_SLOP":"0.008","DES_FLOW":"0","DES_VELO":"0","US_BLE":"33.27","DS_BLE":"32.79","CITY_ID":"10004","KEYIN_DATE":"20160516"}},{"type":"Feature","geometry":{"type":"LineString","coordinates":[[121.0203120645427,24.81245588207231],[121.0206547328576,24.81312779839553]]},"properties":{"name":"1","FID":"1770","SSEW_CAT":"1","PI_NUM":"96224071-4071-99-4071-100","US_MH":"4071-99","DS_MH":"4071-100","PI_TYP":"5","PI_WIDT":"0","PI_WIDB":"1.2","PI_HEI":"0","PI_LENG":"82.09","PI_MAT":"RCP","PI_THICK":"0","PI_SLOP":"0.0065","DES_FLOW":"0","DES_VELO":"0","US_BLE":"32.72","DS_BLE":"32.19","CITY_ID":"10004","KEYIN_DATE":"20160516"}},{"type":"Feature","geometry":{"type":"LineString","coordinates":[[121.0199837135627,24.81184637777156],[121.0203120645427,24.81245588207231]]},"properties":{"name":"1","FID":"1771","SSEW_CAT":"1","PI_NUM":"96224071-4071-100-4071-101","US_MH":"4071-100","DS_MH":"4071-101","PI_TYP":"5","PI_WIDT":"0","PI_WIDB":"1.2","PI_HEI":"0","PI_LENG":"75.23","PI_MAT":"RCP","PI_THICK":"0","PI_SLOP":"0.0162","DES_FLOW":"0","DES_VELO":"0","US_BLE":"32.17","DS_BLE":"30.95","CITY_ID":"10004","KEYIN_DATE":"20160516"}},{"type":"Feature","geometry":{"type":"LineString","coordinates":[[121.0195997227432,24.8111009903766],[121.0199837135627,24.81184637777156]]},"properties":{"name":"1","FID":"1772","SSEW_CAT":"1","PI_NUM":"96224071-4071-101-4071-114","US_MH":"4071-101","DS_MH":"4071-114","PI_TYP":"5","PI_WIDT":"0","PI_WIDB":"1.2","PI_HEI":"0","PI_LENG":"91.23","PI_MAT":"RCP","PI_THICK":"0","PI_SLOP":"0.018","DES_FLOW":"0","DES_VELO":"0","US_BLE":"30.93","DS_BLE":"29.29","CITY_ID":"10004","KEYIN_DATE":"20160516"}},{"type":"Feature","geometry":{"type":"LineString","coordinates":[[121.0198759692954,24.81704259918644],[121.0203201129803,24.81686203062729]]},"properties":{"name":"1","FID":"1773","SSEW_CAT":"1","PI_NUM":"96224071-4071-102-4071-102-1","US_MH":"4071-102","DS_MH":"4071-102-1","PI_TYP":"1","PI_WIDT":"0","PI_WIDB":"1.01","PI_HEI":"1.85","PI_LENG":"49.15","PI_MAT":"RCP","PI_THICK":"0","PI_SLOP":"0.0084","DES_FLOW":"0","DES_VELO":"0","US_BLE":"31.58","DS_BLE":"0","CITY_ID":"10004","KEYIN_DATE":"20160516"}},{"type":"Feature","geometry":{"type":"LineString","coordinates":[[121.0194171154182,24.81722915429757],[121.0198759692954,24.81704259918644]]},"properties":{"name":"1","FID":"1774","SSEW_CAT":"1","PI_NUM":"96224071-4071-102-1-4071-104","US_MH":"4071-102-1","DS_MH":"4071-104","PI_TYP":"1","PI_WIDT":"0","PI_WIDB":"1.01","PI_HEI":"1.83","PI_LENG":"50.78","PI_MAT":"RCP","PI_THICK":"0","PI_SLOP":"0.0084","DES_FLOW":"0","DES_VELO":"0","US_BLE":"0","DS_BLE":"30.74","CITY_ID":"10004","KEYIN_DATE":"20160516"}},{"type":"Feature","geometry":{"type":"LineString","coordinates":[[121.0190978912508,24.81735883711735],[121.0194171154182,24.81722915429757]]},"properties":{"name":"1","FID":"1775","SSEW_CAT":"1","PI_NUM":"96224071-4071-104-4071-104-1","US_MH":"4071-104","DS_MH":"4071-104-1","PI_TYP":"1","PI_WIDT":"0","PI_WIDB":"1","PI_HEI":"1.82","PI_LENG":"35.32","PI_MAT":"RCP","PI_THICK":"0","PI_SLOP":"0.0061","DES_FLOW":"0","DES_VELO":"0","US_BLE":"30.74","DS_BLE":"0","CITY_ID":"10004","KEYIN_DATE":"20160516"}},{"type":"Feature","geometry":{"type":"LineString","coordinates":[[121.0185135387725,24.81759624548647],[121.0190978912508,24.81735883711735]]},"properties":{"name":"1","FID":"1776","SSEW_CAT":"1","PI_NUM":"96224071-4071-104-1-4071-105","US_MH":"4071-104-1","DS_MH":"4071-105","PI_TYP":"1","PI_WIDT":"0","PI_WIDB":"1.01","PI_HEI":"1.84","PI_LENG":"64.66","PI_MAT":"RCP","PI_THICK":"0","PI_SLOP":"0.0061","DES_FLOW":"0","DES_VELO":"0","US_BLE":"0","DS_BLE":"30.13","CITY_ID":"10004","KEYIN_DATE":"20160516"}},{"type":"Feature","geometry":{"type":"LineString","coordinates":[[121.0181003809758,24.81776606990999],[121.0185135387725,24.81759624548647]]},"properties":{"name":"1","FID":"1777","SSEW_CAT":"1","PI_NUM":"96224071-4071-105-4071-105-1","US_MH":"4071-105","DS_MH":"4071-105-1","PI_TYP":"1","PI_WIDT":"0","PI_WIDB":"1.02","PI_HEI":"1.82","PI_LENG":"45.81","PI_MAT":"RCP","PI_THICK":"0","PI_SLOP":"0.0061","DES_FLOW":"0","DES_VELO":"0","US_BLE":"30.13","DS_BLE":"0","CITY_ID":"10004","KEYIN_DATE":"20160516"}},{"type":"Feature","geometry":{"type":"LineString","coordinates":[[121.0176149725411,24.81796559679021],[121.0181003809758,24.81776606990999]]},"properties":{"name":"1","FID":"1778","SSEW_CAT":"1","PI_NUM":"96224071-4071-105-1-4071-127","US_MH":"4071-105-1","DS_MH":"4071-127","PI_TYP":"1","PI_WIDT":"0","PI_WIDB":"1","PI_HEI":"1.84","PI_LENG":"53.82","PI_MAT":"RCP","PI_THICK":"0","PI_SLOP":"0.004","DES_FLOW":"0","DES_VELO":"0","US_BLE":"0","DS_BLE":"29.73","CITY_ID":"10004","KEYIN_DATE":"20160516"}},{"type":"Feature","geometry":{"type":"LineString","coordinates":[[121.0198037560314,24.81592460570242],[121.0200418821463,24.81642502052172]]},"properties":{"name":"1","FID":"1779","SSEW_CAT":"1","PI_NUM":"96224071-4071-106-4071-107","US_MH":"4071-106","DS_MH":"4071-107","PI_TYP":"5","PI_WIDT":"0","PI_WIDB":"1.47","PI_HEI":"0","PI_LENG":"60.43","PI_MAT":"RCP","PI_THICK":"0","PI_SLOP":"0.0063","DES_FLOW":"0","DES_VELO":"0","US_BLE":"31.97","DS_BLE":"31.59","CITY_ID":"10004","KEYIN_DATE":"20160516"}},{"type":"Feature","geometry":{"type":"LineString","coordinates":[[121.0194802507803,24.81528539582729],[121.0198037560314,24.81592460570242]]},"properties":{"name":"1","FID":"1780","SSEW_CAT":"1","PI_NUM":"96224071-4071-107-4071-108","US_MH":"4071-107","DS_MH":"4071-108","PI_TYP":"5","PI_WIDT":"0","PI_WIDB":"1.5","PI_HEI":"0","PI_LENG":"77.99","PI_MAT":"RCP","PI_THICK":"0","PI_SLOP":"-0.0001","DES_FLOW":"0","DES_VELO":"0","US_BLE":"31.63","DS_BLE":"31.64","CITY_ID":"10004","KEYIN_DATE":"20160516"}},{"type":"Feature","geometry":{"type":"LineString","coordinates":[[121.0192257772357,24.81478350144607],[121.0194802507803,24.81528539582729]]},"properties":{"name":"1","FID":"1781","SSEW_CAT":"1","PI_NUM":"96224071-4071-108-FF65","US_MH":"4071-108","DS_MH":"FF65","PI_TYP":"5","PI_WIDT":"0","PI_WIDB":"1.5","PI_HEI":"0","PI_LENG":"61.25","PI_MAT":"RCP","PI_THICK":"0","PI_SLOP":"0.0001","DES_FLOW":"0","DES_VELO":"0","US_BLE":"31.61","DS_BLE":"0","CITY_ID":"10004","KEYIN_DATE":"20160516"}},{"type":"Feature","geometry":{"type":"LineString","coordinates":[[121.0185465159845,24.8134504411049],[121.0187977605226,24.81396067054433]]},"properties":{"name":"1","FID":"1782","SSEW_CAT":"1","PI_NUM":"96224071-4071-110-4071-111","US_MH":"4071-110","DS_MH":"4071-111","PI_TYP":"5","PI_WIDT":"0","PI_WIDB":"1.2","PI_HEI":"0","PI_LENG":"61.96","PI_MAT":"RCP","PI_THICK":"0","PI_SLOP":"0.0121","DES_FLOW":"0","DES_VELO":"0","US_BLE":"30.94","DS_BLE":"30.19","CITY_ID":"10004","KEYIN_DATE":"20160516"}},{"type":"Feature","geometry":{"type":"LineString","coordinates":[[121.0182795638376,24.81293169914996],[121.0185465159845,24.8134504411049]]},"properties":{"name":"1","FID":"1783","SSEW_CAT":"1","PI_NUM":"96224071-4071-111-4071-112","US_MH":"4071-111","DS_MH":"4071-112","PI_TYP":"5","PI_WIDT":"0","PI_WIDB":"1.2","PI_HEI":"0","PI_LENG":"63.48","PI_MAT":"RCP","PI_THICK":"0","PI_SLOP":"0.0123","DES_FLOW":"0","DES_VELO":"0","US_BLE":"30.2","DS_BLE":"29.42","CITY_ID":"10004","KEYIN_DATE":"20160516"}},{"type":"Feature","geometry":{"type":"LineString","coordinates":[[121.0180800507773,24.81257492179737],[121.0182795638376,24.81293169914996]]},"properties":{"name":"1","FID":"1784","SSEW_CAT":"1","PI_NUM":"96224071-4071-112-4071-113","US_MH":"4071-112","DS_MH":"4071-113","PI_TYP":"5","PI_WIDT":"0","PI_WIDB":"1.2","PI_HEI":"0","PI_LENG":"44.37","PI_MAT":"RCP","PI_THICK":"0","PI_SLOP":"0.0275","DES_FLOW":"0","DES_VELO":"0","US_BLE":"29.42","DS_BLE":"28.2","CITY_ID":"10004","KEYIN_DATE":"20160516"}},{"type":"Feature","geometry":{"type":"LineString","coordinates":[[121.017969015464,24.81237963732737],[121.0180800507773,24.81257492179737]]},"properties":{"name":"1","FID":"1785","SSEW_CAT":"1","PI_NUM":"96224071-4071-113-FF70","US_MH":"4071-113","DS_MH":"FF70","PI_TYP":"5","PI_WIDT":"0","PI_WIDB":"1.2","PI_HEI":"0","PI_LENG":"24.37","PI_MAT":"RCP","PI_THICK":"0","PI_SLOP":"0.0083","DES_FLOW":"0","DES_VELO":"0","US_BLE":"28.15","DS_BLE":"0","CITY_ID":"10004","KEYIN_DATE":"20160516"}},{"type":"Feature","geometry":{"type":"LineString","coordinates":[[121.0194822218965,24.81087289786555],[121.0195997227432,24.8111009903766]]},"properties":{"name":"1","FID":"1786","SSEW_CAT":"1","PI_NUM":"96224071-4071-114-FF69","US_MH":"4071-114","DS_MH":"FF69","PI_TYP":"5","PI_WIDT":"0","PI_WIDB":"1.2","PI_HEI":"0","PI_LENG":"27.92","PI_MAT":"RCP","PI_THICK":"0","PI_SLOP":"0.0097","DES_FLOW":"0","DES_VELO":"0","US_BLE":"29.23","DS_BLE":"0","CITY_ID":"10004","KEYIN_DATE":"20160516"}},{"type":"Feature","geometry":{"type":"LineString","coordinates":[[121.0185113666595,24.8188228807103],[121.0186155668834,24.81904410462936]]},"properties":{"name":"1","FID":"1787","SSEW_CAT":"1","PI_NUM":"96224071-4071-115-4071-116","US_MH":"4071-115","DS_MH":"4071-116","PI_TYP":"1","PI_WIDT":"0","PI_WIDB":"0","PI_HEI":"0","PI_LENG":"26.67","PI_MAT":"RCP","PI_THICK":"0","PI_SLOP":"0","DES_FLOW":"0","DES_VELO":"0","US_BLE":"0","DS_BLE":"0","CITY_ID":"10004","KEYIN_DATE":"20160516"}},{"type":"Feature","geometry":{"type":"LineString","coordinates":[[121.018371404209,24.81838977787525],[121.0185113666595,24.8188228807103]]},"properties":{"name":"1","FID":"1788","SSEW_CAT":"1","PI_NUM":"96224071-4071-116-4071-117","US_MH":"4071-116","DS_MH":"4071-117","PI_TYP":"1","PI_WIDT":"0","PI_WIDB":"0","PI_HEI":"0","PI_LENG":"64.42","PI_MAT":"RCP","PI_THICK":"0","PI_SLOP":"0","DES_FLOW":"0","DES_VELO":"0","US_BLE":"0","DS_BLE":"0","CITY_ID":"10004","KEYIN_DATE":"20160516"}},{"type":"Feature","geometry":{"type":"LineString","coordinates":[[121.0181542402247,24.81807453462522],[121.0182541946214,24.81829073040254]]},"properties":{"name":"1","FID":"1789","SSEW_CAT":"1","PI_NUM":"96224071-4071-117-4071-118","US_MH":"4071-117","DS_MH":"4071-118","PI_TYP":"1","PI_WIDT":"0","PI_WIDB":"0","PI_HEI":"0","PI_LENG":"25.99","PI_MAT":"RCP","PI_THICK":"0","PI_SLOP":"0","DES_FLOW":"0","DES_VELO":"0","US_BLE":"0","DS_BLE":"0","CITY_ID":"10004","KEYIN_DATE":"20160516"}},{"type":"Feature","geometry":{"type":"LineString","coordinates":[[121.018081836876,24.81793013992464],[121.0181542402247,24.81807453462522]]},"properties":{"name":"1","FID":"1790","SSEW_CAT":"1","PI_NUM":"96224071-4071-118-4071-119","US_MH":"4071-118","DS_MH":"4071-119","PI_TYP":"1","PI_WIDT":"0","PI_WIDB":"0","PI_HEI":"0","PI_LENG":"17.59","PI_MAT":"RCP","PI_THICK":"0","PI_SLOP":"0","DES_FLOW":"0","DES_VELO":"0","US_BLE":"0","DS_BLE":"0","CITY_ID":"10004","KEYIN_DATE":"20160516"}},{"type":"Feature","geometry":{"type":"LineString","coordinates":[[121.0180652129787,24.81789735907673],[121.018081836876,24.81793013992464]]},"properties":{"name":"1","FID":"1791","SSEW_CAT":"1","PI_NUM":"96224071-4071-119-FF59","US_MH":"4071-119","DS_MH":"FF59","PI_TYP":"1","PI_WIDT":"0","PI_WIDB":"0","PI_HEI":"0","PI_LENG":"4.03","PI_MAT":"RCP","PI_THICK":"0","PI_SLOP":"0","DES_FLOW":"0","DES_VELO":"0","US_BLE":"0","DS_BLE":"0","CITY_ID":"10004","KEYIN_DATE":"20160516"}},{"type":"Feature","geometry":{"type":"LineString","coordinates":[[121.0169119400802,24.81838150828489],[121.0177217317353,24.81804180364247]]},"properties":{"name":"1","FID":"1792","SSEW_CAT":"1","PI_NUM":"96224071-4071-119-1-4071-119-2","US_MH":"4071-119-1","DS_MH":"4071-119-2","PI_TYP":"1","PI_WIDT":"0","PI_WIDB":"1.83","PI_HEI":"1.24","PI_LENG":"90.09","PI_MAT":"RCP","PI_THICK":"0","PI_SLOP":"0.0018","DES_FLOW":"0","DES_VELO":"0","US_BLE":"30.38","DS_BLE":"0","CITY_ID":"10004","KEYIN_DATE":"20160516"}},{"type":"Feature","geometry":{"type":"LineString","coordinates":[[121.0163010694651,24.81863777172704],[121.0169119400802,24.81838150828489]]},"properties":{"name":"1","FID":"1793","SSEW_CAT":"1","PI_NUM":"96224071-4071-119-2-4071-119-3","US_MH":"4071-119-2","DS_MH":"4071-119-3","PI_TYP":"1","PI_WIDT":"0","PI_WIDB":"1.82","PI_HEI":"1.28","PI_LENG":"67.96","PI_MAT":"RCP","PI_THICK":"0","PI_SLOP":"0.0018","DES_FLOW":"0","DES_VELO":"0","US_BLE":"0","DS_BLE":"30.1","CITY_ID":"10004","KEYIN_DATE":"20160516"}},{"type":"Feature","geometry":{"type":"LineString","coordinates":[[121.0158857299378,24.81881601393505],[121.0163010694651,24.81863777172704]]},"properties":{"name":"1","FID":"1794","SSEW_CAT":"1","PI_NUM":"96224071-4071-119-3-FF60","US_MH":"4071-119-3","DS_MH":"FF60","PI_TYP":"1","PI_WIDT":"0","PI_WIDB":"1.83","PI_HEI":"1.24","PI_LENG":"46.4","PI_MAT":"RCP","PI_THICK":"0","PI_SLOP":"0.0018","DES_FLOW":"0","DES_VELO":"0","US_BLE":"30.1","DS_BLE":"0","CITY_ID":"10004","KEYIN_DATE":"20160516"}},{"type":"Feature","geometry":{"type":"LineString","coordinates":[[121.0178196592249,24.81737151754428],[121.0179818727249,24.81771082012595]]},"properties":{"name":"1","FID":"1795","SSEW_CAT":"1","PI_NUM":"96224071-4071-120-4071-121","US_MH":"4071-120","DS_MH":"4071-121","PI_TYP":"5","PI_WIDT":"0","PI_WIDB":"1.5","PI_HEI":"0","PI_LENG":"41","PI_MAT":"RCP","PI_THICK":"0","PI_SLOP":"0.0015","DES_FLOW":"0","DES_VELO":"0","US_BLE":"30","DS_BLE":"29.94","CITY_ID":"10004","KEYIN_DATE":"20160516"}},{"type":"Feature","geometry":{"type":"LineString","coordinates":[[121.0177373712903,24.8172061684513],[121.0178196592249,24.81737151754428]]},"properties":{"name":"1","FID":"1796","SSEW_CAT":"1","PI_NUM":"96224071-4071-121-4071-122","US_MH":"4071-121","DS_MH":"4071-122","PI_TYP":"5","PI_WIDT":"0","PI_WIDB":"1.5","PI_HEI":"0","PI_LENG":"20.11","PI_MAT":"RCP","PI_THICK":"0","PI_SLOP":"0.0005","DES_FLOW":"0","DES_VELO":"0","US_BLE":"29.96","DS_BLE":"29.95","CITY_ID":"10004","KEYIN_DATE":"20160516"}},{"type":"Feature","geometry":{"type":"LineString","coordinates":[[121.0175762539229,24.81691407602278],[121.0177373712903,24.8172061684513]]},"properties":{"name":"1","FID":"1797","SSEW_CAT":"1","PI_NUM":"96224071-4071-122-4071-122A","US_MH":"4071-122","DS_MH":"4071-122A","PI_TYP":"5","PI_WIDT":"0","PI_WIDB":"1.4","PI_HEI":"0","PI_LENG":"36.22","PI_MAT":"RCP","PI_THICK":"0","PI_SLOP":"0.0028","DES_FLOW":"0","DES_VELO":"0","US_BLE":"29.94","DS_BLE":"0","CITY_ID":"10004","KEYIN_DATE":"20160516"}},{"type":"Feature","geometry":{"type":"LineString","coordinates":[[121.0172966145029,24.81616681102955],[121.0173647139752,24.81653256997308]]},"properties":{"name":"1","FID":"1798","SSEW_CAT":"1","PI_NUM":"96224071-4071-122B-4071-131","US_MH":"4071-122","DS_MH":"4071-131","PI_TYP":"5","PI_WIDT":"0","PI_WIDB":"1.5","PI_HEI":"0","PI_LENG":"41.09","PI_MAT":"RCP","PI_THICK":"0","PI_SLOP":"0.0028","DES_FLOW":"0","DES_VELO":"0","US_BLE":"0","DS_BLE":"29.61","CITY_ID":"10004","KEYIN_DATE":"20160516"}},{"type":"Feature","geometry":{"type":"LineString","coordinates":[[121.0173647139752,24.81653256997308],[121.0175762539229,24.81691407602278]]},"properties":{"name":"1","FID":"1799","SSEW_CAT":"1","PI_NUM":"96224071-4071-122A-4071-122B","US_MH":"4071-122A","DS_MH":"4071-122B","PI_TYP":"5","PI_WIDT":"0","PI_WIDB":"1.4","PI_HEI":"0","PI_LENG":"47.36","PI_MAT":"RCP","PI_THICK":"0","PI_SLOP":"0.0028","DES_FLOW":"0","DES_VELO":"0","US_BLE":"0","DS_BLE":"0","CITY_ID":"10004","KEYIN_DATE":"20160516"}},{"type":"Feature","geometry":{"type":"LineString","coordinates":[[121.0185696019719,24.81894652019014],[121.0190549110208,24.81879367714899]]},"properties":{"name":"1","FID":"1800","SSEW_CAT":"1","PI_NUM":"96224071-4071-123-FF58","US_MH":"4071-123","DS_MH":"FF58","PI_TYP":"5","PI_WIDT":"0","PI_WIDB":"1.73","PI_HEI":"0","PI_LENG":"51.9","PI_MAT":"RCP","PI_THICK":"0","PI_SLOP":"0.0042","DES_FLOW":"0","DES_VELO":"0","US_BLE":"28.93","DS_BLE":"0","CITY_ID":"10004","KEYIN_DATE":"20160516"}},{"type":"Feature","geometry":{"type":"LineString","coordinates":[[121.0190549110208,24.81879367714899],[121.0196955614555,24.81859190421778]]},"properties":{"name":"1","FID":"1801","SSEW_CAT":"1","PI_NUM":"96224071-4071-124-4071-123","US_MH":"4071-124","DS_MH":"4071-123","PI_TYP":"5","PI_WIDT":"0","PI_WIDB":"1.73","PI_HEI":"0","PI_LENG":"68.51","PI_MAT":"RCP","PI_THICK":"0","PI_SLOP":"0.0042","DES_FLOW":"0","DES_VELO":"0","US_BLE":"29.3","DS_BLE":"29.01","CITY_ID":"10004","KEYIN_DATE":"20160516"}},{"type":"Feature","geometry":{"type":"LineString","coordinates":[[121.0196955614555,24.81859190421778],[121.0203345374683,24.81838686944017]]},"properties":{"name":"1","FID":"1802","SSEW_CAT":"1","PI_NUM":"96224071-4071-125-4071-124","US_MH":"4071-125","DS_MH":"4071-124","PI_TYP":"5","PI_WIDT":"0","PI_WIDB":"1.73","PI_HEI":"0","PI_LENG":"68.47","PI_MAT":"RCP","PI_THICK":"0","PI_SLOP":"0.0013","DES_FLOW":"0","DES_VELO":"0","US_BLE":"29.47","DS_BLE":"29.38","CITY_ID":"10004","KEYIN_DATE":"20160516"}},{"type":"Feature","geometry":{"type":"LineString","coordinates":[[121.0203345374683,24.81838686944017],[121.0208694778226,24.81814949699869]]},"properties":{"name":"1","FID":"1803","SSEW_CAT":"1","PI_NUM":"96224071-4071-125A-4071-125","US_MH":"4071-125A","DS_MH":"4071-125","PI_TYP":"5","PI_WIDT":"0","PI_WIDB":"1.73","PI_HEI":"0","PI_LENG":"164.6","PI_MAT":"RCP","PI_THICK":"0","PI_SLOP":"0.0061","DES_FLOW":"0","DES_VELO":"0","US_BLE":"31.06","DS_BLE":"30.06","CITY_ID":"10004","KEYIN_DATE":"20160516"}},{"type":"Feature","geometry":{"type":"LineString","coordinates":[[121.0171419071492,24.81815731093504],[121.0176149725411,24.81796559679021]]},"properties":{"name":"1","FID":"1804","SSEW_CAT":"1","PI_NUM":"96224071-4071-127-4071-128","US_MH":"4071-127","DS_MH":"4071-128","PI_TYP":"1","PI_WIDT":"0","PI_WIDB":"1","PI_HEI":"1.85","PI_LENG":"52.32","PI_MAT":"RCP","PI_THICK":"0","PI_SLOP":"0.0036","DES_FLOW":"0","DES_VELO":"0","US_BLE":"29.73","DS_BLE":"29.54","CITY_ID":"10004","KEYIN_DATE":"20160516"}},{"type":"Feature","geometry":{"type":"LineString","coordinates":[[121.0167782343595,24.81830608937174],[121.0171419071492,24.81815731093504]]},"properties":{"name":"1","FID":"1805","SSEW_CAT":"1","PI_NUM":"96224071-4071-128-4071-128-1","US_MH":"4071-128","DS_MH":"4071-128-1","PI_TYP":"1","PI_WIDT":"0","PI_WIDB":"1.02","PI_HEI":"1.82","PI_LENG":"40.29","PI_MAT":"RCP","PI_THICK":"0","PI_SLOP":"0.0037","DES_FLOW":"0","DES_VELO":"0","US_BLE":"29.54","DS_BLE":"0","CITY_ID":"10004","KEYIN_DATE":"20160516"}},{"type":"Feature","geometry":{"type":"LineString","coordinates":[[121.0162771924322,24.81851106692625],[121.0167782343595,24.81830608937174]]},"properties":{"name":"1","FID":"1806","SSEW_CAT":"1","PI_NUM":"96224071-4071-128-1-4071-129","US_MH":"4071-128-1","DS_MH":"4071-129","PI_TYP":"1","PI_WIDT":"0","PI_WIDB":"1","PI_HEI":"1.83","PI_LENG":"55.5","PI_MAT":"RCP","PI_THICK":"0","PI_SLOP":"0.0037","DES_FLOW":"0","DES_VELO":"0","US_BLE":"0","DS_BLE":"29.19","CITY_ID":"10004","KEYIN_DATE":"20160516"}},{"type":"Feature","geometry":{"type":"LineString","coordinates":[[121.0158396448718,24.81868958228253],[121.0162771924322,24.81851106692625]]},"properties":{"name":"1","FID":"1807","SSEW_CAT":"1","PI_NUM":"96224071-4071-129-4071-130","US_MH":"4071-129","DS_MH":"4071-130","PI_TYP":"1","PI_WIDT":"0","PI_WIDB":"1.01","PI_HEI":"1.83","PI_LENG":"48.45","PI_MAT":"RCP","PI_THICK":"0","PI_SLOP":"0.005","DES_FLOW":"0","DES_VELO":"0","US_BLE":"29.19","DS_BLE":"28.95","CITY_ID":"10004","KEYIN_DATE":"20160516"}},{"type":"Feature","geometry":{"type":"LineString","coordinates":[[121.0155063498086,24.81884812334395],[121.0158396448718,24.81868958228253]]},"properties":{"name":"1","FID":"1808","SSEW_CAT":"1","PI_NUM":"96224071-4071-130-4071-130-1","US_MH":"4071-130","DS_MH":"4071-130-1","PI_TYP":"1","PI_WIDT":"0","PI_WIDB":"1","PI_HEI":"1.87","PI_LENG":"37.99","PI_MAT":"RCP","PI_THICK":"0","PI_SLOP":"0.005","DES_FLOW":"0","DES_VELO":"0","US_BLE":"28.95","DS_BLE":"0","CITY_ID":"10004","KEYIN_DATE":"20160516"}},{"type":"Feature","geometry":{"type":"LineString","coordinates":[[121.0149325767596,24.81907269596909],[121.0155063498086,24.81884812334395]]},"properties":{"name":"1","FID":"1809","SSEW_CAT":"1","PI_NUM":"96224071-4071-130-1-4071-130-2","US_MH":"4071-130-1","DS_MH":"4071-130-2","PI_TYP":"1","PI_WIDT":"0","PI_WIDB":"2.03","PI_HEI":"2.04","PI_LENG":"63.11","PI_MAT":"RCP","PI_THICK":"0","PI_SLOP":"0.0005","DES_FLOW":"0","DES_VELO":"0","US_BLE":"0","DS_BLE":"0","CITY_ID":"10004","KEYIN_DATE":"20160516"}},{"type":"Feature","geometry":{"type":"LineString","coordinates":[[121.0143882797431,24.81817149620936],[121.0149325767596,24.81907269596909]]},"properties":{"name":"1","FID":"1810","SSEW_CAT":"1","PI_NUM":"96224071-4071-130-2-4071-130-3","US_MH":"4071-130-2","DS_MH":"4071-130-3","PI_TYP":"1","PI_WIDT":"0","PI_WIDB":"2.45","PI_HEI":"2.04","PI_LENG":"113.98","PI_MAT":"RCP","PI_THICK":"0","PI_SLOP":"0.001","DES_FLOW":"0","DES_VELO":"0","US_BLE":"0","DS_BLE":"0","CITY_ID":"10004","KEYIN_DATE":"20160516"}},{"type":"Feature","geometry":{"type":"LineString","coordinates":[[121.0142068095782,24.81787103262786],[121.0143882797431,24.81817149620936]]},"properties":{"name":"1","FID":"1811","SSEW_CAT":"1","PI_NUM":"96224071-4071-130-3-FF62","US_MH":"4071-130-3","DS_MH":"FF62","PI_TYP":"1","PI_WIDT":"0","PI_WIDB":"2.01","PI_HEI":"2.03","PI_LENG":"38","PI_MAT":"RCP","PI_THICK":"0","PI_SLOP":"0.001","DES_FLOW":"0","DES_VELO":"0","US_BLE":"28.185","DS_BLE":"28.05","CITY_ID":"10004","KEYIN_DATE":"20160516"}},{"type":"Feature","geometry":{"type":"LineString","coordinates":[[121.0149325767596,24.81907269596909],[121.0151231406406,24.81944674982858]]},"properties":{"name":"1","FID":"1812","SSEW_CAT":"1","PI_NUM":"96224071-4071-130-4-4071-130-2","US_MH":"4071-130-4","DS_MH":"4071-130-2","PI_TYP":"1","PI_WIDT":"0","PI_WIDB":"1.02","PI_HEI":"1.84","PI_LENG":"45.69","PI_MAT":"RCP","PI_THICK":"0","PI_SLOP":"0.001","DES_FLOW":"0","DES_VELO":"0","US_BLE":"28.1","DS_BLE":"0","CITY_ID":"10004","KEYIN_DATE":"20160516"}},{"type":"Feature","geometry":{"type":"LineString","coordinates":[[121.0151231406406,24.81944674982858],[121.0153577892855,24.81984228697493]]},"properties":{"name":"1","FID":"1813","SSEW_CAT":"1","PI_NUM":"96224071-4071-130-5-4071-130-4","US_MH":"4071-130-5","DS_MH":"4071-130-4","PI_TYP":"1","PI_WIDT":"0","PI_WIDB":"1.02","PI_HEI":"1.84","PI_LENG":"49.82","PI_MAT":"RCP","PI_THICK":"0","PI_SLOP":"-0.0116","DES_FLOW":"0","DES_VELO":"0","US_BLE":"27.52","DS_BLE":"28.1","CITY_ID":"10004","KEYIN_DATE":"20160516"}},{"type":"Feature","geometry":{"type":"LineString","coordinates":[[121.0165818866621,24.8147841880827],[121.0168049651644,24.81523762493999]]},"properties":{"name":"1","FID":"1814","SSEW_CAT":"1","PI_NUM":"96224071-4071-132-4071-133","US_MH":"4071-132","DS_MH":"4071-133","PI_TYP":"5","PI_WIDT":"0","PI_WIDB":"1.2","PI_HEI":"0","PI_LENG":"55.05","PI_MAT":"RCP","PI_THICK":"0","PI_SLOP":"0.0149","DES_FLOW":"0","DES_VELO":"0","US_BLE":"29.64","DS_BLE":"28.82","CITY_ID":"10004","KEYIN_DATE":"20160516"}},{"type":"Feature","geometry":{"type":"LineString","coordinates":[[121.016314152783,24.81429841527065],[121.0165818866621,24.8147841880827]]},"properties":{"name":"1","FID":"1815","SSEW_CAT":"1","PI_NUM":"96224071-4071-133-4071-134","US_MH":"4071-133","DS_MH":"4071-134","PI_TYP":"5","PI_WIDT":"0","PI_WIDB":"1.2","PI_HEI":"0","PI_LENG":"60.23","PI_MAT":"RCP","PI_THICK":"0","PI_SLOP":"0.0291","DES_FLOW":"0","DES_VELO":"0","US_BLE":"28.8","DS_BLE":"27.05","CITY_ID":"10004","KEYIN_DATE":"20160516"}},{"type":"Feature","geometry":{"type":"LineString","coordinates":[[121.0162001993779,24.81409414638593],[121.016314152783,24.81429841527065]]},"properties":{"name":"1","FID":"1816","SSEW_CAT":"1","PI_NUM":"96224071-4071-134-FF71","US_MH":"4071-134","DS_MH":"FF71","PI_TYP":"5","PI_WIDT":"0","PI_WIDB":"1.2","PI_HEI":"0","PI_LENG":"25.71","PI_MAT":"RCP","PI_THICK":"0","PI_SLOP":"0.0291","DES_FLOW":"0","DES_VELO":"0","US_BLE":"26.98","DS_BLE":"0","CITY_ID":"10004","KEYIN_DATE":"20160516"}},{"type":"Feature","geometry":{"type":"LineString","coordinates":[[121.0290194138216,24.80758309488327],[121.0294302904897,24.80826383534633]]},"properties":{"name":"1","FID":"1817","SSEW_CAT":"1","PI_NUM":"96224071-4071-144-FF36","US_MH":"4071-144","DS_MH":"FF36","PI_TYP":"1","PI_WIDT":"0","PI_WIDB":"2.02","PI_HEI":"2.01","PI_LENG":"86.08","PI_MAT":"RCP","PI_THICK":"0","PI_SLOP":"0.0043","DES_FLOW":"0","DES_VELO":"0","US_BLE":"37.63","DS_BLE":"0","CITY_ID":"10004","KEYIN_DATE":"20160516"}},{"type":"Feature","geometry":{"type":"LineString","coordinates":[[121.0247177849127,24.81251009483861],[121.0240903552687,24.8129952682358]]},"properties":{"name":"1","FID":"1818","SSEW_CAT":"1","PI_NUM":"96224071-4071-150-4071-170","US_MH":"4071-150","DS_MH":"4071-170","PI_TYP":"1","PI_WIDT":"0","PI_WIDB":"1.85","PI_HEI":"2.05","PI_LENG":"83.13","PI_MAT":"RCP","PI_THICK":"0","PI_SLOP":"0.0032","DES_FLOW":"0","DES_VELO":"0","US_BLE":"35.1","DS_BLE":"34.83","CITY_ID":"10004","KEYIN_DATE":"20160516","NOTE":"有疑似私接管線"}},{"type":"Feature","geometry":{"type":"LineString","coordinates":[[121.0091992763164,24.82149504439339],[121.009891173774,24.82108293497605]]},"properties":{"name":"1","FID":"1819","SSEW_CAT":"1","PI_NUM":"96224071-4071-156-4071-157","US_MH":"4071-156","DS_MH":"4071-157","PI_TYP":"5","PI_WIDT":"0","PI_WIDB":"1.2","PI_HEI":"0","PI_LENG":"83.52","PI_MAT":"RCP","PI_THICK":"0","PI_SLOP":"0","DES_FLOW":"0","DES_VELO":"0","US_BLE":"23.77","DS_BLE":"0","CITY_ID":"10004","KEYIN_DATE":"20160516"}},{"type":"Feature","geometry":{"type":"LineString","coordinates":[[121.0084997664637,24.82190190540522],[121.0091992763164,24.82149504439339]]},"properties":{"name":"1","FID":"1820","SSEW_CAT":"1","PI_NUM":"96224071-4071-157-4071-158","US_MH":"4071-157","DS_MH":"4071-158","PI_TYP":"5","PI_WIDT":"0","PI_WIDB":"1.2","PI_HEI":"0","PI_LENG":"83.85","PI_MAT":"RCP","PI_THICK":"0","PI_SLOP":"0","DES_FLOW":"0","DES_VELO":"0","US_BLE":"0","DS_BLE":"22.88","CITY_ID":"10004","KEYIN_DATE":"20160516"}},{"type":"Feature","geometry":{"type":"LineString","coordinates":[[121.007861337493,24.82227797240706],[121.0084997664637,24.82190190540522]]},"properties":{"name":"1","FID":"1821","SSEW_CAT":"1","PI_NUM":"96224071-4071-158-95221080-1080-1","US_MH":"4071-158","DS_MH":"1080-1","PI_TYP":"5","PI_WIDT":"0","PI_WIDB":"1.2","PI_HEI":"0","PI_LENG":"76.81","PI_MAT":"RCP","PI_THICK":"0","PI_SLOP":"0.0085","DES_FLOW":"0","DES_VELO":"0","US_BLE":"22.92","DS_BLE":"22.27","CITY_ID":"10004","KEYIN_DATE":"20160516"}},{"type":"Feature","geometry":{"type":"LineString","coordinates":[[121.0079666213302,24.82113117231578],[121.0086759529835,24.82073958957743]]},"properties":{"name":"1","FID":"1822","SSEW_CAT":"1","PI_NUM":"96224071-4071-159-95221080-1080-3","US_MH":"4071-159","DS_MH":"1080-3","PI_TYP":"1","PI_WIDT":"0","PI_WIDB":"0","PI_HEI":"0","PI_LENG":"83.8","PI_MAT":"RCP","PI_THICK":"0","PI_SLOP":"0","DES_FLOW":"0","DES_VELO":"0","US_BLE":"0","DS_BLE":"0","CITY_ID":"10004","KEYIN_DATE":"20160516"}},{"type":"Feature","geometry":{"type":"LineString","coordinates":[[121.0086759529835,24.82073958957743],[121.0100028431847,24.8199961008146]]},"properties":{"name":"1","FID":"1823","SSEW_CAT":"1","PI_NUM":"96224071-4071-160-4071-159","US_MH":"4071-160","DS_MH":"4071-159","PI_TYP":"5","PI_WIDT":"0","PI_WIDB":"1","PI_HEI":"0","PI_LENG":"157.39","PI_MAT":"RCP","PI_THICK":"0","PI_SLOP":"0","DES_FLOW":"0","DES_VELO":"0","US_BLE":"23.49","DS_BLE":"0","CITY_ID":"10004","KEYIN_DATE":"20160516"}},{"type":"Feature","geometry":{"type":"LineString","coordinates":[[121.0100028431847,24.8199961008146],[121.0106462708719,24.81963627568599]]},"properties":{"name":"1","FID":"1824","SSEW_CAT":"1","PI_NUM":"96224071-4071-161-4071-160","US_MH":"4071-161","DS_MH":"4071-160","PI_TYP":"5","PI_WIDT":"0","PI_WIDB":"1","PI_HEI":"0","PI_LENG":"76.28","PI_MAT":"RCP","PI_THICK":"0","PI_SLOP":"0.0121","DES_FLOW":"0","DES_VELO":"0","US_BLE":"24.4","DS_BLE":"23.48","CITY_ID":"10004","KEYIN_DATE":"20160516"}},{"type":"Feature","geometry":{"type":"LineString","coordinates":[[121.0106462708719,24.81963627568599],[121.011369344639,24.81922989929933]]},"properties":{"name":"1","FID":"1825","SSEW_CAT":"1","PI_NUM":"96224071-4071-162-4071-161","US_MH":"4071-162","DS_MH":"4071-161","PI_TYP":"5","PI_WIDT":"0","PI_WIDB":"1","PI_HEI":"0","PI_LENG":"85.84","PI_MAT":"RCP","PI_THICK":"0","PI_SLOP":"0.0045","DES_FLOW":"0","DES_VELO":"0","US_BLE":"24.8","DS_BLE":"24.41","CITY_ID":"10004","KEYIN_DATE":"20160516"}},{"type":"Feature","geometry":{"type":"LineString","coordinates":[[121.011369344639,24.81922989929933],[121.0120279572652,24.81885022216975]]},"properties":{"name":"1","FID":"1826","SSEW_CAT":"1","PI_NUM":"96224071-4071-163-4071-162","US_MH":"4071-163","DS_MH":"4071-162","PI_TYP":"5","PI_WIDT":"0","PI_WIDB":"1","PI_HEI":"0","PI_LENG":"78.75","PI_MAT":"RCP","PI_THICK":"0","PI_SLOP":"0.0042","DES_FLOW":"0","DES_VELO":"0","US_BLE":"25.13","DS_BLE":"24.8","CITY_ID":"10004","KEYIN_DATE":"20160516"}},{"type":"Feature","geometry":{"type":"LineString","coordinates":[[121.0286042307194,24.81048739977959],[121.0304138465768,24.80954765187559]]},"properties":{"name":"1","FID":"1827","SSEW_CAT":"1","PI_NUM":"96224071-4071-166-4071-167","US_MH":"4071-166","DS_MH":"4071-167","PI_TYP":"1","PI_WIDT":"0","PI_WIDB":"2.02","PI_HEI":"2.01","PI_LENG":"210.48","PI_MAT":"RCP","PI_THICK":"0","PI_SLOP":"0.0052","DES_FLOW":"0","DES_VELO":"0","US_BLE":"36.96","DS_BLE":"35.86","CITY_ID":"10004","KEYIN_DATE":"20160516"}},{"type":"Feature","geometry":{"type":"LineString","coordinates":[[121.0268665449671,24.81135499225405],[121.0286042307194,24.81048739977959]]},"properties":{"name":"1","FID":"1828","SSEW_CAT":"1","PI_NUM":"96224071-4071-167-1-4071-168","US_MH":"4071-167","DS_MH":"4071-168","PI_TYP":"1","PI_WIDT":"0","PI_WIDB":"2","PI_HEI":"2.01","PI_LENG":"94.68","PI_MAT":"RCP","PI_THICK":"0","PI_SLOP":"0.0046","DES_FLOW":"0","DES_VELO":"0","US_BLE":"0","DS_BLE":"34.93","CITY_ID":"10004","KEYIN_DATE":"20160516"}},{"type":"Feature","geometry":{"type":"LineString","coordinates":[[121.0276882172045,24.81094474487707],[121.0286042307194,24.81048739977959]]},"properties":{"name":"1","FID":"1829","SSEW_CAT":"1","PI_NUM":"96224071-4071-167-4071-167-1","US_MH":"4071-167","DS_MH":"4071-167-1","PI_TYP":"1","PI_WIDT":"0","PI_WIDB":"2.01","PI_HEI":"2.03","PI_LENG":"105.55","PI_MAT":"RCP","PI_THICK":"0","PI_SLOP":"0.0052","DES_FLOW":"0","DES_VELO":"0","US_BLE":"35.86","DS_BLE":"0","CITY_ID":"10004","KEYIN_DATE":"20160516"}},{"type":"Feature","geometry":{"type":"LineString","coordinates":[[121.0260001024396,24.81179241900283],[121.0268665449671,24.81135499225405]]},"properties":{"name":"1","FID":"1830","SSEW_CAT":"1","PI_NUM":"96224071-4071-168-FF35","US_MH":"4071-168","DS_MH":"FF35","PI_TYP":"1","PI_WIDT":"0","PI_WIDB":"2.01","PI_HEI":"2.02","PI_LENG":"100.1","PI_MAT":"RCP","PI_THICK":"0","PI_SLOP":"0.0016","DES_FLOW":"0","DES_VELO":"0","US_BLE":"34.93","DS_BLE":"0","CITY_ID":"10004","KEYIN_DATE":"20160516"}},{"type":"Feature","geometry":{"type":"LineString","coordinates":[[121.0260001024396,24.81179241900283],[121.0255870345013,24.81206372772087]]},"properties":{"name":"1","FID":"1831","SSEW_CAT":"1","PI_NUM":"96224071-4071-169-FF35","US_MH":"4071-169","DS_MH":"FF35","PI_TYP":"1","PI_WIDT":"0","PI_WIDB":"2.01","PI_HEI":"2.03","PI_LENG":"51.45","PI_MAT":"RCP","PI_THICK":"0","PI_SLOP":"0.0009","DES_FLOW":"0","DES_VELO":"0","US_BLE":"34.8","DS_BLE":"0","CITY_ID":"10004","KEYIN_DATE":"20160516"}},{"type":"Feature","geometry":{"type":"LineString","coordinates":[[121.0255870345013,24.81206372772087],[121.0247177849127,24.81251009483861]]},"properties":{"name":"1","FID":"1832","SSEW_CAT":"1","PI_NUM":"96224071-4071-170-4071-169","US_MH":"4071-170","DS_MH":"4071-169","PI_TYP":"1","PI_WIDT":"0","PI_WIDB":"2.02","PI_HEI":"2.03","PI_LENG":"100.83","PI_MAT":"RCP","PI_THICK":"0","PI_SLOP":"0.0003","DES_FLOW":"0","DES_VELO":"0","US_BLE":"34.83","DS_BLE":"34.8","CITY_ID":"10004","KEYIN_DATE":"20160516"}},{"type":"Feature","geometry":{"type":"LineString","coordinates":[[121.0255025368634,24.82075716857043],[121.026022216597,24.82058282708394]]},"properties":{"name":"1","FID":"1833","SSEW_CAT":"1","PI_NUM":"96224071-4071-172-4071-173","US_MH":"4071-172","DS_MH":"4071-173","PI_TYP":"1","PI_WIDT":"0","PI_WIDB":"2.42","PI_HEI":"2.41","PI_LENG":"55.97","PI_MAT":"RCP","PI_THICK":"0","PI_SLOP":"0.0039","DES_FLOW":"0","DES_VELO":"0","US_BLE":"30.28","DS_BLE":"30.06","CITY_ID":"10004","KEYIN_DATE":"20160516"}},{"type":"Feature","geometry":{"type":"LineString","coordinates":[[121.0249792351504,24.82093232142683],[121.0255025368634,24.82075716857043]]},"properties":{"name":"1","FID":"1834","SSEW_CAT":"1","PI_NUM":"96224071-4071-173-4071-177","US_MH":"4071-173","DS_MH":"4071-177","PI_TYP":"1","PI_WIDT":"0","PI_WIDB":"2.42","PI_HEI":"2.39","PI_LENG":"56.34","PI_MAT":"RCP","PI_THICK":"0","PI_SLOP":"0.0046","DES_FLOW":"0","DES_VELO":"0","US_BLE":"30.06","DS_BLE":"29.8","CITY_ID":"10004","KEYIN_DATE":"20160516"}},{"type":"Feature","geometry":{"type":"LineString","coordinates":[[121.0235310613675,24.82141344655326],[121.0240431108682,24.8212461554633]]},"properties":{"name":"1","FID":"1835","SSEW_CAT":"1","PI_NUM":"96224071-4071-174-4071-175","US_MH":"4071-174","DS_MH":"4071-175","PI_TYP":"1","PI_WIDT":"0","PI_WIDB":"2.41","PI_HEI":"2.42","PI_LENG":"54.98","PI_MAT":"RCP","PI_THICK":"0","PI_SLOP":"0.0035","DES_FLOW":"0","DES_VELO":"0","US_BLE":"28.5","DS_BLE":"28.31","CITY_ID":"10004","KEYIN_DATE":"20160516"}},{"type":"Feature","geometry":{"type":"LineString","coordinates":[[121.0230177644933,24.82158330922951],[121.0235310613675,24.82141344655326]]},"properties":{"name":"1","FID":"1836","SSEW_CAT":"1","PI_NUM":"96224071-4071-175-4071-176","US_MH":"4071-175","DS_MH":"4071-176","PI_TYP":"1","PI_WIDT":"0","PI_WIDB":"2.39","PI_HEI":"2.4","PI_LENG":"55.19","PI_MAT":"RCP","PI_THICK":"0","PI_SLOP":"0.0043","DES_FLOW":"0","DES_VELO":"0","US_BLE":"28.31","DS_BLE":"28.07","CITY_ID":"10004","KEYIN_DATE":"20160516"}},{"type":"Feature","geometry":{"type":"LineString","coordinates":[[121.0224234998119,24.82178062924128],[121.0230177644933,24.82158330922951]]},"properties":{"name":"1","FID":"1837","SSEW_CAT":"1","PI_NUM":"96224071-4071-176-4071-178","US_MH":"4071-176","DS_MH":"4071-178","PI_TYP":"1","PI_WIDT":"0","PI_WIDB":"2.42","PI_HEI":"2.4","PI_LENG":"63.92","PI_MAT":"RCP","PI_THICK":"0","PI_SLOP":"0.0044","DES_FLOW":"0","DES_VELO":"0","US_BLE":"28.07","DS_BLE":"27.79","CITY_ID":"10004","KEYIN_DATE":"20160516"}},{"type":"Feature","geometry":{"type":"LineString","coordinates":[[121.0244808498358,24.82109939680499],[121.0249792351504,24.82093232142683]]},"properties":{"name":"1","FID":"1838","SSEW_CAT":"1","PI_NUM":"96224071-4071-177-4071-177-1","US_MH":"4071-177","DS_MH":"4071-177-1","PI_TYP":"1","PI_WIDT":"0","PI_WIDB":"2.41","PI_HEI":"2.34","PI_LENG":"53.67","PI_MAT":"RCP","PI_THICK":"0","PI_SLOP":"0.0129","DES_FLOW":"0","DES_VELO":"0","US_BLE":"29.8","DS_BLE":"0","CITY_ID":"10004","KEYIN_DATE":"20160516"}},{"type":"Feature","geometry":{"type":"LineString","coordinates":[[121.0240431108682,24.8212461554633],[121.0244808498358,24.82109939680499]]},"properties":{"name":"1","FID":"1839","SSEW_CAT":"1","PI_NUM":"96224071-4071-177-1-4071-174","US_MH":"4071-177-1","DS_MH":"4071-174","PI_TYP":"1","PI_WIDT":"0","PI_WIDB":"2.4","PI_HEI":"2.4","PI_LENG":"47.14","PI_MAT":"RCP","PI_THICK":"0","PI_SLOP":"0.0129","DES_FLOW":"0","DES_VELO":"0","US_BLE":"0","DS_BLE":"28.5","CITY_ID":"10004","KEYIN_DATE":"20160516"}},{"type":"Feature","geometry":{"type":"LineString","coordinates":[[121.0218612441045,24.82196758641],[121.0224234998119,24.82178062924128]]},"properties":{"name":"1","FID":"1840","SSEW_CAT":"1","PI_NUM":"96224071-4071-178-4071-179","US_MH":"4071-178","DS_MH":"4071-179","PI_TYP":"1","PI_WIDT":"0","PI_WIDB":"2.43","PI_HEI":"2.4","PI_LENG":"66.74","PI_MAT":"RCP","PI_THICK":"0","PI_SLOP":"0.0042","DES_FLOW":"0","DES_VELO":"0","US_BLE":"27.79","DS_BLE":"27.51","CITY_ID":"10004","KEYIN_DATE":"20160516"}},{"type":"Feature","geometry":{"type":"LineString","coordinates":[[121.0212258037162,24.822172600033],[121.0218026629065,24.8219857695295]]},"properties":{"name":"1","FID":"1841","SSEW_CAT":"1","PI_NUM":"96224071-4071-179-4071-182","US_MH":"4071-179","DS_MH":"4071-182","PI_TYP":"1","PI_WIDT":"0","PI_WIDB":"2.41","PI_HEI":"2.38","PI_LENG":"61.87","PI_MAT":"RCP","PI_THICK":"0","PI_SLOP":"0.0052","DES_FLOW":"0","DES_VELO":"0","US_BLE":"27.51","DS_BLE":"27.19","CITY_ID":"10004","KEYIN_DATE":"20160516"}},{"type":"Feature","geometry":{"type":"LineString","coordinates":[[121.019759209859,24.82265016100177],[121.0205986808834,24.82237693266111]]},"properties":{"name":"1","FID":"1842","SSEW_CAT":"1","PI_NUM":"96224071-4071-180-4071-181","US_MH":"4071-180","DS_MH":"4071-181","PI_TYP":"1","PI_WIDT":"0","PI_WIDB":"2.41","PI_HEI":"2.4","PI_LENG":"90.09","PI_MAT":"RCP","PI_THICK":"0","PI_SLOP":"0.0179","DES_FLOW":"0","DES_VELO":"0","US_BLE":"26.83","DS_BLE":"25.22","CITY_ID":"10004","KEYIN_DATE":"20160516"}},{"type":"Feature","geometry":{"type":"LineString","coordinates":[[121.0189810604405,24.82292450542549],[121.019759209859,24.82265016100177]]},"properties":{"name":"1","FID":"1843","SSEW_CAT":"1","PI_NUM":"96224071-4071-181-4071-181-1","US_MH":"4071-181","DS_MH":"4071-181-1","PI_TYP":"1","PI_WIDT":"0","PI_WIDB":"2.41","PI_HEI":"2.39","PI_LENG":"84.32","PI_MAT":"RCP","PI_THICK":"0","PI_SLOP":"0.00554","DES_FLOW":"0","DES_VELO":"0","US_BLE":"25.22","DS_BLE":"0","CITY_ID":"10004","KEYIN_DATE":"20160516"}},{"type":"Feature","geometry":{"type":"LineString","coordinates":[[121.0181616653207,24.82320344636216],[121.0189810604405,24.82292450542549]]},"properties":{"name":"1","FID":"1844","SSEW_CAT":"1","PI_NUM":"96224071-4071-181-1-4071-181-2","US_MH":"4071-181-1","DS_MH":"4071-181-2","PI_TYP":"1","PI_WIDT":"0","PI_WIDB":"3.8","PI_HEI":"2.75","PI_LENG":"88.4","PI_MAT":"RCP","PI_THICK":"0","PI_SLOP":"0.0054","DES_FLOW":"0","DES_VELO":"0","US_BLE":"0","DS_BLE":"0","CITY_ID":"10004","KEYIN_DATE":"20160516"}},{"type":"Feature","geometry":{"type":"LineString","coordinates":[[121.0163358159014,24.82395108928689],[121.0181616653207,24.82320344636216]]},"properties":{"name":"1","FID":"1845","SSEW_CAT":"1","PI_NUM":"96224071-4071-181-2-4071-181-3","US_MH":"4071-181-2","DS_MH":"4071-181-3","PI_TYP":"1","PI_WIDT":"0","PI_WIDB":"3.8","PI_HEI":"3.6","PI_LENG":"202.29","PI_MAT":"RCP","PI_THICK":"0","PI_SLOP":"0.0001","DES_FLOW":"0","DES_VELO":"0","US_BLE":"0","DS_BLE":"0","CITY_ID":"10004","KEYIN_DATE":"20160516"}},{"type":"Feature","geometry":{"type":"LineString","coordinates":[[121.0153491160385,24.82435813067116],[121.0163358159014,24.82395108928689]]},"properties":{"name":"1","FID":"1846","SSEW_CAT":"1","PI_NUM":"96224071-4071-181-3-4071-181-4","US_MH":"4071-181-3","DS_MH":"4071-181-4","PI_TYP":"1","PI_WIDT":"0","PI_WIDB":"3.8","PI_HEI":"3.9","PI_LENG":"109.45","PI_MAT":"RCP","PI_THICK":"0","PI_SLOP":"0.0028","DES_FLOW":"0","DES_VELO":"0","US_BLE":"0","DS_BLE":"0","CITY_ID":"10004","KEYIN_DATE":"20160516"}},{"type":"Feature","geometry":{"type":"LineString","coordinates":[[121.0149426985035,24.824530274914],[121.0153491160385,24.82435813067116]]},"properties":{"name":"1","FID":"1847","SSEW_CAT":"1","PI_NUM":"96224071-4071-181-4-4071-181-5","US_MH":"4071-181-4","DS_MH":"4071-181-5","PI_TYP":"1","PI_WIDT":"0","PI_WIDB":"3.8","PI_HEI":"3.9","PI_LENG":"45.29","PI_MAT":"RCP","PI_THICK":"0","PI_SLOP":"0.0035","DES_FLOW":"0","DES_VELO":"0","US_BLE":"0","DS_BLE":"0","CITY_ID":"10004","KEYIN_DATE":"20160516"}},{"type":"Feature","geometry":{"type":"LineString","coordinates":[[121.0155266149021,24.82579615072126],[121.0149426985035,24.824530274914]]},"properties":{"name":"1","FID":"1848","SSEW_CAT":"1","PI_NUM":"96224071-4071-181-5-96224061-4061-90","US_MH":"4071-181-5","DS_MH":"4061-90","PI_TYP":"1","PI_WIDT":"0","PI_WIDB":"3.8","PI_HEI":"3.9","PI_LENG":"152.12","PI_MAT":"RCP","PI_THICK":"0","PI_SLOP":"0.0035","DES_FLOW":"0","DES_VELO":"0","US_BLE":"0","DS_BLE":"23.67","CITY_ID":"10004","KEYIN_DATE":"20160516"}},{"type":"Feature","geometry":{"type":"LineString","coordinates":[[121.0205986808834,24.82237693266111],[121.0212258037162,24.822172600033]]},"properties":{"name":"1","FID":"1849","SSEW_CAT":"1","PI_NUM":"96224071-4071-182-4071-180","US_MH":"4071-182","DS_MH":"4071-180","PI_TYP":"1","PI_WIDT":"0","PI_WIDB":"2.43","PI_HEI":"2.38","PI_LENG":"67.31","PI_MAT":"RCP","PI_THICK":"0","PI_SLOP":"0.0053","DES_FLOW":"0","DES_VELO":"0","US_BLE":"27.19","DS_BLE":"26.83","CITY_ID":"10004","KEYIN_DATE":"20160516"}},{"type":"Feature","geometry":{"type":"LineString","coordinates":[[121.0323421198701,24.81407866140497],[121.0319324989256,24.8136871426099]]},"properties":{"name":"1","FID":"1850","SSEW_CAT":"1","PI_NUM":"96224071-4071-183-4071-25","US_MH":"4071-183","DS_MH":"4071-25","PI_TYP":"1","PI_WIDT":"0","PI_WIDB":"2.02","PI_HEI":"2.02","PI_LENG":"59.96","PI_MAT":"RCP","PI_THICK":"0","PI_SLOP":"0.0052","DES_FLOW":"0","DES_VELO":"0","US_BLE":"36.02","DS_BLE":"35.71","CITY_ID":"10004","KEYIN_DATE":"20160516"}},{"type":"Feature","geometry":{"type":"LineString","coordinates":[[121.0335781302691,24.81422497750647],[121.0341997972422,24.81480499683476]]},"properties":{"name":"1","FID":"1851","SSEW_CAT":"1","PI_NUM":"96224071-4071-184-FF27","US_MH":"4071-184","DS_MH":"FF27","PI_TYP":"1","PI_WIDT":"0","PI_WIDB":"2.02","PI_HEI":"2.01","PI_LENG":"89.87","PI_MAT":"RCP","PI_THICK":"0","PI_SLOP":"0.0055","DES_FLOW":"0","DES_VELO":"0","US_BLE":"35.95","DS_BLE":"0","CITY_ID":"10004","KEYIN_DATE":"20160516"}},{"type":"Feature","geometry":{"type":"LineString","coordinates":[[121.017969015464,24.81237963732737],[121.0184733511653,24.81189110102055]]},"properties":{"name":"1","FID":"1852","SSEW_CAT":"1","PI_NUM":"96224071-4071-190-FF70","US_MH":"4071-190","DS_MH":"FF70","PI_TYP":"1","PI_WIDT":"0","PI_WIDB":"2.04","PI_HEI":"2.04","PI_LENG":"74.35","PI_MAT":"RCP","PI_THICK":"0","PI_SLOP":"0.0032","DES_FLOW":"0","DES_VELO":"0","US_BLE":"27.92","DS_BLE":"0","CITY_ID":"10004","KEYIN_DATE":"20160516"}},{"type":"Feature","geometry":{"type":"LineString","coordinates":[[121.0171106604796,24.81321110131965],[121.017969015464,24.81237963732737]]},"properties":{"name":"1","FID":"1853","SSEW_CAT":"1","PI_NUM":"96224071-FF70-4071-191","US_MH":"FF70","DS_MH":"4071-191","PI_TYP":"1","PI_WIDT":"0","PI_WIDB":"2.04","PI_HEI":"2.04","PI_LENG":"126.53","PI_MAT":"RCP","PI_THICK":"0","PI_SLOP":"0.0032","DES_FLOW":"0","DES_VELO":"0","US_BLE":"0","DS_BLE":"27.01","CITY_ID":"10004","KEYIN_DATE":"20160516"}},{"type":"Feature","geometry":{"type":"LineString","coordinates":[[121.0144024627072,24.81583770905155],[121.0157633405602,24.81451266900687]]},"properties":{"name":"1","FID":"1854","SSEW_CAT":"1","PI_NUM":"96224071-4071-191-1-4071-191-2","US_MH":"4071-191-1","DS_MH":"4071-191-2","PI_TYP":"1","PI_WIDT":"0","PI_WIDB":"3.5","PI_HEI":"3.4","PI_LENG":"201.16","PI_MAT":"RCP","PI_THICK":"0","PI_SLOP":"0.004","DES_FLOW":"0","DES_VELO":"0","US_BLE":"0","DS_BLE":"25.2","CITY_ID":"10004","KEYIN_DATE":"20160516"}},{"type":"Feature","geometry":{"type":"LineString","coordinates":[[121.013362973833,24.81649601792624],[121.0144024627072,24.81583770905155]]},"properties":{"name":"1","FID":"1855","SSEW_CAT":"1","PI_NUM":"96224071-4071-191-2-FF103","US_MH":"4071-191","DS_MH":"FF103","PI_TYP":"1","PI_WIDT":"0","PI_WIDB":"3.5","PI_HEI":"3.5","PI_LENG":"127.9","PI_MAT":"RCP","PI_THICK":"0","PI_SLOP":"0.0095","DES_FLOW":"0","DES_VELO":"0","US_BLE":"25.2","DS_BLE":"0","CITY_ID":"10004","KEYIN_DATE":"20160516"}},{"type":"Feature","geometry":{"type":"LineString","coordinates":[[121.0132658189385,24.81655826074636],[121.013362973833,24.81649601792624]]},"properties":{"name":"1","FID":"1856","SSEW_CAT":"1","PI_NUM":"96224071-FF103-FF104","US_MH":"FF103","DS_MH":"FF104","PI_TYP":"5","PI_WIDT":"0","PI_WIDB":"1.2","PI_HEI":"0","PI_LENG":"12","PI_MAT":"RCP","PI_THICK":"0","PI_SLOP":"0.0095","DES_FLOW":"0","DES_VELO":"0","US_BLE":"0","DS_BLE":"0","CITY_ID":"10004","KEYIN_DATE":"20160516"}},{"type":"Feature","geometry":{"type":"LineString","coordinates":[[121.0132658189385,24.81655826074636],[121.013362973833,24.81649601792624]]},"properties":{"name":"1","FID":"1857","SSEW_CAT":"1","PI_NUM":"96224071-FF103-FF104","US_MH":"FF103","DS_MH":"FF104","PI_TYP":"5","PI_WIDT":"0","PI_WIDB":"1.2","PI_HEI":"0","PI_LENG":"12","PI_MAT":"RCP","PI_THICK":"0","PI_SLOP":"0.0095","DES_FLOW":"0","DES_VELO":"0","US_BLE":"0","DS_BLE":"0","CITY_ID":"10004","KEYIN_DATE":"20160516"}},{"type":"Feature","geometry":{"type":"LineString","coordinates":[[121.0127946130349,24.81685702220233],[121.0132658189385,24.81655826074636]]},"properties":{"name":"1","FID":"1858","SSEW_CAT":"1","PI_NUM":"96224071-FF104-FF72","US_MH":"FF104","DS_MH":"FF72","PI_TYP":"1","PI_WIDT":"0","PI_WIDB":"3.5","PI_HEI":"3.5","PI_LENG":"58","PI_MAT":"RCP","PI_THICK":"0","PI_SLOP":"0.0095","DES_FLOW":"0","DES_VELO":"0","US_BLE":"0","DS_BLE":"0","CITY_ID":"10004","KEYIN_DATE":"20160516"}},{"type":"Feature","geometry":{"type":"LineString","coordinates":[[121.0111432132062,24.81790391260007],[121.0127946130349,24.81685702220233]]},"properties":{"name":"1","FID":"1859","SSEW_CAT":"1","PI_NUM":"96224071-FF72-4071-191-3","US_MH":"FF72","DS_MH":"4071-191-3","PI_TYP":"1","PI_WIDT":"0","PI_WIDB":"3.5","PI_HEI":"3.5","PI_LENG":"203.26","PI_MAT":"RCP","PI_THICK":"0","PI_SLOP":"0.0095","DES_FLOW":"0","DES_VELO":"0","US_BLE":"0","DS_BLE":"0","CITY_ID":"10004","KEYIN_DATE":"20160516"}},{"type":"Feature","geometry":{"type":"LineString","coordinates":[[121.0162001993779,24.81409414638593],[121.0171106604796,24.81321110131965]]},"properties":{"name":"1","FID":"1860","SSEW_CAT":"1","PI_NUM":"96224071-4071-191-FF71","US_MH":"4071-191","DS_MH":"FF71","PI_TYP":"1","PI_WIDT":"0","PI_WIDB":"3.52","PI_HEI":"3.51","PI_LENG":"134.3","PI_MAT":"RCP","PI_THICK":"0","PI_SLOP":"0.004","DES_FLOW":"0","DES_VELO":"0","US_BLE":"27.01","DS_BLE":"0","CITY_ID":"10004","KEYIN_DATE":"20160516"}},{"type":"Feature","geometry":{"type":"LineString","coordinates":[[121.0157633405602,24.81451266900687],[121.0162001993779,24.81409414638593]]},"properties":{"name":"1","FID":"1861","SSEW_CAT":"1","PI_NUM":"96224071-FF71-4071-191-1","US_MH":"FF71","DS_MH":"4071-191-1","PI_TYP":"1","PI_WIDT":"0","PI_WIDB":"3.52","PI_HEI":"3.51","PI_LENG":"64.03","PI_MAT":"RCP","PI_THICK":"0","PI_SLOP":"0.004","DES_FLOW":"0","DES_VELO":"0","US_BLE":"0","DS_BLE":"0","CITY_ID":"10004","KEYIN_DATE":"20160516"}},{"type":"Feature","geometry":{"type":"LineString","coordinates":[[121.00951983919,24.81893300552689],[121.0111432132062,24.81790391260007]]},"properties":{"name":"1","FID":"1862","SSEW_CAT":"1","PI_NUM":"96224071-4071-191-3-4061-201","US_MH":"4071-191-3","DS_MH":"4061-201","PI_TYP":"1","PI_WIDT":"0","PI_WIDB":"3.5","PI_HEI":"3.5","PI_LENG":"199.8","PI_MAT":"RCP","PI_THICK":"0","PI_SLOP":"0.0095","DES_FLOW":"0","DES_VELO":"0","US_BLE":"0","DS_BLE":"19.48","CITY_ID":"10004","KEYIN_DATE":"20160516"}},{"type":"Feature","geometry":{"type":"LineString","coordinates":[[121.0452852086059,24.80304288006942],[121.0458736046541,24.80253309846647]]},"properties":{"name":"1","FID":"1863","SSEW_CAT":"1","PI_NUM":"96224072-4072-1-4072-6","US_MH":"4072-1","DS_MH":"4072-6","PI_TYP":"1","PI_WIDT":"0","PI_WIDB":"2.03","PI_HEI":"2.01","PI_LENG":"82.02","PI_MAT":"RCP","PI_THICK":"0","PI_SLOP":"0.0054","DES_FLOW":"0","DES_VELO":"0","US_BLE":"45.84","DS_BLE":"45.4","CITY_ID":"10004","KEYIN_DATE":"20160516"}},{"type":"Feature","geometry":{"type":"LineString","coordinates":[[121.0458736046541,24.80253309846647],[121.0461267644053,24.80268387081652]]},"properties":{"name":"1","FID":"1864","SSEW_CAT":"1","PI_NUM":"96224072-4072-5-4072-1","US_MH":"4072-5","DS_MH":"4072-1","PI_TYP":"1","PI_WIDT":"0","PI_WIDB":"2.04","PI_HEI":"2.02","PI_LENG":"30.56","PI_MAT":"RCP","PI_THICK":"0","PI_SLOP":"0.0069","DES_FLOW":"0","DES_VELO":"0","US_BLE":"46.05","DS_BLE":"45.84","CITY_ID":"10004","KEYIN_DATE":"20160516"}},{"type":"Feature","geometry":{"type":"LineString","coordinates":[[121.0447916733227,24.80346737371605],[121.0452852086059,24.80304288006942]]},"properties":{"name":"1","FID":"1865","SSEW_CAT":"1","PI_NUM":"96224072-4072-6-4072-7","US_MH":"4072-6","DS_MH":"4072-7","PI_TYP":"1","PI_WIDT":"0","PI_WIDB":"2.03","PI_HEI":"2.03","PI_LENG":"68.56","PI_MAT":"RCP","PI_THICK":"0","PI_SLOP":"0.0042","DES_FLOW":"0","DES_VELO":"0","US_BLE":"45.4","DS_BLE":"45.11","CITY_ID":"10004","KEYIN_DATE":"20160516"}},{"type":"Feature","geometry":{"type":"LineString","coordinates":[[121.0424989175278,24.80519142507652],[121.0433083534576,24.80470254615709]]},"properties":{"name":"1","FID":"1866","SSEW_CAT":"1","PI_NUM":"96224072-4072-7-1-4072-19","US_MH":"4072-7-1","DS_MH":"4072-19","PI_TYP":"1","PI_WIDT":"0","PI_WIDB":"2.02","PI_HEI":"2.05","PI_LENG":"98.13","PI_MAT":"RCP","PI_THICK":"0","PI_SLOP":"0.0052","DES_FLOW":"0","DES_VELO":"0","US_BLE":"44.06","DS_BLE":"43.55","CITY_ID":"10004","KEYIN_DATE":"20160516"}},{"type":"Feature","geometry":{"type":"LineString","coordinates":[[121.0439262495843,24.80418802374139],[121.0447916733227,24.80346737371605]]},"properties":{"name":"1","FID":"1867","SSEW_CAT":"1","PI_NUM":"96224072-4072-7-FF07","US_MH":"4072-7","DS_MH":"FF07","PI_TYP":"1","PI_WIDT":"0","PI_WIDB":"2.04","PI_HEI":"2.03","PI_LENG":"118.43","PI_MAT":"RCP","PI_THICK":"0","PI_SLOP":"0.0052","DES_FLOW":"0","DES_VELO":"0","US_BLE":"45.11","DS_BLE":"0","CITY_ID":"10004","KEYIN_DATE":"20160516"}},{"type":"Feature","geometry":{"type":"LineString","coordinates":[[121.0433083534576,24.80470254615709],[121.0439262495843,24.80418802374139]]},"properties":{"name":"1","FID":"1868","SSEW_CAT":"1","PI_NUM":"96224072-FF07-4072-7-1","US_MH":"FF07","DS_MH":"4072-7-1","PI_TYP":"1","PI_WIDT":"0","PI_WIDB":"2.04","PI_HEI":"2.03","PI_LENG":"84.56","PI_MAT":"RCP","PI_THICK":"0","PI_SLOP":"0.0052","DES_FLOW":"0","DES_VELO":"0","US_BLE":"0","DS_BLE":"44.06","CITY_ID":"10004","KEYIN_DATE":"20160516"}},{"type":"Feature","geometry":{"type":"LineString","coordinates":[[121.0439262495843,24.80418802374139],[121.0433385725452,24.80351093136513]]},"properties":{"name":"1","FID":"1869","SSEW_CAT":"1","PI_NUM":"96224072-4072-8-FF07","US_MH":"4072-8","DS_MH":"FF07","PI_TYP":"1","PI_WIDT":"0","PI_WIDB":"2.05","PI_HEI":"2.03","PI_LENG":"95.68","PI_MAT":"RCP","PI_THICK":"0","PI_SLOP":"0.0052","DES_FLOW":"0","DES_VELO":"0","US_BLE":"46.97","DS_BLE":"0","CITY_ID":"10004","KEYIN_DATE":"20160516"}},{"type":"Feature","geometry":{"type":"LineString","coordinates":[[121.0409451009064,24.80408728825689],[121.0419427368952,24.80357224524104]]},"properties":{"name":"1","FID":"1870","SSEW_CAT":"1","PI_NUM":"96224072-4072-9-4072-20","US_MH":"4072-9","DS_MH":"4072-20","PI_TYP":"1","PI_WIDT":"0","PI_WIDB":"2.04","PI_HEI":"2.04","PI_LENG":"115.88","PI_MAT":"RCP","PI_THICK":"0","PI_SLOP":"0.0058","DES_FLOW":"0","DES_VELO":"0","US_BLE":"45.55","DS_BLE":"44.88","CITY_ID":"10004","KEYIN_DATE":"20160516"}},{"type":"Feature","geometry":{"type":"LineString","coordinates":[[121.0426293836083,24.80310693284857],[121.043365224246,24.80252947660194]]},"properties":{"name":"1","FID":"1871","SSEW_CAT":"1","PI_NUM":"96224072-4072-10-4072-11","US_MH":"4072-10","DS_MH":"4072-11","PI_TYP":"1","PI_WIDT":"0","PI_WIDB":"2.03","PI_HEI":"2.05","PI_LENG":"98.11","PI_MAT":"RCP","PI_THICK":"0","PI_SLOP":"0.0058","DES_FLOW":"0","DES_VELO":"0","US_BLE":"46.66","DS_BLE":"46.09","CITY_ID":"10004","KEYIN_DATE":"20160516"}},{"type":"Feature","geometry":{"type":"LineString","coordinates":[[121.043365224246,24.80252947660194],[121.0440639192706,24.80195824836218]]},"properties":{"name":"1","FID":"1872","SSEW_CAT":"1","PI_NUM":"96224072-4072-10-1-4072-10","US_MH":"4072-10-1","DS_MH":"4072-10","PI_TYP":"1","PI_WIDT":"0","PI_WIDB":"2.06","PI_HEI":"2.03","PI_LENG":"94.83","PI_MAT":"RCP","PI_THICK":"0","PI_SLOP":"0.0058","DES_FLOW":"0","DES_VELO":"0","US_BLE":"47.21","DS_BLE":"46.66","CITY_ID":"10004","KEYIN_DATE":"20160516"}},{"type":"Feature","geometry":{"type":"LineString","coordinates":[[121.0419427368952,24.80357224524104],[121.0426293836083,24.80310693284857]]},"properties":{"name":"1","FID":"1873","SSEW_CAT":"1","PI_NUM":"96224072-4072-11-4072-9","US_MH":"4072-11","DS_MH":"4072-9","PI_TYP":"1","PI_WIDT":"0","PI_WIDB":"2.05","PI_HEI":"2.02","PI_LENG":"86.46","PI_MAT":"RCP","PI_THICK":"0","PI_SLOP":"0.0062","DES_FLOW":"0","DES_VELO":"0","US_BLE":"46.09","DS_BLE":"45.55","CITY_ID":"10004","KEYIN_DATE":"20160516"}},{"type":"Feature","geometry":{"type":"LineString","coordinates":[[121.0419179981861,24.80192244344491],[121.0424709718095,24.80155419966559]]},"properties":{"name":"1","FID":"1874","SSEW_CAT":"1","PI_NUM":"96224072-4072-12-FF01","US_MH":"4072-12","DS_MH":"FF01","PI_TYP":"1","PI_WIDT":"0","PI_WIDB":"2.05","PI_HEI":"2.06","PI_LENG":"69.2","PI_MAT":"RCP","PI_THICK":"0","PI_SLOP":"0.0059","DES_FLOW":"0","DES_VELO":"0","US_BLE":"46.22","DS_BLE":"0","CITY_ID":"10004","KEYIN_DATE":"20160516"}},{"type":"Feature","geometry":{"type":"LineString","coordinates":[[121.0412724115094,24.80235234913104],[121.0419179981861,24.80192244344491]]},"properties":{"name":"1","FID":"1875","SSEW_CAT":"1","PI_NUM":"96224072-FF01-4072-13","US_MH":"FF01","DS_MH":"4072-13","PI_TYP":"1","PI_WIDT":"0","PI_WIDB":"2.05","PI_HEI":"2.06","PI_LENG":"103.78","PI_MAT":"RCP","PI_THICK":"0","PI_SLOP":"0.0059","DES_FLOW":"0","DES_VELO":"0","US_BLE":"0","DS_BLE":"45.34","CITY_ID":"10004","KEYIN_DATE":"20160516"}},{"type":"Feature","geometry":{"type":"LineString","coordinates":[[121.0404917190926,24.80272704250853],[121.0412724115094,24.80235234913104]]},"properties":{"name":"1","FID":"1876","SSEW_CAT":"1","PI_NUM":"96224072-4072-13-FF02","US_MH":"4072-13","DS_MH":"FF02","PI_TYP":"1","PI_WIDT":"0","PI_WIDB":"2.06","PI_HEI":"2.05","PI_LENG":"89.17","PI_MAT":"RCP","PI_THICK":"0","PI_SLOP":"0.0059","DES_FLOW":"0","DES_VELO":"0","US_BLE":"45.34","DS_BLE":"0","CITY_ID":"10004","KEYIN_DATE":"20160516"}},{"type":"Feature","geometry":{"type":"LineString","coordinates":[[121.0395241864317,24.80319139934617],[121.0404917190926,24.80272704250853]]},"properties":{"name":"1","FID":"1877","SSEW_CAT":"1","PI_NUM":"96224072-FF02-4072-18","US_MH":"FF02","DS_MH":"4072-18","PI_TYP":"1","PI_WIDT":"0","PI_WIDB":"2.06","PI_HEI":"2.05","PI_LENG":"110.52","PI_MAT":"RCP","PI_THICK":"0","PI_SLOP":"0.0059","DES_FLOW":"0","DES_VELO":"0","US_BLE":"0","DS_BLE":"44.17","CITY_ID":"10004","KEYIN_DATE":"20160516"}},{"type":"Feature","geometry":{"type":"LineString","coordinates":[[121.0424709718095,24.80155419966559],[121.0429303838876,24.80118843648486]]},"properties":{"name":"1","FID":"1878","SSEW_CAT":"1","PI_NUM":"96224072-4072-14-4072-12","US_MH":"4072-14","DS_MH":"4072-12","PI_TYP":"1","PI_WIDT":"0","PI_WIDB":"2.05","PI_HEI":"2.04","PI_LENG":"61.63","PI_MAT":"RCP","PI_THICK":"0","PI_SLOP":"0.006","DES_FLOW":"0","DES_VELO":"0","US_BLE":"46.59","DS_BLE":"46.22","CITY_ID":"10004","KEYIN_DATE":"20160516"}},{"type":"Feature","geometry":{"type":"LineString","coordinates":[[121.0419179981861,24.80192244344491],[121.0413923069727,24.80126603747794]]},"properties":{"name":"1","FID":"1879","SSEW_CAT":"1","PI_NUM":"96224072-4072-15-FF01","US_MH":"4072-15","DS_MH":"FF01","PI_TYP":"1","PI_WIDT":"0","PI_WIDB":"2.08","PI_HEI":"2.02","PI_LENG":"89.85","PI_MAT":"RCP","PI_THICK":"0","PI_SLOP":"0.0063","DES_FLOW":"0","DES_VELO":"0","US_BLE":"46.41","DS_BLE":"0","CITY_ID":"10004","KEYIN_DATE":"20160516"}},{"type":"Feature","geometry":{"type":"LineString","coordinates":[[121.0413923069727,24.80126603747794],[121.0410983918104,24.80041555005288]]},"properties":{"name":"1","FID":"1880","SSEW_CAT":"1","PI_NUM":"96224072-4072-16-4072-15","US_MH":"4072-16","DS_MH":"4072-15","PI_TYP":"1","PI_WIDT":"0","PI_WIDB":"2.05","PI_HEI":"2.05","PI_LENG":"98.77","PI_MAT":"RCP","PI_THICK":"0","PI_SLOP":"0.0052","DES_FLOW":"0","DES_VELO":"0","US_BLE":"46.92","DS_BLE":"46.41","CITY_ID":"10004","KEYIN_DATE":"20160516"}},{"type":"Feature","geometry":{"type":"LineString","coordinates":[[121.0404917190926,24.80272704250853],[121.040058360638,24.80184067501845]]},"properties":{"name":"1","FID":"1881","SSEW_CAT":"1","PI_NUM":"96224072-4072-17-FF02","US_MH":"4072-17","DS_MH":"FF02","PI_TYP":"1","PI_WIDT":"0","PI_WIDB":"2.07","PI_HEI":"2.02","PI_LENG":"107.51","PI_MAT":"RCP","PI_THICK":"0","PI_SLOP":"0.0057","DES_FLOW":"0","DES_VELO":"0","US_BLE":"45.42","DS_BLE":"0","CITY_ID":"10004","KEYIN_DATE":"20160516"}},{"type":"Feature","geometry":{"type":"LineString","coordinates":[[121.0386468720639,24.80339358067441],[121.0395241864317,24.80319139934617]]},"properties":{"name":"1","FID":"1882","SSEW_CAT":"1","PI_NUM":"96224072-4072-18-4072-18-1","US_MH":"4072-18","DS_MH":"4072-18-1","PI_TYP":"1","PI_WIDT":"0","PI_WIDB":"2.04","PI_HEI":"2.03","PI_LENG":"91.48","PI_MAT":"RCP","PI_THICK":"0","PI_SLOP":"0.0063","DES_FLOW":"0","DES_VELO":"0","US_BLE":"44.17","DS_BLE":"43.59","CITY_ID":"10004","KEYIN_DATE":"20160516"}},{"type":"Feature","geometry":{"type":"LineString","coordinates":[[121.037600397833,24.80347267618075],[121.0386468720639,24.80339358067441]]},"properties":{"name":"1","FID":"1883","SSEW_CAT":"1","PI_NUM":"96224072-4072-18-1-4072-50","US_MH":"4072-18-1","DS_MH":"4072-50","PI_TYP":"1","PI_WIDT":"0","PI_WIDB":"2.04","PI_HEI":"2.04","PI_LENG":"106.16","PI_MAT":"RCP","PI_THICK":"0","PI_SLOP":"0.0066","DES_FLOW":"0","DES_VELO":"0","US_BLE":"43.59","DS_BLE":"42.89","CITY_ID":"10004","KEYIN_DATE":"20160516"}},{"type":"Feature","geometry":{"type":"LineString","coordinates":[[121.0417005891702,24.80555013093392],[121.0424989175278,24.80519142507652]]},"properties":{"name":"1","FID":"1884","SSEW_CAT":"1","PI_NUM":"96224072-4072-19-4072-19-1","US_MH":"4072-19","DS_MH":"4072-19-1","PI_TYP":"1","PI_WIDT":"0","PI_WIDB":"2.04","PI_HEI":"2.04","PI_LENG":"89.96","PI_MAT":"RCP","PI_THICK":"0","PI_SLOP":"0.0048","DES_FLOW":"0","DES_VELO":"0","US_BLE":"43.55","DS_BLE":"43.12","CITY_ID":"10004","KEYIN_DATE":"20160516"}},{"type":"Feature","geometry":{"type":"LineString","coordinates":[[121.0401430179696,24.8059558063865],[121.0417005891702,24.80555013093392]]},"properties":{"name":"1","FID":"1885","SSEW_CAT":"1","PI_NUM":"96224072-4072-19-1-4072-55","US_MH":"4072-19","DS_MH":"4072-55","PI_TYP":"1","PI_WIDT":"0","PI_WIDB":"2.05","PI_HEI":"2.02","PI_LENG":"163.75","PI_MAT":"RCP","PI_THICK":"0","PI_SLOP":"0.0051","DES_FLOW":"0","DES_VELO":"0","US_BLE":"43.12","DS_BLE":"42.29","CITY_ID":"10004","KEYIN_DATE":"20160516"}},{"type":"Feature","geometry":{"type":"LineString","coordinates":[[121.0404223651675,24.80432181331937],[121.0409451009064,24.80408728825689]]},"properties":{"name":"1","FID":"1886","SSEW_CAT":"1","PI_NUM":"96224072-4072-20-4072-21","US_MH":"4072-20","DS_MH":"4072-21","PI_TYP":"1","PI_WIDT":"0","PI_WIDB":"2.05","PI_HEI":"2.03","PI_LENG":"58.89","PI_MAT":"RCP","PI_THICK":"0","PI_SLOP":"0.0056","DES_FLOW":"0","DES_VELO":"0","US_BLE":"44.88","DS_BLE":"44.55","CITY_ID":"10004","KEYIN_DATE":"20160516"}},{"type":"Feature","geometry":{"type":"LineString","coordinates":[[121.0394751026492,24.80455395725741],[121.0404223651675,24.80432181331937]]},"properties":{"name":"1","FID":"1887","SSEW_CAT":"1","PI_NUM":"96224072-4072-21-4072-62","US_MH":"4072-21","DS_MH":"4072-62","PI_TYP":"1","PI_WIDT":"0","PI_WIDB":"2.03","PI_HEI":"2.04","PI_LENG":"99.16","PI_MAT":"RCP","PI_THICK":"0","PI_SLOP":"0.0064","DES_FLOW":"0","DES_VELO":"0","US_BLE":"44.55","DS_BLE":"43.92","CITY_ID":"10004","KEYIN_DATE":"20160516"}},{"type":"Feature","geometry":{"type":"LineString","coordinates":[[121.0412561960193,24.80795920599606],[121.0411121370725,24.80733445653745]]},"properties":{"name":"1","FID":"1888","SSEW_CAT":"1","PI_NUM":"96224072-4072-23-4072-23-1","US_MH":"4072-23","DS_MH":"4072-23-1","PI_TYP":"1","PI_WIDT":"0","PI_WIDB":"2.04","PI_HEI":"2.04","PI_LENG":"70.71","PI_MAT":"RCP","PI_THICK":"0","PI_SLOP":"0.0039","DES_FLOW":"0","DES_VELO":"0","US_BLE":"0","DS_BLE":"42.07","CITY_ID":"10004","KEYIN_DATE":"20160516"}},{"type":"Feature","geometry":{"type":"LineString","coordinates":[[121.0414797934762,24.80884746037653],[121.0412561960193,24.80795920599606]]},"properties":{"name":"1","FID":"1889","SSEW_CAT":"1","PI_NUM":"96224072-4072-23-1-4072-23-1A","US_MH":"4072-23-1","DS_MH":"4072-23-1A","PI_TYP":"1","PI_WIDT":"0","PI_WIDB":"2.04","PI_HEI":"2.04","PI_LENG":"100.95","PI_MAT":"RCP","PI_THICK":"0","PI_SLOP":"0.0039","DES_FLOW":"0","DES_VELO":"0","US_BLE":"42.07","DS_BLE":"0","CITY_ID":"10004","KEYIN_DATE":"20160516"}},{"type":"Feature","geometry":{"type":"LineString","coordinates":[[121.0416969658651,24.8097101470775],[121.0414797934762,24.80884746037653]]},"properties":{"name":"1","FID":"1890","SSEW_CAT":"1","PI_NUM":"96224072-4072-23-1A-4072-45-6","US_MH":"4072-23-1A","DS_MH":"4072-45-6","PI_TYP":"1","PI_WIDT":"0","PI_WIDB":"2.06","PI_HEI":"2.02","PI_LENG":"98.04","PI_MAT":"RCP","PI_THICK":"0","PI_SLOP":"0.0039","DES_FLOW":"0","DES_VELO":"0","US_BLE":"0","DS_BLE":"41.3","CITY_ID":"10004","KEYIN_DATE":"20160516"}},{"type":"Feature","geometry":{"type":"LineString","coordinates":[[121.0430279607047,24.80947575759592],[121.0428687625421,24.80857974062733]]},"properties":{"name":"1","FID":"1891","SSEW_CAT":"1","PI_NUM":"96224072-4072-27-4072-27-1","US_MH":"4072-27","DS_MH":"4072-27-1","PI_TYP":"1","PI_WIDT":"0","PI_WIDB":"2.04","PI_HEI":"2.04","PI_LENG":"100.54","PI_MAT":"RCP","PI_THICK":"0","PI_SLOP":"0.0043","DES_FLOW":"0","DES_VELO":"0","US_BLE":"42.22","DS_BLE":"41.79","CITY_ID":"10004","KEYIN_DATE":"20160516"}},{"type":"Feature","geometry":{"type":"LineString","coordinates":[[121.0431301939523,24.8101126515358],[121.0430279607047,24.80947575759592]]},"properties":{"name":"1","FID":"1892","SSEW_CAT":"1","PI_NUM":"96224072-4072-27-1-FF15","US_MH":"4072-27-1","DS_MH":"FF15","PI_TYP":"1","PI_WIDT":"0","PI_WIDB":"2.02","PI_HEI":"2.03","PI_LENG":"71.3","PI_MAT":"RCP","PI_THICK":"0","PI_SLOP":"0.0043","DES_FLOW":"0","DES_VELO":"0","US_BLE":"41.79","DS_BLE":"0","CITY_ID":"10004","KEYIN_DATE":"20160516"}},{"type":"Feature","geometry":{"type":"LineString","coordinates":[[121.0431301939523,24.8101126515358],[121.0435065681987,24.81035074438612]]},"properties":{"name":"1","FID":"1893","SSEW_CAT":"1","PI_NUM":"96224072-4072-27-2-FF15","US_MH":"4072-27-2","DS_MH":"FF15","PI_TYP":"1","PI_WIDT":"0","PI_WIDB":"2.02","PI_HEI":"2.01","PI_LENG":"46.29","PI_MAT":"RCP","PI_THICK":"0","PI_SLOP":"0.0043","DES_FLOW":"0","DES_VELO":"0","US_BLE":"0","DS_BLE":"0","CITY_ID":"10004","KEYIN_DATE":"20160516"}},{"type":"Feature","geometry":{"type":"LineString","coordinates":[[121.0424630977767,24.80991470047995],[121.0431301939523,24.8101126515358]]},"properties":{"name":"1","FID":"1894","SSEW_CAT":"1","PI_NUM":"96224072-4072-27-3-4072-27-4","US_MH":"4072-27-3","DS_MH":"4072-27-4","PI_TYP":"1","PI_WIDT":"0","PI_WIDB":"2.02","PI_HEI":"2.03","PI_LENG":"65.88","PI_MAT":"RCP","PI_THICK":"0","PI_SLOP":"0.0011","DES_FLOW":"0","DES_VELO":"0","US_BLE":"0","DS_BLE":"0","CITY_ID":"10004","KEYIN_DATE":"20160516"}},{"type":"Feature","geometry":{"type":"LineString","coordinates":[[121.0417651123547,24.81001311923287],[121.0424630977767,24.80991470047995]]},"properties":{"name":"1","FID":"1895","SSEW_CAT":"1","PI_NUM":"96224072-4072-27-4-FF16","US_MH":"4072-27-4","DS_MH":"FF16","PI_TYP":"1","PI_WIDT":"0","PI_WIDB":"2.09","PI_HEI":"2.01","PI_LENG":"71.4","PI_MAT":"RCP","PI_THICK":"0","PI_SLOP":"0.0045","DES_FLOW":"0","DES_VELO":"0","US_BLE":"0","DS_BLE":"0","CITY_ID":"10004","KEYIN_DATE":"20160516"}},{"type":"Feature","geometry":{"type":"LineString","coordinates":[[121.0411270570028,24.81010308554252],[121.0417651123547,24.81001311923287]]},"properties":{"name":"1","FID":"1896","SSEW_CAT":"1","PI_NUM":"96224072-FF16-4072-45-1","US_MH":"FF16","DS_MH":"4072-45-1","PI_TYP":"1","PI_WIDT":"0","PI_WIDB":"2.09","PI_HEI":"2.01","PI_LENG":"65.27","PI_MAT":"RCP","PI_THICK":"0","PI_SLOP":"0.0045","DES_FLOW":"0","DES_VELO":"0","US_BLE":"0","DS_BLE":"0","CITY_ID":"10004","KEYIN_DATE":"20160516"}},{"type":"Feature","geometry":{"type":"LineString","coordinates":[[121.0426614112807,24.8077026430357],[121.0424239649589,24.80683065475492]]},"properties":{"name":"1","FID":"1897","SSEW_CAT":"1","PI_NUM":"96224072-4072-28-4072-29","US_MH":"4072-28","DS_MH":"4072-29","PI_TYP":"1","PI_WIDT":"0","PI_WIDB":"2.04","PI_HEI":"2.04","PI_LENG":"99.52","PI_MAT":"RCP","PI_THICK":"0","PI_SLOP":"0.004","DES_FLOW":"0","DES_VELO":"0","US_BLE":"42.97","DS_BLE":"42.57","CITY_ID":"10004","KEYIN_DATE":"20160516"}},{"type":"Feature","geometry":{"type":"LineString","coordinates":[[121.0428687625421,24.80857974062733],[121.0426614112807,24.8077026430357]]},"properties":{"name":"1","FID":"1898","SSEW_CAT":"1","PI_NUM":"96224072-4072-29-4072-27","US_MH":"4072-29","DS_MH":"4072-27","PI_TYP":"1","PI_WIDT":"0","PI_WIDB":"2.04","PI_HEI":"2.02","PI_LENG":"99.38","PI_MAT":"RCP","PI_THICK":"0","PI_SLOP":"0.0035","DES_FLOW":"0","DES_VELO":"0","US_BLE":"42.57","DS_BLE":"42.22","CITY_ID":"10004","KEYIN_DATE":"20160516"}},{"type":"Feature","geometry":{"type":"LineString","coordinates":[[121.0366332878983,24.80260448022707],[121.0372107032886,24.80207718367414]]},"properties":{"name":"1","FID":"1899","SSEW_CAT":"1","PI_NUM":"96224072-4072-30-4072-30-1","US_MH":"4072-30","DS_MH":"4072-30-1","PI_TYP":"1","PI_WIDT":"0","PI_WIDB":"2.06","PI_HEI":"2.03","PI_LENG":"82.58","PI_MAT":"RCP","PI_THICK":"0","PI_SLOP":"0.0062","DES_FLOW":"0","DES_VELO":"0","US_BLE":"42.87","DS_BLE":"0","CITY_ID":"10004","KEYIN_DATE":"20160516"}},{"type":"Feature","geometry":{"type":"LineString","coordinates":[[121.0363431311271,24.80290826473806],[121.0366332878983,24.80260448022707]]},"properties":{"name":"1","FID":"1900","SSEW_CAT":"1","PI_NUM":"96224072-4072-30-1-FF04","US_MH":"4072-30-1","DS_MH":"FF04","PI_TYP":"1","PI_WIDT":"0","PI_WIDB":"2.01","PI_HEI":"2.1","PI_LENG":"44.65","PI_MAT":"RCP","PI_THICK":"0","PI_SLOP":"0.0062","DES_FLOW":"0","DES_VELO":"0","US_BLE":"0","DS_BLE":"0","CITY_ID":"10004","KEYIN_DATE":"20160516"}},{"type":"Feature","geometry":{"type":"LineString","coordinates":[[121.038879725739,24.8014434737646],[121.0388982193355,24.80064239543408]]},"properties":{"name":"1","FID":"1901","SSEW_CAT":"1","PI_NUM":"96224072-4072-33-FF03","US_MH":"4072-33","DS_MH":"FF03","PI_TYP":"1","PI_WIDT":"0","PI_WIDB":"2.06","PI_HEI":"2.04","PI_LENG":"88.75","PI_MAT":"RCP","PI_THICK":"0","PI_SLOP":"0.0056","DES_FLOW":"0","DES_VELO":"0","US_BLE":"44.39","DS_BLE":"0","CITY_ID":"10004","KEYIN_DATE":"20160516"}},{"type":"Feature","geometry":{"type":"LineString","coordinates":[[121.0388982193355,24.80064239543408],[121.0390860961669,24.80009889560905]]},"properties":{"name":"1","FID":"1902","SSEW_CAT":"1","PI_NUM":"96224072-4072-34-4072-33","US_MH":"4072-34","DS_MH":"4072-33","PI_TYP":"1","PI_WIDT":"0","PI_WIDB":"2.04","PI_HEI":"2.04","PI_LENG":"63.12","PI_MAT":"RCP","PI_THICK":"0","PI_SLOP":"0.0065","DES_FLOW":"0","DES_VELO":"0","US_BLE":"44.8","DS_BLE":"44.39","CITY_ID":"10004","KEYIN_DATE":"20160516"}},{"type":"Feature","geometry":{"type":"LineString","coordinates":[[121.0372107032886,24.80207718367414],[121.0380147906255,24.80172427846987]]},"properties":{"name":"1","FID":"1903","SSEW_CAT":"1","PI_NUM":"96224072-4072-36-4072-30","US_MH":"4072-36","DS_MH":"4072-30","PI_TYP":"1","PI_WIDT":"0","PI_WIDB":"2.04","PI_HEI":"2.04","PI_LENG":"90.2","PI_MAT":"RCP","PI_THICK":"0","PI_SLOP":"0.0055","DES_FLOW":"0","DES_VELO":"0","US_BLE":"43.37","DS_BLE":"42.87","CITY_ID":"10004","KEYIN_DATE":"20160516"}},{"type":"Feature","geometry":{"type":"LineString","coordinates":[[121.035842453997,24.80721966771323],[121.035948309728,24.80717474301402]]},"properties":{"name":"1","FID":"1904","SSEW_CAT":"1","PI_NUM":"96224072-4072-38-FF09","US_MH":"4072-38","DS_MH":"FF09","PI_TYP":"1","PI_WIDT":"0","PI_WIDB":"3.04","PI_HEI":"2.02","PI_LENG":"11.8","PI_MAT":"RCP","PI_THICK":"0","PI_SLOP":"0.0021","DES_FLOW":"0","DES_VELO":"0","US_BLE":"40.97","DS_BLE":"0","CITY_ID":"10004","KEYIN_DATE":"20160516"}},{"type":"Feature","geometry":{"type":"LineString","coordinates":[[121.0351747985965,24.80750303576123],[121.035842453997,24.80721966771323]]},"properties":{"name":"1","FID":"1905","SSEW_CAT":"1","PI_NUM":"96224072-FF09-FF10","US_MH":"FF09","DS_MH":"FF10","PI_TYP":"1","PI_WIDT":"0","PI_WIDB":"3.04","PI_HEI":"2.02","PI_LENG":"74.44","PI_MAT":"RCP","PI_THICK":"0","PI_SLOP":"0.0021","DES_FLOW":"0","DES_VELO":"0","US_BLE":"0","DS_BLE":"0","CITY_ID":"10004","KEYIN_DATE":"20160516"}},{"type":"Feature","geometry":{"type":"LineString","coordinates":[[121.0347811517651,24.80685084647695],[121.0351747985965,24.80750303576123]]},"properties":{"name":"1","FID":"1906","SSEW_CAT":"1","PI_NUM":"96224072-FF10-4072-41","US_MH":"FF10","DS_MH":"4072-41","PI_TYP":"2","PI_WIDT":"0","PI_WIDB":"3.04","PI_HEI":"2.02","PI_LENG":"82.47","PI_MAT":"RCP","PI_THICK":"0","PI_SLOP":"0.0021","DES_FLOW":"0","DES_VELO":"0","US_BLE":"0","DS_BLE":"40.62","CITY_ID":"10004","KEYIN_DATE":"20160516"}},{"type":"Feature","geometry":{"type":"LineString","coordinates":[[121.0342613831867,24.80612511986615],[121.0347811517651,24.80685084647695]]},"properties":{"name":"1","FID":"1907","SSEW_CAT":"1","PI_NUM":"96224072-4072-41-4072-40","US_MH":"4072-41","DS_MH":"4072-40","PI_TYP":"2","PI_WIDT":"0","PI_WIDB":"2.01","PI_HEI":"2.02","PI_LENG":"96.03","PI_MAT":"RCP","PI_THICK":"0","PI_SLOP":"0.0019","DES_FLOW":"0","DES_VELO":"0","US_BLE":"40.62","DS_BLE":"40.44","CITY_ID":"10004","KEYIN_DATE":"20160516"}},{"type":"Feature","geometry":{"type":"LineString","coordinates":[[121.0337010143633,24.80539088653866],[121.0342613831867,24.80612511986615]]},"properties":{"name":"1","FID":"1908","SSEW_CAT":"1","PI_NUM":"96224072-4072-40-4072-37","US_MH":"4072-40","DS_MH":"4072-37","PI_TYP":"2","PI_WIDT":"0","PI_WIDB":"2.02","PI_HEI":"2.03","PI_LENG":"99.11","PI_MAT":"RCP","PI_THICK":"0","PI_SLOP":"0.0019","DES_FLOW":"0","DES_VELO":"0","US_BLE":"40.44","DS_BLE":"40.25","CITY_ID":"10004","KEYIN_DATE":"20160516"}},{"type":"Feature","geometry":{"type":"LineString","coordinates":[[121.0330745653533,24.80464511805419],[121.0337010143633,24.80539088653866]]},"properties":{"name":"1","FID":"1909","SSEW_CAT":"1","PI_NUM":"96224072-4072-37-4072-42","US_MH":"4072-37","DS_MH":"4072-42","PI_TYP":"2","PI_WIDT":"0","PI_WIDB":"2.03","PI_HEI":"2.03","PI_LENG":"104.09","PI_MAT":"RCP","PI_THICK":"0","PI_SLOP":"0.0018","DES_FLOW":"0","DES_VELO":"0","US_BLE":"40.25","DS_BLE":"40.06","CITY_ID":"10004","KEYIN_DATE":"20160516"}},{"type":"Feature","geometry":{"type":"LineString","coordinates":[[121.0324126726408,24.80385738049841],[121.0330745653533,24.80464511805419]]},"properties":{"name":"1","FID":"1910","SSEW_CAT":"1","PI_NUM":"96224072-4072-42-4072-42-1","US_MH":"4072-42","DS_MH":"4072-42-1","PI_TYP":"2","PI_WIDT":"0","PI_WIDB":"2.02","PI_HEI":"2.02","PI_LENG":"109.96","PI_MAT":"RCP","PI_THICK":"0","PI_SLOP":"0.0021","DES_FLOW":"0","DES_VELO":"0","US_BLE":"40.06","DS_BLE":"39.83","CITY_ID":"10004","KEYIN_DATE":"20160516"}},{"type":"Feature","geometry":{"type":"LineString","coordinates":[[121.0317035045776,24.80301526154147],[121.0324126726408,24.80385738049841]]},"properties":{"name":"1","FID":"1911","SSEW_CAT":"1","PI_NUM":"96224072-4072-42-1-FF11","US_MH":"4072-42-1","DS_MH":"FF11","PI_TYP":"2","PI_WIDT":"0","PI_WIDB":"2.02","PI_HEI":"2.03","PI_LENG":"117.64","PI_MAT":"RCP","PI_THICK":"0","PI_SLOP":"0.0019","DES_FLOW":"0","DES_VELO":"0","US_BLE":"39.83","DS_BLE":"0","CITY_ID":"10004","KEYIN_DATE":"20160516"}},{"type":"Feature","geometry":{"type":"LineString","coordinates":[[121.0340569077076,24.80358978621095],[121.0347923194125,24.80419353230665]]},"properties":{"name":"1","FID":"1912","SSEW_CAT":"1","PI_NUM":"96224072-4072-43-4072-45","US_MH":"4072-43","DS_MH":"4072-45","PI_TYP":"1","PI_WIDT":"0","PI_WIDB":"2.04","PI_HEI":"2.03","PI_LENG":"100","PI_MAT":"RCP","PI_THICK":"0","PI_SLOP":"0.0051","DES_FLOW":"0","DES_VELO":"0","US_BLE":"41.32","DS_BLE":"40.81","CITY_ID":"10004","KEYIN_DATE":"20160516"}},{"type":"Feature","geometry":{"type":"LineString","coordinates":[[121.0334033029777,24.80291202866361],[121.0340569077076,24.80358978621095]]},"properties":{"name":"1","FID":"1913","SSEW_CAT":"1","PI_NUM":"96224072-4072-45-4072-46","US_MH":"4072-45","DS_MH":"4072-46","PI_TYP":"1","PI_WIDT":"0","PI_WIDB":"2.04","PI_HEI":"2.03","PI_LENG":"100.01","PI_MAT":"RCP","PI_THICK":"0","PI_SLOP":"0.0051","DES_FLOW":"0","DES_VELO":"0","US_BLE":"40.81","DS_BLE":"40.3","CITY_ID":"10004","KEYIN_DATE":"20160516"}},{"type":"Feature","geometry":{"type":"LineString","coordinates":[[121.0402601815919,24.81030443365875],[121.0411270570028,24.81010308554252]]},"properties":{"name":"1","FID":"1914","SSEW_CAT":"1","PI_NUM":"96224072-4072-45-1-4072-45-2","US_MH":"4072-45-1","DS_MH":"4072-45-2","PI_TYP":"1","PI_WIDT":"0","PI_WIDB":"2.05","PI_HEI":"2.01","PI_LENG":"90.43","PI_MAT":"RCP","PI_THICK":"0","PI_SLOP":"0.0018","DES_FLOW":"0","DES_VELO":"0","US_BLE":"0","DS_BLE":"0","CITY_ID":"10004","KEYIN_DATE":"20160516"}},{"type":"Feature","geometry":{"type":"LineString","coordinates":[[121.0398480434299,24.81040108694264],[121.0402601815919,24.81030443365875]]},"properties":{"name":"1","FID":"1915","SSEW_CAT":"1","PI_NUM":"96224072-4072-45-2-FF17","US_MH":"4072-45-2","DS_MH":"FF17","PI_TYP":"1","PI_WIDT":"0","PI_WIDB":"3.07","PI_HEI":"2","PI_LENG":"43.02","PI_MAT":"RCP","PI_THICK":"0","PI_SLOP":"0.0038","DES_FLOW":"0","DES_VELO":"0","US_BLE":"0","DS_BLE":"0","CITY_ID":"10004","KEYIN_DATE":"20160516"}},{"type":"Feature","geometry":{"type":"LineString","coordinates":[[121.0396816714687,24.80983358364469],[121.0398480434299,24.81040108694264]]},"properties":{"name":"1","FID":"1916","SSEW_CAT":"1","PI_NUM":"96224072-FF17-4072-45-3","US_MH":"FF17","DS_MH":"4072-45-3","PI_TYP":"2","PI_WIDT":"0","PI_WIDB":"2.01","PI_HEI":"2","PI_LENG":"65.07","PI_MAT":"RCP","PI_THICK":"0","PI_SLOP":"0.0038","DES_FLOW":"0","DES_VELO":"0","US_BLE":"0","DS_BLE":"0","CITY_ID":"10004","KEYIN_DATE":"20160516"}},{"type":"Feature","geometry":{"type":"LineString","coordinates":[[121.039450397196,24.80922011452443],[121.0396816714687,24.80983358364469]]},"properties":{"name":"1","FID":"1917","SSEW_CAT":"1","PI_NUM":"96224072-4072-45-3-FF18","US_MH":"4072-45-3","DS_MH":"FF18","PI_TYP":"2","PI_WIDT":"0","PI_WIDB":"2.01","PI_HEI":"2","PI_LENG":"71.86","PI_MAT":"RCP","PI_THICK":"0","PI_SLOP":"0.004","DES_FLOW":"0","DES_VELO":"0","US_BLE":"0","DS_BLE":"0","CITY_ID":"10004","KEYIN_DATE":"20160516"}},{"type":"Feature","geometry":{"type":"LineString","coordinates":[[121.0387015160692,24.80943116433935],[121.039450397196,24.80922011452443]]},"properties":{"name":"1","FID":"1918","SSEW_CAT":"1","PI_NUM":"96224072-FF18-4072-45-4","US_MH":"FF18","DS_MH":"4072-45-4","PI_TYP":"2","PI_WIDT":"0","PI_WIDB":"2.03","PI_HEI":"2.01","PI_LENG":"79.24","PI_MAT":"RCP","PI_THICK":"0","PI_SLOP":"0.004","DES_FLOW":"0","DES_VELO":"0","US_BLE":"0","DS_BLE":"0","CITY_ID":"10004","KEYIN_DATE":"20160516"}},{"type":"Feature","geometry":{"type":"LineString","coordinates":[[121.0374670874627,24.80983461513797],[121.0387015160692,24.80943116433935]]},"properties":{"name":"1","FID":"1919","SSEW_CAT":"1","PI_NUM":"96224072-4072-45-4-4072-45-5","US_MH":"4072-45-4","DS_MH":"4072-45-5","PI_TYP":"2","PI_WIDT":"0","PI_WIDB":"2.03","PI_HEI":"2.01","PI_LENG":"132.55","PI_MAT":"RCP","PI_THICK":"0","PI_SLOP":"0.0008","DES_FLOW":"0","DES_VELO":"0","US_BLE":"0","DS_BLE":"0","CITY_ID":"10004","KEYIN_DATE":"20160516"}},{"type":"Feature","geometry":{"type":"LineString","coordinates":[[121.0365922985146,24.81018404030418],[121.0374670874627,24.80983461513797]]},"properties":{"name":"1","FID":"1920","SSEW_CAT":"1","PI_NUM":"96224072-4072-45-5-FF19","US_MH":"4072-45-5","DS_MH":"FF19","PI_TYP":"2","PI_WIDT":"0","PI_WIDB":"2.03","PI_HEI":"2.01","PI_LENG":"96.53","PI_MAT":"RCP","PI_THICK":"0","PI_SLOP":"0.0008","DES_FLOW":"0","DES_VELO":"0","US_BLE":"0","DS_BLE":"0","CITY_ID":"10004","KEYIN_DATE":"20160516"}},{"type":"Feature","geometry":{"type":"LineString","coordinates":[[121.0365922985146,24.81018404030418],[121.036876230089,24.81071658639696]]},"properties":{"name":"1","FID":"1921","SSEW_CAT":"1","PI_NUM":"96224072-4072-78-FF19","US_MH":"4072-78","DS_MH":"FF19","PI_TYP":"2","PI_WIDT":"0","PI_WIDB":"2.03","PI_HEI":"2.04","PI_LENG":"65.6","PI_MAT":"RCP","PI_THICK":"0","PI_SLOP":"0.0013","DES_FLOW":"0","DES_VELO":"0","US_BLE":"40.47","DS_BLE":"0","CITY_ID":"10004","KEYIN_DATE":"20160516"}},{"type":"Feature","geometry":{"type":"LineString","coordinates":[[121.0361911384525,24.80943159407785],[121.0365922985146,24.81018404030418]]},"properties":{"name":"1","FID":"1922","SSEW_CAT":"1","PI_NUM":"96224072-FF19-4072-61","US_MH":"FF19","DS_MH":"4072-61","PI_TYP":"2","PI_WIDT":"0","PI_WIDB":"2.03","PI_HEI":"2.04","PI_LENG":"92.68","PI_MAT":"RCP","PI_THICK":"0","PI_SLOP":"0.0013","DES_FLOW":"0","DES_VELO":"0","US_BLE":"0","DS_BLE":"40.27","CITY_ID":"10004","KEYIN_DATE":"20160516"}},{"type":"Feature","geometry":{"type":"LineString","coordinates":[[121.0358750027535,24.80878608830962],[121.0361911384525,24.80943159407785]]},"properties":{"name":"1","FID":"1923","SSEW_CAT":"1","PI_NUM":"96224072-4072-61-FF20","US_MH":"4072-61","DS_MH":"FF20","PI_TYP":"2","PI_WIDT":"0","PI_WIDB":"2.02","PI_HEI":"2.03","PI_LENG":"78.31","PI_MAT":"RCP","PI_THICK":"0","PI_SLOP":"0.0008","DES_FLOW":"0","DES_VELO":"0","US_BLE":"40.27","DS_BLE":"0","CITY_ID":"10004","KEYIN_DATE":"20160516"}},{"type":"Feature","geometry":{"type":"LineString","coordinates":[[121.0348893638862,24.8092518998922],[121.0358750027535,24.80878608830962]]},"properties":{"name":"1","FID":"1924","SSEW_CAT":"1","PI_NUM":"96224072-FF20-4072-63-1","US_MH":"FF20","DS_MH":"4072-63-1","PI_TYP":"3","PI_WIDT":"0","PI_WIDB":"2.39","PI_HEI":"2.03","PI_LENG":"112.21","PI_MAT":"RCP","PI_THICK":"0","PI_SLOP":"0.0023","DES_FLOW":"0","DES_VELO":"0","US_BLE":"0","DS_BLE":"40.12","CITY_ID":"10004","KEYIN_DATE":"20160516"}},{"type":"Feature","geometry":{"type":"LineString","coordinates":[[121.0340353626936,24.809704818324],[121.0348893638862,24.8092518998922]]},"properties":{"name":"1","FID":"1925","SSEW_CAT":"1","PI_NUM":"96224072-4072-63-1-4072-63","US_MH":"4072-63-1","DS_MH":"4072-63","PI_TYP":"3","PI_WIDT":"0","PI_WIDB":"2.39","PI_HEI":"2.03","PI_LENG":"99.85","PI_MAT":"RCP","PI_THICK":"0","PI_SLOP":"0.001","DES_FLOW":"0","DES_VELO":"0","US_BLE":"40.12","DS_BLE":"40.02","CITY_ID":"10004","KEYIN_DATE":"20160516"}},{"type":"Feature","geometry":{"type":"LineString","coordinates":[[121.0336552021788,24.80995036520119],[121.0340353626936,24.809704818324]]},"properties":{"name":"1","FID":"1926","SSEW_CAT":"1","PI_NUM":"96224072-4072-63-FF21","US_MH":"4072-63","DS_MH":"FF21","PI_TYP":"3","PI_WIDT":"0","PI_WIDB":"2.31","PI_HEI":"2.02","PI_LENG":"47.08","PI_MAT":"RCP","PI_THICK":"0","PI_SLOP":"0.001","DES_FLOW":"0","DES_VELO":"0","US_BLE":"40.02","DS_BLE":"0","CITY_ID":"10004","KEYIN_DATE":"20160516"}},{"type":"Feature","geometry":{"type":"LineString","coordinates":[[121.033383533462,24.80949713557871],[121.0336552021788,24.80995036520119]]},"properties":{"name":"1","FID":"1927","SSEW_CAT":"1","PI_NUM":"96224072-FF21-4072-63-2","US_MH":"FF21","DS_MH":"4072-63-2","PI_TYP":"3","PI_WIDT":"0","PI_WIDB":"2.39","PI_HEI":"2.01","PI_LENG":"57.22","PI_MAT":"RCP","PI_THICK":"0","PI_SLOP":"0.001","DES_FLOW":"0","DES_VELO":"0","US_BLE":"0","DS_BLE":"0","CITY_ID":"10004","KEYIN_DATE":"20160516"}},{"type":"Feature","geometry":{"type":"LineString","coordinates":[[121.0330036549973,24.80886782624976],[121.033383533462,24.80949713557871]]},"properties":{"name":"1","FID":"1928","SSEW_CAT":"1","PI_NUM":"96224072-4072-63-2-4072-63-3","US_MH":"4072-63-2","DS_MH":"4072-63-3","PI_TYP":"3","PI_WIDT":"0","PI_WIDB":"2.39","PI_HEI":"2.01","PI_LENG":"79.58","PI_MAT":"RCP","PI_THICK":"0","PI_SLOP":"0.0015","DES_FLOW":"0","DES_VELO":"0","US_BLE":"0","DS_BLE":"0","CITY_ID":"10004","KEYIN_DATE":"20160516"}},{"type":"Feature","geometry":{"type":"LineString","coordinates":[[121.0322107093063,24.8075542454732],[121.0330036549973,24.80886782624976]]},"properties":{"name":"1","FID":"1929","SSEW_CAT":"1","PI_NUM":"96224072-4072-63-3-96224071-4071-32","US_MH":"4072-63-3","DS_MH":"4071-32","PI_TYP":"3","PI_WIDT":"0","PI_WIDB":"2.39","PI_HEI":"2.01","PI_LENG":"166.11","PI_MAT":"RCP","PI_THICK":"0","PI_SLOP":"0.0011","DES_FLOW":"0","DES_VELO":"0","US_BLE":"0","DS_BLE":"39.64","CITY_ID":"10004","KEYIN_DATE":"20160516","NOTE":"有疑似私接管線"}},{"type":"Feature","geometry":{"type":"LineString","coordinates":[[121.031726507195,24.80672969328332],[121.0322107093063,24.8075542454732]]},"properties":{"name":"1","FID":"1930","SSEW_CAT":"1","PI_NUM":"96224071-4071-32-4071-32A","US_MH":"4071-32","DS_MH":"4071-32A","PI_TYP":"3","PI_WIDT":"0","PI_WIDB":"2.4","PI_HEI":"2.02","PI_LENG":"103.62","PI_MAT":"RCP","PI_THICK":"0","PI_SLOP":"0.0011","DES_FLOW":"0","DES_VELO":"0","US_BLE":"39.64","DS_BLE":"0","CITY_ID":"10004","KEYIN_DATE":"20160516"}},{"type":"Feature","geometry":{"type":"LineString","coordinates":[[121.0322359510601,24.80598060650637],[121.0328862952126,24.80566018382176]]},"properties":{"name":"1","FID":"1931","SSEW_CAT":"1","PI_NUM":"96224071-4072-141-4072-142","US_MH":"4072-141","DS_MH":"4072-142","PI_TYP":"1","PI_WIDT":"0","PI_WIDB":"2.02","PI_HEI":"2.02","PI_LENG":"74.72","PI_MAT":"RCP","PI_THICK":"0","PI_SLOP":"0.0047","DES_FLOW":"0","DES_VELO":"0","US_BLE":"40.17","DS_BLE":"39.82","CITY_ID":"10004","KEYIN_DATE":"20160516"}},{"type":"Feature","geometry":{"type":"LineString","coordinates":[[121.0315007645055,24.80633892831387],[121.0322359510601,24.80598060650637]]},"properties":{"name":"1","FID":"1932","SSEW_CAT":"1","PI_NUM":"96224071-4072-142-FF22","US_MH":"4072-142","DS_MH":"FF22","PI_TYP":"1","PI_WIDT":"0","PI_WIDB":"2.03","PI_HEI":"2.05","PI_LENG":"84.31","PI_MAT":"RCP","PI_THICK":"0","PI_SLOP":"0.0047","DES_FLOW":"0","DES_VELO":"0","US_BLE":"39.82","DS_BLE":"0","CITY_ID":"10004","KEYIN_DATE":"20160516"}},{"type":"Feature","geometry":{"type":"LineString","coordinates":[[121.0315007645055,24.80633892831387],[121.031726507195,24.80672969328332]]},"properties":{"name":"1","FID":"1933","SSEW_CAT":"1","PI_NUM":"96224071-4071-32A-FF22","US_MH":"4071-32A","DS_MH":"FF22","PI_TYP":"3","PI_WIDT":"0","PI_WIDB":"2.4","PI_HEI":"2.02","PI_LENG":"48.93","PI_MAT":"RCP","PI_THICK":"0","PI_SLOP":"0.001","DES_FLOW":"0","DES_VELO":"0","US_BLE":"0","DS_BLE":"0","CITY_ID":"10004","KEYIN_DATE":"20160516"}},{"type":"Feature","geometry":{"type":"LineString","coordinates":[[121.0310443872131,24.80555765110497],[121.0315007645055,24.80633892831387]]},"properties":{"name":"1","FID":"1934","SSEW_CAT":"1","PI_NUM":"96224071-FF22-4071-34","US_MH":"FF22","DS_MH":"4071-34","PI_TYP":"3","PI_WIDT":"0","PI_WIDB":"3.43","PI_HEI":"2.04","PI_LENG":"98.07","PI_MAT":"RCP","PI_THICK":"0","PI_SLOP":"0.001","DES_FLOW":"0","DES_VELO":"0","US_BLE":"0","DS_BLE":"39.38","CITY_ID":"10004","KEYIN_DATE":"20160516"}},{"type":"Feature","geometry":{"type":"LineString","coordinates":[[121.0305662533764,24.80477065272038],[121.0310443872131,24.80555765110497]]},"properties":{"name":"1","FID":"1935","SSEW_CAT":"1","PI_NUM":"96224071-4071-34-4071-33","US_MH":"4071-34","DS_MH":"4071-33","PI_TYP":"3","PI_WIDT":"0","PI_WIDB":"2.43","PI_HEI":"2.04","PI_LENG":"99.67","PI_MAT":"RCP","PI_THICK":"0","PI_SLOP":"0.0008","DES_FLOW":"0","DES_VELO":"0","US_BLE":"39.38","DS_BLE":"39.3","CITY_ID":"10004","KEYIN_DATE":"20160516"}},{"type":"Feature","geometry":{"type":"LineString","coordinates":[[121.0301071485634,24.80395150700872],[121.0305662533764,24.80477065272038]]},"properties":{"name":"1","FID":"1936","SSEW_CAT":"1","PI_NUM":"96224071-4071-33-FF23","US_MH":"4071-33","DS_MH":"FF23","PI_TYP":"3","PI_WIDT":"0","PI_WIDB":"2.41","PI_HEI":"2.02","PI_LENG":"101.91","PI_MAT":"RCP","PI_THICK":"0","PI_SLOP":"0.0012","DES_FLOW":"0","DES_VELO":"0","US_BLE":"39.3","DS_BLE":"0","CITY_ID":"10004","KEYIN_DATE":"20160516"}},{"type":"Feature","geometry":{"type":"LineString","coordinates":[[121.0371698323284,24.79988411439207],[121.0378818106813,24.79952817195879]]},"properties":{"name":"1","FID":"1937","SSEW_CAT":"1","PI_NUM":"96224072-4072-86-4072-85","US_MH":"4072-86","DS_MH":"4072-85","PI_TYP":"1","PI_WIDT":"0","PI_WIDB":"2.03","PI_HEI":"2","PI_LENG":"82.07","PI_MAT":"RCP","PI_THICK":"0","PI_SLOP":"0.0054","DES_FLOW":"0","DES_VELO":"0","US_BLE":"42.47","DS_BLE":"42.03","CITY_ID":"10004","KEYIN_DATE":"20160516"}},{"type":"Feature","geometry":{"type":"LineString","coordinates":[[121.0354526074011,24.80077478041228],[121.0371698323284,24.79988411439207]]},"properties":{"name":"1","FID":"1938","SSEW_CAT":"1","PI_NUM":"96224072-4072-85-4072-84","US_MH":"4072-85","DS_MH":"4072-84","PI_TYP":"1","PI_WIDT":"0","PI_WIDB":"2.02","PI_HEI":"2","PI_LENG":"199.68","PI_MAT":"RCP","PI_THICK":"0","PI_SLOP":"0.0054","DES_FLOW":"0","DES_VELO":"0","US_BLE":"42.03","DS_BLE":"40.96","CITY_ID":"10004","KEYIN_DATE":"20160516"}},{"type":"Feature","geometry":{"type":"LineString","coordinates":[[121.0348021733147,24.801154189415],[121.0354526074011,24.80077478041228]]},"properties":{"name":"1","FID":"1939","SSEW_CAT":"1","PI_NUM":"96224072-4072-84-FF05","US_MH":"4072-84","DS_MH":"FF05","PI_TYP":"1","PI_WIDT":"0","PI_WIDB":"2.04","PI_HEI":"2.02","PI_LENG":"78.04","PI_MAT":"RCP","PI_THICK":"0","PI_SLOP":"0.0036","DES_FLOW":"0","DES_VELO":"0","US_BLE":"40.96","DS_BLE":"0","CITY_ID":"10004","KEYIN_DATE":"20160516"}},{"type":"Feature","geometry":{"type":"LineString","coordinates":[[121.0338014788864,24.80173564537321],[121.0348021733147,24.801154189415]]},"properties":{"name":"1","FID":"1940","SSEW_CAT":"1","PI_NUM":"96224072-FF05-4072-83","US_MH":"FF05","DS_MH":"4072-83","PI_TYP":"1","PI_WIDT":"0","PI_WIDB":"2.04","PI_HEI":"2.02","PI_LENG":"141.33","PI_MAT":"RCP","PI_THICK":"0","PI_SLOP":"0.0036","DES_FLOW":"0","DES_VELO":"0","US_BLE":"0","DS_BLE":"40.25","CITY_ID":"10004","KEYIN_DATE":"20160516"}},{"type":"Feature","geometry":{"type":"LineString","coordinates":[[121.0328979446193,24.80227679659374],[121.0338014788864,24.80173564537321]]},"properties":{"name":"1","FID":"1941","SSEW_CAT":"1","PI_NUM":"96224072-4072-83-FF06","US_MH":"4072-83","DS_MH":"FF06","PI_TYP":"1","PI_WIDT":"0","PI_WIDB":"3.05","PI_HEI":"2.02","PI_LENG":"109.26","PI_MAT":"RCP","PI_THICK":"0","PI_SLOP":"0.0023","DES_FLOW":"0","DES_VELO":"0","US_BLE":"40.25","DS_BLE":"0","CITY_ID":"10004","KEYIN_DATE":"20160516"}},{"type":"Feature","geometry":{"type":"LineString","coordinates":[[121.0322050917437,24.80269496343266],[121.0328979446193,24.80227679659374]]},"properties":{"name":"1","FID":"1942","SSEW_CAT":"1","PI_NUM":"96224072-FF06-4072-46-1","US_MH":"FF06","DS_MH":"4072-46-1","PI_TYP":"2","PI_WIDT":"0","PI_WIDB":"3.05","PI_HEI":"2.02","PI_LENG":"83.98","PI_MAT":"RCP","PI_THICK":"0","PI_SLOP":"0.0023","DES_FLOW":"0","DES_VELO":"0","US_BLE":"0","DS_BLE":"0","CITY_ID":"10004","KEYIN_DATE":"20160516"}},{"type":"Feature","geometry":{"type":"LineString","coordinates":[[121.0317035045776,24.80301526154147],[121.0322050917437,24.80269496343266]]},"properties":{"name":"1","FID":"1943","SSEW_CAT":"1","PI_NUM":"96224072-4072-46-1-FF11","US_MH":"4072-46-1","DS_MH":"FF11","PI_TYP":"2","PI_WIDT":"0","PI_WIDB":"2.52","PI_HEI":"2","PI_LENG":"158.36","PI_MAT":"RCP","PI_THICK":"0","PI_SLOP":"0.0023","DES_FLOW":"0","DES_VELO":"0","US_BLE":"0","DS_BLE":"0","CITY_ID":"10004","KEYIN_DATE":"20160516"}},{"type":"Feature","geometry":{"type":"LineString","coordinates":[[121.0309216429368,24.80351452726878],[121.0317035045776,24.80301526154147]]},"properties":{"name":"1","FID":"1944","SSEW_CAT":"1","PI_NUM":"96224072-FF11-96224071-4071-37","US_MH":"FF11","DS_MH":"4071-37","PI_TYP":"3","PI_WIDT":"0","PI_WIDB":"2.52","PI_HEI":"2","PI_LENG":"158.36","PI_MAT":"RCP","PI_THICK":"0","PI_SLOP":"0.0023","DES_FLOW":"0","DES_VELO":"0","US_BLE":"0","DS_BLE":"39.43","CITY_ID":"10004","KEYIN_DATE":"20160516"}},{"type":"Feature","geometry":{"type":"LineString","coordinates":[[121.0301071485634,24.80395150700872],[121.0309216429368,24.80351452726878]]},"properties":{"name":"1","FID":"1945","SSEW_CAT":"1","PI_NUM":"96224071-4071-37-FF23","US_MH":"4071-37","DS_MH":"FF23","PI_TYP":"3","PI_WIDT":"0","PI_WIDB":"2.53","PI_HEI":"2.03","PI_LENG":"95.52","PI_MAT":"RCP","PI_THICK":"0","PI_SLOP":"0.0018","DES_FLOW":"0","DES_VELO":"0","US_BLE":"39.43","DS_BLE":"0","CITY_ID":"10004","KEYIN_DATE":"20160516"}},{"type":"Feature","geometry":{"type":"LineString","coordinates":[[121.0291244882493,24.80447869296463],[121.0301071485634,24.80395150700872]]},"properties":{"name":"1","FID":"1946","SSEW_CAT":"1","PI_NUM":"96224071-FF23-4071-36","US_MH":"FF23","DS_MH":"4071-36","PI_TYP":"3","PI_WIDT":"0","PI_WIDB":"2.53","PI_HEI":"2.03","PI_LENG":"115.23","PI_MAT":"RCP","PI_THICK":"0","PI_SLOP":"0.0018","DES_FLOW":"0","DES_VELO":"0","US_BLE":"0","DS_BLE":"39.05","CITY_ID":"10004","KEYIN_DATE":"20160516"}},{"type":"Feature","geometry":{"type":"LineString","coordinates":[[121.0270651819209,24.80552063907513],[121.0291244882493,24.80447869296463]]},"properties":{"name":"1","FID":"1947","SSEW_CAT":"1","PI_NUM":"96224071-4071-36-4071-38","US_MH":"4071-36","DS_MH":"4071-38","PI_TYP":"3","PI_WIDT":"0","PI_WIDB":"3.1","PI_HEI":"2.03","PI_LENG":"238.04","PI_MAT":"RCP","PI_THICK":"0","PI_SLOP":"0.0021","DES_FLOW":"0","DES_VELO":"0","US_BLE":"39.05","DS_BLE":"38.56","CITY_ID":"10004","KEYIN_DATE":"20160516"}},{"type":"Feature","geometry":{"type":"LineString","coordinates":[[121.0263335048744,24.80597424999668],[121.0270651819209,24.80552063907513]]},"properties":{"name":"1","FID":"1948","SSEW_CAT":"1","PI_NUM":"96224071-4071-38-4071-39","US_MH":"4071-38","DS_MH":"4071-39","PI_TYP":"3","PI_WIDT":"0","PI_WIDB":"3.1","PI_HEI":"2.02","PI_LENG":"89.42","PI_MAT":"RCP","PI_THICK":"0","PI_SLOP":"0.0072","DES_FLOW":"0","DES_VELO":"0","US_BLE":"38.56","DS_BLE":"37.92","CITY_ID":"10004","KEYIN_DATE":"20160516"}},{"type":"Feature","geometry":{"type":"LineString","coordinates":[[121.0261745799975,24.80573975955675],[121.0263335048744,24.80597424999668]]},"properties":{"name":"1","FID":"1949","SSEW_CAT":"1","PI_NUM":"96224071-4071-39-FF24","US_MH":"4071-39","DS_MH":"FF24","PI_TYP":"3","PI_WIDT":"0","PI_WIDB":"9.92","PI_HEI":"2.42","PI_LENG":"30.54","PI_MAT":"RCP","PI_THICK":"0","PI_SLOP":"0.0072","DES_FLOW":"0","DES_VELO":"0","US_BLE":"37.92","DS_BLE":"0","CITY_ID":"10004","KEYIN_DATE":"20160516"}},{"type":"Feature","geometry":{"type":"LineString","coordinates":[[121.0417651123547,24.81001311923287],[121.0416969658651,24.8097101470775]]},"properties":{"name":"1","FID":"1950","SSEW_CAT":"1","PI_NUM":"96224072-4072-45-6-FF16","US_MH":"4072-45-6","DS_MH":"FF16","PI_TYP":"1","PI_WIDT":"0","PI_WIDB":"2.06","PI_HEI":"2.02","PI_LENG":"34.26","PI_MAT":"RCP","PI_THICK":"0","PI_SLOP":"0.0039","DES_FLOW":"0","DES_VELO":"0","US_BLE":"41.3","DS_BLE":"0","CITY_ID":"10004","KEYIN_DATE":"20160516"}},{"type":"Feature","geometry":{"type":"LineString","coordinates":[[121.0328979446193,24.80227679659374],[121.0334033029777,24.80291202866361]]},"properties":{"name":"1","FID":"1951","SSEW_CAT":"1","PI_NUM":"96224072-4072-46-96224071-FF06","US_MH":"4072-46","DS_MH":"FF06","PI_TYP":"1","PI_WIDT":"0","PI_WIDB":"2.04","PI_HEI":"2.01","PI_LENG":"86.95","PI_MAT":"RCP","PI_THICK":"0","PI_SLOP":"0.0026","DES_FLOW":"0","DES_VELO":"0","US_BLE":"40.3","DS_BLE":"0","CITY_ID":"10004","KEYIN_DATE":"20160516"}},{"type":"Feature","geometry":{"type":"LineString","coordinates":[[121.0347923194125,24.80419353230665],[121.0365454969988,24.80497585040258]]},"properties":{"name":"1","FID":"1952","SSEW_CAT":"1","PI_NUM":"96224072-4072-47-4072-43","US_MH":"4072-47","DS_MH":"4072-43","PI_TYP":"1","PI_WIDT":"0","PI_WIDB":"2.05","PI_HEI":"2.01","PI_LENG":"197.29","PI_MAT":"RCP","PI_THICK":"0","PI_SLOP":"0.005","DES_FLOW":"0","DES_VELO":"0","US_BLE":"42.3","DS_BLE":"41.32","CITY_ID":"10004","KEYIN_DATE":"20160516"}},{"type":"Feature","geometry":{"type":"LineString","coordinates":[[121.0365454969988,24.80497585040258],[121.0375436333412,24.80498715087579]]},"properties":{"name":"1","FID":"1953","SSEW_CAT":"1","PI_NUM":"96224072-4072-48-4072-47","US_MH":"4072-48","DS_MH":"4072-47","PI_TYP":"1","PI_WIDT":"0","PI_WIDB":"2.04","PI_HEI":"2.05","PI_LENG":"100.92","PI_MAT":"RCP","PI_THICK":"0","PI_SLOP":"0.0043","DES_FLOW":"0","DES_VELO":"0","US_BLE":"42.73","DS_BLE":"42.3","CITY_ID":"10004","KEYIN_DATE":"20160516"}},{"type":"Feature","geometry":{"type":"LineString","coordinates":[[121.0375436333412,24.80498715087579],[121.0385178666975,24.80478783125699]]},"properties":{"name":"1","FID":"1954","SSEW_CAT":"1","PI_NUM":"96224072-4072-49-4072-48","US_MH":"4072-49","DS_MH":"4072-48","PI_TYP":"1","PI_WIDT":"0","PI_WIDB":"2.04","PI_HEI":"2.04","PI_LENG":"100.94","PI_MAT":"RCP","PI_THICK":"0","PI_SLOP":"0.0056","DES_FLOW":"0","DES_VELO":"0","US_BLE":"43.3","DS_BLE":"42.73","CITY_ID":"10004","KEYIN_DATE":"20160516"}},{"type":"Feature","geometry":{"type":"LineString","coordinates":[[121.036680948139,24.80315860010543],[121.037600397833,24.80347267618075]]},"properties":{"name":"1","FID":"1955","SSEW_CAT":"1","PI_NUM":"96224072-4072-50-4072-51","US_MH":"4072-50","DS_MH":"4072-51","PI_TYP":"1","PI_WIDT":"0","PI_WIDB":"2.03","PI_HEI":"2.03","PI_LENG":"99.25","PI_MAT":"RCP","PI_THICK":"0","PI_SLOP":"0.0056","DES_FLOW":"0","DES_VELO":"0","US_BLE":"42.89","DS_BLE":"42.33","CITY_ID":"10004","KEYIN_DATE":"20160516"}},{"type":"Feature","geometry":{"type":"LineString","coordinates":[[121.0363431311271,24.80290826473806],[121.036680948139,24.80315860010543]]},"properties":{"name":"1","FID":"1956","SSEW_CAT":"1","PI_NUM":"96224072-4072-51-FF04","US_MH":"4072-51","DS_MH":"FF04","PI_TYP":"1","PI_WIDT":"0","PI_WIDB":"2.06","PI_HEI":"2.02","PI_LENG":"43.99","PI_MAT":"RCP","PI_THICK":"0","PI_SLOP":"0.006","DES_FLOW":"0","DES_VELO":"0","US_BLE":"42.33","DS_BLE":"0","CITY_ID":"10004","KEYIN_DATE":"20160516"}},{"type":"Feature","geometry":{"type":"LineString","coordinates":[[121.035610595441,24.80236544158057],[121.0363431311271,24.80290826473806]]},"properties":{"name":"1","FID":"1957","SSEW_CAT":"1","PI_NUM":"96224072-FF04-4072-52","US_MH":"FF04","DS_MH":"4072-52","PI_TYP":"1","PI_WIDT":"0","PI_WIDB":"2.06","PI_HEI":"2.02","PI_LENG":"95.39","PI_MAT":"RCP","PI_THICK":"0","PI_SLOP":"0.006","DES_FLOW":"0","DES_VELO":"0","US_BLE":"0","DS_BLE":"41.5","CITY_ID":"10004","KEYIN_DATE":"20160516"}},{"type":"Feature","geometry":{"type":"LineString","coordinates":[[121.0350777139102,24.80159946185466],[121.035610595441,24.80236544158057]]},"properties":{"name":"1","FID":"1958","SSEW_CAT":"1","PI_NUM":"96224072-4072-52-4072-53","US_MH":"4072-52","DS_MH":"4072-53","PI_TYP":"1","PI_WIDT":"0","PI_WIDB":"2.1","PI_HEI":"2.03","PI_LENG":"100.5","PI_MAT":"RCP","PI_THICK":"0","PI_SLOP":"0.0058","DES_FLOW":"0","DES_VELO":"0","US_BLE":"41.5","DS_BLE":"40.92","CITY_ID":"10004","KEYIN_DATE":"20160516"}},{"type":"Feature","geometry":{"type":"LineString","coordinates":[[121.0348021733147,24.801154189415],[121.0350777139102,24.80159946185466]]},"properties":{"name":"1","FID":"1959","SSEW_CAT":"1","PI_NUM":"96224072-4072-53-FF05","US_MH":"4072-53","DS_MH":"FF05","PI_TYP":"1","PI_WIDT":"0","PI_WIDB":"2.06","PI_HEI":"2.04","PI_LENG":"56.64","PI_MAT":"RCP","PI_THICK":"0","PI_SLOP":"0.0038","DES_FLOW":"0","DES_VELO":"0","US_BLE":"40.92","DS_BLE":"0","CITY_ID":"10004","KEYIN_DATE":"20160516"}},{"type":"Feature","geometry":{"type":"LineString","coordinates":[[121.039150628463,24.80615864441764],[121.0401430179696,24.8059558063865]]},"properties":{"name":"1","FID":"1960","SSEW_CAT":"1","PI_NUM":"96224072-4072-55-4072-56","US_MH":"4072-55","DS_MH":"4072-56","PI_TYP":"1","PI_WIDT":"0","PI_WIDB":"2.04","PI_HEI":"2.01","PI_LENG":"102.81","PI_MAT":"RCP","PI_THICK":"0","PI_SLOP":"0.0036","DES_FLOW":"0","DES_VELO":"0","US_BLE":"42.29","DS_BLE":"41.92","CITY_ID":"10004","KEYIN_DATE":"20160516"}},{"type":"Feature","geometry":{"type":"LineString","coordinates":[[121.0376447693196,24.80661569826927],[121.039150628463,24.80615864441764]]},"properties":{"name":"1","FID":"1961","SSEW_CAT":"1","PI_NUM":"96224072-4072-56-4072-56A","US_MH":"4072-56","DS_MH":"4072-56A","PI_TYP":"1","PI_WIDT":"0","PI_WIDB":"3.05","PI_HEI":"2.02","PI_LENG":"160.43","PI_MAT":"RCP","PI_THICK":"0","PI_SLOP":"0.0028","DES_FLOW":"0","DES_VELO":"0","US_BLE":"41.92","DS_BLE":"0","CITY_ID":"10004","KEYIN_DATE":"20160516"}},{"type":"Feature","geometry":{"type":"LineString","coordinates":[[121.035948309728,24.80717474301402],[121.0365001238255,24.80696312312973]]},"properties":{"name":"1","FID":"1962","SSEW_CAT":"1","PI_NUM":"96224072-4072-56-1-4072-38","US_MH":"4072-56-1","DS_MH":"4072-38","PI_TYP":"1","PI_WIDT":"0","PI_WIDB":"3.05","PI_HEI":"2","PI_LENG":"60.51","PI_MAT":"RCP","PI_THICK":"0","PI_SLOP":"0.0025","DES_FLOW":"0","DES_VELO":"0","US_BLE":"41.12","DS_BLE":"40.97","CITY_ID":"10004","KEYIN_DATE":"20160516"}},{"type":"Feature","geometry":{"type":"LineString","coordinates":[[121.0365001238255,24.80696312312973],[121.0376447693196,24.80661569826927]]},"properties":{"name":"1","FID":"1963","SSEW_CAT":"1","PI_NUM":"96224072-4072-56A-4072-56-1","US_MH":"4072-56A","DS_MH":"4072-56-1","PI_TYP":"1","PI_WIDT":"0","PI_WIDB":"2.51","PI_HEI":"2.01","PI_LENG":"121.95","PI_MAT":"RCP","PI_THICK":"0","PI_SLOP":"0.0028","DES_FLOW":"0","DES_VELO":"0","US_BLE":"0","DS_BLE":"41.12","CITY_ID":"10004","KEYIN_DATE":"20160516"}},{"type":"Feature","geometry":{"type":"LineString","coordinates":[[121.0381451354744,24.80796455490004],[121.0389293997959,24.80775072684909]]},"properties":{"name":"1","FID":"1964","SSEW_CAT":"1","PI_NUM":"96224072-4072-57-4072-58","US_MH":"4072-57","DS_MH":"4072-58","PI_TYP":"1","PI_WIDT":"0","PI_WIDB":"2.02","PI_HEI":"2.02","PI_LENG":"82.75","PI_MAT":"RCP","PI_THICK":"0","PI_SLOP":"0.0058","DES_FLOW":"0","DES_VELO":"0","US_BLE":"41.77","DS_BLE":"41.29","CITY_ID":"10004","KEYIN_DATE":"20160516"}},{"type":"Feature","geometry":{"type":"LineString","coordinates":[[121.0372995234412,24.80821984450875],[121.0381451354744,24.80796455490004]]},"properties":{"name":"1","FID":"1965","SSEW_CAT":"1","PI_NUM":"96224072-4072-58-4072-59","US_MH":"4072-58","DS_MH":"4072-59","PI_TYP":"1","PI_WIDT":"0","PI_WIDB":"2.03","PI_HEI":"2.02","PI_LENG":"90.04","PI_MAT":"RCP","PI_THICK":"0","PI_SLOP":"0.0047","DES_FLOW":"0","DES_VELO":"0","US_BLE":"41.29","DS_BLE":"40.87","CITY_ID":"10004","KEYIN_DATE":"20160516"}},{"type":"Feature","geometry":{"type":"LineString","coordinates":[[121.036556144264,24.80846417976448],[121.0372995234412,24.80821984450875]]},"properties":{"name":"1","FID":"1966","SSEW_CAT":"1","PI_NUM":"96224072-4072-59-4072-60","US_MH":"4072-59","DS_MH":"4072-60","PI_TYP":"1","PI_WIDT":"0","PI_WIDB":"2.03","PI_HEI":"2.02","PI_LENG":"79.88","PI_MAT":"RCP","PI_THICK":"0","PI_SLOP":"0.004","DES_FLOW":"0","DES_VELO":"0","US_BLE":"40.87","DS_BLE":"40.55","CITY_ID":"10004","KEYIN_DATE":"20160516"}},{"type":"Feature","geometry":{"type":"LineString","coordinates":[[121.0358750027535,24.80878608830962],[121.036556144264,24.80846417976448]]},"properties":{"name":"1","FID":"1967","SSEW_CAT":"1","PI_NUM":"96224072-4072-60-FF20","US_MH":"4072-60","DS_MH":"FF20","PI_TYP":"1","PI_WIDT":"0","PI_WIDB":"2.03","PI_HEI":"2.05","PI_LENG":"77.54","PI_MAT":"RCP","PI_THICK":"0","PI_SLOP":"0.0023","DES_FLOW":"0","DES_VELO":"0","US_BLE":"40.55","DS_BLE":"0","CITY_ID":"10004","KEYIN_DATE":"20160516"}},{"type":"Feature","geometry":{"type":"LineString","coordinates":[[121.0385178666975,24.80478783125699],[121.0394751026492,24.80455395725741]]},"properties":{"name":"1","FID":"1968","SSEW_CAT":"1","PI_NUM":"96224072-4072-62-4072-49","US_MH":"4072-62","DS_MH":"4072-49","PI_TYP":"1","PI_WIDT":"0","PI_WIDB":"2.04","PI_HEI":"2.02","PI_LENG":"100.18","PI_MAT":"RCP","PI_THICK":"0","PI_SLOP":"0.0062","DES_FLOW":"0","DES_VELO":"0","US_BLE":"43.92","DS_BLE":"43.3","CITY_ID":"10004","KEYIN_DATE":"20160516"}},{"type":"Feature","geometry":{"type":"LineString","coordinates":[[121.0347437487324,24.81162901357957],[121.03435342785,24.81106027421182]]},"properties":{"name":"1","FID":"1969","SSEW_CAT":"1","PI_NUM":"96224072-4072-64-4072-65","US_MH":"4072-64","DS_MH":"4072-65","PI_TYP":"1","PI_WIDT":"0","PI_WIDB":"2.01","PI_HEI":"2","PI_LENG":"74.33","PI_MAT":"RCP","PI_THICK":"0","PI_SLOP":"0.009","DES_FLOW":"0","DES_VELO":"0","US_BLE":"38.21","DS_BLE":"37.54","CITY_ID":"10004","KEYIN_DATE":"20160516"}},{"type":"Feature","geometry":{"type":"LineString","coordinates":[[121.0351385607264,24.81215071177524],[121.0347437487324,24.81162901357957]]},"properties":{"name":"1","FID":"1970","SSEW_CAT":"1","PI_NUM":"96224072-4072-65-4072-66","US_MH":"4072-65","DS_MH":"4072-66","PI_TYP":"1","PI_WIDT":"0","PI_WIDB":"2.01","PI_HEI":"2.02","PI_LENG":"70.23","PI_MAT":"RCP","PI_THICK":"0","PI_SLOP":"0.0051","DES_FLOW":"0","DES_VELO":"0","US_BLE":"37.54","DS_BLE":"37.18","CITY_ID":"10004","KEYIN_DATE":"20160516"}},{"type":"Feature","geometry":{"type":"LineString","coordinates":[[121.0355591721188,24.81273451958367],[121.0351385607264,24.81215071177524]]},"properties":{"name":"1","FID":"1971","SSEW_CAT":"1","PI_NUM":"96224072-4072-66-FF26","US_MH":"4072-66","DS_MH":"FF26","PI_TYP":"1","PI_WIDT":"0","PI_WIDB":"2.02","PI_HEI":"2.01","PI_LENG":"77.39","PI_MAT":"RCP","PI_THICK":"0","PI_SLOP":"0.0049","DES_FLOW":"0","DES_VELO":"0","US_BLE":"37.18","DS_BLE":"0","CITY_ID":"10004","KEYIN_DATE":"20160516"}},{"type":"Feature","geometry":{"type":"LineString","coordinates":[[121.0355591721188,24.81273451958367],[121.0358987209013,24.8132091626855]]},"properties":{"name":"1","FID":"1972","SSEW_CAT":"1","PI_NUM":"96224072-4072-69-FF26","US_MH":"4072-69","DS_MH":"FF26","PI_TYP":"1","PI_WIDT":"0","PI_WIDB":"2.03","PI_HEI":"2.01","PI_LENG":"62.79","PI_MAT":"RCP","PI_THICK":"0","PI_SLOP":"0.0042","DES_FLOW":"0","DES_VELO":"0","US_BLE":"37.01","DS_BLE":"0","CITY_ID":"10004","KEYIN_DATE":"20160516"}},{"type":"Feature","geometry":{"type":"LineString","coordinates":[[121.0358987209013,24.8132091626855],[121.0362614644029,24.81376986907337]]},"properties":{"name":"1","FID":"1973","SSEW_CAT":"1","PI_NUM":"96224072-4072-70-4072-69","US_MH":"4072-70","DS_MH":"4072-69","PI_TYP":"1","PI_WIDT":"0","PI_WIDB":"2.05","PI_HEI":"2.02","PI_LENG":"72.12","PI_MAT":"RCP","PI_THICK":"0","PI_SLOP":"0.0028","DES_FLOW":"0","DES_VELO":"0","US_BLE":"37.21","DS_BLE":"37.01","CITY_ID":"10004","KEYIN_DATE":"20160516"}},{"type":"Feature","geometry":{"type":"LineString","coordinates":[[121.0355591721188,24.81273451958367],[121.0364809280295,24.8121795438069]]},"properties":{"name":"1","FID":"1974","SSEW_CAT":"1","PI_NUM":"96224072-4072-71-FF26","US_MH":"4072-71","DS_MH":"FF26","PI_TYP":"1","PI_WIDT":"0","PI_WIDB":"2.05","PI_HEI":"2.03","PI_LENG":"111.63","PI_MAT":"RCP","PI_THICK":"0","PI_SLOP":"0.0051","DES_FLOW":"0","DES_VELO":"0","US_BLE":"37.38","DS_BLE":"0","CITY_ID":"10004","KEYIN_DATE":"20160516"}},{"type":"Feature","geometry":{"type":"LineString","coordinates":[[121.0350092933667,24.8130655838878],[121.0355591721188,24.81273451958367]]},"properties":{"name":"1","FID":"1975","SSEW_CAT":"1","PI_NUM":"96224072-FF26-4072-79","US_MH":"FF26","DS_MH":"4072-79","PI_TYP":"1","PI_WIDT":"0","PI_WIDB":"2.05","PI_HEI":"2.03","PI_LENG":"66.59","PI_MAT":"RCP","PI_THICK":"0","PI_SLOP":"0.0051","DES_FLOW":"0","DES_VELO":"0","US_BLE":"0","DS_BLE":"36.47","CITY_ID":"10004","KEYIN_DATE":"20160516"}},{"type":"Feature","geometry":{"type":"LineString","coordinates":[[121.0378046152735,24.81238828159734],[121.038109321516,24.81292492794805]]},"properties":{"name":"1","FID":"1976","SSEW_CAT":"1","PI_NUM":"96224072-4072-72-4072-73","US_MH":"4072-72","DS_MH":"4072-73","PI_TYP":"1","PI_WIDT":"0","PI_WIDB":"2.03","PI_HEI":"2.03","PI_LENG":"66.95","PI_MAT":"RCP","PI_THICK":"0","PI_SLOP":"0.0031","DES_FLOW":"0","DES_VELO":"0","US_BLE":"38.39","DS_BLE":"38.18","CITY_ID":"10004","KEYIN_DATE":"20160516"}},{"type":"Feature","geometry":{"type":"LineString","coordinates":[[121.0374569239445,24.81172773672143],[121.0380831981074,24.81143998126896]]},"properties":{"name":"1","FID":"1977","SSEW_CAT":"1","PI_NUM":"96224072-4072-74-FF25","US_MH":"4072-74","DS_MH":"FF25","PI_TYP":"1","PI_WIDT":"0","PI_WIDB":"2.03","PI_HEI":"2.03","PI_LENG":"70.88","PI_MAT":"RCP","PI_THICK":"0","PI_SLOP":"0.0048","DES_FLOW":"0","DES_VELO":"0","US_BLE":"38.26","DS_BLE":"0","CITY_ID":"10004","KEYIN_DATE":"20160516"}},{"type":"Feature","geometry":{"type":"LineString","coordinates":[[121.0364809280295,24.8121795438069],[121.0374569239445,24.81172773672143]]},"properties":{"name":"1","FID":"1978","SSEW_CAT":"1","PI_NUM":"96224072-FF25-4072-71","US_MH":"FF25","DS_MH":"4072-71","PI_TYP":"1","PI_WIDT":"0","PI_WIDB":"2.03","PI_HEI":"2.03","PI_LENG":"110.63","PI_MAT":"RCP","PI_THICK":"0","PI_SLOP":"0.0048","DES_FLOW":"0","DES_VELO":"0","US_BLE":"0","DS_BLE":"37.38","CITY_ID":"10004","KEYIN_DATE":"20160516"}},{"type":"Feature","geometry":{"type":"LineString","coordinates":[[121.0380831981074,24.81143998126896],[121.0389528172195,24.81108721722794]]},"properties":{"name":"1","FID":"1979","SSEW_CAT":"1","PI_NUM":"96224072-4072-75-4072-74","US_MH":"4072-75","DS_MH":"4072-74","PI_TYP":"1","PI_WIDT":"0","PI_WIDB":"2.03","PI_HEI":"2.03","PI_LENG":"96.2","PI_MAT":"RCP","PI_THICK":"0","PI_SLOP":"0.0049","DES_FLOW":"0","DES_VELO":"0","US_BLE":"38.73","DS_BLE":"38.26","CITY_ID":"10004","KEYIN_DATE":"20160516"}},{"type":"Feature","geometry":{"type":"LineString","coordinates":[[121.0389528172195,24.81108721722794],[121.0405368377535,24.81055986862953]]},"properties":{"name":"1","FID":"1980","SSEW_CAT":"1","PI_NUM":"96224072-4072-76-4072-75","US_MH":"4072-76","DS_MH":"4072-75","PI_TYP":"1","PI_WIDT":"0","PI_WIDB":"2.04","PI_HEI":"2.01","PI_LENG":"170.45","PI_MAT":"RCP","PI_THICK":"0","PI_SLOP":"0.0043","DES_FLOW":"0","DES_VELO":"0","US_BLE":"39.47","DS_BLE":"38.73","CITY_ID":"10004","KEYIN_DATE":"20160516","NOTE":"有疑似私接管線"}},{"type":"Feature","geometry":{"type":"LineString","coordinates":[[121.0405368377535,24.81055986862953],[121.0412442649103,24.81040458178951]]},"properties":{"name":"1","FID":"1981","SSEW_CAT":"1","PI_NUM":"96224072-4072-77-4072-76","US_MH":"4072-77","DS_MH":"4072-76","PI_TYP":"1","PI_WIDT":"0","PI_WIDB":"2.05","PI_HEI":"2.01","PI_LENG":"73.56","PI_MAT":"RCP","PI_THICK":"0","PI_SLOP":"0.0037","DES_FLOW":"0","DES_VELO":"0","US_BLE":"39.74","DS_BLE":"39.47","CITY_ID":"10004","KEYIN_DATE":"20160516"}},{"type":"Feature","geometry":{"type":"LineString","coordinates":[[121.0343924080958,24.81352128344777],[121.0350092933667,24.8130655838878]]},"properties":{"name":"1","FID":"1982","SSEW_CAT":"1","PI_NUM":"96224072-4072-79-4072-80","US_MH":"4072-79","DS_MH":"4072-80","PI_TYP":"1","PI_WIDT":"0","PI_WIDB":"2.01","PI_HEI":"2.03","PI_LENG":"80.23","PI_MAT":"RCP","PI_THICK":"0","PI_SLOP":"0.0047","DES_FLOW":"0","DES_VELO":"0","US_BLE":"36.47","DS_BLE":"36.09","CITY_ID":"10004","KEYIN_DATE":"20160516"}},{"type":"Feature","geometry":{"type":"LineString","coordinates":[[121.0339447943214,24.81388104026011],[121.0343924080958,24.81352128344777]]},"properties":{"name":"1","FID":"1983","SSEW_CAT":"1","PI_NUM":"96224072-4072-80-4072-81","US_MH":"4072-80","DS_MH":"4072-81","PI_TYP":"1","PI_WIDT":"0","PI_WIDB":"3.04","PI_HEI":"2.03","PI_LENG":"60.29","PI_MAT":"RCP","PI_THICK":"0","PI_SLOP":"0.0063","DES_FLOW":"0","DES_VELO":"0","US_BLE":"36.09","DS_BLE":"35.71","CITY_ID":"10004","KEYIN_DATE":"20160516"}},{"type":"Feature","geometry":{"type":"LineString","coordinates":[[121.0335781302691,24.81422497750647],[121.0339447943214,24.81388104026011]]},"properties":{"name":"1","FID":"1984","SSEW_CAT":"1","PI_NUM":"96224072-4072-81-FF27","US_MH":"4072-81","DS_MH":"FF27","PI_TYP":"1","PI_WIDT":"0","PI_WIDB":"3","PI_HEI":"2.04","PI_LENG":"53.15","PI_MAT":"RCP","PI_THICK":"0","PI_SLOP":"0.0053","DES_FLOW":"0","DES_VELO":"0","US_BLE":"35.71","DS_BLE":"0","CITY_ID":"10004","KEYIN_DATE":"20160516"}},{"type":"Feature","geometry":{"type":"LineString","coordinates":[[121.0328595217963,24.81489903226059],[121.0335781302691,24.81422497750647]]},"properties":{"name":"1","FID":"1985","SSEW_CAT":"1","PI_NUM":"96224072-FF27-96224071-4071-23","US_MH":"FF27","DS_MH":"4071-23","PI_TYP":"1","PI_WIDT":"0","PI_WIDB":"3","PI_HEI":"2.04","PI_LENG":"104.17","PI_MAT":"RCP","PI_THICK":"0","PI_SLOP":"0.0053","DES_FLOW":"0","DES_VELO":"0","US_BLE":"0","DS_BLE":"34.88","CITY_ID":"10004","KEYIN_DATE":"20160516"}},{"type":"Feature","geometry":{"type":"LineString","coordinates":[[121.0339160709,24.81334697757071],[121.0333461461664,24.8127994664645]]},"properties":{"name":"1","FID":"1986","SSEW_CAT":"1","PI_NUM":"96224072-4072-82-4072-82-1","US_MH":"4072-82","DS_MH":"4072-82-1","PI_TYP":"1","PI_WIDT":"0","PI_WIDB":"1.99","PI_HEI":"2.02","PI_LENG":"83.65","PI_MAT":"RCP","PI_THICK":"0","PI_SLOP":"0.0053","DES_FLOW":"0","DES_VELO":"0","US_BLE":"36.74","DS_BLE":"0","CITY_ID":"10004","KEYIN_DATE":"20160516"}},{"type":"Feature","geometry":{"type":"LineString","coordinates":[[121.0317097785308,24.81570141783488],[121.0323437229378,24.81495732501923]]},"properties":{"name":"1","FID":"1987","SSEW_CAT":"1","PI_NUM":"96224072-4072-82-4-96224071-FF31","US_MH":"4072-82","DS_MH":"FF31","PI_TYP":"1","PI_WIDT":"0","PI_WIDB":"2.01","PI_HEI":"2.04","PI_LENG":"104.4","PI_MAT":"RCP","PI_THICK":"0","PI_SLOP":"0.0009","DES_FLOW":"0","DES_VELO":"0","US_BLE":"0","DS_BLE":"0","CITY_ID":"10004","KEYIN_DATE":"20160516"}},{"type":"Feature","geometry":{"type":"LineString","coordinates":[[121.0335691594609,24.81375239515306],[121.0339160709,24.81334697757071]]},"properties":{"name":"1","FID":"1988","SSEW_CAT":"1","PI_NUM":"96224072-4072-82-1-4072-82-3","US_MH":"4072-82-1","DS_MH":"4072-82-3","PI_TYP":"1","PI_WIDT":"0","PI_WIDB":"2.01","PI_HEI":"2","PI_LENG":"56.98","PI_MAT":"RCP","PI_THICK":"0","PI_SLOP":"0.0049","DES_FLOW":"0","DES_VELO":"0","US_BLE":"0","DS_BLE":"0","CITY_ID":"10004","KEYIN_DATE":"20160516"}},{"type":"Feature","geometry":{"type":"LineString","coordinates":[[121.0339160709,24.81334697757071],[121.034592760906,24.81295225439281]]},"properties":{"name":"1","FID":"1989","SSEW_CAT":"1","PI_NUM":"96224072-4072-82-2-4072-82-1","US_MH":"4072-82-2","DS_MH":"4072-82-1","PI_TYP":"1","PI_WIDT":"0","PI_WIDB":"2","PI_HEI":"2","PI_LENG":"81.19","PI_MAT":"RCP","PI_THICK":"0","PI_SLOP":"0.0006","DES_FLOW":"0","DES_VELO":"0","US_BLE":"0","DS_BLE":"0","CITY_ID":"10004","KEYIN_DATE":"20160516"}},{"type":"Feature","geometry":{"type":"LineString","coordinates":[[121.0327944194732,24.81451416610305],[121.0335691594609,24.81375239515306]]},"properties":{"name":"1","FID":"1990","SSEW_CAT":"1","PI_NUM":"96224072-4072-82-3-FF30","US_MH":"4072-82-3","DS_MH":"FF30","PI_TYP":"1","PI_WIDT":"0","PI_WIDB":"2","PI_HEI":"2","PI_LENG":"115.12","PI_MAT":"RCP","PI_THICK":"0","PI_SLOP":"0.0009","DES_FLOW":"0","DES_VELO":"0","US_BLE":"0","DS_BLE":"0","CITY_ID":"10004","KEYIN_DATE":"20160516"}},{"type":"Feature","geometry":{"type":"LineString","coordinates":[[121.0323437229378,24.81495732501923],[121.0327944194732,24.81451416610305]]},"properties":{"name":"1","FID":"1991","SSEW_CAT":"1","PI_NUM":"96224072-FF30-4072-82-4","US_MH":"FF30","DS_MH":"4072-82-4","PI_TYP":"1","PI_WIDT":"0","PI_WIDB":"2","PI_HEI":"2","PI_LENG":"36.97","PI_MAT":"RCP","PI_THICK":"0","PI_SLOP":"0.0009","DES_FLOW":"0","DES_VELO":"0","US_BLE":"0","DS_BLE":"0","CITY_ID":"10004","KEYIN_DATE":"20160516"}},{"type":"Feature","geometry":{"type":"LineString","coordinates":[[121.0479902970073,24.80721393487426],[121.0486078633991,24.80635353426648]]},"properties":{"name":"1","FID":"1992","SSEW_CAT":"1","PI_NUM":"96224072-4072-92-4072-96","US_MH":"4072-92","DS_MH":"4072-96","PI_TYP":"1","PI_WIDT":"0","PI_WIDB":"1.55","PI_HEI":"1.51","PI_LENG":"113.93","PI_MAT":"RCP","PI_THICK":"0","PI_SLOP":"0.0029","DES_FLOW":"0","DES_VELO":"0","US_BLE":"47.55","DS_BLE":"47.22","CITY_ID":"10004","KEYIN_DATE":"20160516"}},{"type":"Feature","geometry":{"type":"LineString","coordinates":[[121.0465208813838,24.80847440518673],[121.0471693285338,24.80780440546539]]},"properties":{"name":"1","FID":"1993","SSEW_CAT":"1","PI_NUM":"96224072-4072-93-4072-97","US_MH":"4072-93","DS_MH":"4072-97","PI_TYP":"1","PI_WIDT":"0","PI_WIDB":"1.53","PI_HEI":"1.52","PI_LENG":"99.02","PI_MAT":"RCP","PI_THICK":"0","PI_SLOP":"0.0046","DES_FLOW":"0","DES_VELO":"0","US_BLE":"46.74","DS_BLE":"46.28","CITY_ID":"10004","KEYIN_DATE":"20160516"}},{"type":"Feature","geometry":{"type":"LineString","coordinates":[[121.0448981100252,24.80944713806357],[121.0457457152507,24.80903661213606]]},"properties":{"name":"1","FID":"1994","SSEW_CAT":"1","PI_NUM":"96224072-4072-94-4072-95","US_MH":"4072-94","DS_MH":"4072-95","PI_TYP":"1","PI_WIDT":"0","PI_WIDB":"1.56","PI_HEI":"1.85","PI_LENG":"97.01","PI_MAT":"RCP","PI_THICK":"0","PI_SLOP":"0.0019","DES_FLOW":"0","DES_VELO":"0","US_BLE":"45.61","DS_BLE":"45.43","CITY_ID":"10004","KEYIN_DATE":"20160516"}},{"type":"Feature","geometry":{"type":"LineString","coordinates":[[121.0438939412973,24.80937480991197],[121.0448981100252,24.80944713806357]]},"properties":{"name":"1","FID":"1995","SSEW_CAT":"1","PI_NUM":"96224072-4072-95-4072-95-1","US_MH":"4072-95","DS_MH":"4072-95-1","PI_TYP":"1","PI_WIDT":"0","PI_WIDB":"1.54","PI_HEI":"1.51","PI_LENG":"101.83","PI_MAT":"RCP","PI_THICK":"0","PI_SLOP":"0.0048","DES_FLOW":"0","DES_VELO":"0","US_BLE":"45.43","DS_BLE":"44.94","CITY_ID":"10004","KEYIN_DATE":"20160516"}},{"type":"Feature","geometry":{"type":"LineString","coordinates":[[121.0431846692554,24.80891816856818],[121.0434175287733,24.8092891410097]]},"properties":{"name":"1","FID":"1996","SSEW_CAT":"1","PI_NUM":"96224072-4072-95-1-4072-98","US_MH":"4072-95","DS_MH":"4072-98","PI_TYP":"1","PI_WIDT":"0","PI_WIDB":"1.5","PI_HEI":"1.51","PI_LENG":"25.5","PI_MAT":"RCP","PI_THICK":"0","PI_SLOP":"0.0047","DES_FLOW":"0","DES_VELO":"0","US_BLE":"44.49","DS_BLE":"42.57","CITY_ID":"10004","KEYIN_DATE":"20160516","NOTE":"依現況測量調查成果繪製"}},{"type":"Feature","geometry":{"type":"LineString","coordinates":[[121.0471693285338,24.80780440546539],[121.0479902970073,24.80721393487426]]},"properties":{"name":"1","FID":"1997","SSEW_CAT":"1","PI_NUM":"96224072-4072-96-4072-93","US_MH":"4072-96","DS_MH":"4072-93","PI_TYP":"1","PI_WIDT":"0","PI_WIDB":"1.53","PI_HEI":"1.5","PI_LENG":"105.67","PI_MAT":"RCP","PI_THICK":"0","PI_SLOP":"0.0045","DES_FLOW":"0","DES_VELO":"0","US_BLE":"47.22","DS_BLE":"46.74","CITY_ID":"10004","KEYIN_DATE":"20160516"}},{"type":"Feature","geometry":{"type":"LineString","coordinates":[[121.0457457152507,24.80903661213606],[121.0465208813838,24.80847440518673]]},"properties":{"name":"1","FID":"1998","SSEW_CAT":"1","PI_NUM":"96224072-4072-97-4072-94","US_MH":"4072-97","DS_MH":"4072-94","PI_TYP":"1","PI_WIDT":"0","PI_WIDB":"1.53","PI_HEI":"1.5","PI_LENG":"100.09","PI_MAT":"RCP","PI_THICK":"0","PI_SLOP":"0.0067","DES_FLOW":"0","DES_VELO":"0","US_BLE":"46.28","DS_BLE":"45.61","CITY_ID":"10004","KEYIN_DATE":"20160516"}},{"type":"Feature","geometry":{"type":"LineString","coordinates":[[121.042936393972,24.80896037656315],[121.0431846692554,24.80891816856818]]},"properties":{"name":"1","FID":"1999","SSEW_CAT":"1","PI_NUM":"96224072-4072-98-FF14","US_MH":"4072-98","DS_MH":"FF14","PI_TYP":"1","PI_WIDT":"0","PI_WIDB":"1.5","PI_HEI":"1.51","PI_LENG":"25.53","PI_MAT":"RCP","PI_THICK":"0","PI_SLOP":"0.0047","DES_FLOW":"0","DES_VELO":"0","US_BLE":"44.49","DS_BLE":"0","CITY_ID":"10004","KEYIN_DATE":"20160516"}},{"type":"Feature","geometry":{"type":"LineString","coordinates":[[121.0374569239445,24.81172773672143],[121.0378046152735,24.81238828159734]]},"properties":{"name":"1","FID":"2000","SSEW_CAT":"1","PI_NUM":"96224072-4073-73-FF25","US_MH":"4072-73","DS_MH":"FF25","PI_TYP":"1","PI_WIDT":"0","PI_WIDB":"2.04","PI_HEI":"2.02","PI_LENG":"81.17","PI_MAT":"RCP","PI_THICK":"0","PI_SLOP":"0.0031","DES_FLOW":"0","DES_VELO":"0","US_BLE":"38.18","DS_BLE":"0","CITY_ID":"10004","KEYIN_DATE":"20160516"}},{"type":"Feature","geometry":{"type":"LineString","coordinates":[[121.0380147906255,24.80172427846987],[121.038879725739,24.8014434737646]]},"properties":{"name":"1","FID":"2001","SSEW_CAT":"1","PI_NUM":"96224072-FF03-4072-36","US_MH":"FF03","DS_MH":"4072-36","PI_TYP":"1","PI_WIDT":"0","PI_WIDB":"2.06","PI_HEI":"2.04","PI_LENG":"92.81","PI_MAT":"RCP","PI_THICK":"0","PI_SLOP":"0.0056","DES_FLOW":"0","DES_VELO":"0","US_BLE":"0","DS_BLE":"43.37","CITY_ID":"10004","KEYIN_DATE":"20160516"}},{"type":"Feature","geometry":{"type":"LineString","coordinates":[[121.035842453997,24.80721966771323],[121.0354374911832,24.80650642231595]]},"properties":{"name":"1","FID":"2002","SSEW_CAT":"1","PI_NUM":"96224072-FF08-FF09","US_MH":"FF08","DS_MH":"FF09","PI_TYP":"1","PI_WIDT":"0","PI_WIDB":"1.8","PI_HEI":"1.8","PI_LENG":"88.98","PI_MAT":"RCP","PI_THICK":"0","PI_SLOP":"0.0003","DES_FLOW":"0","DES_VELO":"0","US_BLE":"0","DS_BLE":"0","CITY_ID":"10004","KEYIN_DATE":"20160516"}},{"type":"Feature","geometry":{"type":"LineString","coordinates":[[121.0045417530079,24.83089704834311],[121.0047032293117,24.83080675747595]]},"properties":{"name":"1","FID":"2003","SSEW_CAT":"1","PI_NUM":"95221070-FF100-4070-24-1","US_MH":"FF100","DS_MH":"4070-24-1","PI_TYP":"1","PI_WIDT":"0","PI_WIDB":"1.45","PI_HEI":"1.4","PI_LENG":"19.14","PI_MAT":"RCP","PI_THICK":"0","PI_SLOP":"0.0037","DES_FLOW":"0","DES_VELO":"0","US_BLE":"0","DS_BLE":"0","CITY_ID":"10004","KEYIN_DATE":"20160516"}},{"type":"Feature","geometry":{"type":"LineString","coordinates":[[121.0486078633991,24.80635353426648],[121.0487151170886,24.80620410289012]]},"properties":{"name":"1","FID":"2004","SSEW_CAT":"1","PI_NUM":"96224072-FF12-4072-92","US_MH":"FF12","DS_MH":"4072-92","PI_TYP":"1","PI_WIDT":"0","PI_WIDB":"1.55","PI_HEI":"1.51","PI_LENG":"19.79","PI_MAT":"RCP","PI_THICK":"0","PI_SLOP":"0.0029","DES_FLOW":"0","DES_VELO":"0","US_BLE":"0","DS_BLE":"47.22","CITY_ID":"10004","KEYIN_DATE":"20160516"}},{"type":"Feature","geometry":{"type":"LineString","coordinates":[[121.0323821963623,24.81165715291695],[121.0319075974065,24.81096978943865]]},"properties":{"name":"1","FID":"2005","SSEW_CAT":"1","PI_NUM":"96224071-FF28-4071-19","US_MH":"FF28","DS_MH":"4071-19","PI_TYP":"1","PI_WIDT":"0","PI_WIDB":"1.99","PI_HEI":"2.02","PI_LENG":"90.08","PI_MAT":"RCP","PI_THICK":"0","PI_SLOP":"0.0048","DES_FLOW":"0","DES_VELO":"0","US_BLE":"0","DS_BLE":"37.58","CITY_ID":"10004","KEYIN_DATE":"20160516"}},{"type":"Feature","geometry":{"type":"LineString","coordinates":[[121.009978697875,24.8274337785581],[121.0097335744226,24.82702786923047]]},"properties":{"name":"1","FID":"2006","SSEW_CAT":"1","PI_NUM":"96224061-FF42-4071-59E","US_MH":"FF42","DS_MH":"4071-59E","PI_TYP":"1","PI_WIDT":"0","PI_WIDB":"2.4","PI_HEI":"2.4","PI_LENG":"69.87","PI_MAT":"RCP","PI_THICK":"0","PI_SLOP":"0.0024","DES_FLOW":"0","DES_VELO":"0","US_BLE":"0","DS_BLE":"0","CITY_ID":"10004","KEYIN_DATE":"20160516"}},{"type":"Feature","geometry":{"type":"LineString","coordinates":[[121.0235231247515,24.8235990996058],[121.0240904606717,24.82341395918473]]},"properties":{"name":"1","FID":"2007","SSEW_CAT":"1","PI_NUM":"96224071-FF44-96224061-4061-57","US_MH":"FF44","DS_MH":"4061-57","PI_TYP":"1","PI_WIDT":"0","PI_WIDB":"1.99","PI_HEI":"1.29","PI_LENG":"193.52","PI_MAT":"RCP","PI_THICK":"0","PI_SLOP":"0.0058","DES_FLOW":"0","DES_VELO":"0","US_BLE":"0","DS_BLE":"29.8","CITY_ID":"10004","KEYIN_DATE":"20160516"}},{"type":"Feature","geometry":{"type":"LineString","coordinates":[[121.0297412982696,24.8282647994705],[121.0296454475339,24.82832386548305]]},"properties":{"name":"1","FID":"2008","SSEW_CAT":"1","PI_NUM":"96224071-FF52-FF51","US_MH":"FF52","DS_MH":"FF51","PI_TYP":"1","PI_WIDT":"0","PI_WIDB":"3.2","PI_HEI":"3.2","PI_LENG":"11.71","PI_MAT":"RCP","PI_THICK":"0","PI_SLOP":"0.0005","DES_FLOW":"0","DES_VELO":"0","US_BLE":"0","DS_BLE":"0","CITY_ID":"10004","KEYIN_DATE":"20160516"}},{"type":"Feature","geometry":{"type":"LineString","coordinates":[[121.0177217317353,24.81804180364247],[121.0180652129787,24.81789735907673]]},"properties":{"name":"1","FID":"2009","SSEW_CAT":"1","PI_NUM":"96224071-FF59-4071-119-1","US_MH":"FF59","DS_MH":"4071-119-1","PI_TYP":"1","PI_WIDT":"0","PI_WIDB":"0","PI_HEI":"0","PI_LENG":"38.24","PI_MAT":"RCP","PI_THICK":"0","PI_SLOP":"0","DES_FLOW":"0","DES_VELO":"0","US_BLE":"0","DS_BLE":"30.38","CITY_ID":"10004","KEYIN_DATE":"20160516"}},{"type":"Feature","geometry":{"type":"LineString","coordinates":[[121.0156591983546,24.81877542717402],[121.0158857299378,24.81881601393505]]},"properties":{"name":"1","FID":"2010","SSEW_CAT":"1","PI_NUM":"96224071-FF60-FF61","US_MH":"FF60","DS_MH":"FF61","PI_TYP":"1","PI_WIDT":"0","PI_WIDB":"1.83","PI_HEI":"1.24","PI_LENG":"23.34","PI_MAT":"RCP","PI_THICK":"0","PI_SLOP":"0.0018","DES_FLOW":"0","DES_VELO":"0","US_BLE":"0","DS_BLE":"0","CITY_ID":"10004","KEYIN_DATE":"20160516"}},{"type":"Feature","geometry":{"type":"LineString","coordinates":[[121.0136350339526,24.81815869198942],[121.0142068095782,24.81787103262786]]},"properties":{"name":"1","FID":"2011","SSEW_CAT":"1","PI_NUM":"96224071-FF62-FF63","US_MH":"FF62","DS_MH":"FF63","PI_TYP":"1","PI_WIDT":"0","PI_WIDB":"6.18","PI_HEI":"2.69","PI_LENG":"76.4","PI_MAT":"RCP","PI_THICK":"0","PI_SLOP":"0.02","DES_FLOW":"0","DES_VELO":"0","US_BLE":"27.971","DS_BLE":"26.443","CITY_ID":"10004","KEYIN_DATE":"20160516"}},{"type":"Feature","geometry":{"type":"LineString","coordinates":[[121.0127946130349,24.81685702220233],[121.0136350339526,24.81815869198942]]},"properties":{"name":"1","FID":"2012","SSEW_CAT":"1","PI_NUM":"96224071-FF63-FF72","US_MH":"FF63","DS_MH":"FF72","PI_TYP":"5","PI_WIDT":"0","PI_WIDB":"1","PI_HEI":"0","PI_LENG":"167.34","PI_MAT":"RCP","PI_THICK":"0","PI_SLOP":"0.0005","DES_FLOW":"0","DES_VELO":"0","US_BLE":"0","DS_BLE":"0","CITY_ID":"10004","KEYIN_DATE":"20160516"}},{"type":"Feature","geometry":{"type":"LineString","coordinates":[[121.0194822218965,24.81087289786555],[121.0201265744199,24.81033089723862]]},"properties":{"name":"1","FID":"2013","SSEW_CAT":"1","PI_NUM":"96224071-FF67-FF69","US_MH":"FF67","DS_MH":"FF69","PI_TYP":"1","PI_WIDT":"0","PI_WIDB":"2.01","PI_HEI":"2.01","PI_LENG":"88.58","PI_MAT":"RCP","PI_THICK":"0","PI_SLOP":"0.0032","DES_FLOW":"0","DES_VELO":"0","US_BLE":"0","DS_BLE":"0","CITY_ID":"10004","KEYIN_DATE":"20160516"}},{"type":"Feature","geometry":{"type":"LineString","coordinates":[[121.0184733511653,24.81189110102055],[121.0194822218965,24.81087289786555]]},"properties":{"name":"1","FID":"2014","SSEW_CAT":"1","PI_NUM":"96224071-FF69-4071-190","US_MH":"FF69","DS_MH":"4071-190","PI_TYP":"1","PI_WIDT":"0","PI_WIDB":"2.01","PI_HEI":"2.01","PI_LENG":"152.05","PI_MAT":"RCP","PI_THICK":"0","PI_SLOP":"0.0032","DES_FLOW":"0","DES_VELO":"0","US_BLE":"0","DS_BLE":"27.9","CITY_ID":"10004","KEYIN_DATE":"20160516"}},{"type":"Feature","geometry":{"type":"LineString","coordinates":[[121.005103687976,24.8258522511344],[121.0052191986262,24.82609426762031]]},"properties":{"name":"1","FID":"2015","SSEW_CAT":"1","PI_NUM":"95221070-FF74-4070-13","US_MH":"FF74","DS_MH":"4070-13","PI_TYP":"1","PI_WIDT":"0","PI_WIDB":"3.54","PI_HEI":"2.02","PI_LENG":"29.24","PI_MAT":"RCP","PI_THICK":"0","PI_SLOP":"0.0052","DES_FLOW":"0","DES_VELO":"0","US_BLE":"0","DS_BLE":"18.4","CITY_ID":"10004","KEYIN_DATE":"20160516","NOTE":"有疑似私接管線"}},{"type":"Feature","geometry":{"type":"LineString","coordinates":[[121.0045630147039,24.82524981762878],[121.0047534004538,24.82515355785426]]},"properties":{"name":"1","FID":"2016","SSEW_CAT":"1","PI_NUM":"95221070-FF75-4070-15","US_MH":"FF75","DS_MH":"4070-15","PI_TYP":"1","PI_WIDT":"0","PI_WIDB":"3.51","PI_HEI":"2.01","PI_LENG":"22","PI_MAT":"RCP","PI_THICK":"0","PI_SLOP":"0.0002","DES_FLOW":"0","DES_VELO":"0","US_BLE":"0","DS_BLE":"0","CITY_ID":"10004","KEYIN_DATE":"20160516"}},{"type":"Feature","geometry":{"type":"LineString","coordinates":[[121.0016291069589,24.82666458673023],[121.0016595288684,24.82672509602257]]},"properties":{"name":"1","FID":"2017","SSEW_CAT":"1","PI_NUM":"95221070-FF76-4070-22","US_MH":"FF76","DS_MH":"4070-22","PI_TYP":"1","PI_WIDT":"0","PI_WIDB":"3.55","PI_HEI":"2","PI_LENG":"7.37","PI_MAT":"RCP","PI_THICK":"0","PI_SLOP":"0.0025","DES_FLOW":"0","DES_VELO":"0","US_BLE":"0","DS_BLE":"17.6","CITY_ID":"10004","KEYIN_DATE":"20160516"}},{"type":"Feature","geometry":{"type":"LineString","coordinates":[[121.0194608956313,24.83348052711344],[121.0203943386668,24.83307779103156]]},"properties":{"name":"1","FID":"2018","SSEW_CAT":"1","PI_NUM":"96224061-FF80-4061-30","US_MH":"FF80","DS_MH":"4061-30","PI_TYP":"5","PI_WIDT":"0","PI_WIDB":"1","PI_HEI":"0","PI_LENG":"104.36","PI_MAT":"RCP","PI_THICK":"0","PI_SLOP":"0","DES_FLOW":"0","DES_VELO":"0","US_BLE":"0","DS_BLE":"26.88","CITY_ID":"10004","KEYIN_DATE":"20160516"}},{"type":"Feature","geometry":{"type":"LineString","coordinates":[[121.0123210990428,24.83694493905854],[121.012076785132,24.83709875182682]]},"properties":{"name":"1","FID":"2019","SSEW_CAT":"1","PI_NUM":"96224061-FF88-4061-100","US_MH":"FF88","DS_MH":"4061-100","PI_TYP":"1","PI_WIDT":"0","PI_WIDB":"2.5","PI_HEI":"1.33","PI_LENG":"30.06","PI_MAT":"RCP","PI_THICK":"0","PI_SLOP":"0.0012","DES_FLOW":"0","DES_VELO":"0","US_BLE":"0","DS_BLE":"22.46","CITY_ID":"10004","KEYIN_DATE":"20160516","NOTE":"有疑似私接管線"}},{"type":"Feature","geometry":{"type":"LineString","coordinates":[[121.0111060864955,24.83564490960751],[121.0118720958891,24.83538812301259]]},"properties":{"name":"1","FID":"2020","SSEW_CAT":"1","PI_NUM":"96224061-FF89-4061-94B","US_MH":"FF89","DS_MH":"4061-94B","PI_TYP":"1","PI_WIDT":"0","PI_WIDB":"1.51","PI_HEI":"1.51","PI_LENG":"82.49","PI_MAT":"RCP","PI_THICK":"0","PI_SLOP":"-0.0005","DES_FLOW":"0","DES_VELO":"0","US_BLE":"0","DS_BLE":"0","CITY_ID":"10004","KEYIN_DATE":"20160516","NOTE":"有疑似私接管線"}},{"type":"Feature","geometry":{"type":"LineString","coordinates":[[121.0107927634038,24.83555662400071],[121.0111060864955,24.83564490960751]]},"properties":{"name":"1","FID":"2021","SSEW_CAT":"1","PI_NUM":"96224061-4061-94B-FF90","US_MH":"4061-94B","DS_MH":"FF90","PI_TYP":"1","PI_WIDT":"0","PI_WIDB":"1.51","PI_HEI":"1.51","PI_LENG":"33.15","PI_MAT":"RCP","PI_THICK":"0","PI_SLOP":"-0.0005","DES_FLOW":"0","DES_VELO":"0","US_BLE":"0","DS_BLE":"0","CITY_ID":"10004","KEYIN_DATE":"20160516","NOTE":"有疑似私接管線"}},{"type":"Feature","geometry":{"type":"LineString","coordinates":[[121.0102230667604,24.83549898946679],[121.0107927634038,24.83555662400071]]},"properties":{"name":"1","FID":"2022","SSEW_CAT":"1","PI_NUM":"96224061-FF90-FF91","US_MH":"FF90","DS_MH":"FF91","PI_TYP":"2","PI_WIDT":"0","PI_WIDB":"1.51","PI_HEI":"1.51","PI_LENG":"57.94","PI_MAT":"RCP","PI_THICK":"0","PI_SLOP":"-0.0005","DES_FLOW":"0","DES_VELO":"0","US_BLE":"0","DS_BLE":"0","CITY_ID":"10004","KEYIN_DATE":"20160516","NOTE":"有疑似私接管線"}},{"type":"Feature","geometry":{"type":"LineString","coordinates":[[121.0209361405056,24.84055635067973],[121.0209397328768,24.84050227803844]]},"properties":{"name":"1","FID":"2023","SSEW_CAT":"1","PI_NUM":"95221060-FF96-1060-11","US_MH":"FF96","DS_MH":"1060-11","PI_TYP":"1","PI_WIDT":"0","PI_WIDB":"2.01","PI_HEI":"1.94","PI_LENG":"6","PI_MAT":"RCP","PI_THICK":"0","PI_SLOP":"0.0001","DES_FLOW":"0","DES_VELO":"0","US_BLE":"0","DS_BLE":"0","CITY_ID":"10004","KEYIN_DATE":"20160516"}},{"type":"Feature","geometry":{"type":"LineString","coordinates":[[121.0438939412973,24.80937480991197],[121.0434175287733,24.8092891410097]]},"properties":{"name":"1","FID":"2024","SSEW_CAT":"1","PI_NUM":"MK-MK2","US_MH":"4072-95-1","DS_MH":"FF13","PI_TYP":"1","PI_WIDT":"0","PI_WIDB":"1.56","PI_HEI":"1.49","PI_LENG":"49.1","PI_MAT":"RCP","PI_THICK":"0","PI_SLOP":"0.005","DES_FLOW":"0","DES_VELO":"0","US_BLE":"44.94","DS_BLE":"44.71","CITY_ID":"10004","KEYIN_DATE":"20160516"}},{"type":"Feature","geometry":{"type":"LineString","coordinates":[[121.0192257772357,24.81478350144607],[121.0209745251354,24.81374395639983]]},"properties":{"name":"1","FID":"2025","SSEW_CAT":"1","PI_NUM":"TA-OUT-TB-OUT","US_MH":"FF64","DS_MH":"FF65","PI_TYP":"1","PI_WIDT":"0","PI_WIDB":"1.25","PI_HEI":"1.37","PI_LENG":"214.9","PI_MAT":"RCP","PI_THICK":"0","PI_SLOP":"0.015","DES_FLOW":"0","DES_VELO":"0","US_BLE":"32.248","DS_BLE":"29.07","CITY_ID":"10004","KEYIN_DATE":"20160516","NOTE":"依現況測量調查成果繪製"}},{"type":"Feature","geometry":{"type":"LineString","coordinates":[[121.0172051962482,24.81599193749362],[121.0192257772357,24.81478350144607]]},"properties":{"name":"","FID":"2026","PI_NUM":"TB-OUT-TC-OUT","US_MH":"FF65","DS_MH":"TC-OUT","PI_TYP":"1","PI_WIDT":"0","PI_WIDB":"1.23","PI_HEI":"1.09","PI_LENG":"249.4","PI_MAT":"RCP","PI_THICK":"0","PI_SLOP":"0","DES_FLOW":"0","DES_VELO":"0","US_BLE":"29.07","DS_BLE":"29.04","CITY_ID":"10004","KEYIN_DATE":"20160516","NOTE":"依竣工圖繪製，應對上TC-OUT"}},{"type":"Feature","geometry":{"type":"LineString","coordinates":[[121.0142068095782,24.81787103262786],[121.0172051962482,24.81599193749362]]},"properties":{"name":"1","FID":"2027","SSEW_CAT":"1","PI_NUM":"TC-OUT-TD-OUT","US_MH":"TC-OUT","DS_MH":"TD-OUT","PI_TYP":"1","PI_WIDT":"0","PI_WIDB":"6.18","PI_HEI":"2.46","PI_LENG":"348.5","PI_MAT":"RCP","PI_THICK":"0","PI_SLOP":"0.003","DES_FLOW":"0","DES_VELO":"0","US_BLE":"29.04","DS_BLE":"27.971","CITY_ID":"10004","KEYIN_DATE":"20160516","NOTE":"依現況測量調查成果繪製"}},{"type":"Feature","geometry":{"type":"LineString","coordinates":[[121.0122929283092,24.82579259632297],[121.0117058543885,24.82479039726442]]},"properties":{"name":"","FID":"2028","PI_NUM":"DA9-DA8","US_MH":"4061-61","DS_MH":"4071-59A","PI_TYP":"1","PI_WIDT":"0","PI_WIDB":"1.74","PI_HEI":"1.07","PI_LENG":"125.9","PI_MAT":"RCP","PI_THICK":"0","PI_SLOP":"0.005","DES_FLOW":"0","DES_VELO":"0","US_BLE":"24.93","DS_BLE":"24.35","CITY_ID":"10004","KEYIN_DATE":"20160516","NOTE":"依現況測量調查成果繪製"}},{"type":"Feature","geometry":{"type":"LineString","coordinates":[[121.006618190912,24.8334267625441],[121.0073986812,24.83418748345856]]},"properties":{"name":"1","FID":"2029","SSEW_CAT":"1","PI_NUM":"1279-F2-1279-F1","US_MH":"4070-29","DS_MH":"DB-OUT","PI_TYP":"1","PI_WIDT":"0","PI_WIDB":"2.63","PI_HEI":"2.5","PI_LENG":"39.5","PI_MAT":"RCP","PI_THICK":"0","PI_SLOP":"0.002","DES_FLOW":"0","DES_VELO":"0","US_BLE":"19.257","DS_BLE":"19.18","CITY_ID":"10004","KEYIN_DATE":"20040629","NOTE":"依現況測量調查成果繪製"}}]}