{"type":"FeatureCollection","features":[{"type":"Feature","geometry":{"type":"Point","coordinates":[121.0980151433409,24.72220716745231]},"properties":{"name":"","FID":"0","X":"259915.78","Y":"2735012.84","CP_BLE":"0","CP_DEP":"0","CP_LENG":"0","CP_WID":"0","CONS_ID":"103101R010204000040","CITY_ID":"10004"}},{"type":"Feature","geometry":{"type":"Point","coordinates":[121.0978016210529,24.72271095533798]},"properties":{"name":"","FID":"1","X":"259894.13","Y":"2735068.63","CP_BLE":"0","CP_DEP":"0","CP_LENG":"0","CP_WID":"0","CONS_ID":"103101R010204000040","CITY_ID":"10004"}},{"type":"Feature","geometry":{"type":"Point","coordinates":[121.0866729706328,24.7400181348881]},"properties":{"name":"","FID":"2","X":"258767.09","Y":"2736984.77","CP_BLE":"0","CP_DEP":"0","CP_LENG":"0","CP_WID":"0","CONS_ID":"103101R010204000040","CITY_ID":"10004"}},{"type":"Feature","geometry":{"type":"Point","coordinates":[121.0871634630963,24.74041544691669]},"properties":{"name":"","FID":"3","X":"258816.67","Y":"2737028.81","CP_BLE":"0","CP_DEP":"0","CP_LENG":"0","CP_WID":"0","CONS_ID":"103101R010204000040","CITY_ID":"10004"}},{"type":"Feature","geometry":{"type":"Point","coordinates":[121.0872216525135,24.74034351761491]},"properties":{"name":"","FID":"4","X":"258822.56","Y":"2737020.85","CP_BLE":"0","CP_DEP":"0","CP_LENG":"0","CP_WID":"0","CONS_ID":"103101R010204000040","CITY_ID":"10004"}},{"type":"Feature","geometry":{"type":"Point","coordinates":[121.0891728410513,24.74163278594886]},"properties":{"name":"","FID":"5","X":"259019.84","Y":"2737163.77","CP_BLE":"0","CP_DEP":"0","CP_LENG":"0","CP_WID":"0","CONS_ID":"103101R010204000040","CITY_ID":"10004"}},{"type":"Feature","geometry":{"type":"Point","coordinates":[121.0892494875172,24.74158847267734]},"properties":{"name":"","FID":"6","X":"259027.59","Y":"2737158.87","CP_BLE":"0","CP_DEP":"0","CP_LENG":"0","CP_WID":"0","CONS_ID":"103101R010204000040","CITY_ID":"10004"}},{"type":"Feature","geometry":{"type":"Point","coordinates":[121.093098795391,24.73460624864631]},"properties":{"name":"","FID":"7","X":"259417.48","Y":"2736385.79","CP_BLE":"0","CP_DEP":"0","CP_LENG":"0","CP_WID":"0","CONS_ID":"103101R010204000040","CITY_ID":"10004"}},{"type":"Feature","geometry":{"type":"Point","coordinates":[121.0931100235229,24.73501509712017]},"properties":{"name":"","FID":"8","X":"259418.58","Y":"2736431.08","CP_BLE":"0","CP_DEP":"0","CP_LENG":"0","CP_WID":"0","CONS_ID":"103101R010204000040","CITY_ID":"10004"}},{"type":"Feature","geometry":{"type":"Point","coordinates":[121.0931148546071,24.73539603281961]},"properties":{"name":"","FID":"9","X":"259419.04","Y":"2736473.27","CP_BLE":"0","CP_DEP":"0","CP_LENG":"0","CP_WID":"0","CONS_ID":"103101R010204000040","CITY_ID":"10004"}},{"type":"Feature","geometry":{"type":"Point","coordinates":[121.0929266984339,24.7354363091915]},"properties":{"name":"","FID":"10","X":"259400","Y":"2736477.72","CP_BLE":"0","CP_DEP":"0","CP_LENG":"0","CP_WID":"0","CONS_ID":"103101R010204000040","CITY_ID":"10004"}},{"type":"Feature","geometry":{"type":"Point","coordinates":[121.0951993958501,24.73567083923919]},"properties":{"name":"","FID":"11","X":"259629.88","Y":"2736503.85","CP_BLE":"0","CP_DEP":"0","CP_LENG":"0","CP_WID":"0","CONS_ID":"103101R010204000040","CITY_ID":"10004"}},{"type":"Feature","geometry":{"type":"Point","coordinates":[121.0947695849273,24.73569027945559]},"properties":{"name":"","FID":"12","X":"259586.4","Y":"2736505.97","CP_BLE":"0","CP_DEP":"0","CP_LENG":"0","CP_WID":"0","CONS_ID":"103101R010204000040","CITY_ID":"10004"}},{"type":"Feature","geometry":{"type":"Point","coordinates":[121.0936350339523,24.73571078320863]},"properties":{"name":"","FID":"13","X":"259471.64","Y":"2736508.16","CP_BLE":"0","CP_DEP":"0","CP_LENG":"0","CP_WID":"0","CONS_ID":"103101R010204000040","CITY_ID":"10004"}},{"type":"Feature","geometry":{"type":"Point","coordinates":[121.0948672380288,24.72754536510319]},"properties":{"name":"","FID":"14","X":"259596.91","Y":"2735603.87","CP_BLE":"0","CP_DEP":"0","CP_LENG":"0","CP_WID":"0","CONS_ID":"103101R010504020030","CITY_ID":"10004"}},{"type":"Feature","geometry":{"type":"Point","coordinates":[121.0952408486845,24.7277405094422]},"properties":{"name":"","FID":"15","X":"259634.69","Y":"2735625.51","CP_BLE":"0","CP_DEP":"0","CP_LENG":"0","CP_WID":"0","CONS_ID":"103101R010504020030","CITY_ID":"10004"}},{"type":"Feature","geometry":{"type":"Point","coordinates":[121.0956191667572,24.72788508910228]},"properties":{"name":"","FID":"16","X":"259672.95","Y":"2735641.55","CP_BLE":"0","CP_DEP":"0","CP_LENG":"0","CP_WID":"0","CONS_ID":"103101R010504020030","CITY_ID":"10004"}},{"type":"Feature","geometry":{"type":"Point","coordinates":[121.0961675478917,24.72794848108759]},"properties":{"name":"","FID":"17","X":"259728.42","Y":"2735648.61","CP_BLE":"0","CP_DEP":"0","CP_LENG":"0","CP_WID":"0","CONS_ID":"103101R010504020030","CITY_ID":"10004"}},{"type":"Feature","geometry":{"type":"Point","coordinates":[121.0970203749526,24.7278595407625]},"properties":{"name":"","FID":"18","X":"259814.7","Y":"2735638.82","CP_BLE":"0","CP_DEP":"0","CP_LENG":"0","CP_WID":"0","CONS_ID":"103101R010504020030","CITY_ID":"10004"}},{"type":"Feature","geometry":{"type":"Point","coordinates":[121.0975629291073,24.72780221765351]},"properties":{"name":"","FID":"19","X":"259869.59","Y":"2735632.51","CP_BLE":"0","CP_DEP":"0","CP_LENG":"0","CP_WID":"0","CONS_ID":"103101R010504020030","CITY_ID":"10004"}},{"type":"Feature","geometry":{"type":"Point","coordinates":[121.0984126875404,24.72771047251192]},"properties":{"name":"","FID":"20","X":"259955.56","Y":"2735622.41","CP_BLE":"0","CP_DEP":"0","CP_LENG":"0","CP_WID":"0","CONS_ID":"103101R010504020030","CITY_ID":"10004"}},{"type":"Feature","geometry":{"type":"Point","coordinates":[121.0952607210008,24.72761472697756]},"properties":{"name":"","FID":"21","X":"259636.71","Y":"2735611.58","CP_BLE":"0","CP_DEP":"0","CP_LENG":"0","CP_WID":"0","CONS_ID":"103101R010504020030","CITY_ID":"10004"}},{"type":"Feature","geometry":{"type":"Point","coordinates":[121.0956298441758,24.72775759700083]},"properties":{"name":"","FID":"22","X":"259674.04","Y":"2735627.43","CP_BLE":"0","CP_DEP":"0","CP_LENG":"0","CP_WID":"0","CONS_ID":"103101R010504020030","CITY_ID":"10004"}},{"type":"Feature","geometry":{"type":"Point","coordinates":[121.0961983888216,24.72781871884058]},"properties":{"name":"","FID":"23","X":"259731.55","Y":"2735634.24","CP_BLE":"0","CP_DEP":"0","CP_LENG":"0","CP_WID":"0","CONS_ID":"103101R010504020030","CITY_ID":"10004"}},{"type":"Feature","geometry":{"type":"Point","coordinates":[121.0971137861897,24.72772711951052]},"properties":{"name":"","FID":"24","X":"259824.16","Y":"2735624.16","CP_BLE":"0","CP_DEP":"0","CP_LENG":"0","CP_WID":"0","CONS_ID":"103101R010504020030","CITY_ID":"10004"}},{"type":"Feature","geometry":{"type":"Point","coordinates":[121.0975080719569,24.72768271330143]},"properties":{"name":"","FID":"25","X":"259864.05","Y":"2735619.27","CP_BLE":"0","CP_DEP":"0","CP_LENG":"0","CP_WID":"0","CONS_ID":"103101R010504020030","CITY_ID":"10004"}},{"type":"Feature","geometry":{"type":"Point","coordinates":[121.098389163929,24.72758878102822]},"properties":{"name":"","FID":"26","X":"259953.19","Y":"2735608.93","CP_BLE":"0","CP_DEP":"0","CP_LENG":"0","CP_WID":"0","CONS_ID":"103101R010504020030","CITY_ID":"10004"}},{"type":"Feature","geometry":{"type":"Point","coordinates":[121.0988989928449,24.72752705049008]},"properties":{"name":"","FID":"27","X":"260004.77","Y":"2735602.13","CP_BLE":"0","CP_DEP":"0","CP_LENG":"0","CP_WID":"0","CONS_ID":"103101R010504020030","CITY_ID":"10004"}},{"type":"Feature","geometry":{"type":"Point","coordinates":[121.0932072662624,24.73581939408457]},"properties":{"name":"","FID":"28","X":"259428.36","Y":"2736520.16","CP_BLE":"0","CP_DEP":"0","CP_LENG":"0","CP_WID":"0","CONS_ID":"103101R010204000040","CITY_ID":"10004"}},{"type":"Feature","geometry":{"type":"Point","coordinates":[121.0920164245445,24.7358542400857]},"properties":{"name":"","FID":"29","X":"259307.89","Y":"2736523.94","CP_BLE":"0","CP_DEP":"0","CP_LENG":"0","CP_WID":"0","CONS_ID":"103101R010204000040","CITY_ID":"10004"}},{"type":"Feature","geometry":{"type":"Point","coordinates":[121.0920120032088,24.73573009825004]},"properties":{"name":"","FID":"30","X":"259307.46","Y":"2736510.19","CP_BLE":"0","CP_DEP":"0","CP_LENG":"0","CP_WID":"0","CONS_ID":"103101R010204000040","CITY_ID":"10004"}},{"type":"Feature","geometry":{"type":"Point","coordinates":[121.0997012830135,24.73016801936564]},"properties":{"name":"","FID":"31","X":"260085.71","Y":"2735894.69","CP_BLE":"0","CP_DEP":"0","CP_LENG":"0","CP_WID":"0","CONS_ID":"103101R010204000040","CITY_ID":"10004"}},{"type":"Feature","geometry":{"type":"Point","coordinates":[121.0996223076251,24.73276077996724]},"properties":{"name":"","FID":"32","X":"260077.52","Y":"2736181.86","CP_BLE":"0","CP_DEP":"0","CP_LENG":"0","CP_WID":"0","CONS_ID":"103101R010204000040","CITY_ID":"10004"}},{"type":"Feature","geometry":{"type":"Point","coordinates":[121.0992248421399,24.73315270838037]},"properties":{"name":"","FID":"33","X":"260037.28","Y":"2736225.24","CP_BLE":"0","CP_DEP":"0","CP_LENG":"0","CP_WID":"0","CONS_ID":"103101R010204000040","CITY_ID":"10004"}},{"type":"Feature","geometry":{"type":"Point","coordinates":[121.098812886185,24.73356270266784]},"properties":{"name":"","FID":"34","X":"259995.57","Y":"2736270.62","CP_BLE":"0","CP_DEP":"0","CP_LENG":"0","CP_WID":"0","CONS_ID":"103101R010204000040","CITY_ID":"10004"}},{"type":"Feature","geometry":{"type":"Point","coordinates":[121.0982166193667,24.73389791459579]},"properties":{"name":"","FID":"35","X":"259935.23","Y":"2736307.7","CP_BLE":"0","CP_DEP":"0","CP_LENG":"0","CP_WID":"0","CONS_ID":"103101R010204000040","CITY_ID":"10004"}},{"type":"Feature","geometry":{"type":"Point","coordinates":[121.0983641329981,24.73399782875507]},"properties":{"name":"","FID":"36","X":"259950.14","Y":"2736318.78","CP_BLE":"0","CP_DEP":"0","CP_LENG":"0","CP_WID":"0","CONS_ID":"103101R010204000040","CITY_ID":"10004"}},{"type":"Feature","geometry":{"type":"Point","coordinates":[121.097878845692,24.7342266987358]},"properties":{"name":"","FID":"37","X":"259901.04","Y":"2736344.09","CP_BLE":"0","CP_DEP":"0","CP_LENG":"0","CP_WID":"0","CONS_ID":"103101R010204000040","CITY_ID":"10004"}},{"type":"Feature","geometry":{"type":"Point","coordinates":[121.0980090189715,24.73435065894538]},"properties":{"name":"","FID":"38","X":"259914.19","Y":"2736357.83","CP_BLE":"0","CP_DEP":"0","CP_LENG":"0","CP_WID":"0","CONS_ID":"103101R010204000040","CITY_ID":"10004"}},{"type":"Feature","geometry":{"type":"Point","coordinates":[121.0974427645311,24.73465444635253]},"properties":{"name":"","FID":"39","X":"259856.89","Y":"2736391.44","CP_BLE":"0","CP_DEP":"0","CP_LENG":"0","CP_WID":"0","CONS_ID":"103101R010204000040","CITY_ID":"10004"}},{"type":"Feature","geometry":{"type":"Point","coordinates":[121.0970009888593,24.73508564532935]},"properties":{"name":"","FID":"40","X":"259812.17","Y":"2736439.16","CP_BLE":"0","CP_DEP":"0","CP_LENG":"0","CP_WID":"0","CONS_ID":"103101R010204000040","CITY_ID":"10004"}},{"type":"Feature","geometry":{"type":"Point","coordinates":[121.0966947230843,24.73537395782716]},"properties":{"name":"","FID":"41","X":"259781.16","Y":"2736471.07","CP_BLE":"0","CP_DEP":"0","CP_LENG":"0","CP_WID":"0","CONS_ID":"103101R010204000040","CITY_ID":"10004"}},{"type":"Feature","geometry":{"type":"Point","coordinates":[121.0930295172977,24.73932526439405]},"properties":{"name":"","FID":"42","X":"259410.11","Y":"2736908.46","CP_BLE":"0","CP_DEP":"0","CP_LENG":"0","CP_WID":"0","CONS_ID":"103101R010204000040","CITY_ID":"10004"}},{"type":"Feature","geometry":{"type":"Point","coordinates":[121.0928324118155,24.73926381091345]},"properties":{"name":"","FID":"43","X":"259390.18","Y":"2736901.64","CP_BLE":"0","CP_DEP":"0","CP_LENG":"0","CP_WID":"0","CONS_ID":"103101R010204000040","CITY_ID":"10004"}},{"type":"Feature","geometry":{"type":"Point","coordinates":[121.0926784360512,24.73969108058982]},"properties":{"name":"","FID":"44","X":"259374.57","Y":"2736948.95","CP_BLE":"0","CP_DEP":"0","CP_LENG":"0","CP_WID":"0","CONS_ID":"103101R010204000040","CITY_ID":"10004"}},{"type":"Feature","geometry":{"type":"Point","coordinates":[121.0919040037378,24.74025391831458]},"properties":{"name":"","FID":"45","X":"259296.2","Y":"2737011.23","CP_BLE":"0","CP_DEP":"0","CP_LENG":"0","CP_WID":"0","CONS_ID":"103101R010204000040","CITY_ID":"10004"}},{"type":"Feature","geometry":{"type":"Point","coordinates":[121.091628776876,24.74077271274054]},"properties":{"name":"","FID":"46","X":"259268.32","Y":"2737068.68","CP_BLE":"0","CP_DEP":"0","CP_LENG":"0","CP_WID":"0","CONS_ID":"103101R010204000040","CITY_ID":"10004"}},{"type":"Feature","geometry":{"type":"Point","coordinates":[121.0907891993254,24.74156277333005]},"properties":{"name":"","FID":"47","X":"259183.34","Y":"2737156.13","CP_BLE":"0","CP_DEP":"0","CP_LENG":"0","CP_WID":"0","CONS_ID":"103101R010204000040","CITY_ID":"10004"}},{"type":"Feature","geometry":{"type":"Point","coordinates":[121.0906462860085,24.74145764851895]},"properties":{"name":"","FID":"48","X":"259168.89","Y":"2737144.47","CP_BLE":"0","CP_DEP":"0","CP_LENG":"0","CP_WID":"0","CONS_ID":"103101R010204000040","CITY_ID":"10004"}},{"type":"Feature","geometry":{"type":"Point","coordinates":[121.0901312403365,24.72839890760398]},"properties":{"name":"","FID":"49","X":"259117.74","Y":"2735698.08","CP_BLE":"0","CP_DEP":"0","CP_LENG":"0","CP_WID":"0","CONS_ID":"103101R010204000040","CITY_ID":"10004"}},{"type":"Feature","geometry":{"type":"Point","coordinates":[121.0881160669844,24.73013032976811]},"properties":{"name":"","FID":"50","X":"258913.76","Y":"2735889.71","CP_BLE":"0","CP_DEP":"0","CP_LENG":"0","CP_WID":"0","CONS_ID":"103101R010204000040","CITY_ID":"10004"}},{"type":"Feature","geometry":{"type":"Point","coordinates":[121.0881483872472,24.73024956186656]},"properties":{"name":"","FID":"51","X":"258917.02","Y":"2735902.92","CP_BLE":"0","CP_DEP":"0","CP_LENG":"0","CP_WID":"0","CONS_ID":"103101R010204000040","CITY_ID":"10004"}},{"type":"Feature","geometry":{"type":"Point","coordinates":[121.0889092601582,24.73008824828487]},"properties":{"name":"","FID":"52","X":"258994","Y":"2735885.11","CP_BLE":"0","CP_DEP":"0","CP_LENG":"0","CP_WID":"0","CONS_ID":"103101R010204000040","CITY_ID":"10004"}},{"type":"Feature","geometry":{"type":"Point","coordinates":[121.0888541518985,24.72993902747711]},"properties":{"name":"","FID":"53","X":"258988.44","Y":"2735868.57","CP_BLE":"0","CP_DEP":"0","CP_LENG":"0","CP_WID":"0","CONS_ID":"103101R010204000040","CITY_ID":"10004"}},{"type":"Feature","geometry":{"type":"Point","coordinates":[121.0898987434668,24.72969772676476]},"properties":{"name":"","FID":"54","X":"259094.13","Y":"2735841.92","CP_BLE":"0","CP_DEP":"0","CP_LENG":"0","CP_WID":"0","CONS_ID":"103101R010204000040","CITY_ID":"10004"}},{"type":"Feature","geometry":{"type":"Point","coordinates":[121.0905804690657,24.72893619689627]},"properties":{"name":"","FID":"55","X":"259163.15","Y":"2735757.62","CP_BLE":"0","CP_DEP":"0","CP_LENG":"0","CP_WID":"0","CONS_ID":"103101R010204000040","CITY_ID":"10004"}},{"type":"Feature","geometry":{"type":"Point","coordinates":[121.0914992749102,24.72923045331699]},"properties":{"name":"","FID":"56","X":"259256.07","Y":"2735790.27","CP_BLE":"0","CP_DEP":"0","CP_LENG":"0","CP_WID":"0","CONS_ID":"103101R010204000040","CITY_ID":"10004"}},{"type":"Feature","geometry":{"type":"Point","coordinates":[121.0929829806325,24.73013377416806]},"properties":{"name":"","FID":"57","X":"259406.1","Y":"2735890.42","CP_BLE":"0","CP_DEP":"0","CP_LENG":"0","CP_WID":"0","CONS_ID":"103101R010204000040","CITY_ID":"10004"}},{"type":"Feature","geometry":{"type":"Point","coordinates":[121.0930965823684,24.73019870130196]},"properties":{"name":"","FID":"58","X":"259417.58","Y":"2735897.62","CP_BLE":"0","CP_DEP":"0","CP_LENG":"0","CP_WID":"0","CONS_ID":"103101R010204000040","CITY_ID":"10004"}},{"type":"Feature","geometry":{"type":"Point","coordinates":[121.0850256721692,24.74147767209351]},"properties":{"name":"","FID":"59","X":"258600.36","Y":"2737146.33","CP_BLE":"0","CP_DEP":"0","CP_LENG":"0","CP_WID":"0","CONS_ID":"103101R010204000040","CITY_ID":"10004"}},{"type":"Feature","geometry":{"type":"Point","coordinates":[121.0842288213607,24.74560590193966]},"properties":{"name":"","FID":"60","X":"258519.48","Y":"2737603.51","CP_BLE":"0","CP_DEP":"0","CP_LENG":"0","CP_WID":"0","CONS_ID":"103101R010204000040","CITY_ID":"10004"}},{"type":"Feature","geometry":{"type":"Point","coordinates":[121.0842047217356,24.74562641059315]},"properties":{"name":"","FID":"61","X":"258517.04","Y":"2737605.78","CP_BLE":"0","CP_DEP":"0","CP_LENG":"0","CP_WID":"0","CONS_ID":"103101R010204000040","CITY_ID":"10004"}},{"type":"Feature","geometry":{"type":"Point","coordinates":[121.0838622681127,24.74609620248578]},"properties":{"name":"","FID":"62","X":"258482.37","Y":"2737657.79","CP_BLE":"0","CP_DEP":"0","CP_LENG":"0","CP_WID":"0","CONS_ID":"103101R010204000040","CITY_ID":"10004"}},{"type":"Feature","geometry":{"type":"Point","coordinates":[121.0835573403261,24.74638634700874]},"properties":{"name":"","FID":"63","X":"258451.51","Y":"2737689.91","CP_BLE":"0","CP_DEP":"0","CP_LENG":"0","CP_WID":"0","CONS_ID":"103101R010204000040","CITY_ID":"10004"}},{"type":"Feature","geometry":{"type":"Point","coordinates":[121.0834800738055,24.74630905939333]},"properties":{"name":"","FID":"64","X":"258443.7","Y":"2737681.34","CP_BLE":"0","CP_DEP":"0","CP_LENG":"0","CP_WID":"0","CONS_ID":"103101R010204000040","CITY_ID":"10004"}},{"type":"Feature","geometry":{"type":"Point","coordinates":[121.0823622309151,24.74733360268479]},"properties":{"name":"","FID":"65","X":"258330.56","Y":"2737794.75","CP_BLE":"0","CP_DEP":"0","CP_LENG":"0","CP_WID":"0","CONS_ID":"103101R010204000040","CITY_ID":"10004"}},{"type":"Feature","geometry":{"type":"Point","coordinates":[121.0863037694461,24.74561436417611]},"properties":{"name":"","FID":"66","X":"258729.35","Y":"2737604.58","CP_BLE":"0","CP_DEP":"0","CP_LENG":"0","CP_WID":"0","CONS_ID":"103101R010204000040","CITY_ID":"10004"}},{"type":"Feature","geometry":{"type":"Point","coordinates":[121.0857840735737,24.7459366343982]},"properties":{"name":"","FID":"67","X":"258676.76","Y":"2737640.24","CP_BLE":"0","CP_DEP":"0","CP_LENG":"0","CP_WID":"0","CONS_ID":"103101R010204000040","CITY_ID":"10004"}},{"type":"Feature","geometry":{"type":"Point","coordinates":[121.0856649052663,24.74579995411742]},"properties":{"name":"","FID":"68","X":"258664.72","Y":"2737625.09","CP_BLE":"0","CP_DEP":"0","CP_LENG":"0","CP_WID":"0","CONS_ID":"103101R010204000040","CITY_ID":"10004"}},{"type":"Feature","geometry":{"type":"Point","coordinates":[121.0852783097993,24.74609156630077]},"properties":{"name":"","FID":"69","X":"258625.6","Y":"2737657.37","CP_BLE":"0","CP_DEP":"0","CP_LENG":"0","CP_WID":"0","CONS_ID":"103101R010204000040","CITY_ID":"10004"}},{"type":"Feature","geometry":{"type":"Point","coordinates":[121.0853870669959,24.74622778332393]},"properties":{"name":"","FID":"70","X":"258636.59","Y":"2737672.46","CP_BLE":"0","CP_DEP":"0","CP_LENG":"0","CP_WID":"0","CONS_ID":"103101R010204000040","CITY_ID":"10004"}},{"type":"Feature","geometry":{"type":"Point","coordinates":[121.0849390965484,24.74655365730876]},"properties":{"name":"","FID":"71","X":"258591.25","Y":"2737708.53","CP_BLE":"0","CP_DEP":"0","CP_LENG":"0","CP_WID":"0","CONS_ID":"103101R010204000040","CITY_ID":"10004"}},{"type":"Feature","geometry":{"type":"Point","coordinates":[121.0848306497175,24.74642285700008]},"properties":{"name":"","FID":"72","X":"258580.29","Y":"2737694.03","CP_BLE":"0","CP_DEP":"0","CP_LENG":"0","CP_WID":"0","CONS_ID":"103101R010204000040","CITY_ID":"10004"}},{"type":"Feature","geometry":{"type":"Point","coordinates":[121.0845159921064,24.7466504131082]},"properties":{"name":"","FID":"73","X":"258548.45","Y":"2737719.22","CP_BLE":"0","CP_DEP":"0","CP_LENG":"0","CP_WID":"0","CONS_ID":"103101R010204000040","CITY_ID":"10004"}},{"type":"Feature","geometry":{"type":"Point","coordinates":[121.0846233648672,24.74678669465754]},"properties":{"name":"","FID":"74","X":"258559.3","Y":"2737734.32","CP_BLE":"0","CP_DEP":"0","CP_LENG":"0","CP_WID":"0","CONS_ID":"103101R010204000040","CITY_ID":"10004"}},{"type":"Feature","geometry":{"type":"Point","coordinates":[121.0840867372068,24.74696720918323]},"properties":{"name":"","FID":"75","X":"258505.01","Y":"2737754.28","CP_BLE":"0","CP_DEP":"0","CP_LENG":"0","CP_WID":"0","CONS_ID":"103101R010204000040","CITY_ID":"10004"}},{"type":"Feature","geometry":{"type":"Point","coordinates":[121.0841934945527,24.74710015979676]},"properties":{"name":"","FID":"76","X":"258515.8","Y":"2737769.01","CP_BLE":"0","CP_DEP":"0","CP_LENG":"0","CP_WID":"0","CONS_ID":"103101R010204000040","CITY_ID":"10004"}},{"type":"Feature","geometry":{"type":"Point","coordinates":[121.0838489168939,24.74735735439973]},"properties":{"name":"","FID":"77","X":"258480.93","Y":"2737797.47","CP_BLE":"0","CP_DEP":"0","CP_LENG":"0","CP_WID":"0","CONS_ID":"103101R010204000040","CITY_ID":"10004"}},{"type":"Feature","geometry":{"type":"Point","coordinates":[121.083441878079,24.74765145612794]},"properties":{"name":"","FID":"78","X":"258439.74","Y":"2737830.02","CP_BLE":"0","CP_DEP":"0","CP_LENG":"0","CP_WID":"0","CONS_ID":"103101R010204000040","CITY_ID":"10004"}},{"type":"Feature","geometry":{"type":"Point","coordinates":[121.0833264846248,24.74752539867395]},"properties":{"name":"","FID":"79","X":"258428.08","Y":"2737816.05","CP_BLE":"0","CP_DEP":"0","CP_LENG":"0","CP_WID":"0","CONS_ID":"103101R010204000040","CITY_ID":"10004"}},{"type":"Feature","geometry":{"type":"Point","coordinates":[121.0829839351015,24.74777418444976]},"properties":{"name":"","FID":"80","X":"258393.41","Y":"2737843.59","CP_BLE":"0","CP_DEP":"0","CP_LENG":"0","CP_WID":"0","CONS_ID":"103101R010204000040","CITY_ID":"10004"}},{"type":"Feature","geometry":{"type":"Point","coordinates":[121.0830804746414,24.74791558331696]},"properties":{"name":"","FID":"81","X":"258403.17","Y":"2737859.26","CP_BLE":"0","CP_DEP":"0","CP_LENG":"0","CP_WID":"0","CONS_ID":"103101R010204000040","CITY_ID":"10004"}},{"type":"Feature","geometry":{"type":"Point","coordinates":[121.0978913109758,24.72275545350696]},"properties":{"name":"","FID":"82","X":"259903.2","Y":"2735073.56","CP_BLE":"0","CP_DEP":"0","CP_LENG":"0","CP_WID":"0","CONS_ID":"103101R010204000040","CITY_ID":"10004"}},{"type":"Feature","geometry":{"type":"Point","coordinates":[121.0995514164301,24.72892067753037]},"properties":{"name":"","FID":"83","X":"260070.65","Y":"2735756.53","CP_BLE":"0","CP_DEP":"0","CP_LENG":"0","CP_WID":"0","CONS_ID":"103101R010204000040","CITY_ID":"10004"}},{"type":"Feature","geometry":{"type":"Point","coordinates":[121.0996025351266,24.72936998398617]},"properties":{"name":"","FID":"84","X":"260075.79","Y":"2735806.3","CP_BLE":"0","CP_DEP":"0","CP_LENG":"0","CP_WID":"0","CONS_ID":"103101R010204000040","CITY_ID":"10004"}},{"type":"Feature","geometry":{"type":"Point","coordinates":[121.0998924225409,24.73019977249768]},"properties":{"name":"","FID":"85","X":"260105.05","Y":"2735898.22","CP_BLE":"0","CP_DEP":"0","CP_LENG":"0","CP_WID":"0","CONS_ID":"103101R010204000040","CITY_ID":"10004"}},{"type":"Feature","geometry":{"type":"Point","coordinates":[121.0265948625148,24.78070946198726]},"properties":{"name":"","FID":"86","X":"252689.23","Y":"2741489.16","CP_BLE":"0","CP_DEP":"0","CP_LENG":"0","CP_WID":"0","CONS_ID":"103101R010204000040","CITY_ID":"10004"}},{"type":"Feature","geometry":{"type":"Point","coordinates":[121.0281241980489,24.77992377595355]},"properties":{"name":"","FID":"87","X":"252843.89","Y":"2741402.17","CP_BLE":"0","CP_DEP":"0","CP_LENG":"0","CP_WID":"0","CONS_ID":"103101R010204000040","CITY_ID":"10004"}},{"type":"Feature","geometry":{"type":"Point","coordinates":[121.0289416848575,24.77949720433044]},"properties":{"name":"","FID":"88","X":"252926.56","Y":"2741354.94","CP_BLE":"0","CP_DEP":"0","CP_LENG":"0","CP_WID":"0","CONS_ID":"103101R010204000040","CITY_ID":"10004"}},{"type":"Feature","geometry":{"type":"Point","coordinates":[121.0296425980171,24.77913587430822]},"properties":{"name":"","FID":"89","X":"252997.45","Y":"2741314.94","CP_BLE":"0","CP_DEP":"0","CP_LENG":"0","CP_WID":"0","CONS_ID":"103101R010204000040","CITY_ID":"10004"}},{"type":"Feature","geometry":{"type":"Point","coordinates":[121.0304920804433,24.77869494673888]},"properties":{"name":"","FID":"90","X":"253083.36","Y":"2741266.12","CP_BLE":"0","CP_DEP":"0","CP_LENG":"0","CP_WID":"0","CONS_ID":"103101R010204000040","CITY_ID":"10004"}},{"type":"Feature","geometry":{"type":"Point","coordinates":[121.0311943063251,24.77833174834907]},"properties":{"name":"","FID":"91","X":"253154.37","Y":"2741225.91","CP_BLE":"0","CP_DEP":"0","CP_LENG":"0","CP_WID":"0","CONS_ID":"103101R010204000040","CITY_ID":"10004"}},{"type":"Feature","geometry":{"type":"Point","coordinates":[121.0319750689655,24.77792227341716]},"properties":{"name":"","FID":"92","X":"253233.34","Y":"2741180.57","CP_BLE":"0","CP_DEP":"0","CP_LENG":"0","CP_WID":"0","CONS_ID":"103101R010204000040","CITY_ID":"10004"}},{"type":"Feature","geometry":{"type":"Point","coordinates":[121.0327765300956,24.77751168927422]},"properties":{"name":"","FID":"93","X":"253314.39","Y":"2741135.12","CP_BLE":"0","CP_DEP":"0","CP_LENG":"0","CP_WID":"0","CONS_ID":"103101R010204000040","CITY_ID":"10004"}},{"type":"Feature","geometry":{"type":"Point","coordinates":[121.0336743013816,24.77730441074115]},"properties":{"name":"","FID":"94","X":"253405.18","Y":"2741112.18","CP_BLE":"0","CP_DEP":"0","CP_LENG":"0","CP_WID":"0","CONS_ID":"103101R010204000040","CITY_ID":"10004"}},{"type":"Feature","geometry":{"type":"Point","coordinates":[121.0345860460869,24.77716540909048]},"properties":{"name":"","FID":"95","X":"253497.38","Y":"2741096.81","CP_BLE":"0","CP_DEP":"0","CP_LENG":"0","CP_WID":"0","CONS_ID":"103101R010204000040","CITY_ID":"10004"}},{"type":"Feature","geometry":{"type":"Point","coordinates":[121.0354128204881,24.77703647450656]},"properties":{"name":"","FID":"96","X":"253580.99","Y":"2741082.55","CP_BLE":"0","CP_DEP":"0","CP_LENG":"0","CP_WID":"0","CONS_ID":"103101R010204000040","CITY_ID":"10004"}},{"type":"Feature","geometry":{"type":"Point","coordinates":[121.0360839386883,24.77693433838333]},"properties":{"name":"","FID":"97","X":"253648.86","Y":"2741071.25","CP_BLE":"0","CP_DEP":"0","CP_LENG":"0","CP_WID":"0","CONS_ID":"103101R010204000040","CITY_ID":"10004"}},{"type":"Feature","geometry":{"type":"Point","coordinates":[121.0369281772019,24.77680242711595]},"properties":{"name":"","FID":"98","X":"253734.23","Y":"2741056.67","CP_BLE":"0","CP_DEP":"0","CP_LENG":"0","CP_WID":"0","CONS_ID":"103101R010204000040","CITY_ID":"10004"}},{"type":"Feature","geometry":{"type":"Point","coordinates":[121.0378264368472,24.77682681500925]},"properties":{"name":"","FID":"99","X":"253825.06","Y":"2741059.39","CP_BLE":"0","CP_DEP":"0","CP_LENG":"0","CP_WID":"0","CONS_ID":"103101R010204000040","CITY_ID":"10004"}},{"type":"Feature","geometry":{"type":"Point","coordinates":[121.0337420187866,24.77746406177269]},"properties":{"name":"","FID":"100","X":"253412.02","Y":"2741129.87","CP_BLE":"0","CP_DEP":"0","CP_LENG":"0","CP_WID":"0","CONS_ID":"103101R010204000040","CITY_ID":"10004"}},{"type":"Feature","geometry":{"type":"Point","coordinates":[121.0948672380288,24.72754536510319]},"properties":{"name":"","FID":"101","X":"259596.91","Y":"2735603.87","CP_BLE":"0","CP_DEP":"0","CP_LENG":"0","CP_WID":"0","CONS_ID":"103101R010204000040","CITY_ID":"10004"}},{"type":"Feature","geometry":{"type":"Point","coordinates":[121.0952408486845,24.7277405094422]},"properties":{"name":"","FID":"102","X":"259634.69","Y":"2735625.51","CP_BLE":"0","CP_DEP":"0","CP_LENG":"0","CP_WID":"0","CONS_ID":"103101R010204000040","CITY_ID":"10004"}},{"type":"Feature","geometry":{"type":"Point","coordinates":[121.0956191667572,24.72788508910228]},"properties":{"name":"","FID":"103","X":"259672.95","Y":"2735641.55","CP_BLE":"0","CP_DEP":"0","CP_LENG":"0","CP_WID":"0","CONS_ID":"103101R010204000040","CITY_ID":"10004"}},{"type":"Feature","geometry":{"type":"Point","coordinates":[121.0961675478917,24.72794848108759]},"properties":{"name":"","FID":"104","X":"259728.42","Y":"2735648.61","CP_BLE":"0","CP_DEP":"0","CP_LENG":"0","CP_WID":"0","CONS_ID":"103101R010204000040","CITY_ID":"10004"}},{"type":"Feature","geometry":{"type":"Point","coordinates":[121.0970203749526,24.7278595407625]},"properties":{"name":"","FID":"105","X":"259814.7","Y":"2735638.82","CP_BLE":"0","CP_DEP":"0","CP_LENG":"0","CP_WID":"0","CONS_ID":"103101R010204000040","CITY_ID":"10004"}},{"type":"Feature","geometry":{"type":"Point","coordinates":[121.0975629291073,24.72780221765351]},"properties":{"name":"","FID":"106","X":"259869.59","Y":"2735632.51","CP_BLE":"0","CP_DEP":"0","CP_LENG":"0","CP_WID":"0","CONS_ID":"103101R010204000040","CITY_ID":"10004"}},{"type":"Feature","geometry":{"type":"Point","coordinates":[121.0984126875404,24.72771047251192]},"properties":{"name":"","FID":"107","X":"259955.56","Y":"2735622.41","CP_BLE":"0","CP_DEP":"0","CP_LENG":"0","CP_WID":"0","CONS_ID":"103101R010204000040","CITY_ID":"10004"}},{"type":"Feature","geometry":{"type":"Point","coordinates":[121.0952607210008,24.72761472697756]},"properties":{"name":"","FID":"108","X":"259636.71","Y":"2735611.58","CP_BLE":"0","CP_DEP":"0","CP_LENG":"0","CP_WID":"0","CONS_ID":"103101R010204000040","CITY_ID":"10004"}},{"type":"Feature","geometry":{"type":"Point","coordinates":[121.0956298441758,24.72775759700083]},"properties":{"name":"","FID":"109","X":"259674.04","Y":"2735627.43","CP_BLE":"0","CP_DEP":"0","CP_LENG":"0","CP_WID":"0","CONS_ID":"103101R010204000040","CITY_ID":"10004"}},{"type":"Feature","geometry":{"type":"Point","coordinates":[121.0961983888216,24.72781871884058]},"properties":{"name":"","FID":"110","X":"259731.55","Y":"2735634.24","CP_BLE":"0","CP_DEP":"0","CP_LENG":"0","CP_WID":"0","CONS_ID":"103101R010204000040","CITY_ID":"10004"}},{"type":"Feature","geometry":{"type":"Point","coordinates":[121.0971137861897,24.72772711951052]},"properties":{"name":"","FID":"111","X":"259824.16","Y":"2735624.16","CP_BLE":"0","CP_DEP":"0","CP_LENG":"0","CP_WID":"0","CONS_ID":"103101R010204000040","CITY_ID":"10004"}},{"type":"Feature","geometry":{"type":"Point","coordinates":[121.0975080719569,24.72768271330143]},"properties":{"name":"","FID":"112","X":"259864.05","Y":"2735619.27","CP_BLE":"0","CP_DEP":"0","CP_LENG":"0","CP_WID":"0","CONS_ID":"103101R010204000040","CITY_ID":"10004"}},{"type":"Feature","geometry":{"type":"Point","coordinates":[121.098389163929,24.72758878102822]},"properties":{"name":"","FID":"113","X":"259953.19","Y":"2735608.93","CP_BLE":"0","CP_DEP":"0","CP_LENG":"0","CP_WID":"0","CONS_ID":"103101R010204000040","CITY_ID":"10004"}},{"type":"Feature","geometry":{"type":"Point","coordinates":[121.0988989928449,24.72752705049008]},"properties":{"name":"","FID":"114","X":"260004.77","Y":"2735602.13","CP_BLE":"0","CP_DEP":"0","CP_LENG":"0","CP_WID":"0","CONS_ID":"103101R010204000040","CITY_ID":"10004"}},{"type":"Feature","geometry":{"type":"Point","coordinates":[121.0521240381189,24.70263650564953]},"properties":{"name":"","FID":"115","X":"255273.99","Y":"2732842.7","CP_BLE":"0","CP_DEP":"0","CP_LENG":"0","CP_WID":"0","CONS_ID":"103101R010204000040","CITY_ID":"10004"}},{"type":"Feature","geometry":{"type":"Point","coordinates":[121.0528435584388,24.70385978355554]},"properties":{"name":"","FID":"116","X":"255346.74","Y":"2732978.21","CP_BLE":"0","CP_DEP":"0","CP_LENG":"0","CP_WID":"0","CONS_ID":"103101R010204000040","CITY_ID":"10004"}},{"type":"Feature","geometry":{"type":"Point","coordinates":[121.0526674851575,24.70399600784897]},"properties":{"name":"","FID":"117","X":"255328.92","Y":"2732993.3","CP_BLE":"0","CP_DEP":"0","CP_LENG":"0","CP_WID":"0","CONS_ID":"103101R010204000040","CITY_ID":"10004"}},{"type":"Feature","geometry":{"type":"Point","coordinates":[121.0504843743335,24.70585287685235]},"properties":{"name":"","FID":"118","X":"255107.95","Y":"2733198.87","CP_BLE":"0","CP_DEP":"0","CP_LENG":"0","CP_WID":"0","CONS_ID":"103101R010204000040","CITY_ID":"10004"}},{"type":"Feature","geometry":{"type":"Point","coordinates":[121.0503787847664,24.70576817765159]},"properties":{"name":"","FID":"119","X":"255097.27","Y":"2733189.49","CP_BLE":"0","CP_DEP":"0","CP_LENG":"0","CP_WID":"0","CONS_ID":"103101R010204000040","CITY_ID":"10004"}},{"type":"Feature","geometry":{"type":"Point","coordinates":[121.0507880657952,24.70558969506734]},"properties":{"name":"","FID":"120","X":"255138.69","Y":"2733169.74","CP_BLE":"0","CP_DEP":"0","CP_LENG":"0","CP_WID":"0","CONS_ID":"103101R010204000040","CITY_ID":"10004"}},{"type":"Feature","geometry":{"type":"Point","coordinates":[121.050693798992,24.70549590031528]},"properties":{"name":"","FID":"121","X":"255129.16","Y":"2733159.34","CP_BLE":"0","CP_DEP":"0","CP_LENG":"0","CP_WID":"0","CONS_ID":"103101R010204000040","CITY_ID":"10004"}},{"type":"Feature","geometry":{"type":"Point","coordinates":[121.0512737491521,24.70518085318312]},"properties":{"name":"","FID":"122","X":"255187.85","Y":"2733124.47","CP_BLE":"0","CP_DEP":"0","CP_LENG":"0","CP_WID":"0","CONS_ID":"103101R010204000040","CITY_ID":"10004"}},{"type":"Feature","geometry":{"type":"Point","coordinates":[121.0511692845435,24.70506759625238]},"properties":{"name":"","FID":"123","X":"255177.28","Y":"2733111.92","CP_BLE":"0","CP_DEP":"0","CP_LENG":"0","CP_WID":"0","CONS_ID":"103101R010204000040","CITY_ID":"10004"}},{"type":"Feature","geometry":{"type":"Point","coordinates":[121.051714680996,24.70480475430899]},"properties":{"name":"","FID":"124","X":"255232.48","Y":"2733082.83","CP_BLE":"0","CP_DEP":"0","CP_LENG":"0","CP_WID":"0","CONS_ID":"103101R010204000040","CITY_ID":"10004"}},{"type":"Feature","geometry":{"type":"Point","coordinates":[121.0516123441884,24.70469867479386]},"properties":{"name":"","FID":"125","X":"255222.13","Y":"2733071.08","CP_BLE":"0","CP_DEP":"0","CP_LENG":"0","CP_WID":"0","CONS_ID":"103101R010204000040","CITY_ID":"10004"}},{"type":"Feature","geometry":{"type":"Point","coordinates":[121.0265948625148,24.78070946198726]},"properties":{"name":"","FID":"126","X":"252689.23","Y":"2741489.16","CP_BLE":"0","CP_DEP":"0","CP_LENG":"0","CP_WID":"0","CONS_ID":"103SWE003xxxxxxxxxx","CITY_ID":"10004"}},{"type":"Feature","geometry":{"type":"Point","coordinates":[121.0281241980489,24.77992377595355]},"properties":{"name":"","FID":"127","X":"252843.89","Y":"2741402.17","CP_BLE":"0","CP_DEP":"0","CP_LENG":"0","CP_WID":"0","CONS_ID":"103SWE003xxxxxxxxxx","CITY_ID":"10004"}},{"type":"Feature","geometry":{"type":"Point","coordinates":[121.0289416848575,24.77949720433044]},"properties":{"name":"","FID":"128","X":"252926.56","Y":"2741354.94","CP_BLE":"0","CP_DEP":"0","CP_LENG":"0","CP_WID":"0","CONS_ID":"103SWE003xxxxxxxxxx","CITY_ID":"10004"}},{"type":"Feature","geometry":{"type":"Point","coordinates":[121.0296425980171,24.77913587430822]},"properties":{"name":"","FID":"129","X":"252997.45","Y":"2741314.94","CP_BLE":"0","CP_DEP":"0","CP_LENG":"0","CP_WID":"0","CONS_ID":"103SWE003xxxxxxxxxx","CITY_ID":"10004"}},{"type":"Feature","geometry":{"type":"Point","coordinates":[121.0304920804433,24.77869494673888]},"properties":{"name":"","FID":"130","X":"253083.36","Y":"2741266.12","CP_BLE":"0","CP_DEP":"0","CP_LENG":"0","CP_WID":"0","CONS_ID":"103SWE003xxxxxxxxxx","CITY_ID":"10004"}},{"type":"Feature","geometry":{"type":"Point","coordinates":[121.0311943063251,24.77833174834907]},"properties":{"name":"","FID":"131","X":"253154.37","Y":"2741225.91","CP_BLE":"0","CP_DEP":"0","CP_LENG":"0","CP_WID":"0","CONS_ID":"103SWE003xxxxxxxxxx","CITY_ID":"10004"}},{"type":"Feature","geometry":{"type":"Point","coordinates":[121.0319750689655,24.77792227341716]},"properties":{"name":"","FID":"132","X":"253233.34","Y":"2741180.57","CP_BLE":"0","CP_DEP":"0","CP_LENG":"0","CP_WID":"0","CONS_ID":"103SWE003xxxxxxxxxx","CITY_ID":"10004"}},{"type":"Feature","geometry":{"type":"Point","coordinates":[121.0327765300956,24.77751168927422]},"properties":{"name":"","FID":"133","X":"253314.39","Y":"2741135.12","CP_BLE":"0","CP_DEP":"0","CP_LENG":"0","CP_WID":"0","CONS_ID":"103SWE003xxxxxxxxxx","CITY_ID":"10004"}},{"type":"Feature","geometry":{"type":"Point","coordinates":[121.0336743013816,24.77730441074115]},"properties":{"name":"","FID":"134","X":"253405.18","Y":"2741112.18","CP_BLE":"0","CP_DEP":"0","CP_LENG":"0","CP_WID":"0","CONS_ID":"103SWE003xxxxxxxxxx","CITY_ID":"10004"}},{"type":"Feature","geometry":{"type":"Point","coordinates":[121.0345860460869,24.77716540909048]},"properties":{"name":"","FID":"135","X":"253497.38","Y":"2741096.81","CP_BLE":"0","CP_DEP":"0","CP_LENG":"0","CP_WID":"0","CONS_ID":"103SWE003xxxxxxxxxx","CITY_ID":"10004"}},{"type":"Feature","geometry":{"type":"Point","coordinates":[121.0354128204881,24.77703647450656]},"properties":{"name":"","FID":"136","X":"253580.99","Y":"2741082.55","CP_BLE":"0","CP_DEP":"0","CP_LENG":"0","CP_WID":"0","CONS_ID":"103SWE003xxxxxxxxxx","CITY_ID":"10004"}},{"type":"Feature","geometry":{"type":"Point","coordinates":[121.0360839386883,24.77693433838333]},"properties":{"name":"","FID":"137","X":"253648.86","Y":"2741071.25","CP_BLE":"0","CP_DEP":"0","CP_LENG":"0","CP_WID":"0","CONS_ID":"103SWE003xxxxxxxxxx","CITY_ID":"10004"}},{"type":"Feature","geometry":{"type":"Point","coordinates":[121.0369281772019,24.77680242711595]},"properties":{"name":"","FID":"138","X":"253734.23","Y":"2741056.67","CP_BLE":"0","CP_DEP":"0","CP_LENG":"0","CP_WID":"0","CONS_ID":"103SWE003xxxxxxxxxx","CITY_ID":"10004"}},{"type":"Feature","geometry":{"type":"Point","coordinates":[121.0378264368472,24.77682681500925]},"properties":{"name":"","FID":"139","X":"253825.06","Y":"2741059.39","CP_BLE":"0","CP_DEP":"0","CP_LENG":"0","CP_WID":"0","CONS_ID":"103SWE003xxxxxxxxxx","CITY_ID":"10004"}},{"type":"Feature","geometry":{"type":"Point","coordinates":[121.0522647335053,24.70433663138269]},"properties":{"name":"","FID":"140","X":"255288.15","Y":"2733031.01","CP_BLE":"0","CP_DEP":"0","CP_LENG":"0","CP_WID":"0","CONS_ID":"103101R010204000040","CITY_ID":"10004"}},{"type":"Feature","geometry":{"type":"Point","coordinates":[121.0519732975359,24.70458527568123]},"properties":{"name":"","FID":"141","X":"255258.65","Y":"2733058.53","CP_BLE":"0","CP_DEP":"0","CP_LENG":"0","CP_WID":"0","CONS_ID":"103101R010204000040","CITY_ID":"10004"}},{"type":"Feature","geometry":{"type":"Point","coordinates":[121.0561934464694,24.69779612793299]},"properties":{"name":"","FID":"142","X":"255685.96","Y":"2732306.75","CP_BLE":"0","CP_DEP":"0","CP_LENG":"0","CP_WID":"0","CONS_ID":"103101R010204000040","CITY_ID":"10004"}},{"type":"Feature","geometry":{"type":"Point","coordinates":[121.0396161781647,24.89617138424529]},"properties":{"name":"","FID":"143","X":"254002.21","Y":"2754277.98","CP_BLE":"0","CP_DEP":"0","CP_LENG":"0","CP_WID":"0","CONS_ID":"103101R010204000040","CITY_ID":"10004"}},{"type":"Feature","geometry":{"type":"Point","coordinates":[121.0387922407855,24.89563277036218]},"properties":{"name":"","FID":"144","X":"253918.99","Y":"2754218.3","CP_BLE":"0","CP_DEP":"0","CP_LENG":"0","CP_WID":"0","CONS_ID":"103101R010204000040","CITY_ID":"10004"}},{"type":"Feature","geometry":{"type":"Point","coordinates":[121.038512970265,24.89549445373188]},"properties":{"name":"","FID":"145","X":"253890.78","Y":"2754202.97","CP_BLE":"0","CP_DEP":"0","CP_LENG":"0","CP_WID":"0","CONS_ID":"103101R010204000040","CITY_ID":"10004"}},{"type":"Feature","geometry":{"type":"Point","coordinates":[121.0385591943856,24.89558375179536]},"properties":{"name":"","FID":"146","X":"253895.44","Y":"2754212.86","CP_BLE":"0","CP_DEP":"0","CP_LENG":"0","CP_WID":"0","CONS_ID":"103101R010204000040","CITY_ID":"10004"}},{"type":"Feature","geometry":{"type":"Point","coordinates":[121.0373518085645,24.89507932014693]},"properties":{"name":"","FID":"147","X":"253773.48","Y":"2754156.95","CP_BLE":"0","CP_DEP":"0","CP_LENG":"0","CP_WID":"0","CONS_ID":"103101R010204000040","CITY_ID":"10004"}},{"type":"Feature","geometry":{"type":"Point","coordinates":[121.0380894322355,24.89539691009922]},"properties":{"name":"","FID":"148","X":"253847.99","Y":"2754192.15","CP_BLE":"0","CP_DEP":"0","CP_LENG":"0","CP_WID":"0","CONS_ID":"103101R010204000040","CITY_ID":"10004"}},{"type":"Feature","geometry":{"type":"Point","coordinates":[121.0479974035985,24.89278108424992]},"properties":{"name":"","FID":"149","X":"254849.05","Y":"2753902.74","CP_BLE":"0","CP_DEP":"0","CP_LENG":"0","CP_WID":"0","CONS_ID":"103101R010204000040","CITY_ID":"10004"}},{"type":"Feature","geometry":{"type":"Point","coordinates":[121.0481171289091,24.89279491348725]},"properties":{"name":"","FID":"150","X":"254861.14","Y":"2753904.27","CP_BLE":"0","CP_DEP":"0","CP_LENG":"0","CP_WID":"0","CONS_ID":"103101R010204000040","CITY_ID":"10004"}},{"type":"Feature","geometry":{"type":"Point","coordinates":[121.0476359521664,24.89346443257265]},"properties":{"name":"","FID":"151","X":"254812.51","Y":"2753978.41","CP_BLE":"0","CP_DEP":"0","CP_LENG":"0","CP_WID":"0","CONS_ID":"103101R010204000040","CITY_ID":"10004"}},{"type":"Feature","geometry":{"type":"Point","coordinates":[121.0477075164953,24.89361695541078]},"properties":{"name":"","FID":"152","X":"254819.73","Y":"2753995.31","CP_BLE":"0","CP_DEP":"0","CP_LENG":"0","CP_WID":"0","CONS_ID":"103101R010204000040","CITY_ID":"10004"}},{"type":"Feature","geometry":{"type":"Point","coordinates":[121.047349456568,24.89430126793394]},"properties":{"name":"","FID":"153","X":"254783.53","Y":"2754071.09","CP_BLE":"0","CP_DEP":"0","CP_LENG":"0","CP_WID":"0","CONS_ID":"103101R010204000040","CITY_ID":"10004"}},{"type":"Feature","geometry":{"type":"Point","coordinates":[121.0337420187866,24.77746406177269]},"properties":{"name":"","FID":"154","X":"253412.02","Y":"2741129.87","CP_BLE":"0","CP_DEP":"0","CP_LENG":"0","CP_WID":"0","CONS_ID":"103SWE003xxxxxxxxxx","CITY_ID":"10004"}},{"type":"Feature","geometry":{"type":"Point","coordinates":[121.0265948625148,24.78070946198726]},"properties":{"name":"","FID":"155","X":"252689.23","Y":"2741489.16","CP_BLE":"0","CP_DEP":"0","CP_LENG":"0","CP_WID":"0","CONS_ID":"103SWE003xxxxxxxxxx","CITY_ID":"10004"}},{"type":"Feature","geometry":{"type":"Point","coordinates":[121.0281241980489,24.77992377595355]},"properties":{"name":"","FID":"156","X":"252843.89","Y":"2741402.17","CP_BLE":"0","CP_DEP":"0","CP_LENG":"0","CP_WID":"0","CONS_ID":"103SWE003xxxxxxxxxx","CITY_ID":"10004"}},{"type":"Feature","geometry":{"type":"Point","coordinates":[121.0289416848575,24.77949720433044]},"properties":{"name":"","FID":"157","X":"252926.56","Y":"2741354.94","CP_BLE":"0","CP_DEP":"0","CP_LENG":"0","CP_WID":"0","CONS_ID":"103SWE003xxxxxxxxxx","CITY_ID":"10004"}},{"type":"Feature","geometry":{"type":"Point","coordinates":[121.0296425980171,24.77913587430822]},"properties":{"name":"","FID":"158","X":"252997.45","Y":"2741314.94","CP_BLE":"0","CP_DEP":"0","CP_LENG":"0","CP_WID":"0","CONS_ID":"103SWE003xxxxxxxxxx","CITY_ID":"10004"}},{"type":"Feature","geometry":{"type":"Point","coordinates":[121.0304920804433,24.77869494673888]},"properties":{"name":"","FID":"159","X":"253083.36","Y":"2741266.12","CP_BLE":"0","CP_DEP":"0","CP_LENG":"0","CP_WID":"0","CONS_ID":"103SWE003xxxxxxxxxx","CITY_ID":"10004"}},{"type":"Feature","geometry":{"type":"Point","coordinates":[121.0311943063251,24.77833174834907]},"properties":{"name":"","FID":"160","X":"253154.37","Y":"2741225.91","CP_BLE":"0","CP_DEP":"0","CP_LENG":"0","CP_WID":"0","CONS_ID":"103SWE003xxxxxxxxxx","CITY_ID":"10004"}},{"type":"Feature","geometry":{"type":"Point","coordinates":[121.0319750689655,24.77792227341716]},"properties":{"name":"","FID":"161","X":"253233.34","Y":"2741180.57","CP_BLE":"0","CP_DEP":"0","CP_LENG":"0","CP_WID":"0","CONS_ID":"103SWE003xxxxxxxxxx","CITY_ID":"10004"}},{"type":"Feature","geometry":{"type":"Point","coordinates":[121.0327765300956,24.77751168927422]},"properties":{"name":"","FID":"162","X":"253314.39","Y":"2741135.12","CP_BLE":"0","CP_DEP":"0","CP_LENG":"0","CP_WID":"0","CONS_ID":"103SWE003xxxxxxxxxx","CITY_ID":"10004"}},{"type":"Feature","geometry":{"type":"Point","coordinates":[121.0336743013816,24.77730441074115]},"properties":{"name":"","FID":"163","X":"253405.18","Y":"2741112.18","CP_BLE":"0","CP_DEP":"0","CP_LENG":"0","CP_WID":"0","CONS_ID":"103SWE003xxxxxxxxxx","CITY_ID":"10004"}},{"type":"Feature","geometry":{"type":"Point","coordinates":[121.0345860460869,24.77716540909048]},"properties":{"name":"","FID":"164","X":"253497.38","Y":"2741096.81","CP_BLE":"0","CP_DEP":"0","CP_LENG":"0","CP_WID":"0","CONS_ID":"103SWE003xxxxxxxxxx","CITY_ID":"10004"}},{"type":"Feature","geometry":{"type":"Point","coordinates":[121.0354128204881,24.77703647450656]},"properties":{"name":"","FID":"165","X":"253580.99","Y":"2741082.55","CP_BLE":"0","CP_DEP":"0","CP_LENG":"0","CP_WID":"0","CONS_ID":"103SWE003xxxxxxxxxx","CITY_ID":"10004"}},{"type":"Feature","geometry":{"type":"Point","coordinates":[121.0360839386883,24.77693433838333]},"properties":{"name":"","FID":"166","X":"253648.86","Y":"2741071.25","CP_BLE":"0","CP_DEP":"0","CP_LENG":"0","CP_WID":"0","CONS_ID":"103SWE003xxxxxxxxxx","CITY_ID":"10004"}},{"type":"Feature","geometry":{"type":"Point","coordinates":[121.0369281772019,24.77680242711595]},"properties":{"name":"","FID":"167","X":"253734.23","Y":"2741056.67","CP_BLE":"0","CP_DEP":"0","CP_LENG":"0","CP_WID":"0","CONS_ID":"103SWE003xxxxxxxxxx","CITY_ID":"10004"}},{"type":"Feature","geometry":{"type":"Point","coordinates":[121.0472238342067,24.89424532195765]},"properties":{"name":"","FID":"168","X":"254770.84","Y":"2754064.89","CP_BLE":"0","CP_DEP":"0","CP_LENG":"0","CP_WID":"0","CONS_ID":"103101R010204000040","CITY_ID":"10004"}},{"type":"Feature","geometry":{"type":"Point","coordinates":[121.0445534007204,24.89366973601247]},"properties":{"name":"","FID":"169","X":"254501.08","Y":"2754001.05","CP_BLE":"0","CP_DEP":"0","CP_LENG":"0","CP_WID":"0","CONS_ID":"103101R010204000040","CITY_ID":"10004"}},{"type":"Feature","geometry":{"type":"Point","coordinates":[121.0452293960794,24.89360422041907]},"properties":{"name":"","FID":"170","X":"254569.37","Y":"2753993.81","CP_BLE":"0","CP_DEP":"0","CP_LENG":"0","CP_WID":"0","CONS_ID":"103101R010204000040","CITY_ID":"10004"}},{"type":"Feature","geometry":{"type":"Point","coordinates":[121.0445840013127,24.8937931466009]},"properties":{"name":"","FID":"171","X":"254504.17","Y":"2754014.72","CP_BLE":"0","CP_DEP":"0","CP_LENG":"0","CP_WID":"0","CONS_ID":"103101R010204000040","CITY_ID":"10004"}},{"type":"Feature","geometry":{"type":"Point","coordinates":[121.0453854287563,24.89258816768511]},"properties":{"name":"","FID":"172","X":"254585.18","Y":"2753881.28","CP_BLE":"0","CP_DEP":"0","CP_LENG":"0","CP_WID":"0","CONS_ID":"103101R010204000040","CITY_ID":"10004"}},{"type":"Feature","geometry":{"type":"Point","coordinates":[121.0454183567027,24.89282171621513]},"properties":{"name":"","FID":"173","X":"254588.49","Y":"2753907.15","CP_BLE":"0","CP_DEP":"0","CP_LENG":"0","CP_WID":"0","CONS_ID":"103101R010204000040","CITY_ID":"10004"}},{"type":"Feature","geometry":{"type":"Point","coordinates":[121.0454693636964,24.8937975291439]},"properties":{"name":"","FID":"174","X":"254593.61","Y":"2754015.23","CP_BLE":"0","CP_DEP":"0","CP_LENG":"0","CP_WID":"0","CONS_ID":"103101R010204000040","CITY_ID":"10004"}},{"type":"Feature","geometry":{"type":"Point","coordinates":[121.0453366406379,24.89258962707645]},"properties":{"name":"","FID":"175","X":"254580.25","Y":"2753881.44","CP_BLE":"0","CP_DEP":"0","CP_LENG":"0","CP_WID":"0","CONS_ID":"103101R010204000040","CITY_ID":"10004"}},{"type":"Feature","geometry":{"type":"Point","coordinates":[121.0463073133157,24.89398883838353]},"properties":{"name":"","FID":"176","X":"254678.26","Y":"2754036.45","CP_BLE":"0","CP_DEP":"0","CP_LENG":"0","CP_WID":"0","CONS_ID":"103101R010204000040","CITY_ID":"10004"}},{"type":"Feature","geometry":{"type":"Point","coordinates":[121.0454529323115,24.89366215164766]},"properties":{"name":"","FID":"177","X":"254591.96","Y":"2754000.24","CP_BLE":"0","CP_DEP":"0","CP_LENG":"0","CP_WID":"0","CONS_ID":"103101R010204000040","CITY_ID":"10004"}},{"type":"Feature","geometry":{"type":"Point","coordinates":[121.0465024179438,24.89588432201345]},"properties":{"name":"","FID":"178","X":"254697.9","Y":"2754246.4","CP_BLE":"0","CP_DEP":"0","CP_LENG":"0","CP_WID":"0","CONS_ID":"103101R010204000040","CITY_ID":"10004"}},{"type":"Feature","geometry":{"type":"Point","coordinates":[121.0462902179868,24.89411944107259]},"properties":{"name":"","FID":"179","X":"254676.53","Y":"2754050.92","CP_BLE":"0","CP_DEP":"0","CP_LENG":"0","CP_WID":"0","CONS_ID":"103101R010204000040","CITY_ID":"10004"}},{"type":"Feature","geometry":{"type":"Point","coordinates":[121.0466818290808,24.89554196820361]},"properties":{"name":"","FID":"180","X":"254716.04","Y":"2754208.49","CP_BLE":"0","CP_DEP":"0","CP_LENG":"0","CP_WID":"0","CONS_ID":"103101R010204000040","CITY_ID":"10004"}},{"type":"Feature","geometry":{"type":"Point","coordinates":[121.0463818912155,24.89582598119923]},"properties":{"name":"","FID":"181","X":"254685.72","Y":"2754239.94","CP_BLE":"0","CP_DEP":"0","CP_LENG":"0","CP_WID":"0","CONS_ID":"103101R010204000040","CITY_ID":"10004"}},{"type":"Feature","geometry":{"type":"Point","coordinates":[121.0472113508911,24.8945539654766]},"properties":{"name":"","FID":"182","X":"254769.57","Y":"2754099.08","CP_BLE":"0","CP_DEP":"0","CP_LENG":"0","CP_WID":"0","CONS_ID":"103101R010204000040","CITY_ID":"10004"}},{"type":"Feature","geometry":{"type":"Point","coordinates":[121.0466522727449,24.89530663134245]},"properties":{"name":"","FID":"183","X":"254713.06","Y":"2754182.42","CP_BLE":"0","CP_DEP":"0","CP_LENG":"0","CP_WID":"0","CONS_ID":"103101R010204000040","CITY_ID":"10004"}},{"type":"Feature","geometry":{"type":"Point","coordinates":[121.0402547349305,24.89339304189008]},"properties":{"name":"","FID":"184","X":"254066.81","Y":"2753970.27","CP_BLE":"0","CP_DEP":"0","CP_LENG":"0","CP_WID":"0","CONS_ID":"103101R010204000040","CITY_ID":"10004"}},{"type":"Feature","geometry":{"type":"Point","coordinates":[121.0393915881345,24.89392109698835]},"properties":{"name":"","FID":"185","X":"253979.59","Y":"2754028.73","CP_BLE":"0","CP_DEP":"0","CP_LENG":"0","CP_WID":"0","CONS_ID":"103101R010204000040","CITY_ID":"10004"}},{"type":"Feature","geometry":{"type":"Point","coordinates":[121.0387593906238,24.8943109600922]},"properties":{"name":"","FID":"186","X":"253915.71","Y":"2754071.89","CP_BLE":"0","CP_DEP":"0","CP_LENG":"0","CP_WID":"0","CONS_ID":"103101R010204000040","CITY_ID":"10004"}},{"type":"Feature","geometry":{"type":"Point","coordinates":[121.0386329759193,24.89430474514444]},"properties":{"name":"","FID":"187","X":"253902.94","Y":"2754071.2","CP_BLE":"0","CP_DEP":"0","CP_LENG":"0","CP_WID":"0","CONS_ID":"103101R010204000040","CITY_ID":"10004"}},{"type":"Feature","geometry":{"type":"Point","coordinates":[121.0484563359062,24.89191255568952]},"properties":{"name":"","FID":"188","X":"254895.45","Y":"2753806.56","CP_BLE":"0","CP_DEP":"0","CP_LENG":"0","CP_WID":"0","CONS_ID":"103101R010204000040","CITY_ID":"10004"}},{"type":"Feature","geometry":{"type":"Point","coordinates":[121.0485303436151,24.89206099648413]},"properties":{"name":"","FID":"189","X":"254902.92","Y":"2753823","CP_BLE":"0","CP_DEP":"0","CP_LENG":"0","CP_WID":"0","CONS_ID":"103101R010204000040","CITY_ID":"10004"}},{"type":"Feature","geometry":{"type":"Point","coordinates":[121.0488478925404,24.89146573338951]},"properties":{"name":"","FID":"190","X":"254935.02","Y":"2753757.08","CP_BLE":"0","CP_DEP":"0","CP_LENG":"0","CP_WID":"0","CONS_ID":"103101R010204000040","CITY_ID":"10004"}},{"type":"Feature","geometry":{"type":"Point","coordinates":[121.0486307309235,24.89157909408029]},"properties":{"name":"","FID":"191","X":"254913.08","Y":"2753769.63","CP_BLE":"0","CP_DEP":"0","CP_LENG":"0","CP_WID":"0","CONS_ID":"103101R010204000040","CITY_ID":"10004"}},{"type":"Feature","geometry":{"type":"Point","coordinates":[121.049203667022,24.89077546799419]},"properties":{"name":"","FID":"192","X":"254971","Y":"2753680.64","CP_BLE":"0","CP_DEP":"0","CP_LENG":"0","CP_WID":"0","CONS_ID":"103101R010204000040","CITY_ID":"10004"}},{"type":"Feature","geometry":{"type":"Point","coordinates":[121.0490965739744,24.89098797125424]},"properties":{"name":"","FID":"193","X":"254960.17","Y":"2753704.17","CP_BLE":"0","CP_DEP":"0","CP_LENG":"0","CP_WID":"0","CONS_ID":"103101R010204000040","CITY_ID":"10004"}},{"type":"Feature","geometry":{"type":"Point","coordinates":[121.0434425774384,24.89302409166984]},"properties":{"name":"","FID":"194","X":"254388.88","Y":"2753929.5","CP_BLE":"0","CP_DEP":"0","CP_LENG":"0","CP_WID":"0","CONS_ID":"103101R010204000040","CITY_ID":"10004"}},{"type":"Feature","geometry":{"type":"Point","coordinates":[121.0435486305313,24.89300295210144]},"properties":{"name":"","FID":"195","X":"254399.59","Y":"2753927.16","CP_BLE":"0","CP_DEP":"0","CP_LENG":"0","CP_WID":"0","CONS_ID":"103101R010204000040","CITY_ID":"10004"}},{"type":"Feature","geometry":{"type":"Point","coordinates":[121.0265948625148,24.78070946198726]},"properties":{"name":"","FID":"196","X":"252689.23","Y":"2741489.16","CP_BLE":"0","CP_DEP":"0","CP_LENG":"0","CP_WID":"0","CONS_ID":"103101R010404020010","CITY_ID":"10004"}},{"type":"Feature","geometry":{"type":"Point","coordinates":[121.0281241980489,24.77992377595355]},"properties":{"name":"","FID":"197","X":"252843.89","Y":"2741402.17","CP_BLE":"0","CP_DEP":"0","CP_LENG":"0","CP_WID":"0","CONS_ID":"103101R010404020010","CITY_ID":"10004"}},{"type":"Feature","geometry":{"type":"Point","coordinates":[121.0289416848575,24.77949720433044]},"properties":{"name":"","FID":"198","X":"252926.56","Y":"2741354.94","CP_BLE":"0","CP_DEP":"0","CP_LENG":"0","CP_WID":"0","CONS_ID":"103101R010404020010","CITY_ID":"10004"}},{"type":"Feature","geometry":{"type":"Point","coordinates":[121.0296425980171,24.77913587430822]},"properties":{"name":"","FID":"199","X":"252997.45","Y":"2741314.94","CP_BLE":"0","CP_DEP":"0","CP_LENG":"0","CP_WID":"0","CONS_ID":"103101R010404020010","CITY_ID":"10004"}},{"type":"Feature","geometry":{"type":"Point","coordinates":[121.0304920804433,24.77869494673888]},"properties":{"name":"","FID":"200","X":"253083.36","Y":"2741266.12","CP_BLE":"0","CP_DEP":"0","CP_LENG":"0","CP_WID":"0","CONS_ID":"103101R010404020010","CITY_ID":"10004"}},{"type":"Feature","geometry":{"type":"Point","coordinates":[121.0311943063251,24.77833174834907]},"properties":{"name":"","FID":"201","X":"253154.37","Y":"2741225.91","CP_BLE":"0","CP_DEP":"0","CP_LENG":"0","CP_WID":"0","CONS_ID":"103101R010404020010","CITY_ID":"10004"}},{"type":"Feature","geometry":{"type":"Point","coordinates":[121.0319750689655,24.77792227341716]},"properties":{"name":"","FID":"202","X":"253233.34","Y":"2741180.57","CP_BLE":"0","CP_DEP":"0","CP_LENG":"0","CP_WID":"0","CONS_ID":"103101R010404020010","CITY_ID":"10004"}},{"type":"Feature","geometry":{"type":"Point","coordinates":[121.0327765300956,24.77751168927422]},"properties":{"name":"","FID":"203","X":"253314.39","Y":"2741135.12","CP_BLE":"0","CP_DEP":"0","CP_LENG":"0","CP_WID":"0","CONS_ID":"103101R010404020010","CITY_ID":"10004"}},{"type":"Feature","geometry":{"type":"Point","coordinates":[121.0336743013816,24.77730441074115]},"properties":{"name":"","FID":"204","X":"253405.18","Y":"2741112.18","CP_BLE":"0","CP_DEP":"0","CP_LENG":"0","CP_WID":"0","CONS_ID":"103101R010404020010","CITY_ID":"10004"}},{"type":"Feature","geometry":{"type":"Point","coordinates":[121.0345860460869,24.77716540909048]},"properties":{"name":"","FID":"205","X":"253497.38","Y":"2741096.81","CP_BLE":"0","CP_DEP":"0","CP_LENG":"0","CP_WID":"0","CONS_ID":"103101R010404020010","CITY_ID":"10004"}},{"type":"Feature","geometry":{"type":"Point","coordinates":[121.0354128204881,24.77703647450656]},"properties":{"name":"","FID":"206","X":"253580.99","Y":"2741082.55","CP_BLE":"0","CP_DEP":"0","CP_LENG":"0","CP_WID":"0","CONS_ID":"103101R010404020010","CITY_ID":"10004"}},{"type":"Feature","geometry":{"type":"Point","coordinates":[121.0360839386883,24.77693433838333]},"properties":{"name":"","FID":"207","X":"253648.86","Y":"2741071.25","CP_BLE":"0","CP_DEP":"0","CP_LENG":"0","CP_WID":"0","CONS_ID":"103101R010404020010","CITY_ID":"10004"}},{"type":"Feature","geometry":{"type":"Point","coordinates":[121.0369281772019,24.77680242711595]},"properties":{"name":"","FID":"208","X":"253734.23","Y":"2741056.67","CP_BLE":"0","CP_DEP":"0","CP_LENG":"0","CP_WID":"0","CONS_ID":"103101R010404020010","CITY_ID":"10004"}},{"type":"Feature","geometry":{"type":"Point","coordinates":[121.0378264368472,24.77682681500925]},"properties":{"name":"","FID":"209","X":"253825.06","Y":"2741059.39","CP_BLE":"0","CP_DEP":"0","CP_LENG":"0","CP_WID":"0","CONS_ID":"103101R010404020010","CITY_ID":"10004"}},{"type":"Feature","geometry":{"type":"Point","coordinates":[121.0391321322423,24.89521109543117]},"properties":{"name":"","FID":"210","X":"253953.34","Y":"2754171.6","CP_BLE":"0","CP_DEP":"0","CP_LENG":"0","CP_WID":"0","CONS_ID":"103101R010204000040","CITY_ID":"10004"}},{"type":"Feature","geometry":{"type":"Point","coordinates":[121.0433754637514,24.89253363733487]},"properties":{"name":"","FID":"211","X":"254382.12","Y":"2753875.17","CP_BLE":"0","CP_DEP":"0","CP_LENG":"0","CP_WID":"0","CONS_ID":"103101R010204000040","CITY_ID":"10004"}},{"type":"Feature","geometry":{"type":"Point","coordinates":[121.0399958795874,24.89476458724601]},"properties":{"name":"","FID":"212","X":"254040.61","Y":"2754122.17","CP_BLE":"0","CP_DEP":"0","CP_LENG":"0","CP_WID":"0","CONS_ID":"103101R010204000040","CITY_ID":"10004"}},{"type":"Feature","geometry":{"type":"Point","coordinates":[121.0394114164218,24.89520519854254]},"properties":{"name":"","FID":"213","X":"253981.55","Y":"2754170.96","CP_BLE":"0","CP_DEP":"0","CP_LENG":"0","CP_WID":"0","CONS_ID":"103101R010204000040","CITY_ID":"10004"}},{"type":"Feature","geometry":{"type":"Point","coordinates":[121.0402047054223,24.8966840369919]},"properties":{"name":"","FID":"214","X":"254061.65","Y":"2754334.78","CP_BLE":"0","CP_DEP":"0","CP_LENG":"0","CP_WID":"0","CONS_ID":"103101R010204000040","CITY_ID":"10004"}},{"type":"Feature","geometry":{"type":"Point","coordinates":[121.0401512759014,24.8967245081157]},"properties":{"name":"","FID":"215","X":"254056.25","Y":"2754339.26","CP_BLE":"0","CP_DEP":"0","CP_LENG":"0","CP_WID":"0","CONS_ID":"103101R010204000040","CITY_ID":"10004"}},{"type":"Feature","geometry":{"type":"Point","coordinates":[121.0396135106398,24.89624937319757]},"properties":{"name":"","FID":"216","X":"254001.93","Y":"2754286.61","CP_BLE":"0","CP_DEP":"0","CP_LENG":"0","CP_WID":"0","CONS_ID":"103101R010204000040","CITY_ID":"10004"}},{"type":"Feature","geometry":{"type":"Point","coordinates":[121.0398032780868,24.89631673856016]},"properties":{"name":"","FID":"217","X":"254021.1","Y":"2754294.08","CP_BLE":"0","CP_DEP":"0","CP_LENG":"0","CP_WID":"0","CONS_ID":"103101R010204000040","CITY_ID":"10004"}},{"type":"Feature","geometry":{"type":"Point","coordinates":[121.0405851879649,24.89710686533318]},"properties":{"name":"","FID":"218","X":"254100.07","Y":"2754381.62","CP_BLE":"0","CP_DEP":"0","CP_LENG":"0","CP_WID":"0","CONS_ID":"103101R010204000040","CITY_ID":"10004"}},{"type":"Feature","geometry":{"type":"Point","coordinates":[121.0402654656929,24.89479988844409]},"properties":{"name":"","FID":"219","X":"254067.85","Y":"2754126.09","CP_BLE":"0","CP_DEP":"0","CP_LENG":"0","CP_WID":"0","CONS_ID":"103101R010204000040","CITY_ID":"10004"}},{"type":"Feature","geometry":{"type":"Point","coordinates":[121.0373979706975,24.90015733734534]},"properties":{"name":"","FID":"220","X":"253777.99","Y":"2754719.4","CP_BLE":"0","CP_DEP":"0","CP_LENG":"0","CP_WID":"0","CONS_ID":"103101R010204000040","CITY_ID":"10004"}},{"type":"Feature","geometry":{"type":"Point","coordinates":[121.0372981604497,24.900191146986]},"properties":{"name":"","FID":"221","X":"253767.91","Y":"2754723.14","CP_BLE":"0","CP_DEP":"0","CP_LENG":"0","CP_WID":"0","CONS_ID":"103101R010204000040","CITY_ID":"10004"}},{"type":"Feature","geometry":{"type":"Point","coordinates":[121.0374923752338,24.89946526085103]},"properties":{"name":"","FID":"222","X":"253787.55","Y":"2754642.75","CP_BLE":"0","CP_DEP":"0","CP_LENG":"0","CP_WID":"0","CONS_ID":"103101R010204000040","CITY_ID":"10004"}},{"type":"Feature","geometry":{"type":"Point","coordinates":[121.0371984355913,24.89961826823925]},"properties":{"name":"","FID":"223","X":"253757.85","Y":"2754659.69","CP_BLE":"0","CP_DEP":"0","CP_LENG":"0","CP_WID":"0","CONS_ID":"103101R010204000040","CITY_ID":"10004"}},{"type":"Feature","geometry":{"type":"Point","coordinates":[121.0380895355065,24.89915298520794]},"properties":{"name":"","FID":"224","X":"253847.89","Y":"2754608.18","CP_BLE":"0","CP_DEP":"0","CP_LENG":"0","CP_WID":"0","CONS_ID":"103101R010204000040","CITY_ID":"10004"}},{"type":"Feature","geometry":{"type":"Point","coordinates":[121.0375047905925,24.89934156723478]},"properties":{"name":"","FID":"225","X":"253788.81","Y":"2754629.05","CP_BLE":"0","CP_DEP":"0","CP_LENG":"0","CP_WID":"0","CONS_ID":"103101R010204000040","CITY_ID":"10004"}},{"type":"Feature","geometry":{"type":"Point","coordinates":[121.0453197925661,24.8988227059439]},"properties":{"name":"","FID":"226","X":"254578.31","Y":"2754571.82","CP_BLE":"0","CP_DEP":"0","CP_LENG":"0","CP_WID":"0","CONS_ID":"103101R010204000040","CITY_ID":"10004"}},{"type":"Feature","geometry":{"type":"Point","coordinates":[121.0386930986135,24.89887672020652]},"properties":{"name":"","FID":"227","X":"253908.87","Y":"2754577.59","CP_BLE":"0","CP_DEP":"0","CP_LENG":"0","CP_WID":"0","CONS_ID":"103101R010204000040","CITY_ID":"10004"}},{"type":"Feature","geometry":{"type":"Point","coordinates":[121.045209061887,24.89859734294292]},"properties":{"name":"","FID":"228","X":"254567.14","Y":"2754546.85","CP_BLE":"0","CP_DEP":"0","CP_LENG":"0","CP_WID":"0","CONS_ID":"103101R010204000040","CITY_ID":"10004"}},{"type":"Feature","geometry":{"type":"Point","coordinates":[121.0454100269449,24.89876058949036]},"properties":{"name":"","FID":"229","X":"254587.43","Y":"2754564.94","CP_BLE":"0","CP_DEP":"0","CP_LENG":"0","CP_WID":"0","CONS_ID":"103101R010204000040","CITY_ID":"10004"}},{"type":"Feature","geometry":{"type":"Point","coordinates":[121.0449229107517,24.89808420405529]},"properties":{"name":"","FID":"230","X":"254538.25","Y":"2754490.01","CP_BLE":"0","CP_DEP":"0","CP_LENG":"0","CP_WID":"0","CONS_ID":"103101R010204000040","CITY_ID":"10004"}},{"type":"Feature","geometry":{"type":"Point","coordinates":[121.0453004988698,24.89854882311623]},"properties":{"name":"","FID":"231","X":"254576.38","Y":"2754541.48","CP_BLE":"0","CP_DEP":"0","CP_LENG":"0","CP_WID":"0","CONS_ID":"103101R010204000040","CITY_ID":"10004"}},{"type":"Feature","geometry":{"type":"Point","coordinates":[121.0446989083897,24.89768788385913]},"properties":{"name":"","FID":"232","X":"254515.63","Y":"2754446.1","CP_BLE":"0","CP_DEP":"0","CP_LENG":"0","CP_WID":"0","CONS_ID":"103101R010204000040","CITY_ID":"10004"}},{"type":"Feature","geometry":{"type":"Point","coordinates":[121.0450201496051,24.8980397815915]},"properties":{"name":"","FID":"233","X":"254548.07","Y":"2754485.09","CP_BLE":"0","CP_DEP":"0","CP_LENG":"0","CP_WID":"0","CONS_ID":"103101R010204000040","CITY_ID":"10004"}},{"type":"Feature","geometry":{"type":"Point","coordinates":[121.0444951419495,24.89704756190878]},"properties":{"name":"","FID":"234","X":"254495.07","Y":"2754375.17","CP_BLE":"0","CP_DEP":"0","CP_LENG":"0","CP_WID":"0","CONS_ID":"103101R010204000040","CITY_ID":"10004"}},{"type":"Feature","geometry":{"type":"Point","coordinates":[121.044749388667,24.89756957725626]},"properties":{"name":"","FID":"235","X":"254520.74","Y":"2754433","CP_BLE":"0","CP_DEP":"0","CP_LENG":"0","CP_WID":"0","CONS_ID":"103101R010204000040","CITY_ID":"10004"}},{"type":"Feature","geometry":{"type":"Point","coordinates":[121.0443778147685,24.89660850448981]},"properties":{"name":"","FID":"236","X":"254483.23","Y":"2754326.54","CP_BLE":"0","CP_DEP":"0","CP_LENG":"0","CP_WID":"0","CONS_ID":"103101R010204000040","CITY_ID":"10004"}},{"type":"Feature","geometry":{"type":"Point","coordinates":[121.0445981480542,24.89702235065487]},"properties":{"name":"","FID":"237","X":"254505.48","Y":"2754372.39","CP_BLE":"0","CP_DEP":"0","CP_LENG":"0","CP_WID":"0","CONS_ID":"103101R010204000040","CITY_ID":"10004"}},{"type":"Feature","geometry":{"type":"Point","coordinates":[121.0443890325113,24.89622828366047]},"properties":{"name":"","FID":"238","X":"254484.38","Y":"2754284.43","CP_BLE":"0","CP_DEP":"0","CP_LENG":"0","CP_WID":"0","CONS_ID":"103101R010204000040","CITY_ID":"10004"}},{"type":"Feature","geometry":{"type":"Point","coordinates":[121.0444821741345,24.89657629582003]},"properties":{"name":"","FID":"239","X":"254493.78","Y":"2754322.98","CP_BLE":"0","CP_DEP":"0","CP_LENG":"0","CP_WID":"0","CONS_ID":"103101R010204000040","CITY_ID":"10004"}},{"type":"Feature","geometry":{"type":"Point","coordinates":[121.0442816630518,24.8958131486981]},"properties":{"name":"","FID":"240","X":"254473.55","Y":"2754238.44","CP_BLE":"0","CP_DEP":"0","CP_LENG":"0","CP_WID":"0","CONS_ID":"103101R010204000040","CITY_ID":"10004"}},{"type":"Feature","geometry":{"type":"Point","coordinates":[121.0442759659267,24.89621413346833]},"properties":{"name":"","FID":"241","X":"254472.96","Y":"2754282.86","CP_BLE":"0","CP_DEP":"0","CP_LENG":"0","CP_WID":"0","CONS_ID":"103101R010204000040","CITY_ID":"10004"}},{"type":"Feature","geometry":{"type":"Point","coordinates":[121.0441220403305,24.89562152979925]},"properties":{"name":"","FID":"242","X":"254457.43","Y":"2754217.21","CP_BLE":"0","CP_DEP":"0","CP_LENG":"0","CP_WID":"0","CONS_ID":"103101R010204000040","CITY_ID":"10004"}},{"type":"Feature","geometry":{"type":"Point","coordinates":[121.0440728635323,24.89500555632849]},"properties":{"name":"","FID":"243","X":"254452.48","Y":"2754148.99","CP_BLE":"0","CP_DEP":"0","CP_LENG":"0","CP_WID":"0","CONS_ID":"103101R010204000040","CITY_ID":"10004"}},{"type":"Feature","geometry":{"type":"Point","coordinates":[121.0441300897709,24.89523713870444]},"properties":{"name":"","FID":"244","X":"254458.26","Y":"2754174.64","CP_BLE":"0","CP_DEP":"0","CP_LENG":"0","CP_WID":"0","CONS_ID":"103101R010204000040","CITY_ID":"10004"}},{"type":"Feature","geometry":{"type":"Point","coordinates":[121.0439691596462,24.89462127040248]},"properties":{"name":"","FID":"245","X":"254442.02","Y":"2754106.42","CP_BLE":"0","CP_DEP":"0","CP_LENG":"0","CP_WID":"0","CONS_ID":"103101R010204000040","CITY_ID":"10004"}},{"type":"Feature","geometry":{"type":"Point","coordinates":[121.0439682743281,24.89502820359504]},"properties":{"name":"","FID":"246","X":"254441.92","Y":"2754151.49","CP_BLE":"0","CP_DEP":"0","CP_LENG":"0","CP_WID":"0","CONS_ID":"103101R010204000040","CITY_ID":"10004"}},{"type":"Feature","geometry":{"type":"Point","coordinates":[121.0439397167575,24.89446757774166]},"properties":{"name":"","FID":"247","X":"254439.05","Y":"2754089.4","CP_BLE":"0","CP_DEP":"0","CP_LENG":"0","CP_WID":"0","CONS_ID":"103101R010204000040","CITY_ID":"10004"}},{"type":"Feature","geometry":{"type":"Point","coordinates":[121.0438150078696,24.89449989132933]},"properties":{"name":"","FID":"248","X":"254426.45","Y":"2754092.97","CP_BLE":"0","CP_DEP":"0","CP_LENG":"0","CP_WID":"0","CONS_ID":"103101R010204000040","CITY_ID":"10004"}},{"type":"Feature","geometry":{"type":"Point","coordinates":[121.0557622326595,24.89484873925929]},"properties":{"name":"","FID":"249","X":"255633.42","Y":"2754132.05","CP_BLE":"0","CP_DEP":"0","CP_LENG":"0","CP_WID":"0","CONS_ID":"103101R010204000040","CITY_ID":"10004"}},{"type":"Feature","geometry":{"type":"Point","coordinates":[121.0562358716407,24.90048026236104]},"properties":{"name":"","FID":"250","X":"255681.01","Y":"2754755.82","CP_BLE":"0","CP_DEP":"0","CP_LENG":"0","CP_WID":"0","CONS_ID":"103101R010204000040","CITY_ID":"10004"}},{"type":"Feature","geometry":{"type":"Point","coordinates":[121.0378197979365,24.90121602147695]},"properties":{"name":"","FID":"251","X":"253820.57","Y":"2754836.67","CP_BLE":"0","CP_DEP":"0","CP_LENG":"0","CP_WID":"0","CONS_ID":"103101R010204000040","CITY_ID":"10004"}},{"type":"Feature","geometry":{"type":"Point","coordinates":[121.0377135115491,24.90124498472776]},"properties":{"name":"","FID":"252","X":"253809.83","Y":"2754839.88","CP_BLE":"0","CP_DEP":"0","CP_LENG":"0","CP_WID":"0","CONS_ID":"103101R010204000040","CITY_ID":"10004"}},{"type":"Feature","geometry":{"type":"Point","coordinates":[121.0385192269639,24.90312058517186]},"properties":{"name":"","FID":"253","X":"253891.17","Y":"2755047.64","CP_BLE":"0","CP_DEP":"0","CP_LENG":"0","CP_WID":"0","CONS_ID":"103101R010204000040","CITY_ID":"10004"}},{"type":"Feature","geometry":{"type":"Point","coordinates":[121.0402374404565,24.90034935711961]},"properties":{"name":"","FID":"254","X":"254064.83","Y":"2754740.75","CP_BLE":"0","CP_DEP":"0","CP_LENG":"0","CP_WID":"0","CONS_ID":"103101R010204000040","CITY_ID":"10004"}},{"type":"Feature","geometry":{"type":"Point","coordinates":[121.0458509666071,24.90052534630009]},"properties":{"name":"","FID":"255","X":"254631.91","Y":"2754760.42","CP_BLE":"0","CP_DEP":"0","CP_LENG":"0","CP_WID":"0","CONS_ID":"103101R010204000040","CITY_ID":"10004"}},{"type":"Feature","geometry":{"type":"Point","coordinates":[121.0452039305933,24.9008430219574]},"properties":{"name":"","FID":"256","X":"254566.54","Y":"2754795.58","CP_BLE":"0","CP_DEP":"0","CP_LENG":"0","CP_WID":"0","CONS_ID":"103101R010204000040","CITY_ID":"10004"}},{"type":"Feature","geometry":{"type":"Point","coordinates":[121.0452679812791,24.900909687046]},"properties":{"name":"","FID":"257","X":"254573","Y":"2754802.97","CP_BLE":"0","CP_DEP":"0","CP_LENG":"0","CP_WID":"0","CONS_ID":"103101R010204000040","CITY_ID":"10004"}},{"type":"Feature","geometry":{"type":"Point","coordinates":[121.0445337373032,24.90127028965373]},"properties":{"name":"","FID":"258","X":"254498.82","Y":"2754842.89","CP_BLE":"0","CP_DEP":"0","CP_LENG":"0","CP_WID":"0","CONS_ID":"103101R010204000040","CITY_ID":"10004"}},{"type":"Feature","geometry":{"type":"Point","coordinates":[121.0445165109756,24.90118162588989]},"properties":{"name":"","FID":"259","X":"254497.08","Y":"2754833.07","CP_BLE":"0","CP_DEP":"0","CP_LENG":"0","CP_WID":"0","CONS_ID":"103101R010204000040","CITY_ID":"10004"}},{"type":"Feature","geometry":{"type":"Point","coordinates":[121.0441215810766,24.90137501631685]},"properties":{"name":"","FID":"260","X":"254457.18","Y":"2754854.47","CP_BLE":"0","CP_DEP":"0","CP_LENG":"0","CP_WID":"0","CONS_ID":"103101R010204000040","CITY_ID":"10004"}},{"type":"Feature","geometry":{"type":"Point","coordinates":[121.0441558279528,24.90144831760868]},"properties":{"name":"","FID":"261","X":"254460.63","Y":"2754862.59","CP_BLE":"0","CP_DEP":"0","CP_LENG":"0","CP_WID":"0","CONS_ID":"103101R010204000040","CITY_ID":"10004"}},{"type":"Feature","geometry":{"type":"Point","coordinates":[121.0436838857079,24.90167934237621]},"properties":{"name":"","FID":"262","X":"254412.95","Y":"2754888.17","CP_BLE":"0","CP_DEP":"0","CP_LENG":"0","CP_WID":"0","CONS_ID":"103101R010204000040","CITY_ID":"10004"}},{"type":"Feature","geometry":{"type":"Point","coordinates":[121.0436476201734,24.9016075312712]},"properties":{"name":"","FID":"263","X":"254409.29","Y":"2754880.21","CP_BLE":"0","CP_DEP":"0","CP_LENG":"0","CP_WID":"0","CONS_ID":"103101R010204000040","CITY_ID":"10004"}},{"type":"Feature","geometry":{"type":"Point","coordinates":[121.0475964647256,24.90664746624438]},"properties":{"name":"","FID":"264","X":"254808.01","Y":"2755438.57","CP_BLE":"0","CP_DEP":"0","CP_LENG":"0","CP_WID":"0","CONS_ID":"103101R010204000040","CITY_ID":"10004"}},{"type":"Feature","geometry":{"type":"Point","coordinates":[121.0476991679478,24.90661358561613]},"properties":{"name":"","FID":"265","X":"254818.38","Y":"2755434.82","CP_BLE":"0","CP_DEP":"0","CP_LENG":"0","CP_WID":"0","CONS_ID":"103101R010204000040","CITY_ID":"10004"}},{"type":"Feature","geometry":{"type":"Point","coordinates":[121.0467812745886,24.90542990659322]},"properties":{"name":"","FID":"266","X":"254725.71","Y":"2755303.68","CP_BLE":"0","CP_DEP":"0","CP_LENG":"0","CP_WID":"0","CONS_ID":"103101R010204000040","CITY_ID":"10004"}},{"type":"Feature","geometry":{"type":"Point","coordinates":[121.0468385685933,24.90550010322326]},"properties":{"name":"","FID":"267","X":"254731.49","Y":"2755311.46","CP_BLE":"0","CP_DEP":"0","CP_LENG":"0","CP_WID":"0","CONS_ID":"103101R010204000040","CITY_ID":"10004"}},{"type":"Feature","geometry":{"type":"Point","coordinates":[121.0454416916665,24.90489363978793]},"properties":{"name":"","FID":"268","X":"254590.4","Y":"2755244.24","CP_BLE":"0","CP_DEP":"0","CP_LENG":"0","CP_WID":"0","CONS_ID":"103101R010204000040","CITY_ID":"10004"}},{"type":"Feature","geometry":{"type":"Point","coordinates":[121.0458290967538,24.90534189443718]},"properties":{"name":"","FID":"269","X":"254629.52","Y":"2755293.9","CP_BLE":"0","CP_DEP":"0","CP_LENG":"0","CP_WID":"0","CONS_ID":"103101R010204000040","CITY_ID":"10004"}},{"type":"Feature","geometry":{"type":"Point","coordinates":[121.0452468232291,24.90434692424465]},"properties":{"name":"","FID":"270","X":"254570.74","Y":"2755183.68","CP_BLE":"0","CP_DEP":"0","CP_LENG":"0","CP_WID":"0","CONS_ID":"103101R010204000040","CITY_ID":"10004"}},{"type":"Feature","geometry":{"type":"Point","coordinates":[121.0455527023943,24.90486761289137]},"properties":{"name":"","FID":"271","X":"254601.62","Y":"2755241.36","CP_BLE":"0","CP_DEP":"0","CP_LENG":"0","CP_WID":"0","CONS_ID":"103101R010204000040","CITY_ID":"10004"}},{"type":"Feature","geometry":{"type":"Point","coordinates":[121.0456294249597,24.90336884990579]},"properties":{"name":"","FID":"272","X":"254609.43","Y":"2755075.36","CP_BLE":"0","CP_DEP":"0","CP_LENG":"0","CP_WID":"0","CONS_ID":"103101R010204000040","CITY_ID":"10004"}},{"type":"Feature","geometry":{"type":"Point","coordinates":[121.0452254210532,24.9035590589192]},"properties":{"name":"","FID":"273","X":"254568.61","Y":"2755096.41","CP_BLE":"0","CP_DEP":"0","CP_LENG":"0","CP_WID":"0","CONS_ID":"103101R010204000040","CITY_ID":"10004"}},{"type":"Feature","geometry":{"type":"Point","coordinates":[121.049672122058,24.89942375637209]},"properties":{"name":"","FID":"274","X":"255017.97","Y":"2754638.54","CP_BLE":"0","CP_DEP":"0","CP_LENG":"0","CP_WID":"0","CONS_ID":"103101R010204000040","CITY_ID":"10004"}},{"type":"Feature","geometry":{"type":"Point","coordinates":[121.045744620911,24.90331403873093]},"properties":{"name":"","FID":"275","X":"254621.06","Y":"2755069.29","CP_BLE":"0","CP_DEP":"0","CP_LENG":"0","CP_WID":"0","CONS_ID":"103101R010204000040","CITY_ID":"10004"}},{"type":"Feature","geometry":{"type":"Point","coordinates":[121.0489715387999,24.90237543191205]},"properties":{"name":"","FID":"276","X":"254947.08","Y":"2754965.45","CP_BLE":"0","CP_DEP":"0","CP_LENG":"0","CP_WID":"0","CONS_ID":"103101R010204000040","CITY_ID":"10004"}},{"type":"Feature","geometry":{"type":"Point","coordinates":[121.0837874533994,24.82548618324843]},"properties":{"name":"","FID":"277","X":"258469.41","Y":"2746450.92","CP_BLE":"0","CP_DEP":"0","CP_LENG":"0","CP_WID":"0","CONS_ID":"103101R010204000040","CITY_ID":"10004"}},{"type":"Feature","geometry":{"type":"Point","coordinates":[121.083827723717,24.8254069799638]},"properties":{"name":"","FID":"278","X":"258473.49","Y":"2746442.15","CP_BLE":"0","CP_DEP":"0","CP_LENG":"0","CP_WID":"0","CONS_ID":"103101R010204000040","CITY_ID":"10004"}},{"type":"Feature","geometry":{"type":"Point","coordinates":[121.0837162025684,24.82538038102209]},"properties":{"name":"","FID":"279","X":"258462.21","Y":"2746439.2","CP_BLE":"0","CP_DEP":"0","CP_LENG":"0","CP_WID":"0","CONS_ID":"103101R010204000040","CITY_ID":"10004"}},{"type":"Feature","geometry":{"type":"Point","coordinates":[121.083866181069,24.82486861980719]},"properties":{"name":"","FID":"280","X":"258477.41","Y":"2746382.52","CP_BLE":"0","CP_DEP":"0","CP_LENG":"0","CP_WID":"0","CONS_ID":"103101R010204000040","CITY_ID":"10004"}},{"type":"Feature","geometry":{"type":"Point","coordinates":[121.0839805724761,24.82489780823262]},"properties":{"name":"","FID":"281","X":"258488.97","Y":"2746385.76","CP_BLE":"0","CP_DEP":"0","CP_LENG":"0","CP_WID":"0","CONS_ID":"103101R010204000040","CITY_ID":"10004"}},{"type":"Feature","geometry":{"type":"Point","coordinates":[121.0833888979765,24.82470532482205]},"properties":{"name":"","FID":"282","X":"258429.18","Y":"2746364.41","CP_BLE":"0","CP_DEP":"0","CP_LENG":"0","CP_WID":"0","CONS_ID":"103101R010204000040","CITY_ID":"10004"}},{"type":"Feature","geometry":{"type":"Point","coordinates":[121.0828486559556,24.82690361666743]},"properties":{"name":"","FID":"283","X":"258374.42","Y":"2746607.86","CP_BLE":"0","CP_DEP":"0","CP_LENG":"0","CP_WID":"0","CONS_ID":"103101R010204000040","CITY_ID":"10004"}},{"type":"Feature","geometry":{"type":"Point","coordinates":[121.0825282420062,24.82607105120042]},"properties":{"name":"","FID":"284","X":"258342.09","Y":"2746515.62","CP_BLE":"0","CP_DEP":"0","CP_LENG":"0","CP_WID":"0","CONS_ID":"103101R010204000040","CITY_ID":"10004"}},{"type":"Feature","geometry":{"type":"Point","coordinates":[121.0823210233788,24.8256218938868]},"properties":{"name":"","FID":"285","X":"258321.17","Y":"2746465.86","CP_BLE":"0","CP_DEP":"0","CP_LENG":"0","CP_WID":"0","CONS_ID":"103101R010204000040","CITY_ID":"10004"}},{"type":"Feature","geometry":{"type":"Point","coordinates":[121.0824107604514,24.82561902753712]},"properties":{"name":"","FID":"286","X":"258330.24","Y":"2746465.55","CP_BLE":"0","CP_DEP":"0","CP_LENG":"0","CP_WID":"0","CONS_ID":"103101R010204000040","CITY_ID":"10004"}},{"type":"Feature","geometry":{"type":"Point","coordinates":[121.0824108983524,24.82554336789578]},"properties":{"name":"","FID":"287","X":"258330.26","Y":"2746457.17","CP_BLE":"0","CP_DEP":"0","CP_LENG":"0","CP_WID":"0","CONS_ID":"103101R010204000040","CITY_ID":"10004"}},{"type":"Feature","geometry":{"type":"Point","coordinates":[121.0823955031097,24.82543594521285]},"properties":{"name":"","FID":"288","X":"258328.71","Y":"2746445.27","CP_BLE":"0","CP_DEP":"0","CP_LENG":"0","CP_WID":"0","CONS_ID":"103101R010204000040","CITY_ID":"10004"}},{"type":"Feature","geometry":{"type":"Point","coordinates":[121.0822639995113,24.82500647350491]},"properties":{"name":"","FID":"289","X":"258315.45","Y":"2746397.69","CP_BLE":"0","CP_DEP":"0","CP_LENG":"0","CP_WID":"0","CONS_ID":"103101R010204000040","CITY_ID":"10004"}},{"type":"Feature","geometry":{"type":"Point","coordinates":[121.0822471807208,24.8245557575496]},"properties":{"name":"","FID":"290","X":"258313.78","Y":"2746347.77","CP_BLE":"0","CP_DEP":"0","CP_LENG":"0","CP_WID":"0","CONS_ID":"103101R010204000040","CITY_ID":"10004"}},{"type":"Feature","geometry":{"type":"Point","coordinates":[121.08057839381,24.82627040952597]},"properties":{"name":"","FID":"291","X":"258144.98","Y":"2746537.58","CP_BLE":"0","CP_DEP":"0","CP_LENG":"0","CP_WID":"0","CONS_ID":"103101R010204000040","CITY_ID":"10004"}},{"type":"Feature","geometry":{"type":"Point","coordinates":[121.0804349140056,24.82562464482055]},"properties":{"name":"","FID":"292","X":"258130.52","Y":"2746466.05","CP_BLE":"0","CP_DEP":"0","CP_LENG":"0","CP_WID":"0","CONS_ID":"103101R010204000040","CITY_ID":"10004"}},{"type":"Feature","geometry":{"type":"Point","coordinates":[121.0801801257133,24.82466385091727]},"properties":{"name":"","FID":"293","X":"258104.83","Y":"2746359.62","CP_BLE":"0","CP_DEP":"0","CP_LENG":"0","CP_WID":"0","CONS_ID":"103101R010204000040","CITY_ID":"10004"}},{"type":"Feature","geometry":{"type":"Point","coordinates":[121.0757155284785,24.82513362438769]},"properties":{"name":"","FID":"294","X":"257653.5","Y":"2746411.39","CP_BLE":"0","CP_DEP":"0","CP_LENG":"0","CP_WID":"0","CONS_ID":"103101R010204000040","CITY_ID":"10004"}},{"type":"Feature","geometry":{"type":"Point","coordinates":[121.0733959837588,24.82553227357652]},"properties":{"name":"","FID":"295","X":"257419.01","Y":"2746455.42","CP_BLE":"0","CP_DEP":"0","CP_LENG":"0","CP_WID":"0","CONS_ID":"103101R010204000040","CITY_ID":"10004"}},{"type":"Feature","geometry":{"type":"Point","coordinates":[121.0729705519676,24.82638413952777]},"properties":{"name":"","FID":"296","X":"257375.96","Y":"2746549.75","CP_BLE":"0","CP_DEP":"0","CP_LENG":"0","CP_WID":"0","CONS_ID":"103101R010204000040","CITY_ID":"10004"}},{"type":"Feature","geometry":{"type":"Point","coordinates":[121.0729645661836,24.82629884034795]},"properties":{"name":"","FID":"297","X":"257375.36","Y":"2746540.3","CP_BLE":"0","CP_DEP":"0","CP_LENG":"0","CP_WID":"0","CONS_ID":"103101R010204000040","CITY_ID":"10004"}},{"type":"Feature","geometry":{"type":"Point","coordinates":[121.0728494241221,24.82640484697163]},"properties":{"name":"","FID":"298","X":"257363.72","Y":"2746552.04","CP_BLE":"0","CP_DEP":"0","CP_LENG":"0","CP_WID":"0","CONS_ID":"103101R010204000040","CITY_ID":"10004"}},{"type":"Feature","geometry":{"type":"Point","coordinates":[121.0709345263704,24.82677715862624]},"properties":{"name":"","FID":"299","X":"257170.13","Y":"2746593.17","CP_BLE":"0","CP_DEP":"0","CP_LENG":"0","CP_WID":"0","CONS_ID":"103101R010204000040","CITY_ID":"10004"}},{"type":"Feature","geometry":{"type":"Point","coordinates":[121.0708956727424,24.8267881467877]},"properties":{"name":"","FID":"300","X":"257166.21","Y":"2746594.39","CP_BLE":"0","CP_DEP":"0","CP_LENG":"0","CP_WID":"0","CONS_ID":"103101R010204000040","CITY_ID":"10004"}},{"type":"Feature","geometry":{"type":"Point","coordinates":[121.0694077921784,24.82711478590245]},"properties":{"name":"","FID":"301","X":"257015.79","Y":"2746630.49","CP_BLE":"0","CP_DEP":"0","CP_LENG":"0","CP_WID":"0","CONS_ID":"103101R010204000040","CITY_ID":"10004"}},{"type":"Feature","geometry":{"type":"Point","coordinates":[121.0693510426269,24.8271096027395]},"properties":{"name":"","FID":"302","X":"257010.05","Y":"2746629.91","CP_BLE":"0","CP_DEP":"0","CP_LENG":"0","CP_WID":"0","CONS_ID":"103101R010204000040","CITY_ID":"10004"}},{"type":"Feature","geometry":{"type":"Point","coordinates":[121.0744443457137,24.82559268023524]},"properties":{"name":"","FID":"303","X":"257524.98","Y":"2746462.17","CP_BLE":"0","CP_DEP":"0","CP_LENG":"0","CP_WID":"0","CONS_ID":"103101R010204000040","CITY_ID":"10004"}},{"type":"Feature","geometry":{"type":"Point","coordinates":[121.074356137696,24.82560512037677]},"properties":{"name":"","FID":"304","X":"257516.06","Y":"2746463.54","CP_BLE":"0","CP_DEP":"0","CP_LENG":"0","CP_WID":"0","CONS_ID":"103101R010204000040","CITY_ID":"10004"}},{"type":"Feature","geometry":{"type":"Point","coordinates":[121.0744552482543,24.8262223466244]},"properties":{"name":"","FID":"305","X":"257526.05","Y":"2746531.91","CP_BLE":"0","CP_DEP":"0","CP_LENG":"0","CP_WID":"0","CONS_ID":"103101R010204000040","CITY_ID":"10004"}},{"type":"Feature","geometry":{"type":"Point","coordinates":[121.0745945154029,24.82612887646862]},"properties":{"name":"","FID":"306","X":"257540.13","Y":"2746521.56","CP_BLE":"0","CP_DEP":"0","CP_LENG":"0","CP_WID":"0","CONS_ID":"103101R010204000040","CITY_ID":"10004"}},{"type":"Feature","geometry":{"type":"Point","coordinates":[121.0746216734461,24.8262309040208]},"properties":{"name":"","FID":"307","X":"257542.87","Y":"2746532.87","CP_BLE":"0","CP_DEP":"0","CP_LENG":"0","CP_WID":"0","CONS_ID":"103101R010204000040","CITY_ID":"10004"}},{"type":"Feature","geometry":{"type":"Point","coordinates":[121.0744663154643,24.82615105138124]},"properties":{"name":"","FID":"308","X":"257527.17","Y":"2746524.01","CP_BLE":"0","CP_DEP":"0","CP_LENG":"0","CP_WID":"0","CONS_ID":"103101R010204000040","CITY_ID":"10004"}},{"type":"Feature","geometry":{"type":"Point","coordinates":[121.0746503316889,24.82708614072824]},"properties":{"name":"","FID":"309","X":"257545.71","Y":"2746627.59","CP_BLE":"0","CP_DEP":"0","CP_LENG":"0","CP_WID":"0","CONS_ID":"103101R010204000040","CITY_ID":"10004"}},{"type":"Feature","geometry":{"type":"Point","coordinates":[121.074565658558,24.82707237826837]},"properties":{"name":"","FID":"310","X":"257537.15","Y":"2746626.06","CP_BLE":"0","CP_DEP":"0","CP_LENG":"0","CP_WID":"0","CONS_ID":"103101R010204000040","CITY_ID":"10004"}},{"type":"Feature","geometry":{"type":"Point","coordinates":[121.0745500193742,24.82752151311632]},"properties":{"name":"","FID":"311","X":"257535.55","Y":"2746675.81","CP_BLE":"0","CP_DEP":"0","CP_LENG":"0","CP_WID":"0","CONS_ID":"103101R010204000040","CITY_ID":"10004"}},{"type":"Feature","geometry":{"type":"Point","coordinates":[121.0746396791131,24.82750256252558]},"properties":{"name":"","FID":"312","X":"257544.61","Y":"2746673.72","CP_BLE":"0","CP_DEP":"0","CP_LENG":"0","CP_WID":"0","CONS_ID":"103101R010204000040","CITY_ID":"10004"}},{"type":"Feature","geometry":{"type":"Point","coordinates":[121.0766246623714,24.82607394020885]},"properties":{"name":"","FID":"313","X":"257745.34","Y":"2746515.59","CP_BLE":"0","CP_DEP":"0","CP_LENG":"0","CP_WID":"0","CONS_ID":"103101R010204000040","CITY_ID":"10004"}},{"type":"Feature","geometry":{"type":"Point","coordinates":[121.0767701129577,24.82649746888047]},"properties":{"name":"","FID":"314","X":"257760.02","Y":"2746562.51","CP_BLE":"0","CP_DEP":"0","CP_LENG":"0","CP_WID":"0","CONS_ID":"103101R010204000040","CITY_ID":"10004"}},{"type":"Feature","geometry":{"type":"Point","coordinates":[121.0765360709715,24.8260905530399]},"properties":{"name":"","FID":"315","X":"257736.39","Y":"2746517.43","CP_BLE":"0","CP_DEP":"0","CP_LENG":"0","CP_WID":"0","CONS_ID":"103101R010204000040","CITY_ID":"10004"}},{"type":"Feature","geometry":{"type":"Point","coordinates":[121.0766824727428,24.82656510185693]},"properties":{"name":"","FID":"316","X":"257751.16","Y":"2746570","CP_BLE":"0","CP_DEP":"0","CP_LENG":"0","CP_WID":"0","CONS_ID":"103101R010204000040","CITY_ID":"10004"}},{"type":"Feature","geometry":{"type":"Point","coordinates":[120.994137980261,24.87552226041278]},"properties":{"name":"","FID":"317","X":"249407.69","Y":"2751990.31","CP_BLE":"0","CP_DEP":"0","CP_LENG":"0","CP_WID":"0","CONS_ID":"103101R010204000040","CITY_ID":"10004"}},{"type":"Feature","geometry":{"type":"Point","coordinates":[120.9930859736661,24.87148027530958]},"properties":{"name":"","FID":"318","X":"249301.37","Y":"2751542.62","CP_BLE":"0","CP_DEP":"0","CP_LENG":"0","CP_WID":"0","CONS_ID":"103101R010204000040","CITY_ID":"10004"}},{"type":"Feature","geometry":{"type":"Point","coordinates":[120.9926775363694,24.87541734757213]},"properties":{"name":"","FID":"319","X":"249260.12","Y":"2751978.69","CP_BLE":"0","CP_DEP":"0","CP_LENG":"0","CP_WID":"0","CONS_ID":"103101R010204000040","CITY_ID":"10004"}},{"type":"Feature","geometry":{"type":"Point","coordinates":[120.9932967929741,24.8752997438926]},"properties":{"name":"","FID":"320","X":"249322.69","Y":"2751965.67","CP_BLE":"0","CP_DEP":"0","CP_LENG":"0","CP_WID":"0","CONS_ID":"103101R010204000040","CITY_ID":"10004"}},{"type":"Feature","geometry":{"type":"Point","coordinates":[120.9931000781143,24.87554769457772]},"properties":{"name":"","FID":"321","X":"249302.82","Y":"2751993.13","CP_BLE":"0","CP_DEP":"0","CP_LENG":"0","CP_WID":"0","CONS_ID":"103101R010204000040","CITY_ID":"10004"}},{"type":"Feature","geometry":{"type":"Point","coordinates":[120.9948462055827,24.87549442448432]},"properties":{"name":"","FID":"322","X":"249479.25","Y":"2751987.22","CP_BLE":"0","CP_DEP":"0","CP_LENG":"0","CP_WID":"0","CONS_ID":"103101R010204000040","CITY_ID":"10004"}},{"type":"Feature","geometry":{"type":"Point","coordinates":[120.9944906317078,24.87542959594507]},"properties":{"name":"","FID":"323","X":"249443.32","Y":"2751980.04","CP_BLE":"0","CP_DEP":"0","CP_LENG":"0","CP_WID":"0","CONS_ID":"103101R010204000040","CITY_ID":"10004"}},{"type":"Feature","geometry":{"type":"Point","coordinates":[120.9954648087999,24.875607544994]},"properties":{"name":"","FID":"324","X":"249541.75","Y":"2751999.75","CP_BLE":"0","CP_DEP":"0","CP_LENG":"0","CP_WID":"0","CONS_ID":"103101R010204000040","CITY_ID":"10004"}},{"type":"Feature","geometry":{"type":"Point","coordinates":[120.9954304915185,24.8757328599899]},"properties":{"name":"","FID":"325","X":"249538.29","Y":"2752013.63","CP_BLE":"0","CP_DEP":"0","CP_LENG":"0","CP_WID":"0","CONS_ID":"103101R010204000040","CITY_ID":"10004"}},{"type":"Feature","geometry":{"type":"Point","coordinates":[120.9968706389783,24.87598936163017]},"properties":{"name":"","FID":"326","X":"249683.8","Y":"2752042.03","CP_BLE":"0","CP_DEP":"0","CP_LENG":"0","CP_WID":"0","CONS_ID":"103101R010204000040","CITY_ID":"10004"}},{"type":"Feature","geometry":{"type":"Point","coordinates":[120.9966146982221,24.87581827437414]},"properties":{"name":"","FID":"327","X":"249657.94","Y":"2752023.09","CP_BLE":"0","CP_DEP":"0","CP_LENG":"0","CP_WID":"0","CONS_ID":"103101R010204000040","CITY_ID":"10004"}},{"type":"Feature","geometry":{"type":"Point","coordinates":[120.9995250249757,24.87595514844363]},"properties":{"name":"","FID":"328","X":"249952","Y":"2752038.24","CP_BLE":"0","CP_DEP":"0","CP_LENG":"0","CP_WID":"0","CONS_ID":"103101R010204000040","CITY_ID":"10004"}},{"type":"Feature","geometry":{"type":"Point","coordinates":[120.9994180186648,24.87603037380126]},"properties":{"name":"","FID":"329","X":"249941.19","Y":"2752046.57","CP_BLE":"0","CP_DEP":"0","CP_LENG":"0","CP_WID":"0","CONS_ID":"103101R010204000040","CITY_ID":"10004"}},{"type":"Feature","geometry":{"type":"Point","coordinates":[120.9973842657608,24.87580036820121]},"properties":{"name":"","FID":"330","X":"249735.7","Y":"2752021.1","CP_BLE":"0","CP_DEP":"0","CP_LENG":"0","CP_WID":"0","CONS_ID":"103101R010204000040","CITY_ID":"10004"}},{"type":"Feature","geometry":{"type":"Point","coordinates":[120.9988412876155,24.87550570431799]},"properties":{"name":"","FID":"331","X":"249882.92","Y":"2751988.46","CP_BLE":"0","CP_DEP":"0","CP_LENG":"0","CP_WID":"0","CONS_ID":"103101R010204000040","CITY_ID":"10004"}},{"type":"Feature","geometry":{"type":"Point","coordinates":[120.9990651261822,24.87553555421906]},"properties":{"name":"","FID":"332","X":"249905.53","Y":"2751991.77","CP_BLE":"0","CP_DEP":"0","CP_LENG":"0","CP_WID":"0","CONS_ID":"103101R010204000040","CITY_ID":"10004"}},{"type":"Feature","geometry":{"type":"Point","coordinates":[120.9989568249394,24.87543404569903]},"properties":{"name":"","FID":"333","X":"249894.59","Y":"2751980.52","CP_BLE":"0","CP_DEP":"0","CP_LENG":"0","CP_WID":"0","CONS_ID":"103101R010204000040","CITY_ID":"10004"}},{"type":"Feature","geometry":{"type":"Point","coordinates":[120.9991160455605,24.87558078748181]},"properties":{"name":"","FID":"334","X":"249910.68","Y":"2751996.78","CP_BLE":"0","CP_DEP":"0","CP_LENG":"0","CP_WID":"0","CONS_ID":"103101R010204000040","CITY_ID":"10004"}},{"type":"Feature","geometry":{"type":"Point","coordinates":[120.9990140173917,24.87566772259078]},"properties":{"name":"","FID":"335","X":"249900.37","Y":"2752006.41","CP_BLE":"0","CP_DEP":"0","CP_LENG":"0","CP_WID":"0","CONS_ID":"103101R010204000040","CITY_ID":"10004"}},{"type":"Feature","geometry":{"type":"Point","coordinates":[120.9993463460788,24.87579088263755]},"properties":{"name":"","FID":"336","X":"249933.95","Y":"2752020.05","CP_BLE":"0","CP_DEP":"0","CP_LENG":"0","CP_WID":"0","CONS_ID":"103101R010204000040","CITY_ID":"10004"}},{"type":"Feature","geometry":{"type":"Point","coordinates":[120.999240408619,24.8758748384657]},"properties":{"name":"","FID":"337","X":"249923.25","Y":"2752029.35","CP_BLE":"0","CP_DEP":"0","CP_LENG":"0","CP_WID":"0","CONS_ID":"103101R010204000040","CITY_ID":"10004"}},{"type":"Feature","geometry":{"type":"Point","coordinates":[120.9992934758228,24.87592316846362]},"properties":{"name":"","FID":"338","X":"249928.61","Y":"2752034.7","CP_BLE":"0","CP_DEP":"0","CP_LENG":"0","CP_WID":"0","CONS_ID":"103101R010204000040","CITY_ID":"10004"}},{"type":"Feature","geometry":{"type":"Point","coordinates":[120.9993968400843,24.87583834584882]},"properties":{"name":"","FID":"339","X":"249939.05","Y":"2752025.3","CP_BLE":"0","CP_DEP":"0","CP_LENG":"0","CP_WID":"0","CONS_ID":"103101R010204000040","CITY_ID":"10004"}},{"type":"Feature","geometry":{"type":"Point","coordinates":[120.98665143304,24.89924588272465]},"properties":{"name":"","FID":"340","X":"248651.49","Y":"2754617.99","CP_BLE":"0","CP_DEP":"0","CP_LENG":"0","CP_WID":"0","CONS_ID":"103101R010204000040","CITY_ID":"10004"}},{"type":"Feature","geometry":{"type":"Point","coordinates":[120.9988835358005,24.87460399785741]},"properties":{"name":"","FID":"341","X":"249887.19","Y":"2751888.59","CP_BLE":"0","CP_DEP":"0","CP_LENG":"0","CP_WID":"0","CONS_ID":"103101R010204000040","CITY_ID":"10004"}},{"type":"Feature","geometry":{"type":"Point","coordinates":[120.9987697407722,24.87470407826861]},"properties":{"name":"","FID":"342","X":"249875.69","Y":"2751899.67","CP_BLE":"0","CP_DEP":"0","CP_LENG":"0","CP_WID":"0","CONS_ID":"103101R010204000040","CITY_ID":"10004"}},{"type":"Feature","geometry":{"type":"Point","coordinates":[120.9986093684123,24.87502523988296]},"properties":{"name":"","FID":"343","X":"249859.48","Y":"2751935.25","CP_BLE":"0","CP_DEP":"0","CP_LENG":"0","CP_WID":"0","CONS_ID":"103101R010204000040","CITY_ID":"10004"}},{"type":"Feature","geometry":{"type":"Point","coordinates":[120.9842265238083,24.90217141366874]},"properties":{"name":"","FID":"344","X":"248406.56","Y":"2754942.05","CP_BLE":"0","CP_DEP":"0","CP_LENG":"0","CP_WID":"0","CONS_ID":"103101R010204000040","CITY_ID":"10004"}},{"type":"Feature","geometry":{"type":"Point","coordinates":[120.999103524521,24.87440575980325]},"properties":{"name":"","FID":"345","X":"249909.41","Y":"2751866.63","CP_BLE":"0","CP_DEP":"0","CP_LENG":"0","CP_WID":"0","CONS_ID":"103101R010204000040","CITY_ID":"10004"}},{"type":"Feature","geometry":{"type":"Point","coordinates":[120.9849214744002,24.90194712726971]},"properties":{"name":"","FID":"346","X":"248476.76","Y":"2754917.2","CP_BLE":"0","CP_DEP":"0","CP_LENG":"0","CP_WID":"0","CONS_ID":"103101R010204000040","CITY_ID":"10004"}},{"type":"Feature","geometry":{"type":"Point","coordinates":[120.9850858265454,24.90146550031343]},"properties":{"name":"","FID":"347","X":"248493.36","Y":"2754863.85","CP_BLE":"0","CP_DEP":"0","CP_LENG":"0","CP_WID":"0","CONS_ID":"103101R010204000040","CITY_ID":"10004"}},{"type":"Feature","geometry":{"type":"Point","coordinates":[120.9852019437082,24.9015322144477]},"properties":{"name":"","FID":"348","X":"248505.09","Y":"2754871.24","CP_BLE":"0","CP_DEP":"0","CP_LENG":"0","CP_WID":"0","CONS_ID":"103101R010204000040","CITY_ID":"10004"}},{"type":"Feature","geometry":{"type":"Point","coordinates":[120.985430540218,24.9009514695137]},"properties":{"name":"","FID":"349","X":"248528.18","Y":"2754806.92","CP_BLE":"0","CP_DEP":"0","CP_LENG":"0","CP_WID":"0","CONS_ID":"103101R010204000040","CITY_ID":"10004"}},{"type":"Feature","geometry":{"type":"Point","coordinates":[120.9855495974308,24.90101514106361]},"properties":{"name":"","FID":"350","X":"248540.21","Y":"2754813.97","CP_BLE":"0","CP_DEP":"0","CP_LENG":"0","CP_WID":"0","CONS_ID":"103101R010204000040","CITY_ID":"10004"}},{"type":"Feature","geometry":{"type":"Point","coordinates":[120.985695590277,24.90055976648173]},"properties":{"name":"","FID":"351","X":"248554.95","Y":"2754763.53","CP_BLE":"0","CP_DEP":"0","CP_LENG":"0","CP_WID":"0","CONS_ID":"103101R010204000040","CITY_ID":"10004"}},{"type":"Feature","geometry":{"type":"Point","coordinates":[120.9858126273641,24.90062785256928]},"properties":{"name":"","FID":"352","X":"248566.77","Y":"2754771.07","CP_BLE":"0","CP_DEP":"0","CP_LENG":"0","CP_WID":"0","CONS_ID":"103101R010204000040","CITY_ID":"10004"}},{"type":"Feature","geometry":{"type":"Point","coordinates":[120.9862907018181,24.89968017524729]},"properties":{"name":"","FID":"353","X":"248615.06","Y":"2754666.1","CP_BLE":"0","CP_DEP":"0","CP_LENG":"0","CP_WID":"0","CONS_ID":"103101R010204000040","CITY_ID":"10004"}},{"type":"Feature","geometry":{"type":"Point","coordinates":[120.985996399222,24.90011700110224]},"properties":{"name":"","FID":"354","X":"248585.33","Y":"2754714.48","CP_BLE":"0","CP_DEP":"0","CP_LENG":"0","CP_WID":"0","CONS_ID":"103101R010204000040","CITY_ID":"10004"}},{"type":"Feature","geometry":{"type":"Point","coordinates":[120.9832576446994,24.90745047841748]},"properties":{"name":"","FID":"355","X":"248308.76","Y":"2755526.77","CP_BLE":"0","CP_DEP":"0","CP_LENG":"0","CP_WID":"0","CONS_ID":"103101R010204000040","CITY_ID":"10004"}},{"type":"Feature","geometry":{"type":"Point","coordinates":[120.9833559974926,24.90699629293086]},"properties":{"name":"","FID":"356","X":"248318.69","Y":"2755476.47","CP_BLE":"0","CP_DEP":"0","CP_LENG":"0","CP_WID":"0","CONS_ID":"103101R010204000040","CITY_ID":"10004"}},{"type":"Feature","geometry":{"type":"Point","coordinates":[120.9837864763709,24.90622438590544]},"properties":{"name":"","FID":"357","X":"248362.16","Y":"2755390.97","CP_BLE":"0","CP_DEP":"0","CP_LENG":"0","CP_WID":"0","CONS_ID":"103101R010204000040","CITY_ID":"10004"}},{"type":"Feature","geometry":{"type":"Point","coordinates":[120.9840327488463,24.90579529706413]},"properties":{"name":"","FID":"358","X":"248387.03","Y":"2755343.44","CP_BLE":"0","CP_DEP":"0","CP_LENG":"0","CP_WID":"0","CONS_ID":"103101R010204000040","CITY_ID":"10004"}},{"type":"Feature","geometry":{"type":"Point","coordinates":[120.9840716660596,24.90592690961914]},"properties":{"name":"","FID":"359","X":"248390.97","Y":"2755358.01","CP_BLE":"0","CP_DEP":"0","CP_LENG":"0","CP_WID":"0","CONS_ID":"103101R010204000040","CITY_ID":"10004"}},{"type":"Feature","geometry":{"type":"Point","coordinates":[120.9846210586518,24.90466195743078]},"properties":{"name":"","FID":"360","X":"248446.45","Y":"2755217.9","CP_BLE":"0","CP_DEP":"0","CP_LENG":"0","CP_WID":"0","CONS_ID":"103101R010204000040","CITY_ID":"10004"}},{"type":"Feature","geometry":{"type":"Point","coordinates":[120.9842518321609,24.90539741643783]},"properties":{"name":"","FID":"361","X":"248409.16","Y":"2755299.36","CP_BLE":"0","CP_DEP":"0","CP_LENG":"0","CP_WID":"0","CONS_ID":"103101R010204000040","CITY_ID":"10004"}},{"type":"Feature","geometry":{"type":"Point","coordinates":[120.98475765204,24.90439145055776]},"properties":{"name":"","FID":"362","X":"248460.24","Y":"2755187.94","CP_BLE":"0","CP_DEP":"0","CP_LENG":"0","CP_WID":"0","CONS_ID":"103101R010204000040","CITY_ID":"10004"}},{"type":"Feature","geometry":{"type":"Point","coordinates":[120.9847669998321,24.90460958905849]},"properties":{"name":"","FID":"363","X":"248461.19","Y":"2755212.1","CP_BLE":"0","CP_DEP":"0","CP_LENG":"0","CP_WID":"0","CONS_ID":"103101R010204000040","CITY_ID":"10004"}},{"type":"Feature","geometry":{"type":"Point","coordinates":[121.0378264368472,24.77682681500925]},"properties":{"name":"","FID":"364","X":"253825.06","Y":"2741059.39","CP_BLE":"0","CP_DEP":"0","CP_LENG":"0","CP_WID":"0","CONS_ID":"103SWE003xxxxxxxxxx","CITY_ID":"10004"}},{"type":"Feature","geometry":{"type":"Point","coordinates":[121.0337420187866,24.77746406177269]},"properties":{"name":"","FID":"365","X":"253412.02","Y":"2741129.87","CP_BLE":"0","CP_DEP":"0","CP_LENG":"0","CP_WID":"0","CONS_ID":"103SWE003xxxxxxxxxx","CITY_ID":"10004"}},{"type":"Feature","geometry":{"type":"Point","coordinates":[121.0505480480685,24.90480050759129]},"properties":{"name":"","FID":"366","X":"255106.24","Y":"2755234.11","CP_BLE":"0","CP_DEP":"0","CP_LENG":"0","CP_WID":"0","CONS_ID":"107301R010404050010","CITY_ID":"10004"}},{"type":"Feature","geometry":{"type":"Point","coordinates":[121.0504124658894,24.90482257758271]},"properties":{"name":"","FID":"367","X":"255092.54","Y":"2755236.55","CP_BLE":"0","CP_DEP":"0","CP_LENG":"0","CP_WID":"0","CONS_ID":"107301R010404050010","CITY_ID":"10004"}},{"type":"Feature","geometry":{"type":"Point","coordinates":[121.0499683306525,24.90380495543839]},"properties":{"name":"","FID":"368","X":"255047.72","Y":"2755123.82","CP_BLE":"0","CP_DEP":"0","CP_LENG":"0","CP_WID":"0","CONS_ID":"107301R010404050010","CITY_ID":"10004"}},{"type":"Feature","geometry":{"type":"Point","coordinates":[121.0498682718398,24.90389146928024]},"properties":{"name":"","FID":"369","X":"255037.61","Y":"2755133.4","CP_BLE":"0","CP_DEP":"0","CP_LENG":"0","CP_WID":"0","CONS_ID":"107301R010404050010","CITY_ID":"10004"}},{"type":"Feature","geometry":{"type":"Point","coordinates":[121.0490339337739,24.9048636463314]},"properties":{"name":"","FID":"370","X":"254953.29","Y":"2755241.04","CP_BLE":"0","CP_DEP":"0","CP_LENG":"0","CP_WID":"0","CONS_ID":"107301R010404050010","CITY_ID":"10004"}},{"type":"Feature","geometry":{"type":"Point","coordinates":[121.0490615140205,24.90478328635853]},"properties":{"name":"","FID":"371","X":"254956.07","Y":"2755232.14","CP_BLE":"0","CP_DEP":"0","CP_LENG":"0","CP_WID":"0","CONS_ID":"107301R010404050010","CITY_ID":"10004"}},{"type":"Feature","geometry":{"type":"Point","coordinates":[121.047758289968,24.9037735053513]},"properties":{"name":"","FID":"372","X":"254824.47","Y":"2755120.25","CP_BLE":"0","CP_DEP":"0","CP_LENG":"0","CP_WID":"0","CONS_ID":"107301R010404050010","CITY_ID":"10004"}},{"type":"Feature","geometry":{"type":"Point","coordinates":[121.0478501372058,24.90374961540754]},"properties":{"name":"","FID":"373","X":"254833.74","Y":"2755117.61","CP_BLE":"0","CP_DEP":"0","CP_LENG":"0","CP_WID":"0","CONS_ID":"107301R010404050010","CITY_ID":"10004"}},{"type":"Feature","geometry":{"type":"Point","coordinates":[121.0472509057899,24.90289515073752]},"properties":{"name":"","FID":"374","X":"254773.24","Y":"2755022.95","CP_BLE":"0","CP_DEP":"0","CP_LENG":"0","CP_WID":"0","CONS_ID":"107301R010404050010","CITY_ID":"10004"}},{"type":"Feature","geometry":{"type":"Point","coordinates":[121.0473199065024,24.90284055972047]},"properties":{"name":"","FID":"375","X":"254780.22","Y":"2755016.91","CP_BLE":"0","CP_DEP":"0","CP_LENG":"0","CP_WID":"0","CONS_ID":"107301R010404050010","CITY_ID":"10004"}},{"type":"Feature","geometry":{"type":"Point","coordinates":[121.0443659336088,24.90114519108526]},"properties":{"name":"","FID":"376","X":"254481.87","Y":"2754829.03","CP_BLE":"0","CP_DEP":"0","CP_LENG":"0","CP_WID":"0","CONS_ID":"107301R010404050010","CITY_ID":"10004"}},{"type":"Feature","geometry":{"type":"Point","coordinates":[121.0444389853928,24.90110751237046]},"properties":{"name":"","FID":"377","X":"254489.25","Y":"2754824.85","CP_BLE":"0","CP_DEP":"0","CP_LENG":"0","CP_WID":"0","CONS_ID":"107301R010404050010","CITY_ID":"10004"}},{"type":"Feature","geometry":{"type":"Point","coordinates":[121.044102352268,24.900695220124]},"properties":{"name":"","FID":"378","X":"254455.26","Y":"2754779.18","CP_BLE":"0","CP_DEP":"0","CP_LENG":"0","CP_WID":"0","CONS_ID":"107301R010404050010","CITY_ID":"10004"}},{"type":"Feature","geometry":{"type":"Point","coordinates":[121.0441675169807,24.90064248162241]},"properties":{"name":"","FID":"379","X":"254461.84","Y":"2754773.34","CP_BLE":"0","CP_DEP":"0","CP_LENG":"0","CP_WID":"0","CONS_ID":"107301R010404050010","CITY_ID":"10004"}},{"type":"Feature","geometry":{"type":"Point","coordinates":[120.9933176633452,24.87258025066014]},"properties":{"name":"","FID":"380","X":"249324.79","Y":"2751664.45","CP_BLE":"0","CP_DEP":"0","CP_LENG":"0","CP_WID":"0","CONS_ID":"106201R010404060030","CITY_ID":"10004"}},{"type":"Feature","geometry":{"type":"Point","coordinates":[120.9930866586471,24.87233178382951]},"properties":{"name":"","FID":"381","X":"249301.44","Y":"2751636.94","CP_BLE":"0","CP_DEP":"0","CP_LENG":"0","CP_WID":"0","CONS_ID":"106201R010404060030","CITY_ID":"10004"}},{"type":"Feature","geometry":{"type":"Point","coordinates":[120.9929331731486,24.87212227846186]},"properties":{"name":"","FID":"382","X":"249285.93","Y":"2751613.73","CP_BLE":"0","CP_DEP":"0","CP_LENG":"0","CP_WID":"0","CONS_ID":"106201R010404060030","CITY_ID":"10004"}},{"type":"Feature","geometry":{"type":"Point","coordinates":[120.9928402763573,24.87206795384014]},"properties":{"name":"","FID":"383","X":"249276.55","Y":"2751607.72","CP_BLE":"0","CP_DEP":"0","CP_LENG":"0","CP_WID":"0","CONS_ID":"106201R010404060030","CITY_ID":"10004"}},{"type":"Feature","geometry":{"type":"Point","coordinates":[120.9924822803217,24.87214088231541]},"properties":{"name":"","FID":"384","X":"249240.37","Y":"2751615.79","CP_BLE":"0","CP_DEP":"0","CP_LENG":"0","CP_WID":"0","CONS_ID":"106201R010404060030","CITY_ID":"10004"}},{"type":"Feature","geometry":{"type":"Point","coordinates":[120.9922800394907,24.87202360032169]},"properties":{"name":"","FID":"385","X":"249219.94","Y":"2751602.81","CP_BLE":"0","CP_DEP":"0","CP_LENG":"0","CP_WID":"0","CONS_ID":"106201R010404060030","CITY_ID":"10004"}},{"type":"Feature","geometry":{"type":"Point","coordinates":[120.9922099413693,24.87202606147201]},"properties":{"name":"","FID":"386","X":"249212.85","Y":"2751603.08","CP_BLE":"0","CP_DEP":"0","CP_LENG":"0","CP_WID":"0","CONS_ID":"106201R010404060030","CITY_ID":"10004"}},{"type":"Feature","geometry":{"type":"Point","coordinates":[120.991600988637,24.87205552108319]},"properties":{"name":"","FID":"387","X":"249151.32","Y":"2751606.35","CP_BLE":"0","CP_DEP":"0","CP_LENG":"0","CP_WID":"0","CONS_ID":"106201R010404060030","CITY_ID":"10004"}},{"type":"Feature","geometry":{"type":"Point","coordinates":[120.9914472337689,24.87206256725511]},"properties":{"name":"","FID":"388","X":"249135.79","Y":"2751607.13","CP_BLE":"0","CP_DEP":"0","CP_LENG":"0","CP_WID":"0","CONS_ID":"106201R010404060030","CITY_ID":"10004"}},{"type":"Feature","geometry":{"type":"Point","coordinates":[120.9900195668734,24.87213117680091]},"properties":{"name":"","FID":"389","X":"248991.53","Y":"2751614.74","CP_BLE":"0","CP_DEP":"0","CP_LENG":"0","CP_WID":"0","CONS_ID":"106201R010404060030","CITY_ID":"10004"}},{"type":"Feature","geometry":{"type":"Point","coordinates":[120.9897192925406,24.87212920626535]},"properties":{"name":"","FID":"390","X":"248961.19","Y":"2751614.52","CP_BLE":"0","CP_DEP":"0","CP_LENG":"0","CP_WID":"0","CONS_ID":"106201R010404060030","CITY_ID":"10004"}},{"type":"Feature","geometry":{"type":"Point","coordinates":[120.9894118006217,24.87111620085921]},"properties":{"name":"","FID":"391","X":"248930.11","Y":"2751502.32","CP_BLE":"0","CP_DEP":"0","CP_LENG":"0","CP_WID":"0","CONS_ID":"106201R010404060030","CITY_ID":"10004"}},{"type":"Feature","geometry":{"type":"Point","coordinates":[121.0337420187866,24.77746406177269]},"properties":{"name":"","FID":"392","X":"253412.02","Y":"2741129.87","CP_BLE":"0","CP_DEP":"0","CP_LENG":"0","CP_WID":"0","CONS_ID":"103101R010404020010","CITY_ID":"10004"}},{"type":"Feature","geometry":{"type":"Point","coordinates":[121.0437519554117,24.90019148053101]},"properties":{"name":"","FID":"393","X":"254419.88","Y":"2754723.37","CP_BLE":"0","CP_DEP":"0","CP_LENG":"0","CP_WID":"0","CONS_ID":"107301R010404050010","CITY_ID":"10004"}},{"type":"Feature","geometry":{"type":"Point","coordinates":[121.0440705468062,24.89982766452912]},"properties":{"name":"","FID":"394","X":"254452.08","Y":"2754683.09","CP_BLE":"0","CP_DEP":"0","CP_LENG":"0","CP_WID":"0","CONS_ID":"107301R010404050010","CITY_ID":"10004"}},{"type":"Feature","geometry":{"type":"Point","coordinates":[120.9846705038259,24.90419396128076]},"properties":{"name":"","FID":"395","X":"248451.44","Y":"2755166.06","CP_BLE":"0","CP_DEP":"0","CP_LENG":"0","CP_WID":"0","CONS_ID":"103101R010204000040","CITY_ID":"10004"}},{"type":"Feature","geometry":{"type":"Point","coordinates":[120.986780305482,24.90398808767223]},"properties":{"name":"","FID":"396","X":"248664.56","Y":"2755143.24","CP_BLE":"0","CP_DEP":"0","CP_LENG":"0","CP_WID":"0","CONS_ID":"103101R010204000040","CITY_ID":"10004"}},{"type":"Feature","geometry":{"type":"Point","coordinates":[120.9854821732142,24.90416663195481]},"properties":{"name":"","FID":"397","X":"248533.43","Y":"2755163.03","CP_BLE":"0","CP_DEP":"0","CP_LENG":"0","CP_WID":"0","CONS_ID":"103101R010204000040","CITY_ID":"10004"}},{"type":"Feature","geometry":{"type":"Point","coordinates":[120.9854330434849,24.90408183150576]},"properties":{"name":"","FID":"398","X":"248528.47","Y":"2755153.64","CP_BLE":"0","CP_DEP":"0","CP_LENG":"0","CP_WID":"0","CONS_ID":"103101R010204000040","CITY_ID":"10004"}},{"type":"Feature","geometry":{"type":"Point","coordinates":[120.985909499879,24.90401410032758]},"properties":{"name":"","FID":"399","X":"248576.6","Y":"2755146.13","CP_BLE":"0","CP_DEP":"0","CP_LENG":"0","CP_WID":"0","CONS_ID":"103101R010204000040","CITY_ID":"10004"}},{"type":"Feature","geometry":{"type":"Point","coordinates":[120.9859095980246,24.90410873706126]},"properties":{"name":"","FID":"400","X":"248576.61","Y":"2755156.61","CP_BLE":"0","CP_DEP":"0","CP_LENG":"0","CP_WID":"0","CONS_ID":"103101R010204000040","CITY_ID":"10004"}},{"type":"Feature","geometry":{"type":"Point","coordinates":[120.9873095210199,24.90394434540915]},"properties":{"name":"","FID":"401","X":"248718.02","Y":"2755138.39","CP_BLE":"0","CP_DEP":"0","CP_LENG":"0","CP_WID":"0","CONS_ID":"103101R010204000040","CITY_ID":"10004"}},{"type":"Feature","geometry":{"type":"Point","coordinates":[120.9890516921871,24.90324594843448]},"properties":{"name":"","FID":"402","X":"248894.01","Y":"2755061.02","CP_BLE":"0","CP_DEP":"0","CP_LENG":"0","CP_WID":"0","CONS_ID":"103101R010204000040","CITY_ID":"10004"}},{"type":"Feature","geometry":{"type":"Point","coordinates":[120.9916014934673,24.87205402598575]},"properties":{"name":"","FID":"403","X":"249151.37","Y":"2751606.18","CP_BLE":"0","CP_DEP":"0","CP_LENG":"0","CP_WID":"0","CONS_ID":"103101R010204000040","CITY_ID":"10004"}},{"type":"Feature","geometry":{"type":"Point","coordinates":[120.991586798193,24.87218169770803]},"properties":{"name":"","FID":"404","X":"249149.89","Y":"2751620.32","CP_BLE":"0","CP_DEP":"0","CP_LENG":"0","CP_WID":"0","CONS_ID":"103101R010204000040","CITY_ID":"10004"}},{"type":"Feature","geometry":{"type":"Point","coordinates":[120.9895938598182,24.87227704890556]},"properties":{"name":"","FID":"405","X":"248948.52","Y":"2751630.9","CP_BLE":"0","CP_DEP":"0","CP_LENG":"0","CP_WID":"0","CONS_ID":"103101R010204000040","CITY_ID":"10004"}},{"type":"Feature","geometry":{"type":"Point","coordinates":[120.990793666367,24.87209460678491]},"properties":{"name":"","FID":"406","X":"249069.75","Y":"2751610.68","CP_BLE":"0","CP_DEP":"0","CP_LENG":"0","CP_WID":"0","CONS_ID":"103101R010204000040","CITY_ID":"10004"}},{"type":"Feature","geometry":{"type":"Point","coordinates":[120.9892792027782,24.87115682885113]},"properties":{"name":"","FID":"407","X":"248916.71","Y":"2751506.82","CP_BLE":"0","CP_DEP":"0","CP_LENG":"0","CP_WID":"0","CONS_ID":"103101R010204000040","CITY_ID":"10004"}},{"type":"Feature","geometry":{"type":"Point","coordinates":[120.9897176493541,24.87213333219386]},"properties":{"name":"","FID":"408","X":"248961.02","Y":"2751614.98","CP_BLE":"0","CP_DEP":"0","CP_LENG":"0","CP_WID":"0","CONS_ID":"103101R010204000040","CITY_ID":"10004"}},{"type":"Feature","geometry":{"type":"Point","coordinates":[120.9880138383467,24.86969507529468]},"properties":{"name":"","FID":"409","X":"248788.84","Y":"2751344.93","CP_BLE":"0","CP_DEP":"0","CP_LENG":"0","CP_WID":"0","CONS_ID":"106201R010404060030","CITY_ID":"10004"}},{"type":"Feature","geometry":{"type":"Point","coordinates":[120.9879814275673,24.8694889420807]},"properties":{"name":"","FID":"410","X":"248785.56","Y":"2751322.1","CP_BLE":"0","CP_DEP":"0","CP_LENG":"0","CP_WID":"0","CONS_ID":"106201R010404060030","CITY_ID":"10004"}},{"type":"Feature","geometry":{"type":"Point","coordinates":[120.9878198101113,24.86947438400723]},"properties":{"name":"","FID":"411","X":"248769.23","Y":"2751320.49","CP_BLE":"0","CP_DEP":"0","CP_LENG":"0","CP_WID":"0","CONS_ID":"106201R010404060030","CITY_ID":"10004"}},{"type":"Feature","geometry":{"type":"Point","coordinates":[120.9872807630046,24.86896716077922]},"properties":{"name":"","FID":"412","X":"248714.76","Y":"2751264.31","CP_BLE":"0","CP_DEP":"0","CP_LENG":"0","CP_WID":"0","CONS_ID":"106201R010404060030","CITY_ID":"10004"}},{"type":"Feature","geometry":{"type":"Point","coordinates":[120.9868970379629,24.86860873964974]},"properties":{"name":"","FID":"413","X":"248675.98","Y":"2751224.62","CP_BLE":"0","CP_DEP":"0","CP_LENG":"0","CP_WID":"0","CONS_ID":"106201R010404060030","CITY_ID":"10004"}},{"type":"Feature","geometry":{"type":"Point","coordinates":[120.9869705359482,24.86853731225801]},"properties":{"name":"","FID":"414","X":"248683.41","Y":"2751216.71","CP_BLE":"0","CP_DEP":"0","CP_LENG":"0","CP_WID":"0","CONS_ID":"106201R010404060030","CITY_ID":"10004"}},{"type":"Feature","geometry":{"type":"Point","coordinates":[120.9863105773717,24.8679014361958]},"properties":{"name":"","FID":"415","X":"248616.71","Y":"2751146.28","CP_BLE":"0","CP_DEP":"0","CP_LENG":"0","CP_WID":"0","CONS_ID":"106201R010404060030","CITY_ID":"10004"}},{"type":"Feature","geometry":{"type":"Point","coordinates":[120.9862154845737,24.86798210650462]},"properties":{"name":"","FID":"416","X":"248607.1","Y":"2751155.22","CP_BLE":"0","CP_DEP":"0","CP_LENG":"0","CP_WID":"0","CONS_ID":"106201R010404060030","CITY_ID":"10004"}},{"type":"Feature","geometry":{"type":"Point","coordinates":[120.9858326377889,24.86769936895051]},"properties":{"name":"","FID":"417","X":"248568.41","Y":"2751123.91","CP_BLE":"0","CP_DEP":"0","CP_LENG":"0","CP_WID":"0","CONS_ID":"106201R010404060030","CITY_ID":"10004"}},{"type":"Feature","geometry":{"type":"Point","coordinates":[120.9852192049189,24.86728758987952]},"properties":{"name":"","FID":"418","X":"248506.42","Y":"2751078.3","CP_BLE":"0","CP_DEP":"0","CP_LENG":"0","CP_WID":"0","CONS_ID":"106201R010404060030","CITY_ID":"10004"}},{"type":"Feature","geometry":{"type":"Point","coordinates":[120.9909638923457,24.87136571622364]},"properties":{"name":"","FID":"419","X":"249086.94","Y":"2751529.95","CP_BLE":"0","CP_DEP":"0","CP_LENG":"0","CP_WID":"0","CONS_ID":"103101R010204000040","CITY_ID":"10004"}},{"type":"Feature","geometry":{"type":"Point","coordinates":[120.9894112855751,24.87112118457608]},"properties":{"name":"","FID":"420","X":"248930.06","Y":"2751502.87","CP_BLE":"0","CP_DEP":"0","CP_LENG":"0","CP_WID":"0","CONS_ID":"103101R010204000040","CITY_ID":"10004"}},{"type":"Feature","geometry":{"type":"Point","coordinates":[120.9898374550601,24.8701154078195]},"properties":{"name":"","FID":"421","X":"248973.11","Y":"2751391.47","CP_BLE":"0","CP_DEP":"0","CP_LENG":"0","CP_WID":"0","CONS_ID":"103101R010204000040","CITY_ID":"10004"}},{"type":"Feature","geometry":{"type":"Point","coordinates":[120.9907980841795,24.8713735699552]},"properties":{"name":"","FID":"422","X":"249070.19","Y":"2751530.82","CP_BLE":"0","CP_DEP":"0","CP_LENG":"0","CP_WID":"0","CONS_ID":"103101R010204000040","CITY_ID":"10004"}},{"type":"Feature","geometry":{"type":"Point","coordinates":[120.9897634115988,24.86996936612729]},"properties":{"name":"","FID":"423","X":"248965.63","Y":"2751375.3","CP_BLE":"0","CP_DEP":"0","CP_LENG":"0","CP_WID":"0","CONS_ID":"103101R010204000040","CITY_ID":"10004"}},{"type":"Feature","geometry":{"type":"Point","coordinates":[120.989725271104,24.87008229248688]},"properties":{"name":"","FID":"424","X":"248961.78","Y":"2751387.8","CP_BLE":"0","CP_DEP":"0","CP_LENG":"0","CP_WID":"0","CONS_ID":"103101R010204000040","CITY_ID":"10004"}},{"type":"Feature","geometry":{"type":"Point","coordinates":[120.9911647242718,24.87038722420806]},"properties":{"name":"","FID":"425","X":"249107.23","Y":"2751421.57","CP_BLE":"0","CP_DEP":"0","CP_LENG":"0","CP_WID":"0","CONS_ID":"103101R010204000040","CITY_ID":"10004"}},{"type":"Feature","geometry":{"type":"Point","coordinates":[120.9911247356049,24.87048147076143]},"properties":{"name":"","FID":"426","X":"249103.19","Y":"2751432.01","CP_BLE":"0","CP_DEP":"0","CP_LENG":"0","CP_WID":"0","CONS_ID":"103101R010204000040","CITY_ID":"10004"}},{"type":"Feature","geometry":{"type":"Point","coordinates":[120.9909559040555,24.87030159406528]},"properties":{"name":"","FID":"427","X":"249086.13","Y":"2751412.08","CP_BLE":"0","CP_DEP":"0","CP_LENG":"0","CP_WID":"0","CONS_ID":"103101R010204000040","CITY_ID":"10004"}},{"type":"Feature","geometry":{"type":"Point","coordinates":[120.9908164468749,24.87024111239475]},"properties":{"name":"","FID":"428","X":"249072.04","Y":"2751405.39","CP_BLE":"0","CP_DEP":"0","CP_LENG":"0","CP_WID":"0","CONS_ID":"103101R010204000040","CITY_ID":"10004"}},{"type":"Feature","geometry":{"type":"Point","coordinates":[120.9915903376666,24.86960125116595]},"properties":{"name":"","FID":"429","X":"249150.23","Y":"2751334.51","CP_BLE":"0","CP_DEP":"0","CP_LENG":"0","CP_WID":"0","CONS_ID":"103101R010204000040","CITY_ID":"10004"}},{"type":"Feature","geometry":{"type":"Point","coordinates":[120.992390564994,24.86944188617123]},"properties":{"name":"","FID":"430","X":"249231.09","Y":"2751316.85","CP_BLE":"0","CP_DEP":"0","CP_LENG":"0","CP_WID":"0","CONS_ID":"103101R010204000040","CITY_ID":"10004"}},{"type":"Feature","geometry":{"type":"Point","coordinates":[120.9918557648971,24.86908300054337]},"properties":{"name":"","FID":"431","X":"249177.05","Y":"2751277.11","CP_BLE":"0","CP_DEP":"0","CP_LENG":"0","CP_WID":"0","CONS_ID":"103101R010204000040","CITY_ID":"10004"}},{"type":"Feature","geometry":{"type":"Point","coordinates":[120.9919222041338,24.86901219330273]},"properties":{"name":"","FID":"432","X":"249183.76","Y":"2751269.26","CP_BLE":"0","CP_DEP":"0","CP_LENG":"0","CP_WID":"0","CONS_ID":"103101R010204000040","CITY_ID":"10004"}},{"type":"Feature","geometry":{"type":"Point","coordinates":[120.9909015807058,24.86802233556099]},"properties":{"name":"","FID":"433","X":"249080.62","Y":"2751159.63","CP_BLE":"0","CP_DEP":"0","CP_LENG":"0","CP_WID":"0","CONS_ID":"103101R010204000040","CITY_ID":"10004"}},{"type":"Feature","geometry":{"type":"Point","coordinates":[120.9911999146531,24.86845352050153]},"properties":{"name":"","FID":"434","X":"249110.77","Y":"2751207.39","CP_BLE":"0","CP_DEP":"0","CP_LENG":"0","CP_WID":"0","CONS_ID":"103101R010204000040","CITY_ID":"10004"}},{"type":"Feature","geometry":{"type":"Point","coordinates":[120.9905137566272,24.86759105405708]},"properties":{"name":"","FID":"435","X":"249041.43","Y":"2751111.87","CP_BLE":"0","CP_DEP":"0","CP_LENG":"0","CP_WID":"0","CONS_ID":"103101R010204000040","CITY_ID":"10004"}},{"type":"Feature","geometry":{"type":"Point","coordinates":[120.990586575548,24.86769569044892]},"properties":{"name":"","FID":"436","X":"249048.79","Y":"2751123.46","CP_BLE":"0","CP_DEP":"0","CP_LENG":"0","CP_WID":"0","CONS_ID":"103101R010204000040","CITY_ID":"10004"}},{"type":"Feature","geometry":{"type":"Point","coordinates":[120.9897116880189,24.86858958483031]},"properties":{"name":"","FID":"437","X":"248960.39","Y":"2751222.47","CP_BLE":"0","CP_DEP":"0","CP_LENG":"0","CP_WID":"0","CONS_ID":"103101R010204000040","CITY_ID":"10004"}},{"type":"Feature","geometry":{"type":"Point","coordinates":[120.9896630110351,24.86855003645581]},"properties":{"name":"","FID":"438","X":"248955.47","Y":"2751218.09","CP_BLE":"0","CP_DEP":"0","CP_LENG":"0","CP_WID":"0","CONS_ID":"103101R010204000040","CITY_ID":"10004"}},{"type":"Feature","geometry":{"type":"Point","coordinates":[120.9892189122398,24.86899570803833]},"properties":{"name":"","FID":"439","X":"248910.6","Y":"2751267.46","CP_BLE":"0","CP_DEP":"0","CP_LENG":"0","CP_WID":"0","CONS_ID":"103101R010204000040","CITY_ID":"10004"}},{"type":"Feature","geometry":{"type":"Point","coordinates":[120.9893056689304,24.86905521236315]},"properties":{"name":"","FID":"440","X":"248919.37","Y":"2751274.05","CP_BLE":"0","CP_DEP":"0","CP_LENG":"0","CP_WID":"0","CONS_ID":"103101R010204000040","CITY_ID":"10004"}},{"type":"Feature","geometry":{"type":"Point","coordinates":[121.1440445574336,24.71420033337028]},"properties":{"name":"","FID":"441","X":"264573.32","Y":"2734130.14","CP_BLE":"0","CP_DEP":"0","CP_LENG":"0","CP_WID":"0","CONS_ID":"103101R010204000040","CITY_ID":"10004"}},{"type":"Feature","geometry":{"type":"Point","coordinates":[121.1434893118317,24.71432489283908]},"properties":{"name":"","FID":"442","X":"264517.13","Y":"2734143.87","CP_BLE":"0","CP_DEP":"0","CP_LENG":"0","CP_WID":"0","CONS_ID":"103101R010204000040","CITY_ID":"10004"}},{"type":"Feature","geometry":{"type":"Point","coordinates":[121.13136268196,24.72513230196413]},"properties":{"name":"","FID":"443","X":"263289.1","Y":"2735339.65","CP_BLE":"0","CP_DEP":"0","CP_LENG":"0","CP_WID":"0","CONS_ID":"103101R010204000040","CITY_ID":"10004"}},{"type":"Feature","geometry":{"type":"Point","coordinates":[121.1312513483754,24.72522744455749]},"properties":{"name":"","FID":"444","X":"263277.83","Y":"2735350.18","CP_BLE":"0","CP_DEP":"0","CP_LENG":"0","CP_WID":"0","CONS_ID":"103101R010204000040","CITY_ID":"10004"}},{"type":"Feature","geometry":{"type":"Point","coordinates":[121.1337439783418,24.72241765064241]},"properties":{"name":"","FID":"445","X":"263530.29","Y":"2735039.21","CP_BLE":"0","CP_DEP":"0","CP_LENG":"0","CP_WID":"0","CONS_ID":"103101R010204000040","CITY_ID":"10004"}},{"type":"Feature","geometry":{"type":"Point","coordinates":[121.133199879521,24.72307530694873]},"properties":{"name":"","FID":"446","X":"263475.18","Y":"2735112","CP_BLE":"0","CP_DEP":"0","CP_LENG":"0","CP_WID":"0","CONS_ID":"103101R010204000040","CITY_ID":"10004"}},{"type":"Feature","geometry":{"type":"Point","coordinates":[121.1400398449564,24.71795039786308]},"properties":{"name":"","FID":"447","X":"264167.72","Y":"2734545.07","CP_BLE":"0","CP_DEP":"0","CP_LENG":"0","CP_WID":"0","CONS_ID":"103101R010204000040","CITY_ID":"10004"}},{"type":"Feature","geometry":{"type":"Point","coordinates":[121.1425899969431,24.7160881180858]},"properties":{"name":"","FID":"448","X":"264425.94","Y":"2734339.07","CP_BLE":"0","CP_DEP":"0","CP_LENG":"0","CP_WID":"0","CONS_ID":"103101R010204000040","CITY_ID":"10004"}},{"type":"Feature","geometry":{"type":"Point","coordinates":[121.1714520100065,24.79475947632723]},"properties":{"name":"","FID":"449","X":"267335.02","Y":"2743055.94","CP_BLE":"0","CP_DEP":"0","CP_LENG":"0","CP_WID":"0","CONS_ID":"103101R010204000040","CITY_ID":"10004"}},{"type":"Feature","geometry":{"type":"Point","coordinates":[121.1727076103638,24.7970191379371]},"properties":{"name":"","FID":"450","X":"267461.65","Y":"2743306.38","CP_BLE":"0","CP_DEP":"0","CP_LENG":"0","CP_WID":"0","CONS_ID":"103101R010204000040","CITY_ID":"10004"}},{"type":"Feature","geometry":{"type":"Point","coordinates":[121.1793844397824,24.7871520646905]},"properties":{"name":"","FID":"451","X":"268138.15","Y":"2742214.38","CP_BLE":"0","CP_DEP":"0","CP_LENG":"0","CP_WID":"0","CONS_ID":"103101R010204000040","CITY_ID":"10004"}},{"type":"Feature","geometry":{"type":"Point","coordinates":[121.1790271867117,24.79238186227488]},"properties":{"name":"","FID":"452","X":"268101.27","Y":"2742793.58","CP_BLE":"0","CP_DEP":"0","CP_LENG":"0","CP_WID":"0","CONS_ID":"103101R010204000040","CITY_ID":"10004"}},{"type":"Feature","geometry":{"type":"Point","coordinates":[121.1786694894655,24.79218501466135]},"properties":{"name":"","FID":"453","X":"268065.13","Y":"2742771.73","CP_BLE":"0","CP_DEP":"0","CP_LENG":"0","CP_WID":"0","CONS_ID":"103101R010204000040","CITY_ID":"10004"}},{"type":"Feature","geometry":{"type":"Point","coordinates":[121.1797832653721,24.79314054154003]},"properties":{"name":"","FID":"454","X":"268177.6","Y":"2742877.71","CP_BLE":"0","CP_DEP":"0","CP_LENG":"0","CP_WID":"0","CONS_ID":"103101R010204000040","CITY_ID":"10004"}},{"type":"Feature","geometry":{"type":"Point","coordinates":[121.1740908593219,24.79175507779529]},"properties":{"name":"","FID":"455","X":"267602.25","Y":"2742723.51","CP_BLE":"0","CP_DEP":"0","CP_LENG":"0","CP_WID":"0","CONS_ID":"103101R010204000040","CITY_ID":"10004"}},{"type":"Feature","geometry":{"type":"Point","coordinates":[121.1752495113208,24.79143152177897]},"properties":{"name":"","FID":"456","X":"267719.44","Y":"2742687.82","CP_BLE":"0","CP_DEP":"0","CP_LENG":"0","CP_WID":"0","CONS_ID":"103101R010204000040","CITY_ID":"10004"}},{"type":"Feature","geometry":{"type":"Point","coordinates":[121.1729287548186,24.79351628095068]},"properties":{"name":"","FID":"457","X":"267484.5","Y":"2742918.43","CP_BLE":"0","CP_DEP":"0","CP_LENG":"0","CP_WID":"0","CONS_ID":"103101R010204000040","CITY_ID":"10004"}},{"type":"Feature","geometry":{"type":"Point","coordinates":[121.1729547728448,24.79362069379716]},"properties":{"name":"","FID":"458","X":"267487.12","Y":"2742930","CP_BLE":"0","CP_DEP":"0","CP_LENG":"0","CP_WID":"0","CONS_ID":"103101R010204000040","CITY_ID":"10004"}},{"type":"Feature","geometry":{"type":"Point","coordinates":[121.1744785286263,24.79281672460139]},"properties":{"name":"","FID":"459","X":"267641.29","Y":"2742841.15","CP_BLE":"0","CP_DEP":"0","CP_LENG":"0","CP_WID":"0","CONS_ID":"103101R010204000040","CITY_ID":"10004"}},{"type":"Feature","geometry":{"type":"Point","coordinates":[121.1744834953153,24.79293109319203]},"properties":{"name":"","FID":"460","X":"267641.78","Y":"2742853.82","CP_BLE":"0","CP_DEP":"0","CP_LENG":"0","CP_WID":"0","CONS_ID":"103101R010204000040","CITY_ID":"10004"}},{"type":"Feature","geometry":{"type":"Point","coordinates":[121.1736917476332,24.79322463120551]},"properties":{"name":"","FID":"461","X":"267561.69","Y":"2742886.23","CP_BLE":"0","CP_DEP":"0","CP_LENG":"0","CP_WID":"0","CONS_ID":"103101R010204000040","CITY_ID":"10004"}},{"type":"Feature","geometry":{"type":"Point","coordinates":[121.1750844567103,24.79272321199043]},"properties":{"name":"","FID":"462","X":"267702.57","Y":"2742830.87","CP_BLE":"0","CP_DEP":"0","CP_LENG":"0","CP_WID":"0","CONS_ID":"103101R010204000040","CITY_ID":"10004"}},{"type":"Feature","geometry":{"type":"Point","coordinates":[121.1750511506416,24.79282509362188]},"properties":{"name":"","FID":"463","X":"267699.19","Y":"2742842.15","CP_BLE":"0","CP_DEP":"0","CP_LENG":"0","CP_WID":"0","CONS_ID":"103101R010204000040","CITY_ID":"10004"}},{"type":"Feature","geometry":{"type":"Point","coordinates":[121.1749685018761,24.79285663689506]},"properties":{"name":"","FID":"464","X":"267690.83","Y":"2742845.63","CP_BLE":"0","CP_DEP":"0","CP_LENG":"0","CP_WID":"0","CONS_ID":"103101R010204000040","CITY_ID":"10004"}},{"type":"Feature","geometry":{"type":"Point","coordinates":[121.1760503061746,24.7928778044432]},"properties":{"name":"","FID":"465","X":"267800.21","Y":"2742848.12","CP_BLE":"0","CP_DEP":"0","CP_LENG":"0","CP_WID":"0","CONS_ID":"103101R010204000040","CITY_ID":"10004"}},{"type":"Feature","geometry":{"type":"Point","coordinates":[121.1769700038421,24.79293767195822]},"properties":{"name":"","FID":"466","X":"267893.19","Y":"2742854.87","CP_BLE":"0","CP_DEP":"0","CP_LENG":"0","CP_WID":"0","CONS_ID":"103101R010204000040","CITY_ID":"10004"}},{"type":"Feature","geometry":{"type":"Point","coordinates":[121.1776146312406,24.7928509650892]},"properties":{"name":"","FID":"467","X":"267958.38","Y":"2742845.35","CP_BLE":"0","CP_DEP":"0","CP_LENG":"0","CP_WID":"0","CONS_ID":"103101R010204000040","CITY_ID":"10004"}},{"type":"Feature","geometry":{"type":"Point","coordinates":[121.1770284714064,24.79291388467068]},"properties":{"name":"","FID":"468","X":"267899.1","Y":"2742852.24","CP_BLE":"0","CP_DEP":"0","CP_LENG":"0","CP_WID":"0","CONS_ID":"103101R010204000040","CITY_ID":"10004"}},{"type":"Feature","geometry":{"type":"Point","coordinates":[121.1771779438767,24.79285810062664]},"properties":{"name":"","FID":"469","X":"267914.22","Y":"2742846.08","CP_BLE":"0","CP_DEP":"0","CP_LENG":"0","CP_WID":"0","CONS_ID":"103101R010204000040","CITY_ID":"10004"}},{"type":"Feature","geometry":{"type":"Point","coordinates":[121.1747605583286,24.79159350690465]},"properties":{"name":"","FID":"470","X":"267669.98","Y":"2742705.7","CP_BLE":"0","CP_DEP":"0","CP_LENG":"0","CP_WID":"0","CONS_ID":"103101R010204000040","CITY_ID":"10004"}},{"type":"Feature","geometry":{"type":"Point","coordinates":[121.1747986886507,24.79168774812687]},"properties":{"name":"","FID":"471","X":"267673.82","Y":"2742716.14","CP_BLE":"0","CP_DEP":"0","CP_LENG":"0","CP_WID":"0","CONS_ID":"103101R010204000040","CITY_ID":"10004"}},{"type":"Feature","geometry":{"type":"Point","coordinates":[121.1743937609249,24.79163701923009]},"properties":{"name":"","FID":"472","X":"267632.89","Y":"2742710.47","CP_BLE":"0","CP_DEP":"0","CP_LENG":"0","CP_WID":"0","CONS_ID":"103101R010204000040","CITY_ID":"10004"}},{"type":"Feature","geometry":{"type":"Point","coordinates":[121.1731561623838,24.79191189647259]},"properties":{"name":"","FID":"473","X":"267507.72","Y":"2742740.76","CP_BLE":"0","CP_DEP":"0","CP_LENG":"0","CP_WID":"0","CONS_ID":"103101R010204000040","CITY_ID":"10004"}},{"type":"Feature","geometry":{"type":"Point","coordinates":[121.1731529680797,24.79201181976701]},"properties":{"name":"","FID":"474","X":"267507.38","Y":"2742751.83","CP_BLE":"0","CP_DEP":"0","CP_LENG":"0","CP_WID":"0","CONS_ID":"103101R010204000040","CITY_ID":"10004"}},{"type":"Feature","geometry":{"type":"Point","coordinates":[121.1728342364083,24.79188464100922]},"properties":{"name":"","FID":"475","X":"267475.17","Y":"2742737.7","CP_BLE":"0","CP_DEP":"0","CP_LENG":"0","CP_WID":"0","CONS_ID":"103101R010204000040","CITY_ID":"10004"}},{"type":"Feature","geometry":{"type":"Point","coordinates":[121.1728087185277,24.79198384069889]},"properties":{"name":"","FID":"476","X":"267472.58","Y":"2742748.68","CP_BLE":"0","CP_DEP":"0","CP_LENG":"0","CP_WID":"0","CONS_ID":"103101R010204000040","CITY_ID":"10004"}},{"type":"Feature","geometry":{"type":"Point","coordinates":[121.1769748314252,24.793015122653]},"properties":{"name":"","FID":"477","X":"267893.66","Y":"2742863.45","CP_BLE":"0","CP_DEP":"0","CP_LENG":"0","CP_WID":"0","CONS_ID":"103101R010204000040","CITY_ID":"10004"}},{"type":"Feature","geometry":{"type":"Point","coordinates":[121.1803352143388,24.79064925550672]},"properties":{"name":"","FID":"478","X":"268233.77","Y":"2742601.85","CP_BLE":"0","CP_DEP":"0","CP_LENG":"0","CP_WID":"0","CONS_ID":"103101R010204000040","CITY_ID":"10004"}},{"type":"Feature","geometry":{"type":"Point","coordinates":[121.180342468227,24.79075491758037]},"properties":{"name":"","FID":"479","X":"268234.49","Y":"2742613.55","CP_BLE":"0","CP_DEP":"0","CP_LENG":"0","CP_WID":"0","CONS_ID":"103101R010204000040","CITY_ID":"10004"}},{"type":"Feature","geometry":{"type":"Point","coordinates":[121.17698201766,24.792831047983]},"properties":{"name":"","FID":"480","X":"267894.42","Y":"2742843.06","CP_BLE":"0","CP_DEP":"0","CP_LENG":"0","CP_WID":"0","CONS_ID":"103101R010204000040","CITY_ID":"10004"}},{"type":"Feature","geometry":{"type":"Point","coordinates":[121.1765498015924,24.7928317931765]},"properties":{"name":"","FID":"481","X":"267850.72","Y":"2742843.09","CP_BLE":"0","CP_DEP":"0","CP_LENG":"0","CP_WID":"0","CONS_ID":"103101R010204000040","CITY_ID":"10004"}},{"type":"Feature","geometry":{"type":"Point","coordinates":[121.1731234398541,24.79651078057421]},"properties":{"name":"","FID":"482","X":"267503.76","Y":"2743250.12","CP_BLE":"0","CP_DEP":"0","CP_LENG":"0","CP_WID":"0","CONS_ID":"103101R010204000040","CITY_ID":"10004"}},{"type":"Feature","geometry":{"type":"Point","coordinates":[121.1732129089117,24.79666637528972]},"properties":{"name":"","FID":"483","X":"267512.79","Y":"2743267.37","CP_BLE":"0","CP_DEP":"0","CP_LENG":"0","CP_WID":"0","CONS_ID":"103101R010204000040","CITY_ID":"10004"}},{"type":"Feature","geometry":{"type":"Point","coordinates":[121.1830148880254,24.78757960803016]},"properties":{"name":"","FID":"484","X":"268505.17","Y":"2742262.22","CP_BLE":"0","CP_DEP":"0","CP_LENG":"0","CP_WID":"0","CONS_ID":"103101R010204000040","CITY_ID":"10004"}},{"type":"Feature","geometry":{"type":"Point","coordinates":[121.1849445649373,24.78965958549231]},"properties":{"name":"","FID":"485","X":"268699.98","Y":"2742492.86","CP_BLE":"0","CP_DEP":"0","CP_LENG":"0","CP_WID":"0","CONS_ID":"103101R010204000040","CITY_ID":"10004"}},{"type":"Feature","geometry":{"type":"Point","coordinates":[121.1848538311295,24.78971143148453]},"properties":{"name":"","FID":"486","X":"268690.79","Y":"2742498.59","CP_BLE":"0","CP_DEP":"0","CP_LENG":"0","CP_WID":"0","CONS_ID":"103101R010204000040","CITY_ID":"10004"}},{"type":"Feature","geometry":{"type":"Point","coordinates":[121.1846452652045,24.78922094800903]},"properties":{"name":"","FID":"487","X":"268669.78","Y":"2742444.23","CP_BLE":"0","CP_DEP":"0","CP_LENG":"0","CP_WID":"0","CONS_ID":"103101R010204000040","CITY_ID":"10004"}},{"type":"Feature","geometry":{"type":"Point","coordinates":[121.1845503122951,24.78926864586445]},"properties":{"name":"","FID":"488","X":"268660.17","Y":"2742449.5","CP_BLE":"0","CP_DEP":"0","CP_LENG":"0","CP_WID":"0","CONS_ID":"103101R010204000040","CITY_ID":"10004"}},{"type":"Feature","geometry":{"type":"Point","coordinates":[121.1827582799264,24.7896490528733]},"properties":{"name":"","FID":"489","X":"268478.92","Y":"2742491.39","CP_BLE":"0","CP_DEP":"0","CP_LENG":"0","CP_WID":"0","CONS_ID":"103101R010204000040","CITY_ID":"10004"}},{"type":"Feature","geometry":{"type":"Point","coordinates":[121.1826690816973,24.78970330630867]},"properties":{"name":"","FID":"490","X":"268469.89","Y":"2742497.39","CP_BLE":"0","CP_DEP":"0","CP_LENG":"0","CP_WID":"0","CONS_ID":"103101R010204000040","CITY_ID":"10004"}},{"type":"Feature","geometry":{"type":"Point","coordinates":[121.1818822656378,24.79015017829762]},"properties":{"name":"","FID":"491","X":"268390.27","Y":"2742546.78","CP_BLE":"0","CP_DEP":"0","CP_LENG":"0","CP_WID":"0","CONS_ID":"103101R010204000040","CITY_ID":"10004"}},{"type":"Feature","geometry":{"type":"Point","coordinates":[121.1847583460297,24.79190402876073]},"properties":{"name":"","FID":"492","X":"268680.81","Y":"2742741.42","CP_BLE":"0","CP_DEP":"0","CP_LENG":"0","CP_WID":"0","CONS_ID":"103101R010204000040","CITY_ID":"10004"}},{"type":"Feature","geometry":{"type":"Point","coordinates":[121.1852575280804,24.79227787308]},"properties":{"name":"","FID":"493","X":"268731.23","Y":"2742782.9","CP_BLE":"0","CP_DEP":"0","CP_LENG":"0","CP_WID":"0","CONS_ID":"103101R010204000040","CITY_ID":"10004"}},{"type":"Feature","geometry":{"type":"Point","coordinates":[121.1851598960403,24.7921944883374]},"properties":{"name":"","FID":"494","X":"268721.37","Y":"2742773.65","CP_BLE":"0","CP_DEP":"0","CP_LENG":"0","CP_WID":"0","CONS_ID":"103101R010204000040","CITY_ID":"10004"}},{"type":"Feature","geometry":{"type":"Point","coordinates":[121.1857246922014,24.7926476925639]},"properties":{"name":"","FID":"495","X":"268778.41","Y":"2742823.92","CP_BLE":"0","CP_DEP":"0","CP_LENG":"0","CP_WID":"0","CONS_ID":"103101R010204000040","CITY_ID":"10004"}},{"type":"Feature","geometry":{"type":"Point","coordinates":[121.1856617224181,24.79272863988039]},"properties":{"name":"","FID":"496","X":"268772.03","Y":"2742832.88","CP_BLE":"0","CP_DEP":"0","CP_LENG":"0","CP_WID":"0","CONS_ID":"103101R010204000040","CITY_ID":"10004"}},{"type":"Feature","geometry":{"type":"Point","coordinates":[121.1850958969977,24.7900689269876]},"properties":{"name":"","FID":"497","X":"268715.22","Y":"2742538.22","CP_BLE":"0","CP_DEP":"0","CP_LENG":"0","CP_WID":"0","CONS_ID":"103101R010204000040","CITY_ID":"10004"}},{"type":"Feature","geometry":{"type":"Point","coordinates":[121.1856780202934,24.79092054247324]},"properties":{"name":"","FID":"498","X":"268773.95","Y":"2742632.62","CP_BLE":"0","CP_DEP":"0","CP_LENG":"0","CP_WID":"0","CONS_ID":"103101R010204000040","CITY_ID":"10004"}},{"type":"Feature","geometry":{"type":"Point","coordinates":[121.1857299351073,24.7917184983341]},"properties":{"name":"","FID":"499","X":"268779.08","Y":"2742721.01","CP_BLE":"0","CP_DEP":"0","CP_LENG":"0","CP_WID":"0","CONS_ID":"103101R010204000040","CITY_ID":"10004"}},{"type":"Feature","geometry":{"type":"Point","coordinates":[121.1856372320753,24.79167072562198]},"properties":{"name":"","FID":"500","X":"268769.71","Y":"2742715.7","CP_BLE":"0","CP_DEP":"0","CP_LENG":"0","CP_WID":"0","CONS_ID":"103101R010204000040","CITY_ID":"10004"}},{"type":"Feature","geometry":{"type":"Point","coordinates":[121.1855242699767,24.79050978713281]},"properties":{"name":"","FID":"501","X":"268758.46","Y":"2742587.1","CP_BLE":"0","CP_DEP":"0","CP_LENG":"0","CP_WID":"0","CONS_ID":"103101R010204000040","CITY_ID":"10004"}},{"type":"Feature","geometry":{"type":"Point","coordinates":[121.1854291265176,24.79055614051448]},"properties":{"name":"","FID":"502","X":"268748.84","Y":"2742592.23","CP_BLE":"0","CP_DEP":"0","CP_LENG":"0","CP_WID":"0","CONS_ID":"103101R010204000040","CITY_ID":"10004"}},{"type":"Feature","geometry":{"type":"Point","coordinates":[121.185776903982,24.79136664952168]},"properties":{"name":"","FID":"503","X":"268783.88","Y":"2742682.04","CP_BLE":"0","CP_DEP":"0","CP_LENG":"0","CP_WID":"0","CONS_ID":"103101R010204000040","CITY_ID":"10004"}},{"type":"Feature","geometry":{"type":"Point","coordinates":[121.1843463890854,24.79149690425006]},"properties":{"name":"","FID":"504","X":"268639.22","Y":"2742696.28","CP_BLE":"0","CP_DEP":"0","CP_LENG":"0","CP_WID":"0","CONS_ID":"103101R010204000040","CITY_ID":"10004"}},{"type":"Feature","geometry":{"type":"Point","coordinates":[121.1835412994658,24.79066597086545]},"properties":{"name":"","FID":"505","X":"268557.94","Y":"2742604.13","CP_BLE":"0","CP_DEP":"0","CP_LENG":"0","CP_WID":"0","CONS_ID":"103101R010204000040","CITY_ID":"10004"}},{"type":"Feature","geometry":{"type":"Point","coordinates":[121.1834615257514,24.79073338594653]},"properties":{"name":"","FID":"506","X":"268549.86","Y":"2742611.59","CP_BLE":"0","CP_DEP":"0","CP_LENG":"0","CP_WID":"0","CONS_ID":"103101R010204000040","CITY_ID":"10004"}},{"type":"Feature","geometry":{"type":"Point","coordinates":[121.0032944481526,24.84890592219103]},"properties":{"name":"R1","FID":"507","CP_NUM":"R1","X":"250332.94715","Y":"2749042.284","CP_BLE":"18.36","CP_DEP":"1.05","CP_LENG":"55","CP_WID":"65","IN_CPNUM":"4070-37-10-C","CITY_ID":"10004"}},{"type":"Feature","geometry":{"type":"Point","coordinates":[121.0033058190024,24.84908211891094]},"properties":{"name":"R1-1","FID":"508","CP_NUM":"R1-1","X":"250334.09581","Y":"2749061.7995","CP_BLE":"18.36","CP_DEP":"1.05","CP_LENG":"55","CP_WID":"65","IN_CPNUM":"4070-37-10-D","CITY_ID":"10004"}},{"type":"Feature","geometry":{"type":"Point","coordinates":[121.0027057966559,24.8489343947572]},"properties":{"name":"R2","FID":"509","CP_NUM":"R2","X":"250273.4561","Y":"2749045.4363","CP_BLE":"17.68","CP_DEP":"1.1","CP_LENG":"55","CP_WID":"65","IN_CPNUM":"4070-37-11-C","CITY_ID":"10004"}},{"type":"Feature","geometry":{"type":"Point","coordinates":[121.0027188369139,24.84911026285116]},"properties":{"name":"R2-1","FID":"510","CP_NUM":"R2-1","X":"250274.77363","Y":"2749064.9154","CP_BLE":"17.59","CP_DEP":"1.17","CP_LENG":"55","CP_WID":"65","IN_CPNUM":"4070-37-11-D","CITY_ID":"10004"}},{"type":"Feature","geometry":{"type":"Point","coordinates":[120.9961657491778,24.84795050282461]},"properties":{"name":"R3","FID":"511","CP_NUM":"R3","X":"249612.49584","Y":"2748936.4636","CP_BLE":"15.99","CP_DEP":"1.42","CP_LENG":"57","CP_WID":"65","IN_CPNUM":"4070-37-1-D","CITY_ID":"10004"}},{"type":"Feature","geometry":{"type":"Point","coordinates":[120.9961220039324,24.84797065706827]},"properties":{"name":"R3-1","FID":"512","CP_NUM":"R3-1","X":"249608.07479","Y":"2748938.696","CP_BLE":"16.16","CP_DEP":"1.49","CP_LENG":"58","CP_WID":"60","IN_CPNUM":"該段未縱走","CITY_ID":"10004"}},{"type":"Feature","geometry":{"type":"Point","coordinates":[120.9963398897113,24.84787817482806]},"properties":{"name":"R3-2","FID":"513","CP_NUM":"R3-2","X":"249630.09489","Y":"2748928.4521","CP_BLE":"16.02","CP_DEP":"1.4","CP_LENG":"57","CP_WID":"65","IN_CPNUM":"4070-37-1-C","CITY_ID":"10004"}},{"type":"Feature","geometry":{"type":"Point","coordinates":[120.9963830134805,24.84785868952214]},"properties":{"name":"R3-3","FID":"514","CP_NUM":"R3-3","X":"249634.45308","Y":"2748926.2938","CP_BLE":"16.22","CP_DEP":"1.42","CP_LENG":"56","CP_WID":"60","IN_CPNUM":"該段未縱走","CITY_ID":"10004"}},{"type":"Feature","geometry":{"type":"Point","coordinates":[120.9958359377094,24.84733590317868]},"properties":{"name":"R4","FID":"515","CP_NUM":"R4","X":"249579.16171","Y":"2748868.3918","CP_BLE":"16.16","CP_DEP":"1.4","CP_LENG":"55","CP_WID":"65","IN_CPNUM":"4070-37-2-D","CITY_ID":"10004"}},{"type":"Feature","geometry":{"type":"Point","coordinates":[120.9960076061266,24.84725599962335]},"properties":{"name":"R4-1","FID":"516","CP_NUM":"R4-1","X":"249596.511","Y":"2748859.5412","CP_BLE":"16.19","CP_DEP":"1.35","CP_LENG":"55","CP_WID":"65","IN_CPNUM":"4070-37-2-C","CITY_ID":"10004"}},{"type":"Feature","geometry":{"type":"Point","coordinates":[120.9956250611776,24.84694258023806]},"properties":{"name":"R5","FID":"517","CP_NUM":"R5","X":"249557.84817","Y":"2748824.8282","CP_BLE":"16.14","CP_DEP":"1.35","CP_LENG":"55","CP_WID":"65","IN_CPNUM":"4070-37-3-D","CITY_ID":"10004"}},{"type":"Feature","geometry":{"type":"Point","coordinates":[120.9955837176841,24.8469612627406]},"properties":{"name":"R5-1","FID":"518","CP_NUM":"R5-1","X":"249553.66991","Y":"2748826.8976","CP_BLE":"16.34","CP_DEP":"1.39","CP_LENG":"56","CP_WID":"59","IN_CPNUM":"該段未縱走","CITY_ID":"10004"}},{"type":"Feature","geometry":{"type":"Point","coordinates":[120.9958031148773,24.84687202527962]},"properties":{"name":"R5-2","FID":"519","CP_NUM":"R5-2","X":"249575.84289","Y":"2748817.013","CP_BLE":"16.22","CP_DEP":"1.25","CP_LENG":"55","CP_WID":"65","IN_CPNUM":"4070-37-3-C","CITY_ID":"10004"}},{"type":"Feature","geometry":{"type":"Point","coordinates":[120.9958439398671,24.84685219517073]},"properties":{"name":"R5-3","FID":"520","CP_NUM":"R5-3","X":"249579.96878","Y":"2748814.8165","CP_BLE":"16.41","CP_DEP":"1.3","CP_LENG":"56","CP_WID":"59","IN_CPNUM":"該段未縱走","CITY_ID":"10004"}},{"type":"Feature","geometry":{"type":"Point","coordinates":[121.0011532657182,24.82369624033912]},"properties":{"name":"R6","FID":"521","CP_NUM":"R6","X":"250116.57623","Y":"2746250.0718","CP_BLE":"18.64","CP_DEP":"1.7","CP_LENG":"80","CP_WID":"82","IN_CPNUM":"4061-204-1-P4","CITY_ID":"10004"}},{"type":"Feature","geometry":{"type":"Point","coordinates":[121.0012745762128,24.82388590758481]},"properties":{"name":"R6-1","FID":"522","CP_NUM":"R6-1","X":"250128.83845","Y":"2746271.0793","CP_BLE":"18.77","CP_DEP":"1.8","CP_LENG":"80","CP_WID":"82","IN_CPNUM":"4061-204-1-P3","CITY_ID":"10004"}},{"type":"Feature","geometry":{"type":"Point","coordinates":[121.0027907903445,24.82277460848823]},"properties":{"name":"R7","FID":"523","CP_NUM":"R7","X":"250282.10513","Y":"2746147.995","CP_BLE":"20","CP_DEP":"1.6","CP_LENG":"80","CP_WID":"82","IN_CPNUM":"4061-204-1-P2","CITY_ID":"10004"}},{"type":"Feature","geometry":{"type":"Point","coordinates":[121.0029256622127,24.82295527445862]},"properties":{"name":"R7-1","FID":"524","CP_NUM":"R7-1","X":"250295.73807","Y":"2746168.0057","CP_BLE":"18.65","CP_DEP":"3.05","CP_LENG":"80","CP_WID":"82","IN_CPNUM":"4061-204-1-P1","CITY_ID":"10004"}},{"type":"Feature","geometry":{"type":"Point","coordinates":[121.0044831192131,24.82180881253243]},"properties":{"name":"R8","FID":"525","CP_NUM":"R8","X":"250453.17646","Y":"2746041.0288","CP_BLE":"20.64","CP_DEP":"1.7","CP_LENG":"80","CP_WID":"82","IN_CPNUM":"4061-204-P2","CITY_ID":"10004"}},{"type":"Feature","geometry":{"type":"Point","coordinates":[121.0046174188392,24.82199283204447]},"properties":{"name":"R8-1","FID":"526","CP_NUM":"R8-1","X":"250466.75153","Y":"2746061.4111","CP_BLE":"19.89","CP_DEP":"2.65","CP_LENG":"80","CP_WID":"82","IN_CPNUM":"4061-204-P1","CITY_ID":"10004"}},{"type":"Feature","geometry":{"type":"Point","coordinates":[121.0061878791798,24.82083530622877]},"properties":{"name":"R9","FID":"527","CP_NUM":"R9","X":"250625.50718","Y":"2745933.2108","CP_BLE":"20.97","CP_DEP":"1.6","CP_LENG":"80","CP_WID":"82","IN_CPNUM":"4061-202-P2","CITY_ID":"10004"}},{"type":"Feature","geometry":{"type":"Point","coordinates":[121.0063171558867,24.8210205207353]},"properties":{"name":"R9-1","FID":"528","CP_NUM":"R9-1","X":"250638.57432","Y":"2745953.7256","CP_BLE":"20.03","CP_DEP":"2.7","CP_LENG":"80","CP_WID":"82","IN_CPNUM":"4061-202-P1","CITY_ID":"10004"}},{"type":"Feature","geometry":{"type":"Point","coordinates":[121.0078645312379,24.81987101630304]},"properties":{"name":"R10","FID":"529","CP_NUM":"R10","X":"250794.99915","Y":"2745826.4156","CP_BLE":"21.11","CP_DEP":"1.65","CP_LENG":"80","CP_WID":"82","IN_CPNUM":"4061-201-P2","CITY_ID":"10004"}},{"type":"Feature","geometry":{"type":"Point","coordinates":[121.0094706318901,24.81883682514981]},"properties":{"name":"R11","FID":"530","CP_NUM":"R11","X":"250957.36252","Y":"2745711.8798","CP_BLE":"22.29","CP_DEP":"1.8","CP_LENG":"80","CP_WID":"82","IN_CPNUM":"4071-191-3-P6","CITY_ID":"10004"}},{"type":"Feature","geometry":{"type":"Point","coordinates":[121.0110352622258,24.81780601894674]},"properties":{"name":"R12","FID":"531","CP_NUM":"R12","X":"251115.53635","Y":"2745597.7205","CP_BLE":"23.9","CP_DEP":"2.2","CP_LENG":"80","CP_WID":"82","IN_CPNUM":"4071-191-3-P2","CITY_ID":"10004"}},{"type":"Feature","geometry":{"type":"Point","coordinates":[121.014322092027,24.81575450372375]},"properties":{"name":"R13","FID":"532","CP_NUM":"R13","X":"251447.82034","Y":"2745370.5274","CP_BLE":"28.42","CP_DEP":"1.5","CP_LENG":"80","CP_WID":"82","IN_CPNUM":"4071-191-2-P2","CITY_ID":"10004"}},{"type":"Feature","geometry":{"type":"Point","coordinates":[121.014481666571,24.81591545304481]},"properties":{"name":"R13-1","FID":"533","CP_NUM":"R13-1","X":"251463.94979","Y":"2745388.3557","CP_BLE":"28.64","CP_DEP":"1.5","CP_LENG":"80","CP_WID":"82","IN_CPNUM":"4071-191-2-P1","CITY_ID":"10004"}},{"type":"Feature","geometry":{"type":"Point","coordinates":[121.0156791431286,24.8144495074016]},"properties":{"name":"R14","FID":"534","CP_NUM":"R14","X":"251585.02118","Y":"2745226.0023","CP_BLE":"29.3","CP_DEP":"1.45","CP_LENG":"80","CP_WID":"82","IN_CPNUM":"4071-191-1-P1","CITY_ID":"10004"}},{"type":"Feature","geometry":{"type":"Point","coordinates":[121.0170332165209,24.81313367810268]},"properties":{"name":"R15","FID":"535","CP_NUM":"R15","X":"251721.92413","Y":"2745080.2787","CP_BLE":"30.17","CP_DEP":"1.45","CP_LENG":"80","CP_WID":"82","IN_CPNUM":"4071-191-P1","CITY_ID":"10004"}},{"type":"Feature","geometry":{"type":"Point","coordinates":[121.0183893471456,24.81181535320632]},"properties":{"name":"R16","FID":"536","CP_NUM":"R16","X":"251859.03791","Y":"2744934.2801","CP_BLE":"30.93","CP_DEP":"1.45","CP_LENG":"80","CP_WID":"82","IN_CPNUM":"4071-190-P4","CITY_ID":"10004"}},{"type":"Feature","geometry":{"type":"Point","coordinates":[121.0018257494177,24.83384716584051]},"properties":{"name":"R17","FID":"537","CP_NUM":"R17","X":"250184.53818","Y":"2747374.3816","CP_BLE":"21.3","CP_DEP":"1.3","CP_LENG":"59","CP_WID":"66","IN_CPNUM":"4070-117-D","CITY_ID":"10004"}},{"type":"Feature","geometry":{"type":"Point","coordinates":[121.001885485051,24.8337805576242]},"properties":{"name":"R17-1","FID":"538","CP_NUM":"R17-1","X":"250190.57606","Y":"2747367.0042","CP_BLE":"21.41","CP_DEP":"1.15","CP_LENG":"59","CP_WID":"66","IN_CPNUM":"4070-117-C","CITY_ID":"10004"}},{"type":"Feature","geometry":{"type":"Point","coordinates":[121.0015320248231,24.83368128516045]},"properties":{"name":"R18","FID":"539","CP_NUM":"R18","X":"250154.85012","Y":"2747356.0084","CP_BLE":"20.65","CP_DEP":"1.2","CP_LENG":"59","CP_WID":"66","IN_CPNUM":"4070-118-D","CITY_ID":"10004"}},{"type":"Feature","geometry":{"type":"Point","coordinates":[121.0015380360899,24.83359439129667]},"properties":{"name":"R18-1","FID":"540","CP_NUM":"R18-1","X":"250155.45785","Y":"2747346.3841","CP_BLE":"20.6","CP_DEP":"1.2","CP_LENG":"59","CP_WID":"66","IN_CPNUM":"4070-118-C","CITY_ID":"10004"}},{"type":"Feature","geometry":{"type":"Point","coordinates":[121.001160812142,24.83369276654268]},"properties":{"name":"R19","FID":"541","CP_NUM":"R19","X":"250117.32957","Y":"2747357.2797","CP_BLE":"20.42","CP_DEP":"1.3","CP_LENG":"59","CP_WID":"66","IN_CPNUM":"4070-99-D","CITY_ID":"10004"}},{"type":"Feature","geometry":{"type":"Point","coordinates":[121.0011298157584,24.83361300555971]},"properties":{"name":"R19-1","FID":"542","CP_NUM":"R19-1","X":"250114.1967","Y":"2747348.4454","CP_BLE":"20.42","CP_DEP":"1.3","CP_LENG":"59","CP_WID":"66","IN_CPNUM":"4070-99-C","CITY_ID":"10004"}},{"type":"Feature","geometry":{"type":"Point","coordinates":[121.0008199191802,24.83383293937273]},"properties":{"name":"R20","FID":"543","CP_NUM":"R20","X":"250082.87364","Y":"2747372.8049","CP_BLE":"20.55","CP_DEP":"1.1","CP_LENG":"59","CP_WID":"66","IN_CPNUM":"4070-98-D","CITY_ID":"10004"}},{"type":"Feature","geometry":{"type":"Point","coordinates":[121.0007489143948,24.83378035998121]},"properties":{"name":"R20-1","FID":"544","CP_NUM":"R20-1","X":"250075.6968","Y":"2747366.9812","CP_BLE":"20.44","CP_DEP":"1.2","CP_LENG":"59","CP_WID":"66","IN_CPNUM":"4070-98-C","CITY_ID":"10004"}},{"type":"Feature","geometry":{"type":"Point","coordinates":[121.0003586709587,24.83446739871301]},"properties":{"name":"R21","FID":"545","CP_NUM":"R21","X":"250036.25262","Y":"2747443.077","CP_BLE":"20.35","CP_DEP":"1.15","CP_LENG":"59","CP_WID":"66","IN_CPNUM":"4070-96-D","CITY_ID":"10004"}},{"type":"Feature","geometry":{"type":"Point","coordinates":[121.0002870120441,24.83441857138729]},"properties":{"name":"R21-1","FID":"546","CP_NUM":"R21-1","X":"250029.00966","Y":"2747437.6689","CP_BLE":"20.19","CP_DEP":"1.3","CP_LENG":"59","CP_WID":"66","IN_CPNUM":"4070-96-C","CITY_ID":"10004"}},{"type":"Feature","geometry":{"type":"Point","coordinates":[120.9997936916885,24.83490892739914]},"properties":{"name":"R22","FID":"547","CP_NUM":"R22","X":"249979.14749","Y":"2747491.9804","CP_BLE":"20.25","CP_DEP":"1.1","CP_LENG":"59","CP_WID":"66","IN_CPNUM":"4070-94-D","CITY_ID":"10004"}},{"type":"Feature","geometry":{"type":"Point","coordinates":[120.9997420714684,24.83484009972512]},"properties":{"name":"R22-1","FID":"548","CP_NUM":"R22-1","X":"249973.93002","Y":"2747484.3571","CP_BLE":"20.02","CP_DEP":"1.3","CP_LENG":"59","CP_WID":"66","IN_CPNUM":"4070-94-C","CITY_ID":"10004"}},{"type":"Feature","geometry":{"type":"Point","coordinates":[120.9990552141636,24.83518640359049]},"properties":{"name":"R23","FID":"549","CP_NUM":"R23","X":"249904.50648","Y":"2747522.7138","CP_BLE":"19.99","CP_DEP":"1.2","CP_LENG":"59","CP_WID":"66","IN_CPNUM":"4070-92-D","CITY_ID":"10004"}},{"type":"Feature","geometry":{"type":"Point","coordinates":[120.9990178659672,24.83511135957955]},"properties":{"name":"R23-1","FID":"550","CP_NUM":"R23-1","X":"249900.73155","Y":"2747514.402","CP_BLE":"20","CP_DEP":"1.25","CP_LENG":"59","CP_WID":"66","IN_CPNUM":"4070-92-C","CITY_ID":"10004"}},{"type":"Feature","geometry":{"type":"Point","coordinates":[121.0153920956548,24.82234154321907]},"properties":{"name":"R25","FID":"551","CP_NUM":"R25","X":"251555.90466","Y":"2746100.1139","CP_BLE":"27.33","CP_DEP":"2.2","CP_LENG":"110","CP_WID":"110","IN_CPNUM":"該段未縱走","CITY_ID":"10004"}},{"type":"Feature","geometry":{"type":"Point","coordinates":[121.0156411318631,24.8222343948744]},"properties":{"name":"R26","FID":"552","CP_NUM":"R26","X":"251581.07977","Y":"2746088.2491","CP_BLE":"28.15","CP_DEP":"1.45","CP_LENG":"110","CP_WID":"110","IN_CPNUM":"該段未縱走","CITY_ID":"10004"}},{"type":"Feature","geometry":{"type":"Point","coordinates":[121.0154109620545,24.82172614030533]},"properties":{"name":"R27","FID":"553","CP_NUM":"R27","X":"251557.81945","Y":"2746031.9526","CP_BLE":"27.63","CP_DEP":"2","CP_LENG":"110","CP_WID":"110","IN_CPNUM":"該段未縱走","CITY_ID":"10004"}},{"type":"Feature","geometry":{"type":"Point","coordinates":[121.0153126242764,24.82183962634349]},"properties":{"name":"R28","FID":"554","CP_NUM":"R28","X":"251547.87762","Y":"2746044.5211","CP_BLE":"27.52","CP_DEP":"2.1","CP_LENG":"110","CP_WID":"110","IN_CPNUM":"該段未縱走","CITY_ID":"10004"}},{"type":"Feature","geometry":{"type":"Point","coordinates":[121.0152719555754,24.82252560168939]},"properties":{"name":"R29","FID":"555","CP_NUM":"R29","X":"251543.75808","Y":"2746120.4987","CP_BLE":"27.75","CP_DEP":"1.73","CP_LENG":"110","CP_WID":"110","IN_CPNUM":"該段未縱走","CITY_ID":"10004"}},{"type":"Feature","geometry":{"type":"Point","coordinates":[121.0151243884372,24.8224480682582]},"properties":{"name":"R30","FID":"556","CP_NUM":"R30","X":"251528.84229","Y":"2746111.9095","CP_BLE":"27.31","CP_DEP":"2.03","CP_LENG":"110","CP_WID":"110","IN_CPNUM":"該段未縱走","CITY_ID":"10004"}},{"type":"Feature","geometry":{"type":"Point","coordinates":[121.0145336441391,24.82268257061774]},"properties":{"name":"R31","FID":"557","CP_NUM":"R31","X":"251469.12444","Y":"2746137.8763","CP_BLE":"27.05","CP_DEP":"2.07","CP_LENG":"110","CP_WID":"110","IN_CPNUM":"該段未縱走","CITY_ID":"10004"}},{"type":"Feature","geometry":{"type":"Point","coordinates":[121.014315691672,24.82290720778642]},"properties":{"name":"R32","FID":"558","CP_NUM":"R32","X":"251447.0902","Y":"2746162.7546","CP_BLE":"27.23","CP_DEP":"1.72","CP_LENG":"110","CP_WID":"110","IN_CPNUM":"該段未縱走","CITY_ID":"10004"}},{"type":"Feature","geometry":{"type":"Point","coordinates":[121.0142581877998,24.82279202192599]},"properties":{"name":"R33","FID":"559","CP_NUM":"R33","X":"251441.27884","Y":"2746149.9961","CP_BLE":"26.98","CP_DEP":"1.96","CP_LENG":"110","CP_WID":"110","IN_CPNUM":"該段未縱走","CITY_ID":"10004"}},{"type":"Feature","geometry":{"type":"Point","coordinates":[121.0148247654049,24.82256727935757]},"properties":{"name":"R34","FID":"560","CP_NUM":"R34","X":"251498.55364","Y":"2746125.1099","CP_BLE":"27.19","CP_DEP":"2.1","CP_LENG":"110","CP_WID":"110","IN_CPNUM":"該段未縱走","CITY_ID":"10004"}},{"type":"Feature","geometry":{"type":"Point","coordinates":[121.0461320312743,24.80259789687107]},"properties":{"name":"R50","FID":"561","CP_NUM":"R50","X":"254663.97974","Y":"2743914.0268","CP_BLE":"48.51","CP_DEP":"2.65","CP_LENG":"60","CP_WID":"60","IN_CPNUM":"4072-5-P2","CITY_ID":"10004"}},{"type":"Feature","geometry":{"type":"Point","coordinates":[121.0379015375249,24.79961754311784]},"properties":{"name":"R51","FID":"562","CP_NUM":"R51","X":"253831.96271","Y":"2743583.6702","CP_BLE":"45.12","CP_DEP":"3.85","CP_LENG":"60","CP_WID":"60","IN_CPNUM":"4072-86-P1-1","CITY_ID":"10004"}},{"type":"Feature","geometry":{"type":"Point","coordinates":[121.0372338729007,24.79994991984574]},"properties":{"name":"R52","FID":"563","CP_NUM":"R52","X":"253764.44972","Y":"2743620.4653","CP_BLE":"45.86","CP_DEP":"2.57","CP_LENG":"60","CP_WID":"60","IN_CPNUM":"4072-86-P1","CITY_ID":"10004"}},{"type":"Feature","geometry":{"type":"Point","coordinates":[121.0355085389806,24.800844369705]},"properties":{"name":"R53","FID":"564","CP_NUM":"R53","X":"253589.98777","Y":"2743719.4871","CP_BLE":"44.55","CP_DEP":"2.45","CP_LENG":"60","CP_WID":"60","IN_CPNUM":"4072-85-P1","CITY_ID":"10004"}},{"type":"Feature","geometry":{"type":"Point","coordinates":[121.0291661341579,24.80454913516253]},"properties":{"name":"R54","FID":"565","CP_NUM":"R54","X":"252948.66972","Y":"2744129.671","CP_BLE":"39.88","CP_DEP":"2.55","CP_LENG":"60","CP_WID":"60","IN_CPNUM":"4071-36-P1","CITY_ID":"10004"}},{"type":"Feature","geometry":{"type":"Point","coordinates":[121.0448634987511,24.80354845447334]},"properties":{"name":"R55","FID":"566","CP_NUM":"R55","X":"254535.69564","Y":"2744019.2668","CP_BLE":"47.64","CP_DEP":"2.57","CP_LENG":"60","CP_WID":"60","IN_CPNUM":"4072-7-P1","CITY_ID":"10004"}},{"type":"Feature","geometry":{"type":"Point","coordinates":[121.0447087895837,24.80339718113077]},"properties":{"name":"R56","FID":"567","CP_NUM":"R56","X":"254520.06003","Y":"2744002.5068","CP_BLE":"47.64","CP_DEP":"2.6","CP_LENG":"60","CP_WID":"60","IN_CPNUM":"4072-7-P2","CITY_ID":"10004"}},{"type":"Feature","geometry":{"type":"Point","coordinates":[121.0400952513194,24.80586013301822]},"properties":{"name":"R57","FID":"568","CP_NUM":"R57","X":"254053.55105","Y":"2744275.1559","CP_BLE":"44.24","CP_DEP":"2.8","CP_LENG":"60","CP_WID":"60","IN_CPNUM":"4072-55-P1","CITY_ID":"10004"}},{"type":"Feature","geometry":{"type":"Point","coordinates":[121.0391959140029,24.80626146036938]},"properties":{"name":"R58","FID":"569","CP_NUM":"R58","X":"253962.61696","Y":"2744319.5801","CP_BLE":"43.96","CP_DEP":"2.55","CP_LENG":"60","CP_WID":"60","IN_CPNUM":"4072-55-P4","CITY_ID":"10004"}},{"type":"Feature","geometry":{"type":"Point","coordinates":[121.0358634507288,24.8070376403868]},"properties":{"name":"R59","FID":"570","CP_NUM":"R59","X":"253625.68996","Y":"2744405.4564","CP_BLE":"41.56","CP_DEP":"3.7","CP_LENG":"60","CP_WID":"60","IN_CPNUM":"文興支流起點-P2","CITY_ID":"10004"}},{"type":"Feature","geometry":{"type":"Point","coordinates":[121.0432292661401,24.81008307319928]},"properties":{"name":"R60","FID":"571","CP_NUM":"R60","X":"254370.24567","Y":"2744742.9811","CP_BLE":"43.36","CP_DEP":"2.25","CP_LENG":"60","CP_WID":"60","IN_CPNUM":"4072-27-2-P1","CITY_ID":"10004"}},{"type":"Feature","geometry":{"type":"Point","coordinates":[121.0379950024617,24.81295486158378]},"properties":{"name":"R61","FID":"572","CP_NUM":"R61","X":"253841.00134","Y":"2745060.9002","CP_BLE":"40.01","CP_DEP":"2.45","CP_LENG":"60","CP_WID":"60","IN_CPNUM":"4072-72-P1","CITY_ID":"10004"}},{"type":"Feature","geometry":{"type":"Point","coordinates":[121.0367733078013,24.81076565965935]},"properties":{"name":"R62","FID":"573","CP_NUM":"R62","X":"253717.5627","Y":"2744818.3925","CP_BLE":"40.37","CP_DEP":"2.55","CP_LENG":"60","CP_WID":"60","IN_CPNUM":"4072-78-P1","CITY_ID":"10004"}},{"type":"Feature","geometry":{"type":"Point","coordinates":[121.0369813896391,24.81067359057112]},"properties":{"name":"R63","FID":"574","CP_NUM":"R63","X":"253738.60133","Y":"2744808.2007","CP_BLE":"40.26","CP_DEP":"2.6","CP_LENG":"60","CP_WID":"60","IN_CPNUM":"4072-78-P2","CITY_ID":"10004"}},{"type":"Feature","geometry":{"type":"Point","coordinates":[121.0310858791667,24.80554040505415]},"properties":{"name":"R64","FID":"575","CP_NUM":"R64","X":"253142.7292","Y":"2744239.5058","CP_BLE":"40.14","CP_DEP":"3.25","CP_LENG":"60","CP_WID":"60","IN_CPNUM":"4071-34-P1","CITY_ID":"10004"}},{"type":"Feature","geometry":{"type":"Point","coordinates":[121.0306145779372,24.80474088361211]},"properties":{"name":"R65","FID":"576","CP_NUM":"R65","X":"253095.10134","Y":"2744150.9409","CP_BLE":"40.62","CP_DEP":"2.55","CP_LENG":"60","CP_WID":"60","IN_CPNUM":"4071-33-P1","CITY_ID":"10004"}},{"type":"Feature","geometry":{"type":"Point","coordinates":[121.0322526355056,24.80751979678993]},"properties":{"name":"R66","FID":"577","CP_NUM":"R66","X":"253260.63451","Y":"2744458.7685","CP_BLE":"41.01","CP_DEP":"2.7","CP_LENG":"60","CP_WID":"60","IN_CPNUM":"4071-32-P1","CITY_ID":"10004"}},{"type":"Feature","geometry":{"type":"Point","coordinates":[121.0304797765449,24.80691814673741]},"properties":{"name":"R67","FID":"578","CP_NUM":"R67","X":"253081.4192","Y":"2744392.0892","CP_BLE":"40.29","CP_DEP":"2.7","CP_LENG":"60","CP_WID":"60","IN_CPNUM":"4071-54-P2","CITY_ID":"10004"}},{"type":"Feature","geometry":{"type":"Point","coordinates":[121.0303636820559,24.80945489578161]},"properties":{"name":"R68","FID":"579","CP_NUM":"R68","X":"253069.61985","Y":"2744673.0543","CP_BLE":"38.97","CP_DEP":"2.55","CP_LENG":"60","CP_WID":"60","IN_CPNUM":"4071-166-P1","CITY_ID":"10004"}},{"type":"Feature","geometry":{"type":"Point","coordinates":[121.0246609328165,24.8077196021661]},"properties":{"name":"R69","FID":"580","CP_NUM":"R69","X":"252493.13453","Y":"2744480.7388","CP_BLE":"36.88","CP_DEP":"2.55","CP_LENG":"60","CP_WID":"60","IN_CPNUM":"4071-40-P1","CITY_ID":"10004"}},{"type":"Feature","geometry":{"type":"Point","coordinates":[121.0247874502198,24.80786731738409]},"properties":{"name":"R70","FID":"581","CP_NUM":"R70","X":"252505.92201","Y":"2744497.1019","CP_BLE":"36.94","CP_DEP":"2.5","CP_LENG":"60","CP_WID":"60","IN_CPNUM":"4071-40-P2","CITY_ID":"10004"}},{"type":"Feature","geometry":{"type":"Point","coordinates":[121.0265144100035,24.80984469842513]},"properties":{"name":"R71","FID":"582","CP_NUM":"R71","X":"252680.46894","Y":"2744716.1474","CP_BLE":"36.73","CP_DEP":"2.85","CP_LENG":"60","CP_WID":"60","IN_CPNUM":"4071-43-P2","CITY_ID":"10004"}},{"type":"Feature","geometry":{"type":"Point","coordinates":[121.0237563229285,24.81919626673851]},"properties":{"name":"R72","FID":"583","CP_NUM":"R72","X":"252401.46043","Y":"2745751.867","CP_BLE":"31.82","CP_DEP":"1.55","CP_LENG":"110","CP_WID":"110","IN_CPNUM":"4071-74-C","CITY_ID":"10004"}},{"type":"Feature","geometry":{"type":"Point","coordinates":[121.0249969044292,24.81866516110887]},"properties":{"name":"R73","FID":"584","CP_NUM":"R73","X":"252526.87805","Y":"2745693.0646","CP_BLE":"33.2","CP_DEP":"1.5","CP_LENG":"110","CP_WID":"110","IN_CPNUM":"4071-75-C","CITY_ID":"10004"}},{"type":"Feature","geometry":{"type":"Point","coordinates":[121.0250532180746,24.81877898068321]},"properties":{"name":"R74","FID":"585","CP_NUM":"R74","X":"252532.5684","Y":"2745705.6722","CP_BLE":"33.17","CP_DEP":"1.5","CP_LENG":"110","CP_WID":"110","IN_CPNUM":"4071-75-D","CITY_ID":"10004"}},{"type":"Feature","geometry":{"type":"Point","coordinates":[121.0308905804728,24.81256204924717]},"properties":{"name":"R75","FID":"586","CP_NUM":"R75","X":"253122.8089","Y":"2745017.2115","CP_BLE":"37.74","CP_DEP":"2.25","CP_LENG":"60","CP_WID":"60","IN_CPNUM":"4071-28-P3","CITY_ID":"10004"}},{"type":"Feature","geometry":{"type":"Point","coordinates":[121.0309952337993,24.81248556611735]},"properties":{"name":"R76","FID":"587","CP_NUM":"R76","X":"253133.39047","Y":"2745008.7427","CP_BLE":"37.52","CP_DEP":"2.5","CP_LENG":"60","CP_WID":"60","IN_CPNUM":"4071-28-P4","CITY_ID":"10004"}},{"type":"Feature","geometry":{"type":"Point","coordinates":[121.0302873810416,24.81184577232083]},"properties":{"name":"R77","FID":"588","CP_NUM":"R77","X":"253061.84747","Y":"2744937.8637","CP_BLE":"37.64","CP_DEP":"2.65","CP_LENG":"60","CP_WID":"60","IN_CPNUM":"4071-28-P1","CITY_ID":"10004"}},{"type":"Feature","geometry":{"type":"Point","coordinates":[121.0304055287607,24.81176990532339]},"properties":{"name":"R78","FID":"589","CP_NUM":"R78","X":"253073.79331","Y":"2744929.4634","CP_BLE":"37.73","CP_DEP":"2.55","CP_LENG":"60","CP_WID":"60","IN_CPNUM":"4071-28-P2","CITY_ID":"10004"}},{"type":"Feature","geometry":{"type":"Point","coordinates":[121.0280545424875,24.8294665661578]},"properties":{"name":"R79","FID":"590","CP_NUM":"R79","X":"252835.7216","Y":"2746889.4797","CP_BLE":"32.38","CP_DEP":"1.65","CP_LENG":"55","CP_WID":"65","IN_CPNUM":"4061-47-P2","CITY_ID":"10004"}},{"type":"Feature","geometry":{"type":"Point","coordinates":[121.0333331502016,24.81282929536841]},"properties":{"name":"R79-1","FID":"591","CP_NUM":"R79-1","X":"253369.72743","Y":"2745046.8695","CP_BLE":"38.18","CP_DEP":"2.42","CP_LENG":"60","CP_WID":"60","IN_CPNUM":"4072-82-P2","CITY_ID":"10004"}},{"type":"Feature","geometry":{"type":"Point","coordinates":[121.0333840664793,24.81278306385947]},"properties":{"name":"R79-2","FID":"592","CP_NUM":"R79-2","X":"253374.87594","Y":"2745041.7502","CP_BLE":"38.09","CP_DEP":"2.66","CP_LENG":"60","CP_WID":"60","IN_CPNUM":"4072-82-P1","CITY_ID":"10004"}},{"type":"Feature","geometry":{"type":"Point","coordinates":[121.0279643103059,24.82936665915847]},"properties":{"name":"R80","FID":"593","CP_NUM":"R80","X":"252826.60335","Y":"2746878.4122","CP_BLE":"32.37","CP_DEP":"1.65","CP_LENG":"55","CP_WID":"65","IN_CPNUM":"4061-47-P4","CITY_ID":"10004"}},{"type":"Feature","geometry":{"type":"Point","coordinates":[121.0276151783966,24.829732867618]},"properties":{"name":"R81","FID":"594","CP_NUM":"R81","X":"252791.30524","Y":"2746918.966","CP_BLE":"31.73","CP_DEP":"1.9","CP_LENG":"55","CP_WID":"65","IN_CPNUM":"4061-48-P1","CITY_ID":"10004"}},{"type":"Feature","geometry":{"type":"Point","coordinates":[121.0275406188777,24.82964445537795]},"properties":{"name":"R82","FID":"595","CP_NUM":"R82","X":"252783.77079","Y":"2746909.172","CP_BLE":"31.78","CP_DEP":"1.9","CP_LENG":"55","CP_WID":"65","IN_CPNUM":"4061-48-P2","CITY_ID":"10004"}},{"type":"Feature","geometry":{"type":"Point","coordinates":[121.0280628598184,24.82872935413132]},"properties":{"name":"R83","FID":"596","CP_NUM":"R83","X":"252836.57909","Y":"2746807.8268","CP_BLE":"32.4","CP_DEP":"1.85","CP_LENG":"55","CP_WID":"65","IN_CPNUM":"4061-45-P1","CITY_ID":"10004"}},{"type":"Feature","geometry":{"type":"Point","coordinates":[121.0281814726784,24.82866055112492]},"properties":{"name":"R84","FID":"597","CP_NUM":"R84","X":"252848.56997","Y":"2746800.2087","CP_BLE":"32.17","CP_DEP":"2.05","CP_LENG":"55","CP_WID":"65","IN_CPNUM":"4061-45-P2","CITY_ID":"10004"}},{"type":"Feature","geometry":{"type":"Point","coordinates":[121.0277085736489,24.82816641631517]},"properties":{"name":"R85","FID":"598","CP_NUM":"R85","X":"252800.78072","Y":"2746745.4689","CP_BLE":"32.02","CP_DEP":"2.15","CP_LENG":"55","CP_WID":"65","IN_CPNUM":"4061-46-P1","CITY_ID":"10004"}},{"type":"Feature","geometry":{"type":"Point","coordinates":[121.027811743618,24.82810944391124]},"properties":{"name":"R86","FID":"599","CP_NUM":"R86","X":"252811.21044","Y":"2746739.1608","CP_BLE":"32.13","CP_DEP":"2","CP_LENG":"55","CP_WID":"65","IN_CPNUM":"4061-46-P2","CITY_ID":"10004"}},{"type":"Feature","geometry":{"type":"Point","coordinates":[121.027412659463,24.82769961148373]},"properties":{"name":"R87","FID":"600","CP_NUM":"R87","X":"252770.88012","Y":"2746693.7599","CP_BLE":"31.74","CP_DEP":"2.35","CP_LENG":"55","CP_WID":"65","IN_CPNUM":"4061-29-2-P1","CITY_ID":"10004"}},{"type":"Feature","geometry":{"type":"Point","coordinates":[121.0275369462345,24.82763903208251]},"properties":{"name":"R88","FID":"601","CP_NUM":"R88","X":"252783.44437","Y":"2746687.0527","CP_BLE":"32.09","CP_DEP":"2","CP_LENG":"55","CP_WID":"65","IN_CPNUM":"4061-29-2-P2","CITY_ID":"10004"}},{"type":"Feature","geometry":{"type":"Point","coordinates":[121.0272864463387,24.82741686723242]},"properties":{"name":"R89","FID":"602","CP_NUM":"R89","X":"252758.12866","Y":"2746662.4408","CP_BLE":"31.99","CP_DEP":"2.05","CP_LENG":"55","CP_WID":"65","IN_CPNUM":"4061-29-1-P1","CITY_ID":"10004"}},{"type":"Feature","geometry":{"type":"Point","coordinates":[121.0274186543258,24.82736542973573]},"properties":{"name":"R90","FID":"603","CP_NUM":"R90","X":"252771.4935","Y":"2746656.7463","CP_BLE":"32.15","CP_DEP":"1.95","CP_LENG":"55","CP_WID":"65","IN_CPNUM":"4061-29-1-P2","CITY_ID":"10004"}},{"type":"Feature","geometry":{"type":"Point","coordinates":[121.0270438408909,24.82685239954042]},"properties":{"name":"R91","FID":"604","CP_NUM":"R91","X":"252733.61836","Y":"2746599.9159","CP_BLE":"32.06","CP_DEP":"1.85","CP_LENG":"55","CP_WID":"65","IN_CPNUM":"4061-29-3-P1","CITY_ID":"10004"}},{"type":"Feature","geometry":{"type":"Point","coordinates":[121.0271520464379,24.82681270107586]},"properties":{"name":"R92","FID":"605","CP_NUM":"R92","X":"252744.55677","Y":"2746595.5211","CP_BLE":"31.91","CP_DEP":"1.95","CP_LENG":"55","CP_WID":"65","IN_CPNUM":"4061-29-3-P2","CITY_ID":"10004"}},{"type":"Feature","geometry":{"type":"Point","coordinates":[121.0268315173065,24.82604972733297]},"properties":{"name":"R93","FID":"606","CP_NUM":"R93","X":"252712.17398","Y":"2746511.0083","CP_BLE":"31.81","CP_DEP":"2","CP_LENG":"55","CP_WID":"65","IN_CPNUM":"4061-28-1-P2","CITY_ID":"10004"}},{"type":"Feature","geometry":{"type":"Point","coordinates":[121.0295413854155,24.82826218469712]},"properties":{"name":"R94","FID":"607","CP_NUM":"R94","X":"252986.0389","Y":"2746756.115","CP_BLE":"32.78","CP_DEP":"1.9","CP_LENG":"55","CP_WID":"65","IN_CPNUM":"4061-41-P1","CITY_ID":"10004"}},{"type":"Feature","geometry":{"type":"Point","coordinates":[121.0296096412224,24.82817844456755]},"properties":{"name":"R95","FID":"608","CP_NUM":"R95","X":"252992.94018","Y":"2746746.8415","CP_BLE":"32.82","CP_DEP":"1.85","CP_LENG":"55","CP_WID":"65","IN_CPNUM":"4061-41-P2","CITY_ID":"10004"}},{"type":"Feature","geometry":{"type":"Point","coordinates":[121.0291021603789,24.82777939294125]},"properties":{"name":"R96","FID":"609","CP_NUM":"R96","X":"252941.65348","Y":"2746702.6318","CP_BLE":"32.54","CP_DEP":"2.05","CP_LENG":"55","CP_WID":"65","IN_CPNUM":"4061-24-1-P1","CITY_ID":"10004"}},{"type":"Feature","geometry":{"type":"Point","coordinates":[121.029192847496,24.82772776061672]},"properties":{"name":"R97","FID":"610","CP_NUM":"R97","X":"252950.82137","Y":"2746696.915","CP_BLE":"32.39","CP_DEP":"2.2","CP_LENG":"55","CP_WID":"65","IN_CPNUM":"4061-24-1-P2","CITY_ID":"10004"}},{"type":"Feature","geometry":{"type":"Point","coordinates":[121.0288043522677,24.8273380599639]},"properties":{"name":"R98","FID":"611","CP_NUM":"R98","X":"252911.56132","Y":"2746653.7437","CP_BLE":"32.65","CP_DEP":"1.9","CP_LENG":"55","CP_WID":"65","IN_CPNUM":"4061-24-2-P1","CITY_ID":"10004"}},{"type":"Feature","geometry":{"type":"Point","coordinates":[121.0288936783077,24.82728392896612]},"properties":{"name":"R99","FID":"612","CP_NUM":"R99","X":"252920.59173","Y":"2746647.7501","CP_BLE":"32.68","CP_DEP":"1.85","CP_LENG":"55","CP_WID":"65","IN_CPNUM":"4061-24-2-P2","CITY_ID":"10004"}},{"type":"Feature","geometry":{"type":"Point","coordinates":[121.028479689216,24.8268345696304]},"properties":{"name":"R100","FID":"613","CP_NUM":"R100","X":"252878.75583","Y":"2746597.9706","CP_BLE":"32.71","CP_DEP":"1.9","CP_LENG":"55","CP_WID":"65","IN_CPNUM":"4061-22-1-P1","CITY_ID":"10004"}},{"type":"Feature","geometry":{"type":"Point","coordinates":[121.0285755953472,24.82678237058718]},"properties":{"name":"R101","FID":"614","CP_NUM":"R101","X":"252888.45125","Y":"2746592.1911","CP_BLE":"32.67","CP_DEP":"2","CP_LENG":"55","CP_WID":"65","IN_CPNUM":"4061-22-1-P2","CITY_ID":"10004"}},{"type":"Feature","geometry":{"type":"Point","coordinates":[121.0282019397008,24.82640629143097]},"properties":{"name":"R102","FID":"615","CP_NUM":"R102","X":"252850.69037","Y":"2746550.529","CP_BLE":"32.57","CP_DEP":"1.85","CP_LENG":"55","CP_WID":"65","IN_CPNUM":"4061-22-P1","CITY_ID":"10004"}},{"type":"Feature","geometry":{"type":"Point","coordinates":[121.0282972457499,24.82635689605452]},"properties":{"name":"R103","FID":"616","CP_NUM":"R103","X":"252860.3252","Y":"2746545.06","CP_BLE":"32.35","CP_DEP":"2.15","CP_LENG":"55","CP_WID":"65","IN_CPNUM":"4061-22-P2","CITY_ID":"10004"}},{"type":"Feature","geometry":{"type":"Point","coordinates":[121.027715801172,24.82564409915925]},"properties":{"name":"R104","FID":"617","CP_NUM":"R104","X":"252801.56796","Y":"2746466.0991","CP_BLE":"32.35","CP_DEP":"1.85","CP_LENG":"55","CP_WID":"65","IN_CPNUM":"4061-17-P1","CITY_ID":"10004"}},{"type":"Feature","geometry":{"type":"Point","coordinates":[121.0292748815922,24.82490509698019]},"properties":{"name":"R105","FID":"618","CP_NUM":"R105","X":"252959.18053","Y":"2746384.2807","CP_BLE":"33.53","CP_DEP":"1.85","CP_LENG":"55","CP_WID":"65","IN_CPNUM":"40661-1-P2","CITY_ID":"10004"}},{"type":"Feature","geometry":{"type":"Point","coordinates":[121.0291777904535,24.82495479308595]},"properties":{"name":"R106","FID":"619","CP_NUM":"R106","X":"252949.36513","Y":"2746389.7829","CP_BLE":"33.49","CP_DEP":"1.9","CP_LENG":"55","CP_WID":"65","IN_CPNUM":"4061-1-P1","CITY_ID":"10004"}},{"type":"Feature","geometry":{"type":"Point","coordinates":[121.0296772670331,24.82562582805797]},"properties":{"name":"R107","FID":"620","CP_NUM":"R107","X":"252999.83732","Y":"2746464.1171","CP_BLE":"33.47","CP_DEP":"1.9","CP_LENG":"55","CP_WID":"65","IN_CPNUM":"4061-3-P2","CITY_ID":"10004"}},{"type":"Feature","geometry":{"type":"Point","coordinates":[121.0295826170557,24.82568376523719]},"properties":{"name":"R108","FID":"621","CP_NUM":"R108","X":"252990.26846","Y":"2746470.5321","CP_BLE":"33.47","CP_DEP":"1.9","CP_LENG":"55","CP_WID":"65","IN_CPNUM":"4061-3-P1","CITY_ID":"10004"}},{"type":"Feature","geometry":{"type":"Point","coordinates":[121.0299378197904,24.82609472302924]},"properties":{"name":"R109","FID":"622","CP_NUM":"R109","X":"253026.16306","Y":"2746516.0573","CP_BLE":"33.39","CP_DEP":"1.9","CP_LENG":"55","CP_WID":"65","IN_CPNUM":"4061-13-P2","CITY_ID":"10004"}},{"type":"Feature","geometry":{"type":"Point","coordinates":[121.0298372965278,24.8261379115307]},"properties":{"name":"R110","FID":"623","CP_NUM":"R110","X":"253016.001","Y":"2746520.8386","CP_BLE":"33.37","CP_DEP":"1.9","CP_LENG":"55","CP_WID":"65","IN_CPNUM":"4061-13-P1","CITY_ID":"10004"}},{"type":"Feature","geometry":{"type":"Point","coordinates":[121.0303454455299,24.82682429825615]},"properties":{"name":"R111","FID":"624","CP_NUM":"R111","X":"253067.34856","Y":"2746596.8736","CP_BLE":"33.02","CP_DEP":"1.85","CP_LENG":"55","CP_WID":"65","IN_CPNUM":"4061-15-P4","CITY_ID":"10004"}},{"type":"Feature","geometry":{"type":"Point","coordinates":[121.0302471536003,24.82687117475601]},"properties":{"name":"R112","FID":"625","CP_NUM":"R112","X":"253057.41198","Y":"2746602.0634","CP_BLE":"33.01","CP_DEP":"1.85","CP_LENG":"55","CP_WID":"65","IN_CPNUM":"4061-15-P2","CITY_ID":"10004"}},{"type":"Feature","geometry":{"type":"Point","coordinates":[121.0306421357314,24.82736106333482]},"properties":{"name":"R113","FID":"626","CP_NUM":"R113","X":"253097.32504","Y":"2746656.332","CP_BLE":"33.12","CP_DEP":"1.8","CP_LENG":"55","CP_WID":"65","IN_CPNUM":"4061-16-P4","CITY_ID":"10004"}},{"type":"Feature","geometry":{"type":"Point","coordinates":[121.0305468027037,24.8274087032409]},"properties":{"name":"R114","FID":"627","CP_NUM":"R114","X":"253087.68746","Y":"2746661.6064","CP_BLE":"33.28","CP_DEP":"1.65","CP_LENG":"55","CP_WID":"65","IN_CPNUM":"4061-16-P2","CITY_ID":"10004"}},{"type":"Feature","geometry":{"type":"Point","coordinates":[121.0314916281898,24.82619130412733]},"properties":{"name":"R115","FID":"628","CP_NUM":"R115","X":"253183.22205","Y":"2746526.7899","CP_BLE":"33.28","CP_DEP":"1.95","CP_LENG":"55","CP_WID":"65","IN_CPNUM":"4061-8-P2","CITY_ID":"10004"}},{"type":"Feature","geometry":{"type":"Point","coordinates":[121.0315867182242,24.82613463777972]},"properties":{"name":"R116","FID":"629","CP_NUM":"R116","X":"253192.83543","Y":"2746520.5158","CP_BLE":"33.48","CP_DEP":"1.9","CP_LENG":"55","CP_WID":"65","IN_CPNUM":"4061-8-P4","CITY_ID":"10004"}},{"type":"Feature","geometry":{"type":"Point","coordinates":[121.031257371791,24.82584846539677]},"properties":{"name":"R117","FID":"630","CP_NUM":"R117","X":"253159.5518","Y":"2746488.8119","CP_BLE":"34.14","CP_DEP":"1.45","CP_LENG":"55","CP_WID":"65","IN_CPNUM":"4061-7-P2","CITY_ID":"10004"}},{"type":"Feature","geometry":{"type":"Point","coordinates":[121.0313489976097,24.8257896872313]},"properties":{"name":"R118","FID":"631","CP_NUM":"R118","X":"253168.81496","Y":"2746482.3038","CP_BLE":"33.72","CP_DEP":"1.9","CP_LENG":"55","CP_WID":"65","IN_CPNUM":"4061-7-P4","CITY_ID":"10004"}},{"type":"Feature","geometry":{"type":"Point","coordinates":[121.031006165323,24.82550646133165]},"properties":{"name":"R119","FID":"632","CP_NUM":"R119","X":"253134.16804","Y":"2746450.926","CP_BLE":"33.98","CP_DEP":"1.9","CP_LENG":"55","CP_WID":"65","IN_CPNUM":"4061-6-P2","CITY_ID":"10004"}},{"type":"Feature","geometry":{"type":"Point","coordinates":[121.0310973876161,24.82544864133515]},"properties":{"name":"R120","FID":"633","CP_NUM":"R120","X":"253143.39043","Y":"2746444.524","CP_BLE":"35.29","CP_DEP":"0.6","CP_LENG":"55","CP_WID":"65","IN_CPNUM":"4061-6-P4","CITY_ID":"10004"}},{"type":"Feature","geometry":{"type":"Point","coordinates":[121.0216661502956,24.82003089907017]},"properties":{"name":"R121","FID":"634","CP_NUM":"R121","X":"252190.156","Y":"2745844.275","CP_BLE":"32.93","CP_DEP":"0","CP_LENG":"110","CP_WID":"110","IN_CPNUM":"該段未縱走","CITY_ID":"10004"}},{"type":"Feature","geometry":{"type":"Point","coordinates":[121.0219287543932,24.81993190192068]},"properties":{"name":"R122","FID":"635","CP_NUM":"R122","X":"252216.70347","Y":"2745833.3144","CP_BLE":"32.91","CP_DEP":"0","CP_LENG":"110","CP_WID":"110","IN_CPNUM":"該段未縱走","CITY_ID":"10004"}},{"type":"Feature","geometry":{"type":"Point","coordinates":[121.011407830326,24.8192633491425]},"properties":{"name":"R124","FID":"636","CP_NUM":"R124","X":"251153.18514","Y":"2745759.1362","CP_BLE":"25.87","CP_DEP":"1.6","CP_LENG":"60","CP_WID":"65","IN_CPNUM":"4071-162-D","CITY_ID":"10004"}},{"type":"Feature","geometry":{"type":"Point","coordinates":[121.0106854071062,24.81966611512945]},"properties":{"name":"R125","FID":"637","CP_NUM":"R125","X":"251080.15391","Y":"2745803.7403","CP_BLE":"25.34","CP_DEP":"1.65","CP_LENG":"60","CP_WID":"65","IN_CPNUM":"4071-161-D","CITY_ID":"10004"}},{"type":"Feature","geometry":{"type":"Point","coordinates":[121.0100401917857,24.82002575455588]},"properties":{"name":"R126","FID":"638","CP_NUM":"R126","X":"251014.92822","Y":"2745843.5687","CP_BLE":"24.6","CP_DEP":"1.55","CP_LENG":"60","CP_WID":"65","IN_CPNUM":"4071-160-D","CITY_ID":"10004"}},{"type":"Feature","geometry":{"type":"Point","coordinates":[121.0099878226048,24.8199370303938]},"properties":{"name":"R127","FID":"639","CP_NUM":"R127","X":"251009.63511","Y":"2745833.7413","CP_BLE":"24.39","CP_DEP":"1.65","CP_LENG":"60","CP_WID":"65","IN_CPNUM":"4071-160-C","CITY_ID":"10004"}},{"type":"Feature","geometry":{"type":"Point","coordinates":[121.0085235712944,24.82191804357248]},"properties":{"name":"R128","FID":"640","CP_NUM":"R128","X":"250861.60522","Y":"2746053.1466","CP_BLE":"23.88","CP_DEP":"1.5","CP_LENG":"60","CP_WID":"65","IN_CPNUM":"4071-158-D","CITY_ID":"10004"}},{"type":"Feature","geometry":{"type":"Point","coordinates":[121.0048544845187,24.8312232368571]},"properties":{"name":"R129","FID":"641","CP_NUM":"R129","X":"250490.67888","Y":"2747083.7645","CP_BLE":"22","CP_DEP":"0.85","CP_LENG":"65","CP_WID":"45","IN_CPNUM":"4070-24-3-P3","CITY_ID":"10004"}},{"type":"Feature","geometry":{"type":"Point","coordinates":[121.0050513237599,24.83149341621444]},"properties":{"name":"R130","FID":"642","CP_NUM":"R130","X":"250510.57383","Y":"2747113.6901","CP_BLE":"22.1","CP_DEP":"1","CP_LENG":"65","CP_WID":"45","IN_CPNUM":"4070-25-P1","CITY_ID":"10004"}},{"type":"Feature","geometry":{"type":"Point","coordinates":[121.0056271686116,24.83230358937324]},"properties":{"name":"R131","FID":"643","CP_NUM":"R131","X":"250568.77494","Y":"2747203.4266","CP_BLE":"22.37","CP_DEP":"0.9","CP_LENG":"65","CP_WID":"45","IN_CPNUM":"4070-27-P1","CITY_ID":"10004"}},{"type":"Feature","geometry":{"type":"Point","coordinates":[121.0058933494087,24.83264676919439]},"properties":{"name":"R132","FID":"644","CP_NUM":"R132","X":"250595.67789","Y":"2747241.4381","CP_BLE":"21.66","CP_DEP":"1.25","CP_LENG":"65","CP_WID":"45","IN_CPNUM":"4070-28-P1","CITY_ID":"10004"}},{"type":"Feature","geometry":{"type":"Point","coordinates":[121.0109920277356,24.83958204939352]},"properties":{"name":"R133","FID":"645","CP_NUM":"R133","X":"251110.97145","Y":"2748009.6173","CP_BLE":"23.5","CP_DEP":"1.25","CP_LENG":"100","CP_WID":"100","IN_CPNUM":"該段未縱走","CITY_ID":"10004"}},{"type":"Feature","geometry":{"type":"Point","coordinates":[121.0126639765834,24.8418646876462]},"properties":{"name":"R134","FID":"646","CP_NUM":"R134","X":"251279.93297","Y":"2748262.4557","CP_BLE":"22.15","CP_DEP":"2.55","CP_LENG":"70","CP_WID":"65","IN_CPNUM":"該段未縱走","CITY_ID":"10004"}},{"type":"Feature","geometry":{"type":"Point","coordinates":[120.9990796774008,24.83785900806594]},"properties":{"name":"R135","FID":"647","CP_NUM":"R135","X":"249906.9811","Y":"2747818.7298","CP_BLE":"19.9","CP_DEP":"1.25","CP_LENG":"80","CP_WID":"80","IN_CPNUM":"4070-72-D","CITY_ID":"10004"}},{"type":"Feature","geometry":{"type":"Point","coordinates":[120.9987179698092,24.83817699285014]},"properties":{"name":"R136","FID":"648","CP_NUM":"R136","X":"249870.42295","Y":"2747853.9499","CP_BLE":"19.59","CP_DEP":"1.4","CP_LENG":"80","CP_WID":"80","IN_CPNUM":"4070-73-C","CITY_ID":"10004"}},{"type":"Feature","geometry":{"type":"Point","coordinates":[120.9986693981707,24.83810570096276]},"properties":{"name":"R137","FID":"649","CP_NUM":"R137","X":"249865.51355","Y":"2747846.0537","CP_BLE":"19.75","CP_DEP":"1.2","CP_LENG":"80","CP_WID":"80","IN_CPNUM":"4070-73-D","CITY_ID":"10004"}},{"type":"Feature","geometry":{"type":"Point","coordinates":[120.9982422646262,24.83837279530947]},"properties":{"name":"R138","FID":"650","CP_NUM":"R138","X":"249822.34282","Y":"2747875.6374","CP_BLE":"19.13","CP_DEP":"1.3","CP_LENG":"80","CP_WID":"80","IN_CPNUM":"該段未縱走","CITY_ID":"10004"}},{"type":"Feature","geometry":{"type":"Point","coordinates":[120.9982913427848,24.83843761745969]},"properties":{"name":"R139","FID":"651","CP_NUM":"R139","X":"249827.30326","Y":"2747882.817","CP_BLE":"19.26","CP_DEP":"1.35","CP_LENG":"80","CP_WID":"80","IN_CPNUM":"該段未縱走","CITY_ID":"10004"}},{"type":"Feature","geometry":{"type":"Point","coordinates":[120.9995843880715,24.83920228128343]},"properties":{"name":"R140","FID":"652","CP_NUM":"R140","X":"249957.99373","Y":"2747967.5097","CP_BLE":"19.85","CP_DEP":"0.85","CP_LENG":"60","CP_WID":"65","IN_CPNUM":"4070-64-D","CITY_ID":"10004"}},{"type":"Feature","geometry":{"type":"Point","coordinates":[120.9995252754788,24.83911661254744]},"properties":{"name":"R141","FID":"653","CP_NUM":"R141","X":"249952.01914","Y":"2747958.0211","CP_BLE":"19.92","CP_DEP":"0.8","CP_LENG":"100","CP_WID":"100","IN_CPNUM":"4070-64-C","CITY_ID":"10004"}},{"type":"Feature","geometry":{"type":"Point","coordinates":[121.0045622015111,24.84236670084949]},"properties":{"name":"R142","FID":"654","CP_NUM":"R142","X":"250461.09442","Y":"2748318.0067","CP_BLE":"21.03","CP_DEP":"1.2","CP_LENG":"50","CP_WID":"65","IN_CPNUM":"4070-52-C","CITY_ID":"10004"}},{"type":"Feature","geometry":{"type":"Point","coordinates":[121.0044819530549,24.84226149421211]},"properties":{"name":"R143","FID":"655","CP_NUM":"R143","X":"250452.98422","Y":"2748306.3538","CP_BLE":"21.23","CP_DEP":"0.85","CP_LENG":"50","CP_WID":"65","IN_CPNUM":"該段未縱走","CITY_ID":"10004"}},{"type":"Feature","geometry":{"type":"Point","coordinates":[121.0062625387413,24.83636162426117]},"properties":{"name":"R144","FID":"656","CP_NUM":"R144","X":"250632.97535","Y":"2747652.8947","CP_BLE":"21.36","CP_DEP":"1.5","CP_LENG":"80","CP_WID":"80","IN_CPNUM":"4070-29-1-D","CITY_ID":"10004"}},{"type":"Feature","geometry":{"type":"Point","coordinates":[121.0062703480885,24.83654159785532]},"properties":{"name":"R145","FID":"657","CP_NUM":"R145","X":"250633.7637","Y":"2747672.8285","CP_BLE":"21.38","CP_DEP":"1.4","CP_LENG":"100","CP_WID":"100","IN_CPNUM":"該段未縱走","CITY_ID":"10004"}},{"type":"Feature","geometry":{"type":"Point","coordinates":[121.0156137101201,24.82568931714048]},"properties":{"name":"R146","FID":"658","CP_NUM":"R146","X":"251578.26408","Y":"2746470.9132","CP_BLE":"27.59","CP_DEP":"1.2","CP_LENG":"100","CP_WID":"100","IN_CPNUM":"4061-90-P1","CITY_ID":"10004"}},{"type":"Feature","geometry":{"type":"Point","coordinates":[121.0166342431321,24.82778226680089]},"properties":{"name":"R147","FID":"659","CP_NUM":"R147","X":"251681.39326","Y":"2746702.7389","CP_BLE":"28.02","CP_DEP":"0.95","CP_LENG":"80","CP_WID":"80","IN_CPNUM":"該段未縱走","CITY_ID":"10004"}},{"type":"Feature","geometry":{"type":"Point","coordinates":[121.0158955390383,24.82691505704884]},"properties":{"name":"R148","FID":"660","CP_NUM":"R148","X":"251606.73608","Y":"2746606.6785","CP_BLE":"27.48","CP_DEP":"1.3","CP_LENG":"80","CP_WID":"80","IN_CPNUM":"4061-90-1-P3","CITY_ID":"10004"}},{"type":"Feature","geometry":{"type":"Point","coordinates":[121.0154733770664,24.8260526116243]},"properties":{"name":"R149","FID":"661","CP_NUM":"R149","X":"251564.07441","Y":"2746511.1498","CP_BLE":"27.32","CP_DEP":"1.55","CP_LENG":"80","CP_WID":"80","IN_CPNUM":"4061-90-P2","CITY_ID":"10004"}},{"type":"Feature","geometry":{"type":"Point","coordinates":[121.0132329529431,24.8255444699248]},"properties":{"name":"R150","FID":"662","CP_NUM":"R150","X":"251337.61413","Y":"2746454.8446","CP_BLE":"26.97","CP_DEP":"0.8","CP_LENG":"80","CP_WID":"80","IN_CPNUM":"4061-61-2-P3","CITY_ID":"10004"}},{"type":"Feature","geometry":{"type":"Point","coordinates":[121.016883502239,24.83081551344966]},"properties":{"name":"R151","FID":"663","CP_NUM":"R151","X":"251706.54686","Y":"2747038.7022","CP_BLE":"26.01","CP_DEP":"1.05","CP_LENG":"70","CP_WID":"70","IN_CPNUM":"該段未縱走","CITY_ID":"10004"}},{"type":"Feature","geometry":{"type":"Point","coordinates":[121.0168257023043,24.83083095343279]},"properties":{"name":"R152","FID":"664","CP_NUM":"R152","X":"251700.7044","Y":"2747040.4116","CP_BLE":"26.1","CP_DEP":"0.95","CP_LENG":"70","CP_WID":"70","IN_CPNUM":"該段未縱走","CITY_ID":"10004"}},{"type":"Feature","geometry":{"type":"Point","coordinates":[121.0169001528716,24.83096194712666]},"properties":{"name":"R153","FID":"665","CP_NUM":"R153","X":"251708.22794","Y":"2747054.9213","CP_BLE":"26.25","CP_DEP":"0.7","CP_LENG":"70","CP_WID":"70","IN_CPNUM":"該段未縱走","CITY_ID":"10004"}},{"type":"Feature","geometry":{"type":"Point","coordinates":[121.0168433858736,24.83097837201845]},"properties":{"name":"R154","FID":"666","CP_NUM":"R154","X":"251702.48985","Y":"2747056.7398","CP_BLE":"25.91","CP_DEP":"1.05","CP_LENG":"70","CP_WID":"70","IN_CPNUM":"該段未縱走","CITY_ID":"10004"}},{"type":"Feature","geometry":{"type":"Point","coordinates":[121.0205049569228,24.81692267310467]},"properties":{"name":"R155","FID":"667","CP_NUM":"R155","X":"252072.82666","Y":"2745499.9925","CP_BLE":"33.2","CP_DEP":"1","CP_LENG":"110","CP_WID":"110","IN_CPNUM":"該段未縱走","CITY_ID":"10004"}},{"type":"Feature","geometry":{"type":"Point","coordinates":[121.0205472178873,24.81685795388325]},"properties":{"name":"R156","FID":"668","CP_NUM":"R156","X":"252077.09987","Y":"2745492.8249","CP_BLE":"33.32","CP_DEP":"1","CP_LENG":"110","CP_WID":"110","IN_CPNUM":"該段未縱走","CITY_ID":"10004"}},{"type":"Feature","geometry":{"type":"Point","coordinates":[121.0202533494831,24.81703471805229]},"properties":{"name":"R157","FID":"669","CP_NUM":"R157","X":"252047.39008","Y":"2745512.3987","CP_BLE":"33.18","CP_DEP":"1","CP_LENG":"110","CP_WID":"110","IN_CPNUM":"該段未縱走","CITY_ID":"10004"}},{"type":"Feature","geometry":{"type":"Point","coordinates":[121.0218138208187,24.81974286796337]},"properties":{"name":"R158","FID":"670","CP_NUM":"R158","X":"252205.08855","Y":"2745812.3753","CP_BLE":"32.07","CP_DEP":"1","CP_LENG":"110","CP_WID":"110","IN_CPNUM":"該段未縱走","CITY_ID":"10004"}},{"type":"Feature","geometry":{"type":"Point","coordinates":[121.0220145043762,24.8201264610723]},"properties":{"name":"R159","FID":"671","CP_NUM":"R159","X":"252225.36821","Y":"2745854.865","CP_BLE":"31.62","CP_DEP":"1.3","CP_LENG":"110","CP_WID":"110","IN_CPNUM":"該段未縱走","CITY_ID":"10004"}},{"type":"Feature","geometry":{"type":"Point","coordinates":[121.0224640167048,24.82108148280931]},"properties":{"name":"R160","FID":"672","CP_NUM":"R160","X":"252270.79043","Y":"2745960.6498","CP_BLE":"30.86","CP_DEP":"1.4","CP_LENG":"110","CP_WID":"110","IN_CPNUM":"該段未縱走","CITY_ID":"10004"}},{"type":"Feature","geometry":{"type":"Point","coordinates":[121.0232330773984,24.82278009327072]},"properties":{"name":"R161","FID":"673","CP_NUM":"R161","X":"252348.49935","Y":"2746148.7995","CP_BLE":"30.92","CP_DEP":"1.4","CP_LENG":"110","CP_WID":"110","IN_CPNUM":"該段未縱走","CITY_ID":"10004"}},{"type":"Feature","geometry":{"type":"Point","coordinates":[121.0237171444605,24.82360525806201]},"properties":{"name":"R162","FID":"674","CP_NUM":"R162","X":"252397.41514","Y":"2746240.2025","CP_BLE":"31.99","CP_DEP":"1.4","CP_LENG":"110","CP_WID":"110","IN_CPNUM":"該段未縱走","CITY_ID":"10004"}},{"type":"Feature","geometry":{"type":"Point","coordinates":[121.0236880937815,24.82365476465116]},"properties":{"name":"R163","FID":"675","CP_NUM":"R163","X":"252394.47763","Y":"2746245.6853","CP_BLE":"32.08","CP_DEP":"1.4","CP_LENG":"110","CP_WID":"110","IN_CPNUM":"該段未縱走","CITY_ID":"10004"}},{"type":"Feature","geometry":{"type":"Point","coordinates":[121.0241427308705,24.82463729470672]},"properties":{"name":"R164","FID":"676","CP_NUM":"R164","X":"252440.41473","Y":"2746354.5176","CP_BLE":"31.85","CP_DEP":"1.4","CP_LENG":"110","CP_WID":"110","IN_CPNUM":"4061-54-D","CITY_ID":"10004"}},{"type":"Feature","geometry":{"type":"Point","coordinates":[121.0245264415006,24.82545334131565]},"properties":{"name":"R165","FID":"677","CP_NUM":"R165","X":"252479.18503","Y":"2746444.9092","CP_BLE":"31.35","CP_DEP":"1.4","CP_LENG":"110","CP_WID":"110","IN_CPNUM":"4061-52-D","CITY_ID":"10004"}},{"type":"Feature","geometry":{"type":"Point","coordinates":[121.0242653816891,24.82555573565399]},"properties":{"name":"R166","FID":"678","CP_NUM":"R166","X":"252452.79452","Y":"2746456.2456","CP_BLE":"31.45","CP_DEP":"1.4","CP_LENG":"110","CP_WID":"110","IN_CPNUM":"4061-52-C","CITY_ID":"10004"}},{"type":"Feature","geometry":{"type":"Point","coordinates":[121.0238819665046,24.82474090358711]},"properties":{"name":"R167","FID":"679","CP_NUM":"R167","X":"252414.05394","Y":"2746365.9886","CP_BLE":"31.85","CP_DEP":"1.4","CP_LENG":"110","CP_WID":"110","IN_CPNUM":"4061-54-C","CITY_ID":"10004"}},{"type":"Feature","geometry":{"type":"Point","coordinates":[121.0233755203208,24.82366271205428]},"properties":{"name":"R168","FID":"680","CP_NUM":"R168","X":"252362.88143","Y":"2746246.5601","CP_BLE":"31.97","CP_DEP":"1.4","CP_LENG":"110","CP_WID":"110","IN_CPNUM":"4061-57-C","CITY_ID":"10004"}},{"type":"Feature","geometry":{"type":"Point","coordinates":[121.0229925852,24.82285047314042]},"properties":{"name":"R169","FID":"681","CP_NUM":"R169","X":"252324.18808","Y":"2746156.5906","CP_BLE":"31.09","CP_DEP":"1.4","CP_LENG":"110","CP_WID":"110","IN_CPNUM":"該段未縱走","CITY_ID":"10004"}},{"type":"Feature","geometry":{"type":"Point","coordinates":[121.0227153058935,24.82226080638108]},"properties":{"name":"R170","FID":"682","CP_NUM":"R170","X":"252296.17044","Y":"2746091.2749","CP_BLE":"31.1","CP_DEP":"1.4","CP_LENG":"110","CP_WID":"110","IN_CPNUM":"該段未縱走","CITY_ID":"10004"}},{"type":"Feature","geometry":{"type":"Point","coordinates":[121.0222049938121,24.82117549024635]},"properties":{"name":"R171","FID":"683","CP_NUM":"R171","X":"252244.60524","Y":"2745971.0577","CP_BLE":"30.87","CP_DEP":"1.4","CP_LENG":"110","CP_WID":"110","IN_CPNUM":"該段未縱走","CITY_ID":"10004"}},{"type":"Feature","geometry":{"type":"Point","coordinates":[121.0215740509903,24.81983099118633]},"properties":{"name":"R172","FID":"684","CP_NUM":"R172","X":"252180.84947","Y":"2745822.1319","CP_BLE":"31.75","CP_DEP":"1.4","CP_LENG":"110","CP_WID":"110","IN_CPNUM":"該段未縱走","CITY_ID":"10004"}},{"type":"Feature","geometry":{"type":"Point","coordinates":[121.0211973876045,24.81903695883635]},"properties":{"name":"R173","FID":"685","CP_NUM":"R173","X":"252142.78755","Y":"2745734.1796","CP_BLE":"32.35","CP_DEP":"1.4","CP_LENG":"110","CP_WID":"110","IN_CPNUM":"4071-136-D","CITY_ID":"10004"}},{"type":"Feature","geometry":{"type":"Point","coordinates":[121.0214621012977,24.81893380452405]},"properties":{"name":"R174","FID":"686","CP_NUM":"R174","X":"252169.54854","Y":"2745722.7585","CP_BLE":"32.38","CP_DEP":"1.4","CP_LENG":"110","CP_WID":"110","IN_CPNUM":"4071-136-C","CITY_ID":"10004"}},{"type":"Feature","geometry":{"type":"Point","coordinates":[121.0207780989591,24.81813098032072]},"properties":{"name":"R175","FID":"687","CP_NUM":"R175","X":"252100.41801","Y":"2745633.8277","CP_BLE":"31.91","CP_DEP":"2","CP_LENG":"110","CP_WID":"110","IN_CPNUM":"該段未縱走","CITY_ID":"10004"}},{"type":"Feature","geometry":{"type":"Point","coordinates":[121.0210322777825,24.81802834104532]},"properties":{"name":"R176","FID":"688","CP_NUM":"R176","X":"252126.11421","Y":"2745622.4634","CP_BLE":"31.95","CP_DEP":"2","CP_LENG":"110","CP_WID":"110","IN_CPNUM":"該段未縱走","CITY_ID":"10004"}},{"type":"Feature","geometry":{"type":"Point","coordinates":[121.0168686807766,24.83033934560946]},"properties":{"name":"R180","FID":"689","CP_NUM":"R180","X":"251705.05525","Y":"2746985.962","CP_BLE":"26.36","CP_DEP":"1.4","CP_LENG":"70","CP_WID":"70","IN_CPNUM":"該段未縱走","CITY_ID":"10004"}},{"type":"Feature","geometry":{"type":"Point","coordinates":[121.0167142188145,24.83037383861987]},"properties":{"name":"R181","FID":"690","CP_NUM":"R181","X":"251689.4421","Y":"2746989.7805","CP_BLE":"26.14","CP_DEP":"1.4","CP_LENG":"70","CP_WID":"70","IN_CPNUM":"該段未縱走","CITY_ID":"10004"}},{"type":"Feature","geometry":{"type":"Point","coordinates":[121.0160612161668,24.83043579033093]},"properties":{"name":"R182","FID":"691","CP_NUM":"R182","X":"251623.43696","Y":"2746996.6343","CP_BLE":"26.11","CP_DEP":"1.4","CP_LENG":"70","CP_WID":"70","IN_CPNUM":"該段未縱走","CITY_ID":"10004"}},{"type":"Feature","geometry":{"type":"Point","coordinates":[121.0153830366816,24.8305169988569]},"properties":{"name":"R183","FID":"692","CP_NUM":"R183","X":"251554.88688","Y":"2747005.621","CP_BLE":"25.8","CP_DEP":"1.4","CP_LENG":"70","CP_WID":"70","IN_CPNUM":"該段未縱走","CITY_ID":"10004"}},{"type":"Feature","geometry":{"type":"Point","coordinates":[121.0151983748488,24.83053703141323]},"properties":{"name":"R184","FID":"693","CP_NUM":"R184","X":"251536.22138","Y":"2747007.8377","CP_BLE":"25.92","CP_DEP":"1.35","CP_LENG":"70","CP_WID":"70","IN_CPNUM":"該段未縱走","CITY_ID":"10004"}},{"type":"Feature","geometry":{"type":"Point","coordinates":[121.0145241777314,24.83062182991848]},"properties":{"name":"R185","FID":"694","CP_NUM":"R185","X":"251468.07388","Y":"2747017.2225","CP_BLE":"25.41","CP_DEP":"1.35","CP_LENG":"70","CP_WID":"70","IN_CPNUM":"該段未縱走","CITY_ID":"10004"}},{"type":"Feature","geometry":{"type":"Point","coordinates":[121.0138827343015,24.83072134526261]},"properties":{"name":"R186","FID":"695","CP_NUM":"R186","X":"251403.23704","Y":"2747028.238","CP_BLE":"24.89","CP_DEP":"1.3","CP_LENG":"70","CP_WID":"70","IN_CPNUM":"該段未縱走","CITY_ID":"10004"}},{"type":"Feature","geometry":{"type":"Point","coordinates":[121.0135723887037,24.83076966496387]},"properties":{"name":"R187","FID":"696","CP_NUM":"R187","X":"251371.86743","Y":"2747033.5867","CP_BLE":"24.52","CP_DEP":"1.3","CP_LENG":"70","CP_WID":"70","IN_CPNUM":"該段未縱走","CITY_ID":"10004"}},{"type":"Feature","geometry":{"type":"Point","coordinates":[121.012586264149,24.83092461588335]},"properties":{"name":"R188","FID":"697","CP_NUM":"R188","X":"251272.19052","Y":"2747050.7394","CP_BLE":"24.71","CP_DEP":"1.3","CP_LENG":"70","CP_WID":"70","IN_CPNUM":"該段未縱走","CITY_ID":"10004"}},{"type":"Feature","geometry":{"type":"Point","coordinates":[121.012422716234,24.83094984730932]},"properties":{"name":"R189","FID":"698","CP_NUM":"R189","X":"251255.65923","Y":"2747053.5325","CP_BLE":"24.74","CP_DEP":"1.3","CP_LENG":"70","CP_WID":"70","IN_CPNUM":"該段未縱走","CITY_ID":"10004"}},{"type":"Feature","geometry":{"type":"Point","coordinates":[121.011953537813,24.83085075166962]},"properties":{"name":"R190","FID":"699","CP_NUM":"R190","X":"251208.2367","Y":"2747042.5525","CP_BLE":"24.79","CP_DEP":"1.35","CP_LENG":"70","CP_WID":"70","IN_CPNUM":"該段未縱走","CITY_ID":"10004"}},{"type":"Feature","geometry":{"type":"Point","coordinates":[121.0126117829367,24.83074686161364]},"properties":{"name":"R191","FID":"700","CP_NUM":"R191","X":"251274.77169","Y":"2747031.0517","CP_BLE":"24.56","CP_DEP":"1.35","CP_LENG":"70","CP_WID":"70","IN_CPNUM":"該段未縱走","CITY_ID":"10004"}},{"type":"Feature","geometry":{"type":"Point","coordinates":[121.0134468461043,24.83061650993247]},"properties":{"name":"R192","FID":"701","CP_NUM":"R192","X":"251359.1795","Y":"2747016.6221","CP_BLE":"24.47","CP_DEP":"1.3","CP_LENG":"70","CP_WID":"70","IN_CPNUM":"該段未縱走","CITY_ID":"10004"}},{"type":"Feature","geometry":{"type":"Point","coordinates":[121.0140591340595,24.83052063862537]},"properties":{"name":"R193","FID":"702","CP_NUM":"R193","X":"251421.06938","Y":"2747006.0097","CP_BLE":"25.05","CP_DEP":"1.3","CP_LENG":"70","CP_WID":"70","IN_CPNUM":"該段未縱走","CITY_ID":"10004"}},{"type":"Feature","geometry":{"type":"Point","coordinates":[121.013758522953,24.83056763420743]},"properties":{"name":"R193A","FID":"703","CP_NUM":"R193A","X":"251390.68371","Y":"2747011.2117","CP_BLE":"24.77","CP_DEP":"1.25","CP_LENG":"70","CP_WID":"70","IN_CPNUM":"該段未縱走","CITY_ID":"10004"}},{"type":"Feature","geometry":{"type":"Point","coordinates":[121.014221343485,24.83049529177526]},"properties":{"name":"R194","FID":"704","CP_NUM":"R194","X":"251437.46551","Y":"2747003.204","CP_BLE":"25.27","CP_DEP":"1.25","CP_LENG":"70","CP_WID":"70","IN_CPNUM":"該段未縱走","CITY_ID":"10004"}},{"type":"Feature","geometry":{"type":"Point","coordinates":[121.0151875019326,24.83036567082544]},"properties":{"name":"R195","FID":"705","CP_NUM":"R195","X":"251535.1245","Y":"2746988.8578","CP_BLE":"26.04","CP_DEP":"1.2","CP_LENG":"70","CP_WID":"70","IN_CPNUM":"該段未縱走","CITY_ID":"10004"}},{"type":"Feature","geometry":{"type":"Point","coordinates":[121.0153719826214,24.8303469050117]},"properties":{"name":"R196","FID":"706","CP_NUM":"R196","X":"251553.77167","Y":"2746986.7814","CP_BLE":"26.06","CP_DEP":"1.2","CP_LENG":"70","CP_WID":"70","IN_CPNUM":"該段未縱走","CITY_ID":"10004"}},{"type":"Feature","geometry":{"type":"Point","coordinates":[121.016662542487,24.83020771656491]},"properties":{"name":"R197","FID":"707","CP_NUM":"R197","X":"251684.221","Y":"2746971.3803","CP_BLE":"26.41","CP_DEP":"1.2","CP_LENG":"70","CP_WID":"70","IN_CPNUM":"該段未縱走","CITY_ID":"10004"}},{"type":"Feature","geometry":{"type":"Point","coordinates":[121.0209827054381,24.84204175411214]},"properties":{"name":"RA1","FID":"708","CP_NUM":"RA1","X":"252120.69399","Y":"2748282.1712","CP_BLE":"23.32","CP_DEP":"1.99","CP_LENG":"66","CP_WID":"66","IN_CPNUM":"1060-13-P2","CITY_ID":"10004"}},{"type":"Feature","geometry":{"type":"Point","coordinates":[121.0206965391623,24.84202724175905]},"properties":{"name":"RA2","FID":"709","CP_NUM":"RA2","X":"252091.77184","Y":"2748280.5594","CP_BLE":"23.3","CP_DEP":"2","CP_LENG":"66","CP_WID":"66","IN_CPNUM":"1060-13-P1","CITY_ID":"10004"}},{"type":"Feature","geometry":{"type":"Point","coordinates":[121.0209365078189,24.84269269092248]},"properties":{"name":"RA3","FID":"710","CP_NUM":"RA3","X":"252116.01383","Y":"2748354.2679","CP_BLE":"23","CP_DEP":"2.01","CP_LENG":"66","CP_WID":"66","IN_CPNUM":"1060-14-P1","CITY_ID":"10004"}},{"type":"Feature","geometry":{"type":"Point","coordinates":[121.0206454339179,24.84271671491537]},"properties":{"name":"RA4","FID":"711","CP_NUM":"RA4","X":"252086.59513","Y":"2748356.9243","CP_BLE":"23.89","CP_DEP":"1.1","CP_LENG":"66","CP_WID":"66","IN_CPNUM":"未接至下水道","CITY_ID":"10004"}},{"type":"Feature","geometry":{"type":"Point","coordinates":[121.0208863202495,24.84332557920148]},"properties":{"name":"RA5","FID":"712","CP_NUM":"RA5","X":"252110.93071","Y":"2748424.3655","CP_BLE":"22.78","CP_DEP":"2.01","CP_LENG":"66","CP_WID":"66","IN_CPNUM":"1060-15-P1","CITY_ID":"10004"}},{"type":"Feature","geometry":{"type":"Point","coordinates":[121.0208368843022,24.84395348172846]},"properties":{"name":"RA5-1","FID":"713","CP_NUM":"RA5-1","X":"252105.92373","Y":"2748493.9109","CP_BLE":"22.52","CP_DEP":"2.08","CP_LENG":"65","CP_WID":"65","IN_CPNUM":"1060-15-P3","CITY_ID":"10004"}},{"type":"Feature","geometry":{"type":"Point","coordinates":[121.020589923101,24.84342391710176]},"properties":{"name":"RA6","FID":"714","CP_NUM":"RA6","X":"252080.97291","Y":"2748435.2528","CP_BLE":"22.7","CP_DEP":"2.02","CP_LENG":"66","CP_WID":"66","IN_CPNUM":"1060-15-P2","CITY_ID":"10004"}},{"type":"Feature","geometry":{"type":"Point","coordinates":[121.0205164627853,24.84436288237309]},"properties":{"name":"RA7","FID":"715","CP_NUM":"RA7","X":"252073.53278","Y":"2748539.251","CP_BLE":"22.53","CP_DEP":"2","CP_LENG":"66","CP_WID":"66","IN_CPNUM":"1060-16-P1","CITY_ID":"10004"}},{"type":"Feature","geometry":{"type":"Point","coordinates":[121.0208143196412,24.84423474291955]},"properties":{"name":"RA7-1","FID":"716","CP_NUM":"RA7-1","X":"252103.63837","Y":"2748525.0629","CP_BLE":"22.66","CP_DEP":"1.95","CP_LENG":"65","CP_WID":"65","IN_CPNUM":"1060-15-P5","CITY_ID":"10004"}},{"type":"Feature","geometry":{"type":"Point","coordinates":[121.0206839034035,24.84501076575465]},"properties":{"name":"RA8","FID":"717","CP_NUM":"RA8","X":"252090.4446","Y":"2748611.0128","CP_BLE":"22.5","CP_DEP":"1.96","CP_LENG":"66","CP_WID":"66","IN_CPNUM":"1060-17-P1","CITY_ID":"10004"}},{"type":"Feature","geometry":{"type":"Point","coordinates":[121.0198863136318,24.84578394438266]},"properties":{"name":"RA9","FID":"718","CP_NUM":"RA9","X":"252009.8227","Y":"2748696.6377","CP_BLE":"22.22","CP_DEP":"2.01","CP_LENG":"66","CP_WID":"66","IN_CPNUM":"1060-18-P2","CITY_ID":"10004"}},{"type":"Feature","geometry":{"type":"Point","coordinates":[121.0197328373182,24.84596613506645]},"properties":{"name":"RA9-1","FID":"719","CP_NUM":"RA9-1","X":"251994.30857","Y":"2748716.8148","CP_BLE":"22.22","CP_DEP":"1.9","CP_LENG":"66","CP_WID":"66","IN_CPNUM":"1060-18-P9","CITY_ID":"10004"}},{"type":"Feature","geometry":{"type":"Point","coordinates":[121.0200960689608,24.84595877713248]},"properties":{"name":"RA10","FID":"720","CP_NUM":"RA10","X":"252031.01893","Y":"2748716.0052","CP_BLE":"22.2","CP_DEP":"2.01","CP_LENG":"66","CP_WID":"66","IN_CPNUM":"1060-18-P1","CITY_ID":"10004"}},{"type":"Feature","geometry":{"type":"Point","coordinates":[121.0199439006164,24.84614597148558]},"properties":{"name":"RA10-1","FID":"721","CP_NUM":"RA10-1","X":"252015.63691","Y":"2748736.7365","CP_BLE":"22.27","CP_DEP":"1.8","CP_LENG":"66","CP_WID":"66","IN_CPNUM":"1060-18-P8","CITY_ID":"10004"}},{"type":"Feature","geometry":{"type":"Point","coordinates":[121.0191088743801,24.8467062021396]},"properties":{"name":"RA11","FID":"722","CP_NUM":"RA11","X":"251931.23603","Y":"2748798.7753","CP_BLE":"22.48","CP_DEP":"1.88","CP_LENG":"66","CP_WID":"66","IN_CPNUM":"1060-19-P2","CITY_ID":"10004"}},{"type":"Feature","geometry":{"type":"Point","coordinates":[121.0193426422889,24.84686054883804]},"properties":{"name":"RA12","FID":"723","CP_NUM":"RA12","X":"251954.85932","Y":"2748815.874","CP_BLE":"22.46","CP_DEP":"1.89","CP_LENG":"66","CP_WID":"66","IN_CPNUM":"1060-19-P3","CITY_ID":"10004"}},{"type":"Feature","geometry":{"type":"Point","coordinates":[121.0179542401774,24.84813487050399]},"properties":{"name":"RA13","FID":"724","CP_NUM":"RA13","X":"251814.52222","Y":"2748956.9981","CP_BLE":"21.8","CP_DEP":"1.6","CP_LENG":"66","CP_WID":"66","IN_CPNUM":"1060-22-P2","CITY_ID":"10004"}},{"type":"Feature","geometry":{"type":"Point","coordinates":[121.0178456453648,24.84787995561811]},"properties":{"name":"RA14","FID":"725","CP_NUM":"RA14","X":"251803.55085","Y":"2748928.7624","CP_BLE":"21.54","CP_DEP":"1.92","CP_LENG":"66","CP_WID":"66","IN_CPNUM":"1060-22-P1","CITY_ID":"10004"}},{"type":"Feature","geometry":{"type":"Point","coordinates":[121.0171800787252,24.84859822897684]},"properties":{"name":"RA15","FID":"726","CP_NUM":"RA15","X":"251736.27607","Y":"2749008.3094","CP_BLE":"21.04","CP_DEP":"2.08","CP_LENG":"66","CP_WID":"66","IN_CPNUM":"1060-22-P6","CITY_ID":"10004"}},{"type":"Feature","geometry":{"type":"Point","coordinates":[121.0170345154218,24.84837322217908]},"properties":{"name":"RA16","FID":"727","CP_NUM":"RA16","X":"251721.56813","Y":"2748983.3859","CP_BLE":"21.04","CP_DEP":"2.08","CP_LENG":"66","CP_WID":"66","IN_CPNUM":"1060-22-P5","CITY_ID":"10004"}},{"type":"Feature","geometry":{"type":"Point","coordinates":[121.0066507148722,24.8490680520188]},"properties":{"name":"RA17","FID":"728","CP_NUM":"RA17","X":"250672.14091","Y":"2749060.2538","CP_BLE":"18.8","CP_DEP":"1.45","CP_LENG":"65","CP_WID":"55","IN_CPNUM":"1060-2-P4","CITY_ID":"10004"}},{"type":"Feature","geometry":{"type":"Point","coordinates":[121.0082598927566,24.84918329901432]},"properties":{"name":"RA18","FID":"729","CP_NUM":"RA18","X":"250834.76843","Y":"2749073.0274","CP_BLE":"19.45","CP_DEP":"1.32","CP_LENG":"65","CP_WID":"55","IN_CPNUM":"4051-1-P3","CITY_ID":"10004"}},{"type":"Feature","geometry":{"type":"Point","coordinates":[121.008272593554,24.84928432705357]},"properties":{"name":"RA19","FID":"730","CP_NUM":"RA19","X":"250836.0513","Y":"2749084.2173","CP_BLE":"19.81","CP_DEP":"1.06","CP_LENG":"60","CP_WID":"60","IN_CPNUM":"4051-1-P2","CITY_ID":"10004"}},{"type":"Feature","geometry":{"type":"Point","coordinates":[121.0086813584844,24.84921630973963]},"properties":{"name":"RA20","FID":"731","CP_NUM":"RA20","X":"250877.36268","Y":"2749076.6863","CP_BLE":"19.69","CP_DEP":"1.27","CP_LENG":"60","CP_WID":"60","IN_CPNUM":"4051-1-P1","CITY_ID":"10004"}},{"type":"Feature","geometry":{"type":"Point","coordinates":[121.009007303634,24.84912625308004]},"properties":{"name":"RA21","FID":"732","CP_NUM":"RA21","X":"250910.30426","Y":"2749066.7138","CP_BLE":"19.43","CP_DEP":"1.5","CP_LENG":"60","CP_WID":"60","IN_CPNUM":"4051-4-P3","CITY_ID":"10004"}},{"type":"Feature","geometry":{"type":"Point","coordinates":[121.0091610371947,24.84895974073604]},"properties":{"name":"RA22","FID":"733","CP_NUM":"RA22","X":"250925.84227","Y":"2749048.272","CP_BLE":"19.91","CP_DEP":"1.23","CP_LENG":"60","CP_WID":"60","IN_CPNUM":"4051-4-P2","CITY_ID":"10004"}},{"type":"Feature","geometry":{"type":"Point","coordinates":[121.0092070460501,24.84905265900122]},"properties":{"name":"RA22-1","FID":"734","CP_NUM":"RA22-1","X":"250930.49142","Y":"2749058.5639","CP_BLE":"19.89","CP_DEP":"1.23","CP_LENG":"60","CP_WID":"60","IN_CPNUM":"4051-4-P1","CITY_ID":"10004"}},{"type":"Feature","geometry":{"type":"Point","coordinates":[121.0098481844387,24.84858377012224]},"properties":{"name":"RA23","FID":"735","CP_NUM":"RA23","X":"250995.29055","Y":"2749006.6345","CP_BLE":"19.9","CP_DEP":"1.34","CP_LENG":"60","CP_WID":"60","IN_CPNUM":"4061-84-P3","CITY_ID":"10004"}},{"type":"Feature","geometry":{"type":"Point","coordinates":[121.0099071848873,24.84866863113032]},"properties":{"name":"RA24","FID":"736","CP_NUM":"RA24","X":"251001.25262","Y":"2749016.0341","CP_BLE":"19.91","CP_DEP":"1.33","CP_LENG":"60","CP_WID":"60","IN_CPNUM":"4061-84-P2","CITY_ID":"10004"}},{"type":"Feature","geometry":{"type":"Point","coordinates":[120.9992424571716,24.82926336796002]},"properties":{"name":"RA25","FID":"737","CP_NUM":"RA25","X":"249923.42834","Y":"2746866.6823","CP_BLE":"19.38","CP_DEP":"1.02","CP_LENG":"65","CP_WID":"45","IN_CPNUM":"4070-21-C","CITY_ID":"10004"}},{"type":"Feature","geometry":{"type":"Point","coordinates":[120.9984080387085,24.83043583740467]},"properties":{"name":"RA26","FID":"738","CP_NUM":"RA26","X":"249839.08764","Y":"2746996.5449","CP_BLE":"18.13","CP_DEP":"1.33","CP_LENG":"65","CP_WID":"45","IN_CPNUM":"該段未縱走","CITY_ID":"10004"}},{"type":"Feature","geometry":{"type":"Point","coordinates":[120.9982704147369,24.83041277054217]},"properties":{"name":"RA27","FID":"739","CP_NUM":"RA27","X":"249825.17677","Y":"2746993.9902","CP_BLE":"18.35","CP_DEP":"1.3","CP_LENG":"65","CP_WID":"45","IN_CPNUM":"該段未縱走","CITY_ID":"10004"}},{"type":"Feature","geometry":{"type":"Point","coordinates":[120.9995543412157,24.83523623194845]},"properties":{"name":"RA28","FID":"740","CP_NUM":"RA28","X":"249954.95544","Y":"2747528.2325","CP_BLE":"19.01","CP_DEP":"1.3","CP_LENG":"66","CP_WID":"60","IN_CPNUM":"4070-93-1-C","CITY_ID":"10004"}},{"type":"Feature","geometry":{"type":"Point","coordinates":[120.99951307143,24.83526178451296]},"properties":{"name":"RA29","FID":"741","CP_NUM":"RA29","X":"249950.7841","Y":"2747531.0627","CP_BLE":"19.12","CP_DEP":"1.17","CP_LENG":"66","CP_WID":"60","IN_CPNUM":"4070-93-1-D","CITY_ID":"10004"}},{"type":"Feature","geometry":{"type":"Point","coordinates":[120.9994791317842,24.83507605652997]},"properties":{"name":"RA30","FID":"742","CP_NUM":"RA30","X":"249947.35356","Y":"2747510.4916","CP_BLE":"19.95","CP_DEP":"1.18","CP_LENG":"66","CP_WID":"60","IN_CPNUM":"該段未縱走","CITY_ID":"10004"}},{"type":"Feature","geometry":{"type":"Point","coordinates":[121.0003900011574,24.8353957942352]},"properties":{"name":"RA31","FID":"743","CP_NUM":"RA31","X":"250039.41902","Y":"2747545.9055","CP_BLE":"19.43","CP_DEP":"1.02","CP_LENG":"66","CP_WID":"60","IN_CPNUM":"4070-122-D","CITY_ID":"10004"}},{"type":"Feature","geometry":{"type":"Point","coordinates":[121.0004648373102,24.83537914621888]},"properties":{"name":"RA32","FID":"744","CP_NUM":"RA32","X":"250046.98302","Y":"2747544.0616","CP_BLE":"19.36","CP_DEP":"1.17","CP_LENG":"66","CP_WID":"60","IN_CPNUM":"4070-122-C","CITY_ID":"10004"}},{"type":"Feature","geometry":{"type":"Point","coordinates":[121.0000812221841,24.83472606170283]},"properties":{"name":"RA33","FID":"745","CP_NUM":"RA33","X":"250008.20945","Y":"2747471.7263","CP_BLE":"20.12","CP_DEP":"1.18","CP_LENG":"66","CP_WID":"60","IN_CPNUM":"該段未縱走","CITY_ID":"10004"}},{"type":"Feature","geometry":{"type":"Point","coordinates":[121.0006144274423,24.83414407438102]},"properties":{"name":"RA34","FID":"746","CP_NUM":"RA34","X":"250062.10334","Y":"2747407.2659","CP_BLE":"20.23","CP_DEP":"1.32","CP_LENG":"66","CP_WID":"60","IN_CPNUM":"4070-97-D","CITY_ID":"10004"}}]}